Time,Temperature
7/6/2024 9:17,23.94
7/6/2024 9:27,26.34
7/6/2024 9:37,26.12
7/6/2024 9:47,25.91
7/6/2024 9:57,26.12
7/6/2024 10:07,26.77
7/6/2024 10:17,21.7
7/6/2024 10:27,14.45
7/6/2024 10:37,14.28
7/6/2024 10:47,14.37
7/6/2024 10:57,14.41
7/6/2024 11:07,14.45
7/6/2024 11:17,14.5
7/6/2024 11:27,14.54
7/6/2024 11:37,14.58
7/6/2024 11:47,14.58
7/6/2024 11:57,14.58
7/6/2024 12:07,14.58
7/6/2024 12:17,14.63
7/6/2024 12:27,14.67
7/6/2024 12:37,14.71
7/6/2024 12:47,14.71
7/6/2024 12:57,14.75
7/6/2024 13:07,14.71
7/6/2024 13:17,14.71
7/6/2024 13:27,14.75
7/6/2024 13:37,14.84
7/6/2024 13:47,14.88
7/6/2024 13:57,14.93
7/6/2024 14:07,14.93
7/6/2024 14:17,14.93
7/6/2024 14:27,14.97
7/6/2024 14:37,15.01
7/6/2024 14:47,15.14
7/6/2024 14:57,15.1
7/6/2024 15:07,15.1
7/6/2024 15:17,15.18
7/6/2024 15:27,15.18
7/6/2024 15:37,15.14
7/6/2024 15:47,15.23
7/6/2024 15:57,15.18
7/6/2024 16:07,15.18
7/6/2024 16:17,15.18
7/6/2024 16:27,15.14
7/6/2024 16:37,15.14
7/6/2024 16:47,15.14
7/6/2024 16:57,15.1
7/6/2024 17:07,15.06
7/6/2024 17:17,15.1
7/6/2024 17:27,15.01
7/6/2024 17:37,15.06
7/6/2024 17:47,14.97
7/6/2024 17:57,14.97
7/6/2024 18:07,14.97
7/6/2024 18:17,14.93
7/6/2024 18:27,14.88
7/6/2024 18:37,14.88
7/6/2024 18:47,14.88
7/6/2024 18:57,14.84
7/6/2024 19:07,14.8
7/6/2024 19:17,14.75
7/6/2024 19:27,14.75
7/6/2024 19:37,14.75
7/6/2024 19:47,14.71
7/6/2024 19:57,14.63
7/6/2024 20:07,14.67
7/6/2024 20:17,14.63
7/6/2024 20:27,14.63
7/6/2024 20:37,14.54
7/6/2024 20:47,14.5
7/6/2024 20:57,14.54
7/6/2024 21:07,14.45
7/6/2024 21:17,14.41
7/6/2024 21:27,14.37
7/6/2024 21:37,14.37
7/6/2024 21:47,14.33
7/6/2024 21:57,14.33
7/6/2024 22:07,14.33
7/6/2024 22:17,14.28
7/6/2024 22:27,14.24
7/6/2024 22:37,14.24
7/6/2024 22:47,14.15
7/6/2024 22:57,14.11
7/6/2024 23:07,14.11
7/6/2024 23:17,14.11
7/6/2024 23:27,14.11
7/6/2024 23:37,14.03
7/6/2024 23:47,14.03
7/6/2024 23:57,13.98
7/7/2024 0:07,13.94
7/7/2024 0:17,13.98
7/7/2024 0:27,13.94
7/7/2024 0:37,13.94
7/7/2024 0:47,13.9
7/7/2024 0:57,13.81
7/7/2024 1:07,13.81
7/7/2024 1:17,13.81
7/7/2024 1:27,13.81
7/7/2024 1:37,13.77
7/7/2024 1:47,13.73
7/7/2024 1:57,13.73
7/7/2024 2:07,13.68
7/7/2024 2:17,13.68
7/7/2024 2:27,13.64
7/7/2024 2:37,13.6
7/7/2024 2:47,13.64
7/7/2024 2:57,13.55
7/7/2024 3:07,13.55
7/7/2024 3:17,13.55
7/7/2024 3:27,13.51
7/7/2024 3:37,13.51
7/7/2024 3:47,13.47
7/7/2024 3:57,13.51
7/7/2024 4:07,13.43
7/7/2024 4:17,13.43
7/7/2024 4:27,13.43
7/7/2024 4:37,13.43
7/7/2024 4:47,13.43
7/7/2024 4:57,13.43
7/7/2024 5:07,13.38
7/7/2024 5:17,13.43
7/7/2024 5:27,13.38
7/7/2024 5:37,13.38
7/7/2024 5:47,13.38
7/7/2024 5:57,13.38
7/7/2024 6:07,13.38
7/7/2024 6:17,13.43
7/7/2024 6:27,13.38
7/7/2024 6:37,13.43
7/7/2024 6:47,13.38
7/7/2024 6:57,13.38
7/7/2024 7:07,13.38
7/7/2024 7:17,13.43
7/7/2024 7:27,13.43
7/7/2024 7:37,13.47
7/7/2024 7:47,13.47
7/7/2024 7:57,13.43
7/7/2024 8:07,13.47
7/7/2024 8:17,13.51
7/7/2024 8:27,13.51
7/7/2024 8:37,13.47
7/7/2024 8:47,13.55
7/7/2024 8:57,13.55
7/7/2024 9:07,13.55
7/7/2024 9:17,13.55
7/7/2024 9:27,13.64
7/7/2024 9:37,13.64
7/7/2024 9:47,13.68
7/7/2024 9:57,13.68
7/7/2024 10:07,13.68
7/7/2024 10:17,13.68
7/7/2024 10:27,13.73
7/7/2024 10:37,13.73
7/7/2024 10:47,13.73
7/7/2024 10:57,13.81
7/7/2024 11:07,13.85
7/7/2024 11:17,13.9
7/7/2024 11:27,13.9
7/7/2024 11:37,13.9
7/7/2024 11:47,13.9
7/7/2024 11:57,13.94
7/7/2024 12:07,13.98
7/7/2024 12:17,14.03
7/7/2024 12:27,14.03
7/7/2024 12:37,14.07
7/7/2024 12:47,14.11
7/7/2024 12:57,14.15
7/7/2024 13:07,14.2
7/7/2024 13:17,14.28
7/7/2024 13:27,14.28
7/7/2024 13:37,14.28
7/7/2024 13:47,14.37
7/7/2024 13:57,14.37
7/7/2024 14:07,14.41
7/7/2024 14:17,14.37
7/7/2024 14:27,14.41
7/7/2024 14:37,14.41
7/7/2024 14:47,14.41
7/7/2024 14:57,14.41
7/7/2024 15:07,14.41
7/7/2024 15:17,14.41
7/7/2024 15:27,14.41
7/7/2024 15:37,14.41
7/7/2024 15:47,14.45
7/7/2024 15:57,14.37
7/7/2024 16:07,14.37
7/7/2024 16:17,14.37
7/7/2024 16:27,14.37
7/7/2024 16:37,14.37
7/7/2024 16:47,14.37
7/7/2024 16:57,14.37
7/7/2024 17:07,14.33
7/7/2024 17:17,14.37
7/7/2024 17:27,14.37
7/7/2024 17:37,14.33
7/7/2024 17:47,14.28
7/7/2024 17:57,14.28
7/7/2024 18:07,14.28
7/7/2024 18:17,14.24
7/7/2024 18:27,14.2
7/7/2024 18:37,14.2
7/7/2024 18:47,14.15
7/7/2024 18:57,14.15
7/7/2024 19:07,14.11
7/7/2024 19:17,14.11
7/7/2024 19:27,14.07
7/7/2024 19:37,14.03
7/7/2024 19:47,14.03
7/7/2024 19:57,13.94
7/7/2024 20:07,13.98
7/7/2024 20:17,13.94
7/7/2024 20:27,13.9
7/7/2024 20:37,13.9
7/7/2024 20:47,13.85
7/7/2024 20:57,13.85
7/7/2024 21:07,13.81
7/7/2024 21:17,13.73
7/7/2024 21:27,13.77
7/7/2024 21:37,13.68
7/7/2024 21:47,13.68
7/7/2024 21:57,13.64
7/7/2024 22:07,13.64
7/7/2024 22:17,13.55
7/7/2024 22:27,13.51
7/7/2024 22:37,13.51
7/7/2024 22:47,13.51
7/7/2024 22:57,13.47
7/7/2024 23:07,13.47
7/7/2024 23:17,13.38
7/7/2024 23:27,13.43
7/7/2024 23:37,13.34
7/7/2024 23:47,13.34
7/7/2024 23:57,13.3
7/8/2024 0:07,13.3
7/8/2024 0:17,13.21
7/8/2024 0:27,13.21
7/8/2024 0:37,13.21
7/8/2024 0:47,13.17
7/8/2024 0:57,13.12
7/8/2024 1:07,13.12
7/8/2024 1:17,13.08
7/8/2024 1:27,13.08
7/8/2024 1:37,13.04
7/8/2024 1:47,13.04
7/8/2024 1:57,12.95
7/8/2024 2:07,12.95
7/8/2024 2:17,12.95
7/8/2024 2:27,12.91
7/8/2024 2:37,12.87
7/8/2024 2:47,12.87
7/8/2024 2:57,12.82
7/8/2024 3:07,12.7
7/8/2024 3:17,12.7
7/8/2024 3:27,12.7
7/8/2024 3:37,12.65
7/8/2024 3:47,12.65
7/8/2024 3:57,12.61
7/8/2024 4:07,12.57
7/8/2024 4:17,12.57
7/8/2024 4:27,12.52
7/8/2024 4:37,12.48
7/8/2024 4:47,12.48
7/8/2024 4:57,12.44
7/8/2024 5:07,12.44
7/8/2024 5:17,12.4
7/8/2024 5:27,12.35
7/8/2024 5:37,12.35
7/8/2024 5:47,12.35
7/8/2024 5:57,12.31
7/8/2024 6:07,12.35
7/8/2024 6:17,12.31
7/8/2024 6:27,12.31
7/8/2024 6:37,12.4
7/8/2024 6:47,12.31
7/8/2024 6:57,12.35
7/8/2024 7:07,12.35
7/8/2024 7:17,12.35
7/8/2024 7:27,12.35
7/8/2024 7:37,12.35
7/8/2024 7:47,12.44
7/8/2024 7:57,12.44
7/8/2024 8:07,12.44
7/8/2024 8:17,12.48
7/8/2024 8:27,12.44
7/8/2024 8:37,12.48
7/8/2024 8:47,12.52
7/8/2024 8:57,12.57
7/8/2024 9:07,12.57
7/8/2024 9:17,12.57
7/8/2024 9:27,12.57
7/8/2024 9:37,12.61
7/8/2024 9:47,12.61
7/8/2024 9:57,12.65
7/8/2024 10:07,12.65
7/8/2024 10:17,12.65
7/8/2024 10:27,12.74
7/8/2024 10:37,12.74
7/8/2024 10:47,12.74
7/8/2024 10:57,12.74
7/8/2024 11:07,12.78
7/8/2024 11:17,12.78
7/8/2024 11:27,12.82
7/8/2024 11:37,12.82
7/8/2024 11:47,12.87
7/8/2024 11:57,12.87
7/8/2024 12:07,12.91
7/8/2024 12:17,12.91
7/8/2024 12:27,12.91
7/8/2024 12:37,12.91
7/8/2024 12:47,12.95
7/8/2024 12:57,12.95
7/8/2024 13:07,12.91
7/8/2024 13:17,12.91
7/8/2024 13:27,12.91
7/8/2024 13:37,12.91
7/8/2024 13:47,12.91
7/8/2024 13:57,12.95
7/8/2024 14:07,12.95
7/8/2024 14:17,12.95
7/8/2024 14:27,13
7/8/2024 14:37,13
7/8/2024 14:47,12.95
7/8/2024 14:57,12.95
7/8/2024 15:07,12.95
7/8/2024 15:17,12.91
7/8/2024 15:27,12.91
7/8/2024 15:37,12.95
7/8/2024 15:47,12.91
7/8/2024 15:57,12.87
7/8/2024 16:07,12.91
7/8/2024 16:17,12.87
7/8/2024 16:27,12.87
7/8/2024 16:37,12.82
7/8/2024 16:47,12.82
7/8/2024 16:57,12.82
7/8/2024 17:07,12.78
7/8/2024 17:17,12.82
7/8/2024 17:27,12.74
7/8/2024 17:37,12.78
7/8/2024 17:47,12.78
7/8/2024 17:57,12.7
7/8/2024 18:07,12.74
7/8/2024 18:17,12.7
7/8/2024 18:27,12.65
7/8/2024 18:37,12.65
7/8/2024 18:47,12.61
7/8/2024 18:57,12.61
7/8/2024 19:07,12.61
7/8/2024 19:17,12.57
7/8/2024 19:27,12.52
7/8/2024 19:37,12.52
7/8/2024 19:47,12.48
7/8/2024 19:57,12.48
7/8/2024 20:07,12.52
7/8/2024 20:17,12.48
7/8/2024 20:27,12.44
7/8/2024 20:37,12.48
7/8/2024 20:47,12.44
7/8/2024 20:57,12.4
7/8/2024 21:07,12.4
7/8/2024 21:17,12.4
7/8/2024 21:27,12.4
7/8/2024 21:37,12.31
7/8/2024 21:47,12.31
7/8/2024 21:57,12.31
7/8/2024 22:07,12.31
7/8/2024 22:17,12.27
7/8/2024 22:27,12.27
7/8/2024 22:37,12.27
7/8/2024 22:47,12.31
7/8/2024 22:57,12.22
7/8/2024 23:07,12.27
7/8/2024 23:17,12.27
7/8/2024 23:27,12.27
7/8/2024 23:37,12.27
7/8/2024 23:47,12.22
7/8/2024 23:57,12.22
7/9/2024 0:07,12.27
7/9/2024 0:17,12.22
7/9/2024 0:27,12.22
7/9/2024 0:37,12.27
7/9/2024 0:47,12.27
7/9/2024 0:57,12.27
7/9/2024 1:07,12.22
7/9/2024 1:17,12.27
7/9/2024 1:27,12.22
7/9/2024 1:37,12.22
7/9/2024 1:47,12.22
7/9/2024 1:57,12.18
7/9/2024 2:07,12.18
7/9/2024 2:17,12.18
7/9/2024 2:27,12.22
7/9/2024 2:37,12.18
7/9/2024 2:47,12.18
7/9/2024 2:57,12.18
7/9/2024 3:07,12.22
7/9/2024 3:17,12.18
7/9/2024 3:27,12.18
7/9/2024 3:37,12.18
7/9/2024 3:47,12.14
7/9/2024 3:57,12.18
7/9/2024 4:07,12.18
7/9/2024 4:17,12.14
7/9/2024 4:27,12.18
7/9/2024 4:37,12.14
7/9/2024 4:47,12.14
7/9/2024 4:57,12.18
7/9/2024 5:07,12.18
7/9/2024 5:17,12.18
7/9/2024 5:27,12.18
7/9/2024 5:37,12.14
7/9/2024 5:47,12.14
7/9/2024 5:57,12.14
7/9/2024 6:07,12.14
7/9/2024 6:17,12.14
7/9/2024 6:27,12.14
7/9/2024 6:37,12.18
7/9/2024 6:47,12.22
7/9/2024 6:57,12.18
7/9/2024 7:07,12.18
7/9/2024 7:17,12.22
7/9/2024 7:27,12.18
7/9/2024 7:37,12.18
7/9/2024 7:47,12.27
7/9/2024 7:57,12.31
7/9/2024 8:07,12.31
7/9/2024 8:17,12.35
7/9/2024 8:27,12.4
7/9/2024 8:37,12.35
7/9/2024 8:47,12.44
7/9/2024 8:57,12.44
7/9/2024 9:07,12.48
7/9/2024 9:17,12.48
7/9/2024 9:27,12.52
7/9/2024 9:37,12.61
7/9/2024 9:47,12.74
7/9/2024 9:57,12.7
7/9/2024 10:07,12.78
7/9/2024 10:17,12.87
7/9/2024 10:27,12.91
7/9/2024 10:37,12.95
7/9/2024 10:47,13
7/9/2024 10:57,13.08
7/9/2024 11:07,13.12
7/9/2024 11:17,13.17
7/9/2024 11:27,13.3
7/9/2024 11:37,13.38
7/9/2024 11:47,13.51
7/9/2024 11:57,13.55
7/9/2024 12:07,13.51
7/9/2024 12:17,13.64
7/9/2024 12:27,13.64
7/9/2024 12:37,13.68
7/9/2024 12:47,13.73
7/9/2024 12:57,13.73
7/9/2024 13:07,13.73
7/9/2024 13:17,13.73
7/9/2024 13:27,13.68
7/9/2024 13:37,13.68
7/9/2024 13:47,13.68
7/9/2024 13:57,13.68
7/9/2024 14:07,13.64
7/9/2024 14:17,13.64
7/9/2024 14:27,13.68
7/9/2024 14:37,13.64
7/9/2024 14:47,13.73
7/9/2024 14:57,13.68
7/9/2024 15:07,13.64
7/9/2024 15:17,13.64
7/9/2024 15:27,13.68
7/9/2024 15:37,13.68
7/9/2024 15:47,13.68
7/9/2024 15:57,13.68
7/9/2024 16:07,13.64
7/9/2024 16:17,13.6
7/9/2024 16:27,13.6
7/9/2024 16:37,13.6
7/9/2024 16:47,13.55
7/9/2024 16:57,13.55
7/9/2024 17:07,13.6
7/9/2024 17:17,13.51
7/9/2024 17:27,13.51
7/9/2024 17:37,13.47
7/9/2024 17:47,13.47
7/9/2024 17:57,13.47
7/9/2024 18:07,13.43
7/9/2024 18:17,13.43
7/9/2024 18:27,13.34
7/9/2024 18:37,13.34
7/9/2024 18:47,13.34
7/9/2024 18:57,13.3
7/9/2024 19:07,13.25
7/9/2024 19:17,13.21
7/9/2024 19:27,13.21
7/9/2024 19:37,13.17
7/9/2024 19:47,13.17
7/9/2024 19:57,13.17
7/9/2024 20:07,13.12
7/9/2024 20:17,13.04
7/9/2024 20:27,13.04
7/9/2024 20:37,13.08
7/9/2024 20:47,12.95
7/9/2024 20:57,12.95
7/9/2024 21:07,12.95
7/9/2024 21:17,12.95
7/9/2024 21:27,12.91
7/9/2024 21:37,12.87
7/9/2024 21:47,12.87
7/9/2024 21:57,12.82
7/9/2024 22:07,12.78
7/9/2024 22:17,12.78
7/9/2024 22:27,12.74
7/9/2024 22:37,12.74
7/9/2024 22:47,12.7
7/9/2024 22:57,12.74
7/9/2024 23:07,12.7
7/9/2024 23:17,12.7
7/9/2024 23:27,12.65
7/9/2024 23:37,12.65
7/9/2024 23:47,12.61
7/9/2024 23:57,12.61
7/10/2024 0:07,12.61
7/10/2024 0:17,12.61
7/10/2024 0:27,12.61
7/10/2024 0:37,12.61
7/10/2024 0:47,12.61
7/10/2024 0:57,12.57
7/10/2024 1:07,12.57
7/10/2024 1:17,12.57
7/10/2024 1:27,12.52
7/10/2024 1:37,12.52
7/10/2024 1:47,12.52
7/10/2024 1:57,12.52
7/10/2024 2:07,12.52
7/10/2024 2:17,12.48
7/10/2024 2:27,12.48
7/10/2024 2:37,12.48
7/10/2024 2:47,12.52
7/10/2024 2:57,12.52
7/10/2024 3:07,12.48
7/10/2024 3:17,12.44
7/10/2024 3:27,12.44
7/10/2024 3:37,12.48
7/10/2024 3:47,12.48
7/10/2024 3:57,12.48
7/10/2024 4:07,12.44
7/10/2024 4:17,12.48
7/10/2024 4:27,12.44
7/10/2024 4:37,12.44
7/10/2024 4:47,12.44
7/10/2024 4:57,12.44
7/10/2024 5:07,12.44
7/10/2024 5:17,12.44
7/10/2024 5:27,12.44
7/10/2024 5:37,12.48
7/10/2024 5:47,12.48
7/10/2024 5:57,12.48
7/10/2024 6:07,12.48
7/10/2024 6:17,12.52
7/10/2024 6:27,12.57
7/10/2024 6:37,12.57
7/10/2024 6:47,12.57
7/10/2024 6:57,12.61
7/10/2024 7:07,12.65
7/10/2024 7:17,12.7
7/10/2024 7:27,12.7
7/10/2024 7:37,12.74
7/10/2024 7:47,12.74
7/10/2024 7:57,12.74
7/10/2024 8:07,12.82
7/10/2024 8:17,12.82
7/10/2024 8:27,12.78
7/10/2024 8:37,12.82
7/10/2024 8:47,12.82
7/10/2024 8:57,12.91
7/10/2024 9:07,12.82
7/10/2024 9:17,12.91
7/10/2024 9:27,12.91
7/10/2024 9:37,12.91
7/10/2024 9:47,13
7/10/2024 9:57,13
7/10/2024 10:07,13
7/10/2024 10:17,13.08
7/10/2024 10:27,13.12
7/10/2024 10:37,13.21
7/10/2024 10:47,13.34
7/10/2024 10:57,13.38
7/10/2024 11:07,13.51
7/10/2024 11:17,13.6
7/10/2024 11:27,13.73
7/10/2024 11:37,13.81
7/10/2024 11:47,13.85
7/10/2024 11:57,13.94
7/10/2024 12:07,13.98
7/10/2024 12:17,14.15
7/10/2024 12:27,14.28
7/10/2024 12:37,14.37
7/10/2024 12:47,14.5
7/10/2024 12:57,14.67
7/10/2024 13:07,14.8
7/10/2024 13:17,14.84
7/10/2024 13:27,14.93
7/10/2024 13:37,14.97
7/10/2024 13:47,15.06
7/10/2024 13:57,15.06
7/10/2024 14:07,15.18
7/10/2024 14:17,15.23
7/10/2024 14:27,15.27
7/10/2024 14:37,15.36
7/10/2024 14:47,15.44
7/10/2024 14:57,15.44
7/10/2024 15:07,15.44
7/10/2024 15:17,15.48
7/10/2024 15:27,15.44
7/10/2024 15:37,15.44
7/10/2024 15:47,15.48
7/10/2024 15:57,15.53
7/10/2024 16:07,15.4
7/10/2024 16:17,15.44
7/10/2024 16:27,15.4
7/10/2024 16:37,15.36
7/10/2024 16:47,15.31
7/10/2024 16:57,15.27
7/10/2024 17:07,15.18
7/10/2024 17:17,15.14
7/10/2024 17:27,15.1
7/10/2024 17:37,15.06
7/10/2024 17:47,15.06
7/10/2024 17:57,15.01
7/10/2024 18:07,14.88
7/10/2024 18:17,14.88
7/10/2024 18:27,14.8
7/10/2024 18:37,14.71
7/10/2024 18:47,14.71
7/10/2024 18:57,14.63
7/10/2024 19:07,14.58
7/10/2024 19:17,14.5
7/10/2024 19:27,14.5
7/10/2024 19:37,14.37
7/10/2024 19:47,14.33
7/10/2024 19:57,14.28
7/10/2024 20:07,14.24
7/10/2024 20:17,14.15
7/10/2024 20:27,14.11
7/10/2024 20:37,14.07
7/10/2024 20:47,13.98
7/10/2024 20:57,13.94
7/10/2024 21:07,13.85
7/10/2024 21:17,13.81
7/10/2024 21:27,13.77
7/10/2024 21:37,13.73
7/10/2024 21:47,13.64
7/10/2024 21:57,13.6
7/10/2024 22:07,13.6
7/10/2024 22:17,13.51
7/10/2024 22:27,13.47
7/10/2024 22:37,13.43
7/10/2024 22:47,13.38
7/10/2024 22:57,13.34
7/10/2024 23:07,13.3
7/10/2024 23:17,13.25
7/10/2024 23:27,13.17
7/10/2024 23:37,13.12
7/10/2024 23:47,13.08
7/10/2024 23:57,13.04
7/11/2024 0:07,13
7/11/2024 0:17,12.95
7/11/2024 0:27,12.91
7/11/2024 0:37,12.82
7/11/2024 0:47,12.82
7/11/2024 0:57,12.78
7/11/2024 1:07,12.74
7/11/2024 1:17,12.7
7/11/2024 1:27,12.61
7/11/2024 1:37,12.57
7/11/2024 1:47,12.52
7/11/2024 1:57,12.52
7/11/2024 2:07,12.48
7/11/2024 2:17,12.4
7/11/2024 2:27,12.35
7/11/2024 2:37,12.31
7/11/2024 2:47,12.27
7/11/2024 2:57,12.27
7/11/2024 3:07,12.22
7/11/2024 3:17,12.14
7/11/2024 3:27,12.14
7/11/2024 3:37,12.1
7/11/2024 3:47,12.01
7/11/2024 3:57,12.01
7/11/2024 4:07,12.01
7/11/2024 4:17,11.92
7/11/2024 4:27,11.92
7/11/2024 4:37,11.84
7/11/2024 4:47,11.84
7/11/2024 4:57,11.84
7/11/2024 5:07,11.79
7/11/2024 5:17,11.75
7/11/2024 5:27,11.75
7/11/2024 5:37,11.75
7/11/2024 5:47,11.79
7/11/2024 5:57,11.75
7/11/2024 6:07,11.75
7/11/2024 6:17,11.75
7/11/2024 6:27,11.75
7/11/2024 6:37,11.75
7/11/2024 6:47,11.79
7/11/2024 6:57,11.79
7/11/2024 7:07,11.79
7/11/2024 7:17,11.79
7/11/2024 7:27,11.88
7/11/2024 7:37,11.88
7/11/2024 7:47,11.97
7/11/2024 7:57,11.97
7/11/2024 8:07,12.05
7/11/2024 8:17,12.14
7/11/2024 8:27,12.22
7/11/2024 8:37,12.27
7/11/2024 8:47,12.35
7/11/2024 8:57,12.48
7/11/2024 9:07,12.48
7/11/2024 9:17,12.61
7/11/2024 9:27,12.7
7/11/2024 9:37,12.82
7/11/2024 9:47,12.91
7/11/2024 9:57,13.04
7/11/2024 10:07,13.12
7/11/2024 10:17,13.25
7/11/2024 10:27,13.38
7/11/2024 10:37,13.51
7/11/2024 10:47,13.64
7/11/2024 10:57,13.73
7/11/2024 11:07,13.85
7/11/2024 11:17,13.94
7/11/2024 11:27,14.11
7/11/2024 11:37,14.2
7/11/2024 11:47,14.28
7/11/2024 11:57,14.33
7/11/2024 12:07,14.33
7/11/2024 12:17,14.37
7/11/2024 12:27,14.5
7/11/2024 12:37,14.63
7/11/2024 12:47,14.71
7/11/2024 12:57,14.63
7/11/2024 13:07,14.75
7/11/2024 13:17,14.71
7/11/2024 13:27,14.75
7/11/2024 13:37,14.71
7/11/2024 13:47,14.71
7/11/2024 13:57,14.75
7/11/2024 14:07,14.75
7/11/2024 14:17,14.71
7/11/2024 14:27,14.71
7/11/2024 14:37,14.71
7/11/2024 14:47,14.67
7/11/2024 14:57,14.71
7/11/2024 15:07,14.75
7/11/2024 15:17,14.71
7/11/2024 15:27,14.8
7/11/2024 15:37,14.8
7/11/2024 15:47,14.84
7/11/2024 15:57,14.84
7/11/2024 16:07,14.8
7/11/2024 16:17,14.8
7/11/2024 16:27,14.8
7/11/2024 16:37,14.8
7/11/2024 16:47,14.75
7/11/2024 16:57,14.75
7/11/2024 17:07,14.75
7/11/2024 17:17,14.71
7/11/2024 17:27,14.71
7/11/2024 17:37,14.67
7/11/2024 17:47,14.67
7/11/2024 17:57,14.63
7/11/2024 18:07,14.58
7/11/2024 18:17,14.58
7/11/2024 18:27,14.54
7/11/2024 18:37,14.45
7/11/2024 18:47,14.41
7/11/2024 18:57,14.37
7/11/2024 19:07,14.33
7/11/2024 19:17,14.24
7/11/2024 19:27,14.2
7/11/2024 19:37,14.15
7/11/2024 19:47,14.07
7/11/2024 19:57,14.07
7/11/2024 20:07,13.94
7/11/2024 20:17,13.9
7/11/2024 20:27,13.85
7/11/2024 20:37,13.81
7/11/2024 20:47,13.73
7/11/2024 20:57,13.73
7/11/2024 21:07,13.68
7/11/2024 21:17,13.6
7/11/2024 21:27,13.6
7/11/2024 21:37,13.51
7/11/2024 21:47,13.47
7/11/2024 21:57,13.38
7/11/2024 22:07,13.38
7/11/2024 22:17,13.3
7/11/2024 22:27,13.25
7/11/2024 22:37,13.25
7/11/2024 22:47,13.21
7/11/2024 22:57,13.17
7/11/2024 23:07,13.12
7/11/2024 23:17,13.08
7/11/2024 23:27,13.04
7/11/2024 23:37,13
7/11/2024 23:47,12.95
7/11/2024 23:57,12.95
7/12/2024 0:07,12.91
7/12/2024 0:17,12.87
7/12/2024 0:27,12.82
7/12/2024 0:37,12.82
7/12/2024 0:47,12.78
7/12/2024 0:57,12.78
7/12/2024 1:07,12.74
7/12/2024 1:17,12.74
7/12/2024 1:27,12.7
7/12/2024 1:37,12.7
7/12/2024 1:47,12.7
7/12/2024 1:57,12.65
7/12/2024 2:07,12.61
7/12/2024 2:17,12.57
7/12/2024 2:27,12.57
7/12/2024 2:37,12.52
7/12/2024 2:47,12.52
7/12/2024 2:57,12.48
7/12/2024 3:07,12.48
7/12/2024 3:17,12.44
7/12/2024 3:27,12.44
7/12/2024 3:37,12.4
7/12/2024 3:47,12.4
7/12/2024 3:57,12.35
7/12/2024 4:07,12.35
7/12/2024 4:17,12.31
7/12/2024 4:27,12.31
7/12/2024 4:37,12.31
7/12/2024 4:47,12.31
7/12/2024 4:57,12.31
7/12/2024 5:07,12.27
7/12/2024 5:17,12.27
7/12/2024 5:27,12.27
7/12/2024 5:37,12.22
7/12/2024 5:47,12.27
7/12/2024 5:57,12.27
7/12/2024 6:07,12.27
7/12/2024 6:17,12.22
7/12/2024 6:27,12.27
7/12/2024 6:37,12.27
7/12/2024 6:47,12.27
7/12/2024 6:57,12.27
7/12/2024 7:07,12.27
7/12/2024 7:17,12.22
7/12/2024 7:27,12.27
7/12/2024 7:37,12.27
7/12/2024 7:47,12.27
7/12/2024 7:57,12.35
7/12/2024 8:07,12.35
7/12/2024 8:17,12.4
7/12/2024 8:27,12.4
7/12/2024 8:37,12.44
7/12/2024 8:47,12.44
7/12/2024 8:57,12.48
7/12/2024 9:07,12.52
7/12/2024 9:17,12.52
7/12/2024 9:27,12.52
7/12/2024 9:37,12.57
7/12/2024 9:47,12.65
7/12/2024 9:57,12.65
7/12/2024 10:07,12.65
7/12/2024 10:17,12.7
7/12/2024 10:27,12.74
7/12/2024 10:37,12.78
7/12/2024 10:47,12.78
7/12/2024 10:57,12.78
7/12/2024 11:07,12.82
7/12/2024 11:17,12.87
7/12/2024 11:27,12.91
7/12/2024 11:37,12.95
7/12/2024 11:47,13
7/12/2024 11:57,13
7/12/2024 12:07,13.12
7/12/2024 12:17,13.17
7/12/2024 12:27,13.17
7/12/2024 12:37,13.21
7/12/2024 12:47,13.3
7/12/2024 12:57,13.34
7/12/2024 13:07,13.38
7/12/2024 13:17,13.34
7/12/2024 13:27,13.43
7/12/2024 13:37,13.47
7/12/2024 13:47,13.6
7/12/2024 13:57,13.77
7/12/2024 14:07,13.94
7/12/2024 14:17,13.98
7/12/2024 14:27,14.07
7/12/2024 14:37,14.2
7/12/2024 14:47,14.2
7/12/2024 14:57,14.33
7/12/2024 15:07,14.41
7/12/2024 15:17,14.37
7/12/2024 15:27,14.45
7/12/2024 15:37,14.5
7/12/2024 15:47,14.45
7/12/2024 15:57,14.54
7/12/2024 16:07,14.58
7/12/2024 16:17,14.58
7/12/2024 16:27,14.58
7/12/2024 16:37,14.58
7/12/2024 16:47,14.58
7/12/2024 16:57,14.54
7/12/2024 17:07,14.5
7/12/2024 17:17,14.5
7/12/2024 17:27,14.45
7/12/2024 17:37,14.45
7/12/2024 17:47,14.37
7/12/2024 17:57,14.37
7/12/2024 18:07,14.41
7/12/2024 18:17,14.33
7/12/2024 18:27,14.24
7/12/2024 18:37,14.24
7/12/2024 18:47,14.2
7/12/2024 18:57,14.15
7/12/2024 19:07,14.07
7/12/2024 19:17,14.07
7/12/2024 19:27,14.03
7/12/2024 19:37,14.03
7/12/2024 19:47,13.94
7/12/2024 19:57,13.9
7/12/2024 20:07,13.85
7/12/2024 20:17,13.81
7/12/2024 20:27,13.81
7/12/2024 20:37,13.77
7/12/2024 20:47,13.73
7/12/2024 20:57,13.73
7/12/2024 21:07,13.64
7/12/2024 21:17,13.6
7/12/2024 21:27,13.55
7/12/2024 21:37,13.55
7/12/2024 21:47,13.51
7/12/2024 21:57,13.47
7/12/2024 22:07,13.47
7/12/2024 22:17,13.43
7/12/2024 22:27,13.43
7/12/2024 22:37,13.38
7/12/2024 22:47,13.34
7/12/2024 22:57,13.3
7/12/2024 23:07,13.25
7/12/2024 23:17,13.25
7/12/2024 23:27,13.21
7/12/2024 23:37,13.21
7/12/2024 23:47,13.21
7/12/2024 23:57,13.12
7/13/2024 0:07,13.17
7/13/2024 0:17,13.12
7/13/2024 0:27,13.08
7/13/2024 0:37,13.04
7/13/2024 0:47,13
7/13/2024 0:57,13
7/13/2024 1:07,13.04
7/13/2024 1:17,13
7/13/2024 1:27,13
7/13/2024 1:37,12.91
7/13/2024 1:47,12.95
7/13/2024 1:57,12.95
7/13/2024 2:07,12.95
7/13/2024 2:17,12.91
7/13/2024 2:27,12.91
7/13/2024 2:37,12.87
7/13/2024 2:47,12.87
7/13/2024 2:57,12.87
7/13/2024 3:07,12.82
7/13/2024 3:17,12.82
7/13/2024 3:27,12.82
7/13/2024 3:37,12.82
7/13/2024 3:47,12.78
7/13/2024 3:57,12.78
7/13/2024 4:07,12.78
7/13/2024 4:17,12.74
7/13/2024 4:27,12.7
7/13/2024 4:37,12.74
7/13/2024 4:47,12.74
7/13/2024 4:57,12.7
7/13/2024 5:07,12.7
7/13/2024 5:17,12.65
7/13/2024 5:27,12.65
7/13/2024 5:37,12.65
7/13/2024 5:47,12.65
7/13/2024 5:57,12.61
7/13/2024 6:07,12.65
7/13/2024 6:17,12.65
7/13/2024 6:27,12.65
7/13/2024 6:37,12.65
7/13/2024 6:47,12.65
7/13/2024 6:57,12.65
7/13/2024 7:07,12.65
7/13/2024 7:17,12.7
7/13/2024 7:27,12.7
7/13/2024 7:37,12.74
7/13/2024 7:47,12.78
7/13/2024 7:57,12.82
7/13/2024 8:07,12.82
7/13/2024 8:17,12.82
7/13/2024 8:27,12.87
7/13/2024 8:37,12.87
7/13/2024 8:47,12.91
7/13/2024 8:57,12.95
7/13/2024 9:07,13
7/13/2024 9:17,13.04
7/13/2024 9:27,13.08
7/13/2024 9:37,13.12
7/13/2024 9:47,13.21
7/13/2024 9:57,13.25
7/13/2024 10:07,13.3
7/13/2024 10:17,13.34
7/13/2024 10:27,13.38
7/13/2024 10:37,13.47
7/13/2024 10:47,13.55
7/13/2024 10:57,13.55
7/13/2024 11:07,13.64
7/13/2024 11:17,13.64
7/13/2024 11:27,13.73
7/13/2024 11:37,13.77
7/13/2024 11:47,13.81
7/13/2024 11:57,13.9
7/13/2024 12:07,13.9
7/13/2024 12:17,13.98
7/13/2024 12:27,13.98
7/13/2024 12:37,14.11
7/13/2024 12:47,14.11
7/13/2024 12:57,14.15
7/13/2024 13:07,14.24
7/13/2024 13:17,14.24
7/13/2024 13:27,14.33
7/13/2024 13:37,14.41
7/13/2024 13:47,14.45
7/13/2024 13:57,14.54
7/13/2024 14:07,14.58
7/13/2024 14:17,14.63
7/13/2024 14:27,14.71
7/13/2024 14:37,14.71
7/13/2024 14:47,14.75
7/13/2024 14:57,14.8
7/13/2024 15:07,14.84
7/13/2024 15:17,14.84
7/13/2024 15:27,14.88
7/13/2024 15:37,14.93
7/13/2024 15:47,14.88
7/13/2024 15:57,14.93
7/13/2024 16:07,14.93
7/13/2024 16:17,14.88
7/13/2024 16:27,14.97
7/13/2024 16:37,14.93
7/13/2024 16:47,14.84
7/13/2024 16:57,14.88
7/13/2024 17:07,14.84
7/13/2024 17:17,14.75
7/13/2024 17:27,14.71
7/13/2024 17:37,14.67
7/13/2024 17:47,14.63
7/13/2024 17:57,14.58
7/13/2024 18:07,14.54
7/13/2024 18:17,14.5
7/13/2024 18:27,14.54
7/13/2024 18:37,14.45
7/13/2024 18:47,14.37
7/13/2024 18:57,14.41
7/13/2024 19:07,14.33
7/13/2024 19:17,14.28
7/13/2024 19:27,14.24
7/13/2024 19:37,14.2
7/13/2024 19:47,14.2
7/13/2024 19:57,14.11
7/13/2024 20:07,14.11
7/13/2024 20:17,14.03
7/13/2024 20:27,13.98
7/13/2024 20:37,13.98
7/13/2024 20:47,13.85
7/13/2024 20:57,13.81
7/13/2024 21:07,13.77
7/13/2024 21:17,13.68
7/13/2024 21:27,13.6
7/13/2024 21:37,13.6
7/13/2024 21:47,13.51
7/13/2024 21:57,13.47
7/13/2024 22:07,13.38
7/13/2024 22:17,13.38
7/13/2024 22:27,13.3
7/13/2024 22:37,13.21
7/13/2024 22:47,13.25
7/13/2024 22:57,13.21
7/13/2024 23:07,13.12
7/13/2024 23:17,13.12
7/13/2024 23:27,13.04
7/13/2024 23:37,13.04
7/13/2024 23:47,13
7/13/2024 23:57,12.95
7/14/2024 0:07,13
7/14/2024 0:17,12.95
7/14/2024 0:27,12.91
7/14/2024 0:37,12.82
7/14/2024 0:47,12.82
7/14/2024 0:57,12.87
7/14/2024 1:07,12.78
7/14/2024 1:17,12.82
7/14/2024 1:27,12.7
7/14/2024 1:37,12.7
7/14/2024 1:47,12.7
7/14/2024 1:57,12.7
7/14/2024 2:07,12.65
7/14/2024 2:17,12.61
7/14/2024 2:27,12.52
7/14/2024 2:37,12.57
7/14/2024 2:47,12.52
7/14/2024 2:57,12.52
7/14/2024 3:07,12.52
7/14/2024 3:17,12.52
7/14/2024 3:27,12.44
7/14/2024 3:37,12.48
7/14/2024 3:47,12.4
7/14/2024 3:57,12.4
7/14/2024 4:07,12.4
7/14/2024 4:17,12.35
7/14/2024 4:27,12.35
7/14/2024 4:37,12.35
7/14/2024 4:47,12.27
7/14/2024 4:57,12.31
7/14/2024 5:07,12.27
7/14/2024 5:17,12.27
7/14/2024 5:27,12.27
7/14/2024 5:37,12.22
7/14/2024 5:47,12.22
7/14/2024 5:57,12.22
7/14/2024 6:07,12.22
7/14/2024 6:17,12.27
7/14/2024 6:27,12.18
7/14/2024 6:37,12.22
7/14/2024 6:47,12.22
7/14/2024 6:57,12.18
7/14/2024 7:07,12.22
7/14/2024 7:17,12.18
7/14/2024 7:27,12.27
7/14/2024 7:37,12.31
7/14/2024 7:47,12.27
7/14/2024 7:57,12.31
7/14/2024 8:07,12.35
7/14/2024 8:17,12.35
7/14/2024 8:27,12.4
7/14/2024 8:37,12.48
7/14/2024 8:47,12.48
7/14/2024 8:57,12.52
7/14/2024 9:07,12.61
7/14/2024 9:17,12.61
7/14/2024 9:27,12.65
7/14/2024 9:37,12.65
7/14/2024 9:47,12.7
7/14/2024 9:57,12.74
7/14/2024 10:07,12.7
7/14/2024 10:17,12.74
7/14/2024 10:27,12.78
7/14/2024 10:37,12.82
7/14/2024 10:47,12.78
7/14/2024 10:57,12.91
7/14/2024 11:07,12.91
7/14/2024 11:17,12.91
7/14/2024 11:27,13
7/14/2024 11:37,13
7/14/2024 11:47,13.04
7/14/2024 11:57,13.04
7/14/2024 12:07,13.08
7/14/2024 12:17,13.12
7/14/2024 12:27,13.17
7/14/2024 12:37,13.17
7/14/2024 12:47,13.21
7/14/2024 12:57,13.21
7/14/2024 13:07,13.3
7/14/2024 13:17,13.34
7/14/2024 13:27,13.47
7/14/2024 13:37,13.47
7/14/2024 13:47,13.55
7/14/2024 13:57,13.6
7/14/2024 14:07,13.68
7/14/2024 14:17,13.77
7/14/2024 14:27,13.81
7/14/2024 14:37,13.9
7/14/2024 14:47,13.85
7/14/2024 14:57,13.9
7/14/2024 15:07,13.94
7/14/2024 15:17,13.94
7/14/2024 15:27,13.94
7/14/2024 15:37,13.98
7/14/2024 15:47,13.98
7/14/2024 15:57,13.98
7/14/2024 16:07,14.03
7/14/2024 16:17,13.94
7/14/2024 16:27,13.98
7/14/2024 16:37,14.03
7/14/2024 16:47,14.07
7/14/2024 16:57,14.03
7/14/2024 17:07,14.03
7/14/2024 17:17,14.07
7/14/2024 17:27,14.03
7/14/2024 17:37,14.03
7/14/2024 17:47,14.03
7/14/2024 17:57,13.98
7/14/2024 18:07,13.98
7/14/2024 18:17,13.94
7/14/2024 18:27,13.94
7/14/2024 18:37,13.9
7/14/2024 18:47,13.85
7/14/2024 18:57,13.85
7/14/2024 19:07,13.85
7/14/2024 19:17,13.81
7/14/2024 19:27,13.81
7/14/2024 19:37,13.77
7/14/2024 19:47,13.77
7/14/2024 19:57,13.73
7/14/2024 20:07,13.73
7/14/2024 20:17,13.68
7/14/2024 20:27,13.64
7/14/2024 20:37,13.6
7/14/2024 20:47,13.6
7/14/2024 20:57,13.55
7/14/2024 21:07,13.47
7/14/2024 21:17,13.47
7/14/2024 21:27,13.43
7/14/2024 21:37,13.38
7/14/2024 21:47,13.3
7/14/2024 21:57,13.3
7/14/2024 22:07,13.3
7/14/2024 22:17,13.25
7/14/2024 22:27,13.21
7/14/2024 22:37,13.17
7/14/2024 22:47,13.17
7/14/2024 22:57,13.08
7/14/2024 23:07,13.08
7/14/2024 23:17,13.08
7/14/2024 23:27,13
7/14/2024 23:37,12.95
7/14/2024 23:47,12.95
7/14/2024 23:57,12.91
7/15/2024 0:07,12.91
7/15/2024 0:17,12.87
7/15/2024 0:27,12.87
7/15/2024 0:37,12.82
7/15/2024 0:47,12.82
7/15/2024 0:57,12.78
7/15/2024 1:07,12.74
7/15/2024 1:17,12.7
7/15/2024 1:27,12.7
7/15/2024 1:37,12.65
7/15/2024 1:47,12.61
7/15/2024 1:57,12.61
7/15/2024 2:07,12.57
7/15/2024 2:17,12.52
7/15/2024 2:27,12.48
7/15/2024 2:37,12.44
7/15/2024 2:47,12.4
7/15/2024 2:57,12.31
7/15/2024 3:07,12.31
7/15/2024 3:17,12.27
7/15/2024 3:27,12.18
7/15/2024 3:37,12.14
7/15/2024 3:47,12.14
7/15/2024 3:57,12.1
7/15/2024 4:07,12.05
7/15/2024 4:17,11.97
7/15/2024 4:27,11.92
7/15/2024 4:37,11.88
7/15/2024 4:47,11.79
7/15/2024 4:57,11.79
7/15/2024 5:07,11.71
7/15/2024 5:17,11.67
7/15/2024 5:27,11.62
7/15/2024 5:37,11.62
7/15/2024 5:47,11.58
7/15/2024 5:57,11.58
7/15/2024 6:07,11.62
7/15/2024 6:17,11.58
7/15/2024 6:27,11.58
7/15/2024 6:37,11.58
7/15/2024 6:47,11.58
7/15/2024 6:57,11.62
7/15/2024 7:07,11.58
7/15/2024 7:17,11.62
7/15/2024 7:27,11.67
7/15/2024 7:37,11.71
7/15/2024 7:47,11.75
7/15/2024 7:57,11.84
7/15/2024 8:07,11.88
7/15/2024 8:17,11.97
7/15/2024 8:27,12.01
7/15/2024 8:37,12.1
7/15/2024 8:47,12.18
7/15/2024 8:57,12.27
7/15/2024 9:07,12.35
7/15/2024 9:17,12.48
7/15/2024 9:27,12.57
7/15/2024 9:37,12.7
7/15/2024 9:47,12.82
7/15/2024 9:57,12.95
7/15/2024 10:07,13.04
7/15/2024 10:17,13.12
7/15/2024 10:27,13.3
7/15/2024 10:37,13.47
7/15/2024 10:47,13.64
7/15/2024 10:57,13.85
7/15/2024 11:07,13.98
7/15/2024 11:17,14.11
7/15/2024 11:27,14.24
7/15/2024 11:37,14.37
7/15/2024 11:47,14.54
7/15/2024 11:57,14.63
7/15/2024 12:07,14.8
7/15/2024 12:17,14.97
7/15/2024 12:27,15.14
7/15/2024 12:37,15.23
7/15/2024 12:47,15.31
7/15/2024 12:57,15.44
7/15/2024 13:07,15.53
7/15/2024 13:17,15.61
7/15/2024 13:27,15.74
7/15/2024 13:37,15.83
7/15/2024 13:47,15.91
7/15/2024 13:57,16
7/15/2024 14:07,16.08
7/15/2024 14:17,16.26
7/15/2024 14:27,16.3
7/15/2024 14:37,16.39
7/15/2024 14:47,16.47
7/15/2024 14:57,16.51
7/15/2024 15:07,16.56
7/15/2024 15:17,16.64
7/15/2024 15:27,16.69
7/15/2024 15:37,16.73
7/15/2024 15:47,16.77
7/15/2024 15:57,16.77
7/15/2024 16:07,16.81
7/15/2024 16:17,16.77
7/15/2024 16:27,16.81
7/15/2024 16:37,16.81
7/15/2024 16:47,16.77
7/15/2024 16:57,16.77
7/15/2024 17:07,16.73
7/15/2024 17:17,16.69
7/15/2024 17:27,16.6
7/15/2024 17:37,16.56
7/15/2024 17:47,16.51
7/15/2024 17:57,16.43
7/15/2024 18:07,16.39
7/15/2024 18:17,16.34
7/15/2024 18:27,16.3
7/15/2024 18:37,16.21
7/15/2024 18:47,16.08
7/15/2024 18:57,16.04
7/15/2024 19:07,16.04
7/15/2024 19:17,16
7/15/2024 19:27,15.87
7/15/2024 19:37,15.78
7/15/2024 19:47,15.78
7/15/2024 19:57,15.7
7/15/2024 20:07,15.66
7/15/2024 20:17,15.57
7/15/2024 20:27,15.48
7/15/2024 20:37,15.4
7/15/2024 20:47,15.36
7/15/2024 20:57,15.23
7/15/2024 21:07,15.18
7/15/2024 21:17,15.14
7/15/2024 21:27,15.01
7/15/2024 21:37,14.97
7/15/2024 21:47,14.84
7/15/2024 21:57,14.75
7/15/2024 22:07,14.71
7/15/2024 22:17,14.63
7/15/2024 22:27,14.58
7/15/2024 22:37,14.5
7/15/2024 22:47,14.45
7/15/2024 22:57,14.33
7/15/2024 23:07,14.28
7/15/2024 23:17,14.2
7/15/2024 23:27,14.15
7/15/2024 23:37,14.07
7/15/2024 23:47,14.03
7/15/2024 23:57,13.98
7/16/2024 0:07,13.85
7/16/2024 0:17,13.85
7/16/2024 0:27,13.77
7/16/2024 0:37,13.73
7/16/2024 0:47,13.68
7/16/2024 0:57,13.6
7/16/2024 1:07,13.55
7/16/2024 1:17,13.51
7/16/2024 1:27,13.43
7/16/2024 1:37,13.38
7/16/2024 1:47,13.38
7/16/2024 1:57,13.3
7/16/2024 2:07,13.25
7/16/2024 2:17,13.21
7/16/2024 2:27,13.17
7/16/2024 2:37,13.08
7/16/2024 2:47,13.08
7/16/2024 2:57,13.04
7/16/2024 3:07,13
7/16/2024 3:17,12.95
7/16/2024 3:27,12.91
7/16/2024 3:37,12.91
7/16/2024 3:47,12.82
7/16/2024 3:57,12.78
7/16/2024 4:07,12.78
7/16/2024 4:17,12.74
7/16/2024 4:27,12.7
7/16/2024 4:37,12.65
7/16/2024 4:47,12.57
7/16/2024 4:57,12.61
7/16/2024 5:07,12.57
7/16/2024 5:17,12.52
7/16/2024 5:27,12.57
7/16/2024 5:37,12.57
7/16/2024 5:47,12.48
7/16/2024 5:57,12.48
7/16/2024 6:07,12.48
7/16/2024 6:17,12.48
7/16/2024 6:27,12.44
7/16/2024 6:37,12.52
7/16/2024 6:47,12.48
7/16/2024 6:57,12.57
7/16/2024 7:07,12.57
7/16/2024 7:17,12.57
7/16/2024 7:27,12.65
7/16/2024 7:37,12.61
7/16/2024 7:47,12.65
7/16/2024 7:57,12.74
7/16/2024 8:07,12.82
7/16/2024 8:17,12.91
7/16/2024 8:27,12.95
7/16/2024 8:37,13.04
7/16/2024 8:47,13.17
7/16/2024 8:57,13.3
7/16/2024 9:07,13.38
7/16/2024 9:17,13.47
7/16/2024 9:27,13.6
7/16/2024 9:37,13.77
7/16/2024 9:47,13.9
7/16/2024 9:57,13.94
7/16/2024 10:07,14.07
7/16/2024 10:17,14.11
7/16/2024 10:27,14.24
7/16/2024 10:37,14.33
7/16/2024 10:47,14.45
7/16/2024 10:57,14.58
7/16/2024 11:07,14.75
7/16/2024 11:17,14.88
7/16/2024 11:27,15.06
7/16/2024 11:37,15.27
7/16/2024 11:47,15.36
7/16/2024 11:57,15.48
7/16/2024 12:07,15.66
7/16/2024 12:17,15.78
7/16/2024 12:27,16
7/16/2024 12:37,16.17
7/16/2024 12:47,16.39
7/16/2024 12:57,16.51
7/16/2024 13:07,16.69
7/16/2024 13:17,16.86
7/16/2024 13:27,16.99
7/16/2024 13:37,17.11
7/16/2024 13:47,17.16
7/16/2024 13:57,17.33
7/16/2024 14:07,17.37
7/16/2024 14:17,17.5
7/16/2024 14:27,17.54
7/16/2024 14:37,17.63
7/16/2024 14:47,17.72
7/16/2024 14:57,17.76
7/16/2024 15:07,17.76
7/16/2024 15:17,17.8
7/16/2024 15:27,17.84
7/16/2024 15:37,17.89
7/16/2024 15:47,17.89
7/16/2024 15:57,17.93
7/16/2024 16:07,17.93
7/16/2024 16:17,17.97
7/16/2024 16:27,17.93
7/16/2024 16:37,17.93
7/16/2024 16:47,17.89
7/16/2024 16:57,17.89
7/16/2024 17:07,17.84
7/16/2024 17:17,17.8
7/16/2024 17:27,17.8
7/16/2024 17:37,17.76
7/16/2024 17:47,17.72
7/16/2024 17:57,17.72
7/16/2024 18:07,17.63
7/16/2024 18:17,17.54
7/16/2024 18:27,17.54
7/16/2024 18:37,17.54
7/16/2024 18:47,17.5
7/16/2024 18:57,17.46
7/16/2024 19:07,17.37
7/16/2024 19:17,17.29
7/16/2024 19:27,17.24
7/16/2024 19:37,17.2
7/16/2024 19:47,17.16
7/16/2024 19:57,17.07
7/16/2024 20:07,17.03
7/16/2024 20:17,16.94
7/16/2024 20:27,16.99
7/16/2024 20:37,16.9
7/16/2024 20:47,16.86
7/16/2024 20:57,16.81
7/16/2024 21:07,16.77
7/16/2024 21:17,16.73
7/16/2024 21:27,16.64
7/16/2024 21:37,16.6
7/16/2024 21:47,16.56
7/16/2024 21:57,16.47
7/16/2024 22:07,16.47
7/16/2024 22:17,16.43
7/16/2024 22:27,16.39
7/16/2024 22:37,16.34
7/16/2024 22:47,16.3
7/16/2024 22:57,16.26
7/16/2024 23:07,16.26
7/16/2024 23:17,16.17
7/16/2024 23:27,16.13
7/16/2024 23:37,16.08
7/16/2024 23:47,16.08
7/16/2024 23:57,16.04
7/17/2024 0:07,16
7/17/2024 0:17,16.04
7/17/2024 0:27,15.96
7/17/2024 0:37,16
7/17/2024 0:47,15.91
7/17/2024 0:57,15.91
7/17/2024 1:07,15.91
7/17/2024 1:17,15.87
7/17/2024 1:27,15.87
7/17/2024 1:37,15.83
7/17/2024 1:47,15.87
7/17/2024 1:57,15.87
7/17/2024 2:07,15.83
7/17/2024 2:17,15.83
7/17/2024 2:27,15.83
7/17/2024 2:37,15.74
7/17/2024 2:47,15.74
7/17/2024 2:57,15.74
7/17/2024 3:07,15.7
7/17/2024 3:17,15.7
7/17/2024 3:27,15.7
7/17/2024 3:37,15.7
7/17/2024 3:47,15.7
7/17/2024 3:57,15.66
7/17/2024 4:07,15.66
7/17/2024 4:17,15.66
7/17/2024 4:27,15.61
7/17/2024 4:37,15.61
7/17/2024 4:47,15.57
7/17/2024 4:57,15.57
7/17/2024 5:07,15.57
7/17/2024 5:17,15.57
7/17/2024 5:27,15.53
7/17/2024 5:37,15.53
7/17/2024 5:47,15.57
7/17/2024 5:57,15.57
7/17/2024 6:07,15.53
7/17/2024 6:17,15.57
7/17/2024 6:27,15.61
7/17/2024 6:37,15.57
7/17/2024 6:47,15.66
7/17/2024 6:57,15.66
7/17/2024 7:07,15.61
7/17/2024 7:17,15.66
7/17/2024 7:27,15.7
7/17/2024 7:37,15.74
7/17/2024 7:47,15.74
7/17/2024 7:57,15.83
7/17/2024 8:07,15.87
7/17/2024 8:17,15.91
7/17/2024 8:27,16
7/17/2024 8:37,16.08
7/17/2024 8:47,16.17
7/17/2024 8:57,16.3
7/17/2024 9:07,16.39
7/17/2024 9:17,16.51
7/17/2024 9:27,16.56
7/17/2024 9:37,16.69
7/17/2024 9:47,16.81
7/17/2024 9:57,16.9
7/17/2024 10:07,17.03
7/17/2024 10:17,17.11
7/17/2024 10:27,17.2
7/17/2024 10:37,17.37
7/17/2024 10:47,17.5
7/17/2024 10:57,17.59
7/17/2024 11:07,17.63
7/17/2024 11:17,17.76
7/17/2024 11:27,17.84
7/17/2024 11:37,17.97
7/17/2024 11:47,18.06
7/17/2024 11:57,18.19
7/17/2024 12:07,18.32
7/17/2024 12:17,18.4
7/17/2024 12:27,18.53
7/17/2024 12:37,18.62
7/17/2024 12:47,18.7
7/17/2024 12:57,18.79
7/17/2024 13:07,18.92
7/17/2024 13:17,19.05
7/17/2024 13:27,19.13
7/17/2024 13:37,19.13
7/17/2024 13:47,19.22
7/17/2024 13:57,19.3
7/17/2024 14:07,19.35
7/17/2024 14:17,19.39
7/17/2024 14:27,19.43
7/17/2024 14:37,19.47
7/17/2024 14:47,19.52
7/17/2024 14:57,19.56
7/17/2024 15:07,19.56
7/17/2024 15:17,19.6
7/17/2024 15:27,19.6
7/17/2024 15:37,19.65
7/17/2024 15:47,19.6
7/17/2024 15:57,19.6
7/17/2024 16:07,19.56
7/17/2024 16:17,19.56
7/17/2024 16:27,19.47
7/17/2024 16:37,19.52
7/17/2024 16:47,19.47
7/17/2024 16:57,19.39
7/17/2024 17:07,19.39
7/17/2024 17:17,19.35
7/17/2024 17:27,19.26
7/17/2024 17:37,19.3
7/17/2024 17:47,19.17
7/17/2024 17:57,19.09
7/17/2024 18:07,19.09
7/17/2024 18:17,18.96
7/17/2024 18:27,18.92
7/17/2024 18:37,18.87
7/17/2024 18:47,18.74
7/17/2024 18:57,18.7
7/17/2024 19:07,18.66
7/17/2024 19:17,18.57
7/17/2024 19:27,18.49
7/17/2024 19:37,18.44
7/17/2024 19:47,18.36
7/17/2024 19:57,18.32
7/17/2024 20:07,18.27
7/17/2024 20:17,18.1
7/17/2024 20:27,18.1
7/17/2024 20:37,18.02
7/17/2024 20:47,17.93
7/17/2024 20:57,17.89
7/17/2024 21:07,17.84
7/17/2024 21:17,17.72
7/17/2024 21:27,17.67
7/17/2024 21:37,17.59
7/17/2024 21:47,17.54
7/17/2024 21:57,17.46
7/17/2024 22:07,17.37
7/17/2024 22:17,17.29
7/17/2024 22:27,17.24
7/17/2024 22:37,17.16
7/17/2024 22:47,17.03
7/17/2024 22:57,16.99
7/17/2024 23:07,16.94
7/17/2024 23:17,16.86
7/17/2024 23:27,16.77
7/17/2024 23:37,16.73
7/17/2024 23:47,16.69
7/17/2024 23:57,16.64
7/18/2024 0:07,16.56
7/18/2024 0:17,16.43
7/18/2024 0:27,16.43
7/18/2024 0:37,16.39
7/18/2024 0:47,16.26
7/18/2024 0:57,16.21
7/18/2024 1:07,16.17
7/18/2024 1:17,16.08
7/18/2024 1:27,16.04
7/18/2024 1:37,16
7/18/2024 1:47,15.91
7/18/2024 1:57,15.91
7/18/2024 2:07,15.83
7/18/2024 2:17,15.74
7/18/2024 2:27,15.74
7/18/2024 2:37,15.66
7/18/2024 2:47,15.66
7/18/2024 2:57,15.61
7/18/2024 3:07,15.57
7/18/2024 3:17,15.48
7/18/2024 3:27,15.48
7/18/2024 3:37,15.44
7/18/2024 3:47,15.44
7/18/2024 3:57,15.36
7/18/2024 4:07,15.36
7/18/2024 4:17,15.31
7/18/2024 4:27,15.27
7/18/2024 4:37,15.27
7/18/2024 4:47,15.23
7/18/2024 4:57,15.27
7/18/2024 5:07,15.18
7/18/2024 5:17,15.14
7/18/2024 5:27,15.14
7/18/2024 5:37,15.14
7/18/2024 5:47,15.1
7/18/2024 5:57,15.14
7/18/2024 6:07,15.1
7/18/2024 6:17,15.14
7/18/2024 6:27,15.14
7/18/2024 6:37,15.1
7/18/2024 6:47,15.1
7/18/2024 6:57,15.1
7/18/2024 7:07,15.06
7/18/2024 7:17,15.06
7/18/2024 7:27,15.1
7/18/2024 7:37,15.1
7/18/2024 7:47,15.06
7/18/2024 7:57,15.1
7/18/2024 8:07,15.14
7/18/2024 8:17,15.1
7/18/2024 8:27,15.1
7/18/2024 8:37,15.14
7/18/2024 8:47,15.14
7/18/2024 8:57,15.18
7/18/2024 9:07,15.14
7/18/2024 9:17,15.18
7/18/2024 9:27,15.18
7/18/2024 9:37,15.23
7/18/2024 9:47,15.27
7/18/2024 9:57,15.31
7/18/2024 10:07,15.36
7/18/2024 10:17,15.4
7/18/2024 10:27,15.53
7/18/2024 10:37,15.57
7/18/2024 10:47,15.66
7/18/2024 10:57,15.78
7/18/2024 11:07,15.96
7/18/2024 11:17,16.08
7/18/2024 11:27,16.26
7/18/2024 11:37,16.39
7/18/2024 11:47,16.56
7/18/2024 11:57,16.73
7/18/2024 12:07,16.86
7/18/2024 12:17,16.94
7/18/2024 12:27,17.07
7/18/2024 12:37,17.2
7/18/2024 12:47,17.37
7/18/2024 12:57,17.41
7/18/2024 13:07,17.5
7/18/2024 13:17,17.63
7/18/2024 13:27,17.76
7/18/2024 13:37,17.8
7/18/2024 13:47,17.84
7/18/2024 13:57,17.89
7/18/2024 14:07,17.93
7/18/2024 14:17,18.02
7/18/2024 14:27,18.1
7/18/2024 14:37,18.14
7/18/2024 14:47,18.14
7/18/2024 14:57,18.19
7/18/2024 15:07,18.23
7/18/2024 15:17,18.23
7/18/2024 15:27,18.27
7/18/2024 15:37,18.32
7/18/2024 15:47,18.32
7/18/2024 15:57,18.27
7/18/2024 16:07,18.27
7/18/2024 16:17,18.23
7/18/2024 16:27,18.27
7/18/2024 16:37,18.23
7/18/2024 16:47,18.23
7/18/2024 16:57,18.23
7/18/2024 17:07,18.14
7/18/2024 17:17,18.1
7/18/2024 17:27,18.06
7/18/2024 17:37,17.97
7/18/2024 17:47,17.89
7/18/2024 17:57,17.84
7/18/2024 18:07,17.76
7/18/2024 18:17,17.76
7/18/2024 18:27,17.67
7/18/2024 18:37,17.63
7/18/2024 18:47,17.59
7/18/2024 18:57,17.5
7/18/2024 19:07,17.46
7/18/2024 19:17,17.41
7/18/2024 19:27,17.37
7/18/2024 19:37,17.33
7/18/2024 19:47,17.29
7/18/2024 19:57,17.2
7/18/2024 20:07,17.16
7/18/2024 20:17,17.16
7/18/2024 20:27,17.07
7/18/2024 20:37,17.03
7/18/2024 20:47,17.03
7/18/2024 20:57,16.9
7/18/2024 21:07,16.86
7/18/2024 21:17,16.86
7/18/2024 21:27,16.77
7/18/2024 21:37,16.77
7/18/2024 21:47,16.69
7/18/2024 21:57,16.69
7/18/2024 22:07,16.6
7/18/2024 22:17,16.56
7/18/2024 22:27,16.47
7/18/2024 22:37,16.43
7/18/2024 22:47,16.39
7/18/2024 22:57,16.34
7/18/2024 23:07,16.26
7/18/2024 23:17,16.21
7/18/2024 23:27,16.17
7/18/2024 23:37,16.13
7/18/2024 23:47,16.08
7/18/2024 23:57,16.04
7/19/2024 0:07,15.96
7/19/2024 0:17,15.96
7/19/2024 0:27,15.91
7/19/2024 0:37,15.78
7/19/2024 0:47,15.78
7/19/2024 0:57,15.74
7/19/2024 1:07,15.66
7/19/2024 1:17,15.66
7/19/2024 1:27,15.61
7/19/2024 1:37,15.57
7/19/2024 1:47,15.53
7/19/2024 1:57,15.48
7/19/2024 2:07,15.4
7/19/2024 2:17,15.4
7/19/2024 2:27,15.36
7/19/2024 2:37,15.27
7/19/2024 2:47,15.27
7/19/2024 2:57,15.23
7/19/2024 3:07,15.18
7/19/2024 3:17,15.18
7/19/2024 3:27,15.14
7/19/2024 3:37,15.18
7/19/2024 3:47,15.01
7/19/2024 3:57,15.01
7/19/2024 4:07,15.01
7/19/2024 4:17,14.97
7/19/2024 4:27,14.93
7/19/2024 4:37,14.88
7/19/2024 4:47,14.88
7/19/2024 4:57,14.84
7/19/2024 5:07,14.8
7/19/2024 5:17,14.75
7/19/2024 5:27,14.8
7/19/2024 5:37,14.75
7/19/2024 5:47,14.71
7/19/2024 5:57,14.67
7/19/2024 6:07,14.67
7/19/2024 6:17,14.71
7/19/2024 6:27,14.67
7/19/2024 6:37,14.67
7/19/2024 6:47,14.67
7/19/2024 6:57,14.67
7/19/2024 7:07,14.63
7/19/2024 7:17,14.63
7/19/2024 7:27,14.71
7/19/2024 7:37,14.67
7/19/2024 7:47,14.63
7/19/2024 7:57,14.71
7/19/2024 8:07,14.71
7/19/2024 8:17,14.75
7/19/2024 8:27,14.67
7/19/2024 8:37,14.71
7/19/2024 8:47,14.8
7/19/2024 8:57,14.8
7/19/2024 9:07,14.84
7/19/2024 9:17,14.93
7/19/2024 9:27,14.97
7/19/2024 9:37,14.97
7/19/2024 9:47,15.01
7/19/2024 9:57,15.18
7/19/2024 10:07,15.18
7/19/2024 10:17,15.27
7/19/2024 10:27,15.31
7/19/2024 10:37,15.44
7/19/2024 10:47,15.53
7/19/2024 10:57,15.57
7/19/2024 11:07,15.66
7/19/2024 11:17,15.74
7/19/2024 11:27,15.83
7/19/2024 11:37,15.96
7/19/2024 11:47,16
7/19/2024 11:57,16.04
7/19/2024 12:07,16.13
7/19/2024 12:17,16.17
7/19/2024 12:27,16.21
7/19/2024 12:37,16.26
7/19/2024 12:47,16.3
7/19/2024 12:57,16.3
7/19/2024 13:07,16.34
7/19/2024 13:17,16.39
7/19/2024 13:27,16.39
7/19/2024 13:37,16.39
7/19/2024 13:47,16.39
7/19/2024 13:57,16.39
7/19/2024 14:07,16.43
7/19/2024 14:17,16.43
7/19/2024 14:27,16.39
7/19/2024 14:37,16.39
7/19/2024 14:47,16.43
7/19/2024 14:57,16.39
7/19/2024 15:07,16.39
7/19/2024 15:17,16.43
7/19/2024 15:27,16.43
7/19/2024 15:37,16.39
7/19/2024 15:47,16.34
7/19/2024 15:57,16.39
7/19/2024 16:07,16.39
7/19/2024 16:17,16.39
7/19/2024 16:27,16.39
7/19/2024 16:37,16.34
7/19/2024 16:47,16.34
7/19/2024 16:57,16.3
7/19/2024 17:07,16.34
7/19/2024 17:17,16.34
7/19/2024 17:27,16.34
7/19/2024 17:37,16.34
7/19/2024 17:47,16.34
7/19/2024 17:57,16.34
7/19/2024 18:07,16.34
7/19/2024 18:17,16.39
7/19/2024 18:27,16.34
7/19/2024 18:37,16.34
7/19/2024 18:47,16.34
7/19/2024 18:57,16.34
7/19/2024 19:07,16.34
7/19/2024 19:17,16.34
7/19/2024 19:27,16.34
7/19/2024 19:37,16.39
7/19/2024 19:47,16.34
7/19/2024 19:57,16.3
7/19/2024 20:07,16.34
7/19/2024 20:17,16.3
7/19/2024 20:27,16.34
7/19/2024 20:37,16.3
7/19/2024 20:47,16.3
7/19/2024 20:57,16.34
7/19/2024 21:07,16.3
7/19/2024 21:17,16.26
7/19/2024 21:27,16.26
7/19/2024 21:37,16.26
7/19/2024 21:47,16.21
7/19/2024 21:57,16.17
7/19/2024 22:07,16.21
7/19/2024 22:17,16.17
7/19/2024 22:27,16.17
7/19/2024 22:37,16.17
7/19/2024 22:47,16.08
7/19/2024 22:57,16.08
7/19/2024 23:07,16.08
7/19/2024 23:17,16.04
7/19/2024 23:27,16.04
7/19/2024 23:37,16.08
7/19/2024 23:47,16.04
7/19/2024 23:57,16.04
7/20/2024 0:07,16.08
7/20/2024 0:17,16.04
7/20/2024 0:27,16.04
7/20/2024 0:37,16.08
7/20/2024 0:47,16.08
7/20/2024 0:57,16.08
7/20/2024 1:07,16.08
7/20/2024 1:17,16.13
7/20/2024 1:27,16.17
7/20/2024 1:37,16.13
7/20/2024 1:47,16.21
7/20/2024 1:57,16.21
7/20/2024 2:07,16.21
7/20/2024 2:17,16.21
7/20/2024 2:27,16.21
7/20/2024 2:37,16.26
7/20/2024 2:47,16.21
7/20/2024 2:57,16.26
7/20/2024 3:07,16.26
7/20/2024 3:17,16.26
7/20/2024 3:27,16.26
7/20/2024 3:37,16.3
7/20/2024 3:47,16.3
7/20/2024 3:57,16.26
7/20/2024 4:07,16.26
7/20/2024 4:17,16.3
7/20/2024 4:27,16.26
7/20/2024 4:37,16.3
7/20/2024 4:47,16.3
7/20/2024 4:57,16.3
7/20/2024 5:07,16.39
7/20/2024 5:17,16.39
7/20/2024 5:27,16.39
7/20/2024 5:37,16.43
7/20/2024 5:47,16.43
7/20/2024 5:57,16.47
7/20/2024 6:07,16.47
7/20/2024 6:17,16.51
7/20/2024 6:27,16.47
7/20/2024 6:37,16.56
7/20/2024 6:47,16.6
7/20/2024 6:57,16.64
7/20/2024 7:07,16.64
7/20/2024 7:17,16.64
7/20/2024 7:27,16.73
7/20/2024 7:37,16.73
7/20/2024 7:47,16.73
7/20/2024 7:57,16.77
7/20/2024 8:07,16.81
7/20/2024 8:17,16.86
7/20/2024 8:27,16.86
7/20/2024 8:37,16.86
7/20/2024 8:47,16.9
7/20/2024 8:57,16.94
7/20/2024 9:07,16.94
7/20/2024 9:17,16.94
7/20/2024 9:27,16.99
7/20/2024 9:37,17.03
7/20/2024 9:47,17.03
7/20/2024 9:57,17.11
7/20/2024 10:07,17.11
7/20/2024 10:17,17.16
7/20/2024 10:27,17.2
7/20/2024 10:37,17.24
7/20/2024 10:47,17.29
7/20/2024 10:57,17.33
7/20/2024 11:07,17.41
7/20/2024 11:17,17.5
7/20/2024 11:27,17.59
7/20/2024 11:37,17.67
7/20/2024 11:47,17.76
7/20/2024 11:57,17.84
7/20/2024 12:07,17.89
7/20/2024 12:17,17.97
7/20/2024 12:27,18.02
7/20/2024 12:37,18.14
7/20/2024 12:47,18.19
7/20/2024 12:57,18.27
7/20/2024 13:07,18.32
7/20/2024 13:17,18.36
7/20/2024 13:27,18.4
7/20/2024 13:37,18.4
7/20/2024 13:47,18.49
7/20/2024 13:57,18.53
7/20/2024 14:07,18.66
7/20/2024 14:17,18.74
7/20/2024 14:27,18.79
7/20/2024 14:37,18.83
7/20/2024 14:47,18.87
7/20/2024 14:57,18.96
7/20/2024 15:07,19.05
7/20/2024 15:17,19.09
7/20/2024 15:27,19.09
7/20/2024 15:37,19.17
7/20/2024 15:47,19.13
7/20/2024 15:57,19.17
7/20/2024 16:07,19.13
7/20/2024 16:17,19.17
7/20/2024 16:27,19.13
7/20/2024 16:37,19.13
7/20/2024 16:47,19.13
7/20/2024 16:57,19.09
7/20/2024 17:07,19.05
7/20/2024 17:17,19.09
7/20/2024 17:27,19
7/20/2024 17:37,18.96
7/20/2024 17:47,18.92
7/20/2024 17:57,18.87
7/20/2024 18:07,18.83
7/20/2024 18:17,18.83
7/20/2024 18:27,18.79
7/20/2024 18:37,18.7
7/20/2024 18:47,18.7
7/20/2024 18:57,18.66
7/20/2024 19:07,18.53
7/20/2024 19:17,18.53
7/20/2024 19:27,18.44
7/20/2024 19:37,18.44
7/20/2024 19:47,18.4
7/20/2024 19:57,18.32
7/20/2024 20:07,18.32
7/20/2024 20:17,18.27
7/20/2024 20:27,18.23
7/20/2024 20:37,18.19
7/20/2024 20:47,18.14
7/20/2024 20:57,18.14
7/20/2024 21:07,18.14
7/20/2024 21:17,18.1
7/20/2024 21:27,18.06
7/20/2024 21:37,18.06
7/20/2024 21:47,18.06
7/20/2024 21:57,18.02
7/20/2024 22:07,17.97
7/20/2024 22:17,17.97
7/20/2024 22:27,17.89
7/20/2024 22:37,17.89
7/20/2024 22:47,17.84
7/20/2024 22:57,17.84
7/20/2024 23:07,17.76
7/20/2024 23:17,17.8
7/20/2024 23:27,17.72
7/20/2024 23:37,17.76
7/20/2024 23:47,17.67
7/20/2024 23:57,17.67
7/21/2024 0:07,17.67
7/21/2024 0:17,17.63
7/21/2024 0:27,17.59
7/21/2024 0:37,17.63
7/21/2024 0:47,17.54
7/21/2024 0:57,17.59
7/21/2024 1:07,17.59
7/21/2024 1:17,17.54
7/21/2024 1:27,17.54
7/21/2024 1:37,17.5
7/21/2024 1:47,17.5
7/21/2024 1:57,17.46
7/21/2024 2:07,17.5
7/21/2024 2:17,17.5
7/21/2024 2:27,17.46
7/21/2024 2:37,17.5
7/21/2024 2:47,17.46
7/21/2024 2:57,17.46
7/21/2024 3:07,17.41
7/21/2024 3:17,17.46
7/21/2024 3:27,17.37
7/21/2024 3:37,17.41
7/21/2024 3:47,17.46
7/21/2024 3:57,17.46
7/21/2024 4:07,17.41
7/21/2024 4:17,17.37
7/21/2024 4:27,17.41
7/21/2024 4:37,17.37
7/21/2024 4:47,17.37
7/21/2024 4:57,17.37
7/21/2024 5:07,17.37
7/21/2024 5:17,17.37
7/21/2024 5:27,17.41
7/21/2024 5:37,17.41
7/21/2024 5:47,17.41
7/21/2024 5:57,17.41
7/21/2024 6:07,17.41
7/21/2024 6:17,17.41
7/21/2024 6:27,17.46
7/21/2024 6:37,17.41
7/21/2024 6:47,17.46
7/21/2024 6:57,17.5
7/21/2024 7:07,17.5
7/21/2024 7:17,17.54
7/21/2024 7:27,17.63
7/21/2024 7:37,17.63
7/21/2024 7:47,17.72
7/21/2024 7:57,17.76
7/21/2024 8:07,17.8
7/21/2024 8:17,17.84
7/21/2024 8:27,17.89
7/21/2024 8:37,17.97
7/21/2024 8:47,17.97
7/21/2024 8:57,18.02
7/21/2024 9:07,18.06
7/21/2024 9:17,18.14
7/21/2024 9:27,18.23
7/21/2024 9:37,18.23
7/21/2024 9:47,18.32
7/21/2024 9:57,18.44
7/21/2024 10:07,18.49
7/21/2024 10:17,18.53
7/21/2024 10:27,18.62
7/21/2024 10:37,18.7
7/21/2024 10:47,18.79
7/21/2024 10:57,18.87
7/21/2024 11:07,19
7/21/2024 11:17,19.05
7/21/2024 11:27,19.09
7/21/2024 11:37,19.22
7/21/2024 11:47,19.26
7/21/2024 11:57,19.35
7/21/2024 12:07,19.39
7/21/2024 12:17,19.39
7/21/2024 12:27,19.39
7/21/2024 12:37,19.39
7/21/2024 12:47,19.39
7/21/2024 12:57,19.47
7/21/2024 13:07,19.39
7/21/2024 13:17,19.39
7/21/2024 13:27,19.35
7/21/2024 13:37,19.35
7/21/2024 13:47,19.3
7/21/2024 13:57,19.3
7/21/2024 14:07,19.3
7/21/2024 14:17,19.26
7/21/2024 14:27,19.22
7/21/2024 14:37,19.17
7/21/2024 14:47,19.13
7/21/2024 14:57,19.13
7/21/2024 15:07,19.13
7/21/2024 15:17,19.09
7/21/2024 15:27,19.05
7/21/2024 15:37,19
7/21/2024 15:47,18.96
7/21/2024 15:57,18.96
7/21/2024 16:07,18.87
7/21/2024 16:17,18.87
7/21/2024 16:27,18.83
7/21/2024 16:37,18.79
7/21/2024 16:47,18.79
7/21/2024 16:57,18.74
7/21/2024 17:07,18.7
7/21/2024 17:17,18.62
7/21/2024 17:27,18.62
7/21/2024 17:37,18.57
7/21/2024 17:47,18.53
7/21/2024 17:57,18.49
7/21/2024 18:07,18.44
7/21/2024 18:17,18.4
7/21/2024 18:27,18.36
7/21/2024 18:37,18.36
7/21/2024 18:47,18.32
7/21/2024 18:57,18.23
7/21/2024 19:07,18.23
7/21/2024 19:17,18.19
7/21/2024 19:27,18.1
7/21/2024 19:37,18.1
7/21/2024 19:47,18.06
7/21/2024 19:57,17.97
7/21/2024 20:07,17.97
7/21/2024 20:17,17.93
7/21/2024 20:27,17.84
7/21/2024 20:37,17.84
7/21/2024 20:47,17.76
7/21/2024 20:57,17.76
7/21/2024 21:07,17.72
7/21/2024 21:17,17.67
7/21/2024 21:27,17.59
7/21/2024 21:37,17.59
7/21/2024 21:47,17.5
7/21/2024 21:57,17.5
7/21/2024 22:07,17.41
7/21/2024 22:17,17.41
7/21/2024 22:27,17.37
7/21/2024 22:37,17.33
7/21/2024 22:47,17.29
7/21/2024 22:57,17.24
7/21/2024 23:07,17.24
7/21/2024 23:17,17.2
7/21/2024 23:27,17.16
7/21/2024 23:37,17.11
7/21/2024 23:47,17.07
7/21/2024 23:57,17.07
7/22/2024 0:07,17.03
7/22/2024 0:17,16.94
7/22/2024 0:27,16.94
7/22/2024 0:37,16.94
7/22/2024 0:47,16.9
7/22/2024 0:57,16.86
7/22/2024 1:07,16.81
7/22/2024 1:17,16.81
7/22/2024 1:27,16.73
7/22/2024 1:37,16.73
7/22/2024 1:47,16.73
7/22/2024 1:57,16.77
7/22/2024 2:07,16.69
7/22/2024 2:17,16.69
7/22/2024 2:27,16.69
7/22/2024 2:37,16.69
7/22/2024 2:47,16.64
7/22/2024 2:57,16.73
7/22/2024 3:07,16.81
7/22/2024 3:17,16.86
7/22/2024 3:27,16.9
7/22/2024 3:37,16.9
7/22/2024 3:47,16.99
7/22/2024 3:57,17.07
7/22/2024 4:07,17.16
7/22/2024 4:17,17.2
7/22/2024 4:27,17.29
7/22/2024 4:37,17.29
7/22/2024 4:47,17.33
7/22/2024 4:57,17.33
7/22/2024 5:07,17.37
7/22/2024 5:17,17.37
7/22/2024 5:27,17.33
7/22/2024 5:37,17.37
7/22/2024 5:47,17.37
7/22/2024 5:57,17.33
7/22/2024 6:07,17.29
7/22/2024 6:17,17.24
7/22/2024 6:27,17.24
7/22/2024 6:37,17.2
7/22/2024 6:47,17.2
7/22/2024 6:57,17.16
7/22/2024 7:07,17.16
7/22/2024 7:17,17.2
7/22/2024 7:27,17.16
7/22/2024 7:37,17.16
7/22/2024 7:47,17.16
7/22/2024 7:57,17.16
7/22/2024 8:07,17.11
7/22/2024 8:17,17.16
7/22/2024 8:27,17.2
7/22/2024 8:37,17.2
7/22/2024 8:47,17.16
7/22/2024 8:57,17.2
7/22/2024 9:07,17.2
7/22/2024 9:17,17.2
7/22/2024 9:27,17.2
7/22/2024 9:37,17.24
7/22/2024 9:47,17.29
7/22/2024 9:57,17.29
7/22/2024 10:07,17.33
7/22/2024 10:17,17.37
7/22/2024 10:27,17.41
7/22/2024 10:37,17.41
7/22/2024 10:47,17.46
7/22/2024 10:57,17.54
7/22/2024 11:07,17.5
7/22/2024 11:17,17.59
7/22/2024 11:27,17.59
7/22/2024 11:37,17.67
7/22/2024 11:47,17.67
7/22/2024 11:57,17.72
7/22/2024 12:07,17.76
7/22/2024 12:17,17.8
7/22/2024 12:27,17.8
7/22/2024 12:37,17.89
7/22/2024 12:47,17.97
7/22/2024 12:57,18.06
7/22/2024 13:07,18.06
7/22/2024 13:17,18.06
7/22/2024 13:27,18.1
7/22/2024 13:37,18.14
7/22/2024 13:47,18.14
7/22/2024 13:57,18.19
7/22/2024 14:07,18.23
7/22/2024 14:17,18.27
7/22/2024 14:27,18.32
7/22/2024 14:37,18.27
7/22/2024 14:47,18.32
7/22/2024 14:57,18.32
7/22/2024 15:07,18.36
7/22/2024 15:17,18.36
7/22/2024 15:27,18.36
7/22/2024 15:37,18.32
7/22/2024 15:47,18.32
7/22/2024 15:57,18.36
7/22/2024 16:07,18.27
7/22/2024 16:17,18.27
7/22/2024 16:27,18.27
7/22/2024 16:37,18.23
7/22/2024 16:47,18.23
7/22/2024 16:57,18.27
7/22/2024 17:07,18.19
7/22/2024 17:17,18.19
7/22/2024 17:27,18.19
7/22/2024 17:37,18.14
7/22/2024 17:47,18.1
7/22/2024 17:57,18.06
7/22/2024 18:07,18.1
7/22/2024 18:17,18.06
7/22/2024 18:27,18.02
7/22/2024 18:37,18.02
7/22/2024 18:47,17.97
7/22/2024 18:57,17.97
7/22/2024 19:07,17.97
7/22/2024 19:17,17.93
7/22/2024 19:27,17.89
7/22/2024 19:37,17.93
7/22/2024 19:47,17.8
7/22/2024 19:57,17.84
7/22/2024 20:07,17.89
7/22/2024 20:17,17.84
7/22/2024 20:27,17.8
7/22/2024 20:37,17.8
7/22/2024 20:47,17.8
7/22/2024 20:57,17.8
7/22/2024 21:07,17.76
7/22/2024 21:17,17.76
7/22/2024 21:27,17.76
7/22/2024 21:37,17.76
7/22/2024 21:47,17.72
7/22/2024 21:57,17.72
7/22/2024 22:07,17.67
7/22/2024 22:17,17.72
7/22/2024 22:27,17.72
7/22/2024 22:37,17.63
7/22/2024 22:47,17.67
7/22/2024 22:57,17.67
7/22/2024 23:07,17.67
7/22/2024 23:17,17.72
7/22/2024 23:27,17.67
7/22/2024 23:37,17.67
7/22/2024 23:47,17.67
7/22/2024 23:57,17.67
7/23/2024 0:07,17.67
7/23/2024 0:17,17.67
7/23/2024 0:27,17.67
7/23/2024 0:37,17.63
7/23/2024 0:47,17.63
7/23/2024 0:57,17.67
7/23/2024 1:07,17.67
7/23/2024 1:17,17.63
7/23/2024 1:27,17.63
7/23/2024 1:37,17.59
7/23/2024 1:47,17.63
7/23/2024 1:57,17.59
7/23/2024 2:07,17.59
7/23/2024 2:17,17.59
7/23/2024 2:27,17.59
7/23/2024 2:37,17.54
7/23/2024 2:47,17.54
7/23/2024 2:57,17.5
7/23/2024 3:07,17.54
7/23/2024 3:17,17.54
7/23/2024 3:27,17.54
7/23/2024 3:37,17.54
7/23/2024 3:47,17.5
7/23/2024 3:57,17.46
7/23/2024 4:07,17.5
7/23/2024 4:17,17.46
7/23/2024 4:27,17.46
7/23/2024 4:37,17.46
7/23/2024 4:47,17.46
7/23/2024 4:57,17.46
7/23/2024 5:07,17.41
7/23/2024 5:17,17.41
7/23/2024 5:27,17.41
7/23/2024 5:37,17.41
7/23/2024 5:47,17.41
7/23/2024 5:57,17.37
7/23/2024 6:07,17.46
7/23/2024 6:17,17.37
7/23/2024 6:27,17.41
7/23/2024 6:37,17.41
7/23/2024 6:47,17.37
7/23/2024 6:57,17.46
7/23/2024 7:07,17.41
7/23/2024 7:17,17.41
7/23/2024 7:27,17.41
7/23/2024 7:37,17.46
7/23/2024 7:47,17.46
7/23/2024 7:57,17.46
7/23/2024 8:07,17.46
7/23/2024 8:17,17.5
7/23/2024 8:27,17.5
7/23/2024 8:37,17.54
7/23/2024 8:47,17.54
7/23/2024 8:57,17.54
7/23/2024 9:07,17.59
7/23/2024 9:17,17.59
7/23/2024 9:27,17.67
7/23/2024 9:37,17.72
7/23/2024 9:47,17.72
7/23/2024 9:57,17.76
7/23/2024 10:07,17.84
7/23/2024 10:17,17.89
7/23/2024 10:27,17.93
7/23/2024 10:37,18.06
7/23/2024 10:47,18.1
7/23/2024 10:57,18.1
7/23/2024 11:07,18.14
7/23/2024 11:17,18.23
7/23/2024 11:27,18.27
7/23/2024 11:37,18.32
7/23/2024 11:47,18.44
7/23/2024 11:57,18.57
7/23/2024 12:07,18.74
7/23/2024 12:17,18.83
7/23/2024 12:27,18.83
7/23/2024 12:37,18.92
7/23/2024 12:47,18.96
7/23/2024 12:57,19
7/23/2024 13:07,19.05
7/23/2024 13:17,19
7/23/2024 13:27,19.05
7/23/2024 13:37,19
7/23/2024 13:47,19.05
7/23/2024 13:57,19.13
7/23/2024 14:07,19.13
7/23/2024 14:17,19.13
7/23/2024 14:27,19.17
7/23/2024 14:37,19.09
7/23/2024 14:47,19.17
7/23/2024 14:57,19.13
7/23/2024 15:07,19.09
7/23/2024 15:17,19.09
7/23/2024 15:27,19.05
7/23/2024 15:37,19.05
7/23/2024 15:47,19
7/23/2024 15:57,18.96
7/23/2024 16:07,18.96
7/23/2024 16:17,18.96
7/23/2024 16:27,18.92
7/23/2024 16:37,18.87
7/23/2024 16:47,18.83
7/23/2024 16:57,18.79
7/23/2024 17:07,18.79
7/23/2024 17:17,18.74
7/23/2024 17:27,18.7
7/23/2024 17:37,18.7
7/23/2024 17:47,18.66
7/23/2024 17:57,18.62
7/23/2024 18:07,18.57
7/23/2024 18:17,18.53
7/23/2024 18:27,18.49
7/23/2024 18:37,18.44
7/23/2024 18:47,18.4
7/23/2024 18:57,18.36
7/23/2024 19:07,18.27
7/23/2024 19:17,18.23
7/23/2024 19:27,18.23
7/23/2024 19:37,18.19
7/23/2024 19:47,18.14
7/23/2024 19:57,18.1
7/23/2024 20:07,18.02
7/23/2024 20:17,17.93
7/23/2024 20:27,17.93
7/23/2024 20:37,17.89
7/23/2024 20:47,17.89
7/23/2024 20:57,17.84
7/23/2024 21:07,17.76
7/23/2024 21:17,17.67
7/23/2024 21:27,17.67
7/23/2024 21:37,17.67
7/23/2024 21:47,17.59
7/23/2024 21:57,17.54
7/23/2024 22:07,17.5
7/23/2024 22:17,17.5
7/23/2024 22:27,17.5
7/23/2024 22:37,17.46
7/23/2024 22:47,17.5
7/23/2024 22:57,17.46
7/23/2024 23:07,17.5
7/23/2024 23:17,17.5
7/23/2024 23:27,17.46
7/23/2024 23:37,17.46
7/23/2024 23:47,17.46
7/23/2024 23:57,17.37
7/24/2024 0:07,17.37
7/24/2024 0:17,17.29
7/24/2024 0:27,17.29
7/24/2024 0:37,17.24
7/24/2024 0:47,17.16
7/24/2024 0:57,17.07
7/24/2024 1:07,16.94
7/24/2024 1:17,16.86
7/24/2024 1:27,16.73
7/24/2024 1:37,16.6
7/24/2024 1:47,16.47
7/24/2024 1:57,16.39
7/24/2024 2:07,16.3
7/24/2024 2:17,16.26
7/24/2024 2:27,16.17
7/24/2024 2:37,16.17
7/24/2024 2:47,16.08
7/24/2024 2:57,16.04
7/24/2024 3:07,16
7/24/2024 3:17,16
7/24/2024 3:27,16
7/24/2024 3:37,15.91
7/24/2024 3:47,15.91
7/24/2024 3:57,15.91
7/24/2024 4:07,15.83
7/24/2024 4:17,15.83
7/24/2024 4:27,15.83
7/24/2024 4:37,15.83
7/24/2024 4:47,15.78
7/24/2024 4:57,15.78
7/24/2024 5:07,15.7
7/24/2024 5:17,15.74
7/24/2024 5:27,15.66
7/24/2024 5:37,15.66
7/24/2024 5:47,15.61
7/24/2024 5:57,15.57
7/24/2024 6:07,15.61
7/24/2024 6:17,15.57
7/24/2024 6:27,15.57
7/24/2024 6:37,15.53
7/24/2024 6:47,15.48
7/24/2024 6:57,15.48
7/24/2024 7:07,15.44
7/24/2024 7:17,15.44
7/24/2024 7:27,15.44
7/24/2024 7:37,15.4
7/24/2024 7:47,15.44
7/24/2024 7:57,15.44
7/24/2024 8:07,15.44
7/24/2024 8:17,15.48
7/24/2024 8:27,15.53
7/24/2024 8:37,15.57
7/24/2024 8:47,15.57
7/24/2024 8:57,15.61
7/24/2024 9:07,15.7
7/24/2024 9:17,15.7
7/24/2024 9:27,15.78
7/24/2024 9:37,15.83
7/24/2024 9:47,15.91
7/24/2024 9:57,15.96
7/24/2024 10:07,16.04
7/24/2024 10:17,16.08
7/24/2024 10:27,16.21
7/24/2024 10:37,16.34
7/24/2024 10:47,16.43
7/24/2024 10:57,16.6
7/24/2024 11:07,16.73
7/24/2024 11:17,16.86
7/24/2024 11:27,16.99
7/24/2024 11:37,17.07
7/24/2024 11:47,17.11
7/24/2024 11:57,17.33
7/24/2024 12:07,17.41
7/24/2024 12:17,17.5
7/24/2024 12:27,17.59
7/24/2024 12:37,17.67
7/24/2024 12:47,17.76
7/24/2024 12:57,17.84
7/24/2024 13:07,17.84
7/24/2024 13:17,17.93
7/24/2024 13:27,18.02
7/24/2024 13:37,18.02
7/24/2024 13:47,18.06
7/24/2024 13:57,18.06
7/24/2024 14:07,18.06
7/24/2024 14:17,18.1
7/24/2024 14:27,18.1
7/24/2024 14:37,18.06
7/24/2024 14:47,18.1
7/24/2024 14:57,18.06
7/24/2024 15:07,18.02
7/24/2024 15:17,18.06
7/24/2024 15:27,17.97
7/24/2024 15:37,17.97
7/24/2024 15:47,17.89
7/24/2024 15:57,17.8
7/24/2024 16:07,17.76
7/24/2024 16:17,17.76
7/24/2024 16:27,17.63
7/24/2024 16:37,17.54
7/24/2024 16:47,17.54
7/24/2024 16:57,17.46
7/24/2024 17:07,17.37
7/24/2024 17:17,17.33
7/24/2024 17:27,17.2
7/24/2024 17:37,17.16
7/24/2024 17:47,17.03
7/24/2024 17:57,16.99
7/24/2024 18:07,16.9
7/24/2024 18:17,16.81
7/24/2024 18:27,16.73
7/24/2024 18:37,16.69
7/24/2024 18:47,16.6
7/24/2024 18:57,16.51
7/24/2024 19:07,16.39
7/24/2024 19:17,16.34
7/24/2024 19:27,16.26
7/24/2024 19:37,16.17
7/24/2024 19:47,16.08
7/24/2024 19:57,16
7/24/2024 20:07,15.91
7/24/2024 20:17,15.87
7/24/2024 20:27,15.78
7/24/2024 20:37,15.7
7/24/2024 20:47,15.61
7/24/2024 20:57,15.57
7/24/2024 21:07,15.48
7/24/2024 21:17,15.44
7/24/2024 21:27,15.4
7/24/2024 21:37,15.31
7/24/2024 21:47,15.23
7/24/2024 21:57,15.23
7/24/2024 22:07,15.18
7/24/2024 22:17,15.06
7/24/2024 22:27,15.06
7/24/2024 22:37,15.01
7/24/2024 22:47,14.93
7/24/2024 22:57,14.88
7/24/2024 23:07,14.84
7/24/2024 23:17,14.75
7/24/2024 23:27,14.75
7/24/2024 23:37,14.71
7/24/2024 23:47,14.63
7/24/2024 23:57,14.67
7/25/2024 0:07,14.63
7/25/2024 0:17,14.58
7/25/2024 0:27,14.54
7/25/2024 0:37,14.5
7/25/2024 0:47,14.45
7/25/2024 0:57,14.45
7/25/2024 1:07,14.41
7/25/2024 1:17,14.37
7/25/2024 1:27,14.37
7/25/2024 1:37,14.37
7/25/2024 1:47,14.33
7/25/2024 1:57,14.33
7/25/2024 2:07,14.28
7/25/2024 2:17,14.28
7/25/2024 2:27,14.24
7/25/2024 2:37,14.2
7/25/2024 2:47,14.2
7/25/2024 2:57,14.15
7/25/2024 3:07,14.15
7/25/2024 3:17,14.15
7/25/2024 3:27,14.15
7/25/2024 3:37,14.11
7/25/2024 3:47,14.11
7/25/2024 3:57,14.07
7/25/2024 4:07,14.11
7/25/2024 4:17,14.11
7/25/2024 4:27,14.07
7/25/2024 4:37,14.03
7/25/2024 4:47,14.07
7/25/2024 4:57,14.03
7/25/2024 5:07,13.98
7/25/2024 5:17,14.03
7/25/2024 5:27,14.03
7/25/2024 5:37,13.98
7/25/2024 5:47,13.98
7/25/2024 5:57,13.98
7/25/2024 6:07,13.98
7/25/2024 6:17,13.98
7/25/2024 6:27,13.98
7/25/2024 6:37,13.98
7/25/2024 6:47,13.98
7/25/2024 6:57,13.98
7/25/2024 7:07,14.03
7/25/2024 7:17,14.03
7/25/2024 7:27,14.03
7/25/2024 7:37,14.11
7/25/2024 7:47,14.11
7/25/2024 7:57,14.15
7/25/2024 8:07,14.2
7/25/2024 8:17,14.24
7/25/2024 8:27,14.28
7/25/2024 8:37,14.33
7/25/2024 8:47,14.37
7/25/2024 8:57,14.41
7/25/2024 9:07,14.45
7/25/2024 9:17,14.54
7/25/2024 9:27,14.71
7/25/2024 9:37,14.75
7/25/2024 9:47,14.8
7/25/2024 9:57,14.84
7/25/2024 10:07,14.88
7/25/2024 10:17,14.97
7/25/2024 10:27,14.97
7/25/2024 10:37,15.1
7/25/2024 10:47,15.23
7/25/2024 10:57,15.27
7/25/2024 11:07,15.4
7/25/2024 11:17,15.4
7/25/2024 11:27,15.44
7/25/2024 11:37,15.53
7/25/2024 11:47,15.66
7/25/2024 11:57,15.78
7/25/2024 12:07,15.91
7/25/2024 12:17,16.08
7/25/2024 12:27,16.21
7/25/2024 12:37,16.21
7/25/2024 12:47,16.34
7/25/2024 12:57,16.39
7/25/2024 13:07,16.47
7/25/2024 13:17,16.6
7/25/2024 13:27,16.64
7/25/2024 13:37,16.64
7/25/2024 13:47,16.69
7/25/2024 13:57,16.69
7/25/2024 14:07,16.69
7/25/2024 14:17,16.73
7/25/2024 14:27,16.77
7/25/2024 14:37,16.77
7/25/2024 14:47,16.81
7/25/2024 14:57,16.77
7/25/2024 15:07,16.77
7/25/2024 15:17,16.81
7/25/2024 15:27,16.81
7/25/2024 15:37,16.81
7/25/2024 15:47,16.77
7/25/2024 15:57,16.73
7/25/2024 16:07,16.77
7/25/2024 16:17,16.73
7/25/2024 16:27,16.69
7/25/2024 16:37,16.64
7/25/2024 16:47,16.51
7/25/2024 16:57,16.51
7/25/2024 17:07,16.47
7/25/2024 17:17,16.43
7/25/2024 17:27,16.34
7/25/2024 17:37,16.3
7/25/2024 17:47,16.26
7/25/2024 17:57,16.21
7/25/2024 18:07,16.13
7/25/2024 18:17,16.08
7/25/2024 18:27,16.04
7/25/2024 18:37,15.96
7/25/2024 18:47,15.96
7/25/2024 18:57,15.83
7/25/2024 19:07,15.83
7/25/2024 19:17,15.74
7/25/2024 19:27,15.66
7/25/2024 19:37,15.61
7/25/2024 19:47,15.57
7/25/2024 19:57,15.48
7/25/2024 20:07,15.44
7/25/2024 20:17,15.36
7/25/2024 20:27,15.27
7/25/2024 20:37,15.23
7/25/2024 20:47,15.23
7/25/2024 20:57,15.14
7/25/2024 21:07,15.1
7/25/2024 21:17,15.1
7/25/2024 21:27,14.97
7/25/2024 21:37,14.97
7/25/2024 21:47,14.88
7/25/2024 21:57,14.88
7/25/2024 22:07,14.84
7/25/2024 22:17,14.8
7/25/2024 22:27,14.75
7/25/2024 22:37,14.67
7/25/2024 22:47,14.63
7/25/2024 22:57,14.58
7/25/2024 23:07,14.54
7/25/2024 23:17,14.54
7/25/2024 23:27,14.41
7/25/2024 23:37,14.41
7/25/2024 23:47,14.37
7/25/2024 23:57,14.33
7/26/2024 0:07,14.33
7/26/2024 0:17,14.33
7/26/2024 0:27,14.2
7/26/2024 0:37,14.2
7/26/2024 0:47,14.15
7/26/2024 0:57,14.11
7/26/2024 1:07,14.11
7/26/2024 1:17,14.03
7/26/2024 1:27,14.07
7/26/2024 1:37,14.03
7/26/2024 1:47,13.98
7/26/2024 1:57,13.94
7/26/2024 2:07,13.94
7/26/2024 2:17,13.94
7/26/2024 2:27,13.85
7/26/2024 2:37,13.85
7/26/2024 2:47,13.81
7/26/2024 2:57,13.73
7/26/2024 3:07,13.68
7/26/2024 3:17,13.68
7/26/2024 3:27,13.68
7/26/2024 3:37,13.64
7/26/2024 3:47,13.64
7/26/2024 3:57,13.6
7/26/2024 4:07,13.55
7/26/2024 4:17,13.55
7/26/2024 4:27,13.51
7/26/2024 4:37,13.51
7/26/2024 4:47,13.47
7/26/2024 4:57,13.47
7/26/2024 5:07,13.47
7/26/2024 5:17,13.43
7/26/2024 5:27,13.43
7/26/2024 5:37,13.38
7/26/2024 5:47,13.38
7/26/2024 5:57,13.38
7/26/2024 6:07,13.38
7/26/2024 6:17,13.38
7/26/2024 6:27,13.38
7/26/2024 6:37,13.38
7/26/2024 6:47,13.38
7/26/2024 6:57,13.38
7/26/2024 7:07,13.43
7/26/2024 7:17,13.43
7/26/2024 7:27,13.38
7/26/2024 7:37,13.43
7/26/2024 7:47,13.47
7/26/2024 7:57,13.47
7/26/2024 8:07,13.47
7/26/2024 8:17,13.51
7/26/2024 8:27,13.51
7/26/2024 8:37,13.51
7/26/2024 8:47,13.47
7/26/2024 8:57,13.6
7/26/2024 9:07,13.51
7/26/2024 9:17,13.55
7/26/2024 9:27,13.6
7/26/2024 9:37,13.6
7/26/2024 9:47,13.68
7/26/2024 9:57,13.64
7/26/2024 10:07,13.73
7/26/2024 10:17,13.81
7/26/2024 10:27,13.9
7/26/2024 10:37,13.9
7/26/2024 10:47,13.94
7/26/2024 10:57,14.03
7/26/2024 11:07,14.11
7/26/2024 11:17,14.15
7/26/2024 11:27,14.33
7/26/2024 11:37,14.45
7/26/2024 11:47,14.5
7/26/2024 11:57,14.54
7/26/2024 12:07,14.58
7/26/2024 12:17,14.67
7/26/2024 12:27,14.67
7/26/2024 12:37,14.75
7/26/2024 12:47,14.8
7/26/2024 12:57,14.8
7/26/2024 13:07,14.8
7/26/2024 13:17,14.84
7/26/2024 13:27,14.93
7/26/2024 13:37,14.97
7/26/2024 13:47,14.97
7/26/2024 13:57,15.01
7/26/2024 14:07,15.01
7/26/2024 14:17,15.01
7/26/2024 14:27,14.97
7/26/2024 14:37,15.01
7/26/2024 14:47,14.97
7/26/2024 14:57,14.97
7/26/2024 15:07,14.93
7/26/2024 15:17,14.93
7/26/2024 15:27,14.84
7/26/2024 15:37,14.84
7/26/2024 15:47,14.84
7/26/2024 15:57,14.84
7/26/2024 16:07,14.8
7/26/2024 16:17,14.75
7/26/2024 16:27,14.75
7/26/2024 16:37,14.71
7/26/2024 16:47,14.71
7/26/2024 16:57,14.71
7/26/2024 17:07,14.67
7/26/2024 17:17,14.67
7/26/2024 17:27,14.58
7/26/2024 17:37,14.63
7/26/2024 17:47,14.58
7/26/2024 17:57,14.54
7/26/2024 18:07,14.5
7/26/2024 18:17,14.45
7/26/2024 18:27,14.41
7/26/2024 18:37,14.41
7/26/2024 18:47,14.37
7/26/2024 18:57,14.33
7/26/2024 19:07,14.33
7/26/2024 19:17,14.24
7/26/2024 19:27,14.24
7/26/2024 19:37,14.2
7/26/2024 19:47,14.15
7/26/2024 19:57,14.15
7/26/2024 20:07,14.11
7/26/2024 20:17,14.03
7/26/2024 20:27,14.03
7/26/2024 20:37,13.98
7/26/2024 20:47,13.98
7/26/2024 20:57,13.94
7/26/2024 21:07,13.9
7/26/2024 21:17,13.85
7/26/2024 21:27,13.85
7/26/2024 21:37,13.81
7/26/2024 21:47,13.77
7/26/2024 21:57,13.77
7/26/2024 22:07,13.68
7/26/2024 22:17,13.64
7/26/2024 22:27,13.64
7/26/2024 22:37,13.55
7/26/2024 22:47,13.55
7/26/2024 22:57,13.51
7/26/2024 23:07,13.47
7/26/2024 23:17,13.38
7/26/2024 23:27,13.38
7/26/2024 23:37,13.3
7/26/2024 23:47,13.3
7/26/2024 23:57,13.21
7/27/2024 0:07,13.21
7/27/2024 0:17,13.12
7/27/2024 0:27,13.08
7/27/2024 0:37,13.04
7/27/2024 0:47,13
7/27/2024 0:57,12.95
7/27/2024 1:07,12.91
7/27/2024 1:17,12.87
7/27/2024 1:27,12.82
7/27/2024 1:37,12.78
7/27/2024 1:47,12.78
7/27/2024 1:57,12.74
7/27/2024 2:07,12.65
7/27/2024 2:17,12.61
7/27/2024 2:27,12.61
7/27/2024 2:37,12.61
7/27/2024 2:47,12.52
7/27/2024 2:57,12.52
7/27/2024 3:07,12.48
7/27/2024 3:17,12.44
7/27/2024 3:27,12.4
7/27/2024 3:37,12.4
7/27/2024 3:47,12.35
7/27/2024 3:57,12.31
7/27/2024 4:07,12.27
7/27/2024 4:17,12.27
7/27/2024 4:27,12.22
7/27/2024 4:37,12.18
7/27/2024 4:47,12.18
7/27/2024 4:57,12.27
7/27/2024 5:07,12.22
7/27/2024 5:17,12.18
7/27/2024 5:27,12.18
7/27/2024 5:37,12.18
7/27/2024 5:47,12.18
7/27/2024 5:57,12.18
7/27/2024 6:07,12.22
7/27/2024 6:17,12.27
7/27/2024 6:27,12.31
7/27/2024 6:37,12.27
7/27/2024 6:47,12.31
7/27/2024 6:57,12.35
7/27/2024 7:07,12.4
7/27/2024 7:17,12.44
7/27/2024 7:27,12.48
7/27/2024 7:37,12.48
7/27/2024 7:47,12.57
7/27/2024 7:57,12.61
7/27/2024 8:07,12.65
7/27/2024 8:17,12.7
7/27/2024 8:27,12.74
7/27/2024 8:37,12.82
7/27/2024 8:47,12.87
7/27/2024 8:57,12.95
7/27/2024 9:07,13
7/27/2024 9:17,13.08
7/27/2024 9:27,13.17
7/27/2024 9:37,13.25
7/27/2024 9:47,13.43
7/27/2024 9:57,13.47
7/27/2024 10:07,13.64
7/27/2024 10:17,13.77
7/27/2024 10:27,13.9
7/27/2024 10:37,14.03
7/27/2024 10:47,14.2
7/27/2024 10:57,14.37
7/27/2024 11:07,14.5
7/27/2024 11:17,14.63
7/27/2024 11:27,14.75
7/27/2024 11:37,14.93
7/27/2024 11:47,15.1
7/27/2024 11:57,15.27
7/27/2024 12:07,15.44
7/27/2024 12:17,15.57
7/27/2024 12:27,15.7
7/27/2024 12:37,15.83
7/27/2024 12:47,15.96
7/27/2024 12:57,16.08
7/27/2024 13:07,16.21
7/27/2024 13:17,16.3
7/27/2024 13:27,16.34
7/27/2024 13:37,16.39
7/27/2024 13:47,16.39
7/27/2024 13:57,16.51
7/27/2024 14:07,16.56
7/27/2024 14:17,16.64
7/27/2024 14:27,16.64
7/27/2024 14:37,16.73
7/27/2024 14:47,16.73
7/27/2024 14:57,16.77
7/27/2024 15:07,16.81
7/27/2024 15:17,16.86
7/27/2024 15:27,16.9
7/27/2024 15:37,16.94
7/27/2024 15:47,16.99
7/27/2024 15:57,16.99
7/27/2024 16:07,17.03
7/27/2024 16:17,17.03
7/27/2024 16:27,16.99
7/27/2024 16:37,16.99
7/27/2024 16:47,16.99
7/27/2024 16:57,16.99
7/27/2024 17:07,16.94
7/27/2024 17:17,16.9
7/27/2024 17:27,16.86
7/27/2024 17:37,16.81
7/27/2024 17:47,16.81
7/27/2024 17:57,16.77
7/27/2024 18:07,16.73
7/27/2024 18:17,16.64
7/27/2024 18:27,16.56
7/27/2024 18:37,16.56
7/27/2024 18:47,16.56
7/27/2024 18:57,16.43
7/27/2024 19:07,16.39
7/27/2024 19:17,16.3
7/27/2024 19:27,16.3
7/27/2024 19:37,16.17
7/27/2024 19:47,16.21
7/27/2024 19:57,16.17
7/27/2024 20:07,16.08
7/27/2024 20:17,16.04
7/27/2024 20:27,16
7/27/2024 20:37,15.91
7/27/2024 20:47,15.87
7/27/2024 20:57,15.83
7/27/2024 21:07,15.74
7/27/2024 21:17,15.7
7/27/2024 21:27,15.61
7/27/2024 21:37,15.61
7/27/2024 21:47,15.53
7/27/2024 21:57,15.53
7/27/2024 22:07,15.48
7/27/2024 22:17,15.36
7/27/2024 22:27,15.36
7/27/2024 22:37,15.31
7/27/2024 22:47,15.23
7/27/2024 22:57,15.18
7/27/2024 23:07,15.1
7/27/2024 23:17,15.06
7/27/2024 23:27,15.06
7/27/2024 23:37,15.01
7/27/2024 23:47,14.97
7/27/2024 23:57,14.88
7/28/2024 0:07,14.84
7/28/2024 0:17,14.84
7/28/2024 0:27,14.75
7/28/2024 0:37,14.75
7/28/2024 0:47,14.71
7/28/2024 0:57,14.63
7/28/2024 1:07,14.67
7/28/2024 1:17,14.58
7/28/2024 1:27,14.54
7/28/2024 1:37,14.54
7/28/2024 1:47,14.5
7/28/2024 1:57,14.45
7/28/2024 2:07,14.41
7/28/2024 2:17,14.37
7/28/2024 2:27,14.33
7/28/2024 2:37,14.33
7/28/2024 2:47,14.28
7/28/2024 2:57,14.28
7/28/2024 3:07,14.24
7/28/2024 3:17,14.2
7/28/2024 3:27,14.15
7/28/2024 3:37,14.15
7/28/2024 3:47,14.15
7/28/2024 3:57,14.11
7/28/2024 4:07,14.07
7/28/2024 4:17,14.07
7/28/2024 4:27,14.07
7/28/2024 4:37,14.03
7/28/2024 4:47,13.98
7/28/2024 4:57,13.98
7/28/2024 5:07,13.98
7/28/2024 5:17,13.94
7/28/2024 5:27,13.9
7/28/2024 5:37,13.94
7/28/2024 5:47,13.94
7/28/2024 5:57,13.94
7/28/2024 6:07,13.9
7/28/2024 6:17,13.9
7/28/2024 6:27,13.85
7/28/2024 6:37,13.9
7/28/2024 6:47,13.9
7/28/2024 6:57,13.85
7/28/2024 7:07,13.85
7/28/2024 7:17,13.85
7/28/2024 7:27,13.85
7/28/2024 7:37,13.94
7/28/2024 7:47,13.94
7/28/2024 7:57,13.94
7/28/2024 8:07,13.94
7/28/2024 8:17,14.03
7/28/2024 8:27,14.03
7/28/2024 8:37,14.03
7/28/2024 8:47,14.07
7/28/2024 8:57,14.15
7/28/2024 9:07,14.24
7/28/2024 9:17,14.33
7/28/2024 9:27,14.33
7/28/2024 9:37,14.41
7/28/2024 9:47,14.5
7/28/2024 9:57,14.58
7/28/2024 10:07,14.58
7/28/2024 10:17,14.71
7/28/2024 10:27,14.75
7/28/2024 10:37,14.75
7/28/2024 10:47,14.8
7/28/2024 10:57,14.84
7/28/2024 11:07,14.88
7/28/2024 11:17,14.88
7/28/2024 11:27,14.93
7/28/2024 11:37,14.93
7/28/2024 11:47,14.97
7/28/2024 11:57,14.97
7/28/2024 12:07,14.97
7/28/2024 12:17,15.01
7/28/2024 12:27,15.06
7/28/2024 12:37,15.01
7/28/2024 12:47,15.1
7/28/2024 12:57,15.14
7/28/2024 13:07,15.23
7/28/2024 13:17,15.27
7/28/2024 13:27,15.27
7/28/2024 13:37,15.36
7/28/2024 13:47,15.36
7/28/2024 13:57,15.4
7/28/2024 14:07,15.4
7/28/2024 14:17,15.4
7/28/2024 14:27,15.44
7/28/2024 14:37,15.4
7/28/2024 14:47,15.36
7/28/2024 14:57,15.4
7/28/2024 15:07,15.4
7/28/2024 15:17,15.4
7/28/2024 15:27,15.44
7/28/2024 15:37,15.44
7/28/2024 15:47,15.4
7/28/2024 15:57,15.44
7/28/2024 16:07,15.44
7/28/2024 16:17,15.4
7/28/2024 16:27,15.4
7/28/2024 16:37,15.4
7/28/2024 16:47,15.4
7/28/2024 16:57,15.36
7/28/2024 17:07,15.36
7/28/2024 17:17,15.4
7/28/2024 17:27,15.36
7/28/2024 17:37,15.27
7/28/2024 17:47,15.31
7/28/2024 17:57,15.27
7/28/2024 18:07,15.23
7/28/2024 18:17,15.23
7/28/2024 18:27,15.23
7/28/2024 18:37,15.23
7/28/2024 18:47,15.23
7/28/2024 18:57,15.18
7/28/2024 19:07,15.18
7/28/2024 19:17,15.14
7/28/2024 19:27,15.14
7/28/2024 19:37,15.1
7/28/2024 19:47,15.06
7/28/2024 19:57,15.1
7/28/2024 20:07,15.06
7/28/2024 20:17,15.01
7/28/2024 20:27,15.01
7/28/2024 20:37,14.97
7/28/2024 20:47,15.01
7/28/2024 20:57,14.93
7/28/2024 21:07,14.93
7/28/2024 21:17,14.93
7/28/2024 21:27,14.88
7/28/2024 21:37,14.88
7/28/2024 21:47,14.84
7/28/2024 21:57,14.88
7/28/2024 22:07,14.84
7/28/2024 22:17,14.84
7/28/2024 22:27,14.75
7/28/2024 22:37,14.75
7/28/2024 22:47,14.75
7/28/2024 22:57,14.75
7/28/2024 23:07,14.67
7/28/2024 23:17,14.75
7/28/2024 23:27,14.71
7/28/2024 23:37,14.71
7/28/2024 23:47,14.67
7/28/2024 23:57,14.67
7/29/2024 0:07,14.71
7/29/2024 0:17,14.67
7/29/2024 0:27,14.67
7/29/2024 0:37,14.67
7/29/2024 0:47,14.71
7/29/2024 0:57,14.67
7/29/2024 1:07,14.71
7/29/2024 1:17,14.71
7/29/2024 1:27,14.71
7/29/2024 1:37,14.71
7/29/2024 1:47,14.71
7/29/2024 1:57,14.71
7/29/2024 2:07,14.71
7/29/2024 2:17,14.71
7/29/2024 2:27,14.75
7/29/2024 2:37,14.75
7/29/2024 2:47,14.75
7/29/2024 2:57,14.75
7/29/2024 3:07,14.8
7/29/2024 3:17,14.75
7/29/2024 3:27,14.75
7/29/2024 3:37,14.75
7/29/2024 3:47,14.8
7/29/2024 3:57,14.75
7/29/2024 4:07,14.75
7/29/2024 4:17,14.75
7/29/2024 4:27,14.75
7/29/2024 4:37,14.75
7/29/2024 4:47,14.75
7/29/2024 4:57,14.8
7/29/2024 5:07,14.75
7/29/2024 5:17,14.75
7/29/2024 5:27,14.8
7/29/2024 5:37,14.8
7/29/2024 5:47,14.75
7/29/2024 5:57,14.75
7/29/2024 6:07,14.75
7/29/2024 6:17,14.8
7/29/2024 6:27,14.8
7/29/2024 6:37,14.8
7/29/2024 6:47,14.84
7/29/2024 6:57,14.84
7/29/2024 7:07,14.88
7/29/2024 7:17,14.88
7/29/2024 7:27,14.88
7/29/2024 7:37,14.97
7/29/2024 7:47,14.97
7/29/2024 7:57,15.01
7/29/2024 8:07,14.97
7/29/2024 8:17,15.01
7/29/2024 8:27,15.01
7/29/2024 8:37,15.06
7/29/2024 8:47,15.06
7/29/2024 8:57,15.1
7/29/2024 9:07,15.14
7/29/2024 9:17,15.1
7/29/2024 9:27,15.1
7/29/2024 9:37,15.14
7/29/2024 9:47,15.14
7/29/2024 9:57,15.14
7/29/2024 10:07,15.18
7/29/2024 10:17,15.1
7/29/2024 10:27,15.23
7/29/2024 10:37,15.23
7/29/2024 10:47,15.23
7/29/2024 10:57,15.27
7/29/2024 11:07,15.31
7/29/2024 11:17,15.36
7/29/2024 11:27,15.36
7/29/2024 11:37,15.4
7/29/2024 11:47,15.4
7/29/2024 11:57,15.44
7/29/2024 12:07,15.44
7/29/2024 12:17,15.48
7/29/2024 12:27,15.44
7/29/2024 12:37,15.53
7/29/2024 12:47,15.57
7/29/2024 12:57,15.57
7/29/2024 13:07,15.53
7/29/2024 13:17,15.61
7/29/2024 13:27,15.61
7/29/2024 13:37,15.66
7/29/2024 13:47,15.66
7/29/2024 13:57,15.66
7/29/2024 14:07,15.66
7/29/2024 14:17,15.7
7/29/2024 14:27,15.66
7/29/2024 14:37,15.66
7/29/2024 14:47,15.66
7/29/2024 14:57,15.66
7/29/2024 15:07,15.66
7/29/2024 15:17,15.66
7/29/2024 15:27,15.7
7/29/2024 15:37,15.66
7/29/2024 15:47,15.61
7/29/2024 15:57,15.57
7/29/2024 16:07,15.57
7/29/2024 16:17,15.61
7/29/2024 16:27,15.61
7/29/2024 16:37,15.61
7/29/2024 16:47,15.61
7/29/2024 16:57,15.61
7/29/2024 17:07,15.57
7/29/2024 17:17,15.61
7/29/2024 17:27,15.61
7/29/2024 17:37,15.57
7/29/2024 17:47,15.53
7/29/2024 17:57,15.57
7/29/2024 18:07,15.53
7/29/2024 18:17,15.53
7/29/2024 18:27,15.53
7/29/2024 18:37,15.53
7/29/2024 18:47,15.53
7/29/2024 18:57,15.48
7/29/2024 19:07,15.48
7/29/2024 19:17,15.48
7/29/2024 19:27,15.48
7/29/2024 19:37,15.44
7/29/2024 19:47,15.44
7/29/2024 19:57,15.44
7/29/2024 20:07,15.44
7/29/2024 20:17,15.4
7/29/2024 20:27,15.4
7/29/2024 20:37,15.4
7/29/2024 20:47,15.36
7/29/2024 20:57,15.36
7/29/2024 21:07,15.31
7/29/2024 21:17,15.31
7/29/2024 21:27,15.31
7/29/2024 21:37,15.31
7/29/2024 21:47,15.31
7/29/2024 21:57,15.23
7/29/2024 22:07,15.31
7/29/2024 22:17,15.23
7/29/2024 22:27,15.27
7/29/2024 22:37,15.23
7/29/2024 22:47,15.18
7/29/2024 22:57,15.23
7/29/2024 23:07,15.14
7/29/2024 23:17,15.18
7/29/2024 23:27,15.18
7/29/2024 23:37,15.14
7/29/2024 23:47,15.14
7/29/2024 23:57,15.1
7/30/2024 0:07,15.1
7/30/2024 0:17,15.1
7/30/2024 0:27,15.01
7/30/2024 0:37,15.06
7/30/2024 0:47,15.06
7/30/2024 0:57,15.01
7/30/2024 1:07,15.01
7/30/2024 1:17,14.97
7/30/2024 1:27,14.97
7/30/2024 1:37,14.97
7/30/2024 1:47,14.97
7/30/2024 1:57,14.97
7/30/2024 2:07,14.93
7/30/2024 2:17,14.93
7/30/2024 2:27,14.88
7/30/2024 2:37,14.88
7/30/2024 2:47,14.88
7/30/2024 2:57,14.88
7/30/2024 3:07,14.88
7/30/2024 3:17,14.84
7/30/2024 3:27,14.8
7/30/2024 3:37,14.84
7/30/2024 3:47,14.75
7/30/2024 3:57,14.75
7/30/2024 4:07,14.75
7/30/2024 4:17,14.75
7/30/2024 4:27,14.75
7/30/2024 4:37,14.71
7/30/2024 4:47,14.71
7/30/2024 4:57,14.67
7/30/2024 5:07,14.67
7/30/2024 5:17,14.63
7/30/2024 5:27,14.67
7/30/2024 5:37,14.58
7/30/2024 5:47,14.58
7/30/2024 5:57,14.58
7/30/2024 6:07,14.54
7/30/2024 6:17,14.54
7/30/2024 6:27,14.54
7/30/2024 6:37,14.54
7/30/2024 6:47,14.54
7/30/2024 6:57,14.54
7/30/2024 7:07,14.54
7/30/2024 7:17,14.5
7/30/2024 7:27,14.5
7/30/2024 7:37,14.5
7/30/2024 7:47,14.5
7/30/2024 7:57,14.5
7/30/2024 8:07,14.5
7/30/2024 8:17,14.54
7/30/2024 8:27,14.5
7/30/2024 8:37,14.54
7/30/2024 8:47,14.58
7/30/2024 8:57,14.54
7/30/2024 9:07,14.54
7/30/2024 9:17,14.58
7/30/2024 9:27,14.54
7/30/2024 9:37,14.58
7/30/2024 9:47,14.63
7/30/2024 9:57,14.58
7/30/2024 10:07,14.63
7/30/2024 10:17,14.63
7/30/2024 10:27,14.63
7/30/2024 10:37,14.75
7/30/2024 10:47,14.71
7/30/2024 10:57,14.75
7/30/2024 11:07,14.75
7/30/2024 11:17,14.75
7/30/2024 11:27,14.75
7/30/2024 11:37,14.8
7/30/2024 11:47,14.8
7/30/2024 11:57,14.8
7/30/2024 12:07,14.84
7/30/2024 12:17,14.84
7/30/2024 12:27,14.84
7/30/2024 12:37,14.88
7/30/2024 12:47,14.88
7/30/2024 12:57,14.84
7/30/2024 13:07,14.93
7/30/2024 13:17,14.88
7/30/2024 13:27,14.93
7/30/2024 13:37,14.97
7/30/2024 13:47,14.97
7/30/2024 13:57,14.93
7/30/2024 14:07,14.97
7/30/2024 14:17,14.97
7/30/2024 14:27,14.97
7/30/2024 14:37,14.97
7/30/2024 14:47,14.97
7/30/2024 14:57,14.93
7/30/2024 15:07,15.01
7/30/2024 15:17,14.93
7/30/2024 15:27,14.93
7/30/2024 15:37,14.97
7/30/2024 15:47,14.93
7/30/2024 15:57,14.93
7/30/2024 16:07,14.88
7/30/2024 16:17,14.88
7/30/2024 16:27,14.88
7/30/2024 16:37,14.88
7/30/2024 16:47,14.84
7/30/2024 16:57,14.84
7/30/2024 17:07,14.84
7/30/2024 17:17,14.88
7/30/2024 17:27,14.84
7/30/2024 17:37,14.8
7/30/2024 17:47,14.8
7/30/2024 17:57,14.8
7/30/2024 18:07,14.75
7/30/2024 18:17,14.75
7/30/2024 18:27,14.71
7/30/2024 18:37,14.71
7/30/2024 18:47,14.67
7/30/2024 18:57,14.63
7/30/2024 19:07,14.58
7/30/2024 19:17,14.58
7/30/2024 19:27,14.54
7/30/2024 19:37,14.54
7/30/2024 19:47,14.54
7/30/2024 19:57,14.5
7/30/2024 20:07,14.5
7/30/2024 20:17,14.45
7/30/2024 20:27,14.37
7/30/2024 20:37,14.41
7/30/2024 20:47,14.41
7/30/2024 20:57,14.33
7/30/2024 21:07,14.37
7/30/2024 21:17,14.33
7/30/2024 21:27,14.28
7/30/2024 21:37,14.28
7/30/2024 21:47,14.24
7/30/2024 21:57,14.24
7/30/2024 22:07,14.15
7/30/2024 22:17,14.2
7/30/2024 22:27,14.15
7/30/2024 22:37,14.2
7/30/2024 22:47,14.15
7/30/2024 22:57,14.15
7/30/2024 23:07,14.07
7/30/2024 23:17,14.07
7/30/2024 23:27,14.07
7/30/2024 23:37,14.03
7/30/2024 23:47,14.03
7/30/2024 23:57,14.03
7/31/2024 0:07,13.98
7/31/2024 0:17,13.98
7/31/2024 0:27,13.94
7/31/2024 0:37,13.98
7/31/2024 0:47,13.9
7/31/2024 0:57,13.94
7/31/2024 1:07,13.94
7/31/2024 1:17,13.9
7/31/2024 1:27,13.9
7/31/2024 1:37,13.81
7/31/2024 1:47,13.81
7/31/2024 1:57,13.81
7/31/2024 2:07,13.81
7/31/2024 2:17,13.81
7/31/2024 2:27,13.77
7/31/2024 2:37,13.77
7/31/2024 2:47,13.77
7/31/2024 2:57,13.73
7/31/2024 3:07,13.73
7/31/2024 3:17,13.73
7/31/2024 3:27,13.73
7/31/2024 3:37,13.68
7/31/2024 3:47,13.64
7/31/2024 3:57,13.64
7/31/2024 4:07,13.64
7/31/2024 4:17,13.68
7/31/2024 4:27,13.64
7/31/2024 4:37,13.6
7/31/2024 4:47,13.6
7/31/2024 4:57,13.6
7/31/2024 5:07,13.64
7/31/2024 5:17,13.6
7/31/2024 5:27,13.6
7/31/2024 5:37,13.55
7/31/2024 5:47,13.6
7/31/2024 5:57,13.55
7/31/2024 6:07,13.55
7/31/2024 6:17,13.55
7/31/2024 6:27,13.55
7/31/2024 6:37,13.55
7/31/2024 6:47,13.55
7/31/2024 6:57,13.51
7/31/2024 7:07,13.51
7/31/2024 7:17,13.55
7/31/2024 7:27,13.6
7/31/2024 7:37,13.6
7/31/2024 7:47,13.6
7/31/2024 7:57,13.6
7/31/2024 8:07,13.6
7/31/2024 8:17,13.64
7/31/2024 8:27,13.68
7/31/2024 8:37,13.73
7/31/2024 8:47,13.73
7/31/2024 8:57,13.77
7/31/2024 9:07,13.81
7/31/2024 9:17,13.77
7/31/2024 9:27,13.81
7/31/2024 9:37,13.85
7/31/2024 9:47,13.9
7/31/2024 9:57,13.94
7/31/2024 10:07,14.03
7/31/2024 10:17,14.07
7/31/2024 10:27,14.11
7/31/2024 10:37,14.2
7/31/2024 10:47,14.24
7/31/2024 10:57,14.33
7/31/2024 11:07,14.41
7/31/2024 11:17,14.41
7/31/2024 11:27,14.5
7/31/2024 11:37,14.54
7/31/2024 11:47,14.58
7/31/2024 11:57,14.58
7/31/2024 12:07,14.67
7/31/2024 12:17,14.71
7/31/2024 12:27,14.75
7/31/2024 12:37,14.88
7/31/2024 12:47,14.84
7/31/2024 12:57,14.8
7/31/2024 13:07,14.84
7/31/2024 13:17,14.93
7/31/2024 13:27,14.93
7/31/2024 13:37,14.93
7/31/2024 13:47,14.93
7/31/2024 13:57,15.01
7/31/2024 14:07,14.97
7/31/2024 14:17,15.01
7/31/2024 14:27,15.01
7/31/2024 14:37,15.1
7/31/2024 14:47,15.14
7/31/2024 14:57,15.14
7/31/2024 15:07,15.1
7/31/2024 15:17,15.14
7/31/2024 15:27,15.14
7/31/2024 15:37,15.18
7/31/2024 15:47,15.18
7/31/2024 15:57,15.18
7/31/2024 16:07,15.18
7/31/2024 16:17,15.18
7/31/2024 16:27,15.23
7/31/2024 16:37,15.23
7/31/2024 16:47,15.18
7/31/2024 16:57,15.18
7/31/2024 17:07,15.18
7/31/2024 17:17,15.18
7/31/2024 17:27,15.14
7/31/2024 17:37,15.14
7/31/2024 17:47,15.14
7/31/2024 17:57,15.14
7/31/2024 18:07,15.06
7/31/2024 18:17,15.06
7/31/2024 18:27,15.06
7/31/2024 18:37,15.01
7/31/2024 18:47,14.97
7/31/2024 18:57,14.88
7/31/2024 19:07,14.84
7/31/2024 19:17,14.84
7/31/2024 19:27,14.75
7/31/2024 19:37,14.71
7/31/2024 19:47,14.71
7/31/2024 19:57,14.63
7/31/2024 20:07,14.58
7/31/2024 20:17,14.58
7/31/2024 20:27,14.5
7/31/2024 20:37,14.5
7/31/2024 20:47,14.45
7/31/2024 20:57,14.45
7/31/2024 21:07,14.37
7/31/2024 21:17,14.37
7/31/2024 21:27,14.37
7/31/2024 21:37,14.33
7/31/2024 21:47,14.28
7/31/2024 21:57,14.28
7/31/2024 22:07,14.24
7/31/2024 22:17,14.2
7/31/2024 22:27,14.2
7/31/2024 22:37,14.24
7/31/2024 22:47,14.2
7/31/2024 22:57,14.15
7/31/2024 23:07,14.11
7/31/2024 23:17,14.07
7/31/2024 23:27,14.03
7/31/2024 23:37,14.07
7/31/2024 23:47,14.03
7/31/2024 23:57,14.03
8/1/2024 0:07,13.94
8/1/2024 0:17,13.98
8/1/2024 0:27,13.94
8/1/2024 0:37,13.94
8/1/2024 0:47,13.94
8/1/2024 0:57,13.85
8/1/2024 1:07,13.9
8/1/2024 1:17,13.85
8/1/2024 1:27,13.85
8/1/2024 1:37,13.81
8/1/2024 1:47,13.81
8/1/2024 1:57,13.81
8/1/2024 2:07,13.73
8/1/2024 2:17,13.77
8/1/2024 2:27,13.73
8/1/2024 2:37,13.68
8/1/2024 2:47,13.68
8/1/2024 2:57,13.64
8/1/2024 3:07,13.68
8/1/2024 3:17,13.64
8/1/2024 3:27,13.64
8/1/2024 3:37,13.6
8/1/2024 3:47,13.6
8/1/2024 3:57,13.55
8/1/2024 4:07,13.55
8/1/2024 4:17,13.55
8/1/2024 4:27,13.51
8/1/2024 4:37,13.47
8/1/2024 4:47,13.47
8/1/2024 4:57,13.47
8/1/2024 5:07,13.51
8/1/2024 5:17,13.43
8/1/2024 5:27,13.43
8/1/2024 5:37,13.43
8/1/2024 5:47,13.47
8/1/2024 5:57,13.38
8/1/2024 6:07,13.43
8/1/2024 6:17,13.47
8/1/2024 6:27,13.43
8/1/2024 6:37,13.47
8/1/2024 6:47,13.43
8/1/2024 6:57,13.47
8/1/2024 7:07,13.47
8/1/2024 7:17,13.47
8/1/2024 7:27,13.51
8/1/2024 7:37,13.55
8/1/2024 7:47,13.55
8/1/2024 7:57,13.55
8/1/2024 8:07,13.6
8/1/2024 8:17,13.6
8/1/2024 8:27,13.64
8/1/2024 8:37,13.64
8/1/2024 8:47,13.73
8/1/2024 8:57,13.77
8/1/2024 9:07,13.81
8/1/2024 9:17,13.85
8/1/2024 9:27,13.94
8/1/2024 9:37,13.98
8/1/2024 9:47,13.98
8/1/2024 9:57,14.07
8/1/2024 10:07,14.15
8/1/2024 10:17,14.2
8/1/2024 10:27,14.24
8/1/2024 10:37,14.28
8/1/2024 10:47,14.33
8/1/2024 10:57,14.45
8/1/2024 11:07,14.5
8/1/2024 11:17,14.54
8/1/2024 11:27,14.58
8/1/2024 11:37,14.67
8/1/2024 11:47,14.8
8/1/2024 11:57,14.88
8/1/2024 12:07,15.06
8/1/2024 12:17,15.14
8/1/2024 12:27,15.23
8/1/2024 12:37,15.4
8/1/2024 12:47,15.48
8/1/2024 12:57,15.61
8/1/2024 13:07,15.74
8/1/2024 13:17,15.78
8/1/2024 13:27,15.87
8/1/2024 13:37,15.91
8/1/2024 13:47,16
8/1/2024 13:57,16
8/1/2024 14:07,16
8/1/2024 14:17,16
8/1/2024 14:27,16
8/1/2024 14:37,16.04
8/1/2024 14:47,16.04
8/1/2024 14:57,16
8/1/2024 15:07,16.04
8/1/2024 15:17,16.04
8/1/2024 15:27,16
8/1/2024 15:37,16.04
8/1/2024 15:47,16.04
8/1/2024 15:57,16
8/1/2024 16:07,16
8/1/2024 16:17,16
8/1/2024 16:27,15.96
8/1/2024 16:37,15.96
8/1/2024 16:47,15.96
8/1/2024 16:57,15.91
8/1/2024 17:07,15.91
8/1/2024 17:17,15.87
8/1/2024 17:27,15.91
8/1/2024 17:37,15.87
8/1/2024 17:47,15.83
8/1/2024 17:57,15.83
8/1/2024 18:07,15.83
8/1/2024 18:17,15.87
8/1/2024 18:27,15.87
8/1/2024 18:37,15.87
8/1/2024 18:47,15.87
8/1/2024 18:57,15.83
8/1/2024 19:07,15.83
8/1/2024 19:17,15.83
8/1/2024 19:27,15.83
8/1/2024 19:37,15.87
8/1/2024 19:47,15.78
8/1/2024 19:57,15.78
8/1/2024 20:07,15.74
8/1/2024 20:17,15.74
8/1/2024 20:27,15.7
8/1/2024 20:37,15.74
8/1/2024 20:47,15.7
8/1/2024 20:57,15.7
8/1/2024 21:07,15.7
8/1/2024 21:17,15.7
8/1/2024 21:27,15.66
8/1/2024 21:37,15.61
8/1/2024 21:47,15.61
8/1/2024 21:57,15.57
8/1/2024 22:07,15.53
8/1/2024 22:17,15.53
8/1/2024 22:27,15.53
8/1/2024 22:37,15.48
8/1/2024 22:47,15.44
8/1/2024 22:57,15.4
8/1/2024 23:07,15.44
8/1/2024 23:17,15.48
8/1/2024 23:27,15.44
8/1/2024 23:37,15.44
8/1/2024 23:47,15.48
8/1/2024 23:57,15.44
8/2/2024 0:07,15.44
8/2/2024 0:17,15.44
8/2/2024 0:27,15.44
8/2/2024 0:37,15.48
8/2/2024 0:47,15.53
8/2/2024 0:57,15.53
8/2/2024 1:07,15.48
8/2/2024 1:17,15.53
8/2/2024 1:27,15.53
8/2/2024 1:37,15.53
8/2/2024 1:47,15.48
8/2/2024 1:57,15.53
8/2/2024 2:07,15.48
8/2/2024 2:17,15.57
8/2/2024 2:27,15.53
8/2/2024 2:37,15.53
8/2/2024 2:47,15.48
8/2/2024 2:57,15.48
8/2/2024 3:07,15.53
8/2/2024 3:17,15.57
8/2/2024 3:27,15.53
8/2/2024 3:37,15.53
8/2/2024 3:47,15.57
8/2/2024 3:57,15.57
8/2/2024 4:07,15.61
8/2/2024 4:17,15.61
8/2/2024 4:27,15.57
8/2/2024 4:37,15.66
8/2/2024 4:47,15.61
8/2/2024 4:57,15.61
8/2/2024 5:07,15.66
8/2/2024 5:17,15.7
8/2/2024 5:27,15.7
8/2/2024 5:37,15.74
8/2/2024 5:47,15.83
8/2/2024 5:57,15.78
8/2/2024 6:07,15.87
8/2/2024 6:17,15.91
8/2/2024 6:27,16
8/2/2024 6:37,16
8/2/2024 6:47,16
8/2/2024 6:57,16.04
8/2/2024 7:07,16.13
8/2/2024 7:17,16.13
8/2/2024 7:27,16.21
8/2/2024 7:37,16.21
8/2/2024 7:47,16.26
8/2/2024 7:57,16.26
8/2/2024 8:07,16.34
8/2/2024 8:17,16.39
8/2/2024 8:27,16.47
8/2/2024 8:37,16.51
8/2/2024 8:47,16.47
8/2/2024 8:57,16.56
8/2/2024 9:07,16.6
8/2/2024 9:17,16.64
8/2/2024 9:27,16.69
8/2/2024 9:37,16.73
8/2/2024 9:47,16.77
8/2/2024 9:57,16.81
8/2/2024 10:07,16.9
8/2/2024 10:17,16.94
8/2/2024 10:27,17.03
8/2/2024 10:37,17.11
8/2/2024 10:47,17.16
8/2/2024 10:57,17.2
8/2/2024 11:07,17.29
8/2/2024 11:17,17.33
8/2/2024 11:27,17.41
8/2/2024 11:37,17.41
8/2/2024 11:47,17.46
8/2/2024 11:57,17.5
8/2/2024 12:07,17.54
8/2/2024 12:17,17.59
8/2/2024 12:27,17.63
8/2/2024 12:37,17.67
8/2/2024 12:47,17.67
8/2/2024 12:57,17.72
8/2/2024 13:07,17.76
8/2/2024 13:17,17.76
8/2/2024 13:27,17.8
8/2/2024 13:37,17.8
8/2/2024 13:47,17.8
8/2/2024 13:57,17.84
8/2/2024 14:07,17.89
8/2/2024 14:17,17.84
8/2/2024 14:27,17.89
8/2/2024 14:37,17.89
8/2/2024 14:47,17.89
8/2/2024 14:57,17.89
8/2/2024 15:07,17.89
8/2/2024 15:17,17.89
8/2/2024 15:27,17.89
8/2/2024 15:37,17.84
8/2/2024 15:47,17.89
8/2/2024 15:57,17.84
8/2/2024 16:07,17.89
8/2/2024 16:17,17.84
8/2/2024 16:27,17.84
8/2/2024 16:37,17.84
8/2/2024 16:47,17.89
8/2/2024 16:57,17.89
8/2/2024 17:07,17.84
8/2/2024 17:17,17.8
8/2/2024 17:27,17.8
8/2/2024 17:37,17.8
8/2/2024 17:47,17.8
8/2/2024 17:57,17.8
8/2/2024 18:07,17.72
8/2/2024 18:17,17.72
8/2/2024 18:27,17.67
8/2/2024 18:37,17.67
8/2/2024 18:47,17.63
8/2/2024 18:57,17.59
8/2/2024 19:07,17.54
8/2/2024 19:17,17.54
8/2/2024 19:27,17.54
8/2/2024 19:37,17.5
8/2/2024 19:47,17.46
8/2/2024 19:57,17.41
8/2/2024 20:07,17.41
8/2/2024 20:17,17.33
8/2/2024 20:27,17.33
8/2/2024 20:37,17.24
8/2/2024 20:47,17.29
8/2/2024 20:57,17.29
8/2/2024 21:07,17.29
8/2/2024 21:17,17.33
8/2/2024 21:27,17.24
8/2/2024 21:37,17.29
8/2/2024 21:47,17.33
8/2/2024 21:57,17.24
8/2/2024 22:07,17.24
8/2/2024 22:17,17.33
8/2/2024 22:27,17.33
8/2/2024 22:37,17.33
8/2/2024 22:47,17.29
8/2/2024 22:57,17.29
8/2/2024 23:07,17.29
8/2/2024 23:17,17.2
8/2/2024 23:27,17.16
8/2/2024 23:37,17.24
8/2/2024 23:47,17.24
8/2/2024 23:57,17.07
8/3/2024 0:07,16.9
8/3/2024 0:17,16.69
8/3/2024 0:27,16.6
8/3/2024 0:37,16.51
8/3/2024 0:47,16.43
8/3/2024 0:57,16.39
8/3/2024 1:07,16.34
8/3/2024 1:17,16.34
8/3/2024 1:27,16.34
8/3/2024 1:37,16.34
8/3/2024 1:47,16.34
8/3/2024 1:57,16.3
8/3/2024 2:07,16.3
8/3/2024 2:17,16.26
8/3/2024 2:27,16.26
8/3/2024 2:37,16.21
8/3/2024 2:47,16.21
8/3/2024 2:57,16.17
8/3/2024 3:07,16.17
8/3/2024 3:17,16.17
8/3/2024 3:27,16.17
8/3/2024 3:37,16.17
8/3/2024 3:47,16.08
8/3/2024 3:57,15.96
8/3/2024 4:07,15.87
8/3/2024 4:17,15.66
8/3/2024 4:27,15.53
8/3/2024 4:37,15.36
8/3/2024 4:47,15.23
8/3/2024 4:57,15.23
8/3/2024 5:07,15.18
8/3/2024 5:17,15.01
8/3/2024 5:27,14.88
8/3/2024 5:37,14.84
8/3/2024 5:47,14.63
8/3/2024 5:57,14.54
8/3/2024 6:07,14.37
8/3/2024 6:17,14.24
8/3/2024 6:27,14.07
8/3/2024 6:37,13.98
8/3/2024 6:47,13.81
8/3/2024 6:57,13.68
8/3/2024 7:07,13.55
8/3/2024 7:17,13.38
8/3/2024 7:27,13.34
8/3/2024 7:37,13.21
8/3/2024 7:47,13.04
8/3/2024 7:57,12.91
8/3/2024 8:07,12.74
8/3/2024 8:17,12.7
8/3/2024 8:27,12.52
8/3/2024 8:37,12.44
8/3/2024 8:47,12.35
8/3/2024 8:57,12.27
8/3/2024 9:07,12.18
8/3/2024 9:17,12.14
8/3/2024 9:27,12.1
8/3/2024 9:37,11.97
8/3/2024 9:47,11.97
8/3/2024 9:57,11.92
8/3/2024 10:07,11.97
8/3/2024 10:17,11.92
8/3/2024 10:27,11.84
8/3/2024 10:37,11.84
8/3/2024 10:47,11.79
8/3/2024 10:57,11.79
8/3/2024 11:07,11.84
8/3/2024 11:17,11.75
8/3/2024 11:27,11.75
8/3/2024 11:37,11.71
8/3/2024 11:47,11.71
8/3/2024 11:57,11.71
8/3/2024 12:07,11.67
8/3/2024 12:17,11.62
8/3/2024 12:27,11.62
8/3/2024 12:37,11.58
8/3/2024 12:47,11.62
8/3/2024 12:57,11.58
8/3/2024 13:07,11.58
8/3/2024 13:17,11.58
8/3/2024 13:27,11.54
8/3/2024 13:37,11.54
8/3/2024 13:47,11.49
8/3/2024 13:57,11.54
8/3/2024 14:07,11.49
8/3/2024 14:17,11.49
8/3/2024 14:27,11.49
8/3/2024 14:37,11.49
8/3/2024 14:47,11.49
8/3/2024 14:57,11.45
8/3/2024 15:07,11.41
8/3/2024 15:17,11.45
8/3/2024 15:27,11.41
8/3/2024 15:37,11.41
8/3/2024 15:47,11.37
8/3/2024 15:57,11.37
8/3/2024 16:07,11.37
8/3/2024 16:17,11.37
8/3/2024 16:27,11.37
8/3/2024 16:37,11.32
8/3/2024 16:47,11.32
8/3/2024 16:57,11.32
8/3/2024 17:07,11.28
8/3/2024 17:17,11.28
8/3/2024 17:27,11.28
8/3/2024 17:37,11.24
8/3/2024 17:47,11.24
8/3/2024 17:57,11.24
8/3/2024 18:07,11.24
8/3/2024 18:17,11.28
8/3/2024 18:27,11.28
8/3/2024 18:37,11.19
8/3/2024 18:47,11.24
8/3/2024 18:57,11.19
8/3/2024 19:07,11.28
8/3/2024 19:17,11.24
8/3/2024 19:27,11.24
8/3/2024 19:37,11.24
8/3/2024 19:47,11.19
8/3/2024 19:57,11.19
8/3/2024 20:07,11.19
8/3/2024 20:17,11.19
8/3/2024 20:27,11.24
8/3/2024 20:37,11.24
8/3/2024 20:47,11.24
8/3/2024 20:57,11.24
8/3/2024 21:07,11.19
8/3/2024 21:17,11.19
8/3/2024 21:27,11.19
8/3/2024 21:37,11.15
8/3/2024 21:47,11.19
8/3/2024 21:57,11.19
8/3/2024 22:07,11.19
8/3/2024 22:17,11.15
8/3/2024 22:27,11.19
8/3/2024 22:37,11.19
8/3/2024 22:47,11.19
8/3/2024 22:57,11.19
8/3/2024 23:07,11.24
8/3/2024 23:17,11.19
8/3/2024 23:27,11.19
8/3/2024 23:37,11.19
8/3/2024 23:47,11.19
8/3/2024 23:57,11.19
8/4/2024 0:07,11.19
8/4/2024 0:17,11.24
8/4/2024 0:27,11.24
8/4/2024 0:37,11.19
8/4/2024 0:47,11.19
8/4/2024 0:57,11.19
8/4/2024 1:07,11.19
8/4/2024 1:17,11.19
8/4/2024 1:27,11.15
8/4/2024 1:37,11.11
8/4/2024 1:47,11.15
8/4/2024 1:57,11.15
8/4/2024 2:07,11.15
8/4/2024 2:17,11.11
8/4/2024 2:27,11.11
8/4/2024 2:37,11.11
8/4/2024 2:47,11.07
8/4/2024 2:57,11.11
8/4/2024 3:07,11.07
8/4/2024 3:17,11.07
8/4/2024 3:27,11.02
8/4/2024 3:37,11.02
8/4/2024 3:47,11.07
8/4/2024 3:57,10.98
8/4/2024 4:07,11.02
8/4/2024 4:17,11.02
8/4/2024 4:27,10.98
8/4/2024 4:37,10.94
8/4/2024 4:47,10.94
8/4/2024 4:57,10.89
8/4/2024 5:07,10.94
8/4/2024 5:17,10.85
8/4/2024 5:27,10.94
8/4/2024 5:37,10.89
8/4/2024 5:47,10.94
8/4/2024 5:57,10.89
8/4/2024 6:07,10.89
8/4/2024 6:17,10.81
8/4/2024 6:27,10.89
8/4/2024 6:37,10.89
8/4/2024 6:47,10.85
8/4/2024 6:57,10.89
8/4/2024 7:07,10.85
8/4/2024 7:17,10.89
8/4/2024 7:27,10.85
8/4/2024 7:37,10.89
8/4/2024 7:47,10.94
8/4/2024 7:57,10.94
8/4/2024 8:07,10.89
8/4/2024 8:17,10.94
8/4/2024 8:27,10.94
8/4/2024 8:37,10.94
8/4/2024 8:47,10.94
8/4/2024 8:57,10.98
8/4/2024 9:07,10.98
8/4/2024 9:17,10.98
8/4/2024 9:27,11.02
8/4/2024 9:37,11.02
8/4/2024 9:47,11.02
8/4/2024 9:57,11.02
8/4/2024 10:07,11.07
8/4/2024 10:17,11.02
8/4/2024 10:27,11.11
8/4/2024 10:37,11.11
8/4/2024 10:47,11.15
8/4/2024 10:57,11.11
8/4/2024 11:07,11.19
8/4/2024 11:17,11.19
8/4/2024 11:27,11.19
8/4/2024 11:37,11.19
8/4/2024 11:47,11.24
8/4/2024 11:57,11.28
8/4/2024 12:07,11.19
8/4/2024 12:17,11.24
8/4/2024 12:27,11.24
8/4/2024 12:37,11.28
8/4/2024 12:47,11.19
8/4/2024 12:57,11.24
8/4/2024 13:07,11.28
8/4/2024 13:17,11.24
8/4/2024 13:27,11.24
8/4/2024 13:37,11.24
8/4/2024 13:47,11.24
8/4/2024 13:57,11.24
8/4/2024 14:07,11.24
8/4/2024 14:17,11.19
8/4/2024 14:27,11.24
8/4/2024 14:37,11.24
8/4/2024 14:47,11.19
8/4/2024 14:57,11.24
8/4/2024 15:07,11.19
8/4/2024 15:17,11.19
8/4/2024 15:27,11.15
8/4/2024 15:37,11.15
8/4/2024 15:47,11.11
8/4/2024 15:57,11.11
8/4/2024 16:07,11.07
8/4/2024 16:17,11.07
8/4/2024 16:27,11.11
8/4/2024 16:37,11.07
8/4/2024 16:47,11.11
8/4/2024 16:57,11.02
8/4/2024 17:07,11.02
8/4/2024 17:17,10.98
8/4/2024 17:27,10.98
8/4/2024 17:37,10.98
8/4/2024 17:47,10.98
8/4/2024 17:57,10.94
8/4/2024 18:07,10.94
8/4/2024 18:17,10.89
8/4/2024 18:27,10.85
8/4/2024 18:37,10.85
8/4/2024 18:47,10.85
8/4/2024 18:57,10.81
8/4/2024 19:07,10.81
8/4/2024 19:17,10.81
8/4/2024 19:27,10.72
8/4/2024 19:37,10.72
8/4/2024 19:47,10.68
8/4/2024 19:57,10.77
8/4/2024 20:07,10.72
8/4/2024 20:17,10.68
8/4/2024 20:27,10.64
8/4/2024 20:37,10.68
8/4/2024 20:47,10.64
8/4/2024 20:57,10.68
8/4/2024 21:07,10.64
8/4/2024 21:17,10.59
8/4/2024 21:27,10.64
8/4/2024 21:37,10.64
8/4/2024 21:47,10.59
8/4/2024 21:57,10.59
8/4/2024 22:07,10.64
8/4/2024 22:17,10.59
8/4/2024 22:27,10.55
8/4/2024 22:37,10.55
8/4/2024 22:47,10.59
8/4/2024 22:57,10.59
8/4/2024 23:07,10.59
8/4/2024 23:17,10.55
8/4/2024 23:27,10.51
8/4/2024 23:37,10.51
8/4/2024 23:47,10.55
8/4/2024 23:57,10.55
8/5/2024 0:07,10.51
8/5/2024 0:17,10.46
8/5/2024 0:27,10.46
8/5/2024 0:37,10.46
8/5/2024 0:47,10.42
8/5/2024 0:57,10.51
8/5/2024 1:07,10.42
8/5/2024 1:17,10.46
8/5/2024 1:27,10.46
8/5/2024 1:37,10.42
8/5/2024 1:47,10.42
8/5/2024 1:57,10.38
8/5/2024 2:07,10.38
8/5/2024 2:17,10.42
8/5/2024 2:27,10.38
8/5/2024 2:37,10.38
8/5/2024 2:47,10.38
8/5/2024 2:57,10.38
8/5/2024 3:07,10.38
8/5/2024 3:17,10.42
8/5/2024 3:27,10.34
8/5/2024 3:37,10.38
8/5/2024 3:47,10.34
8/5/2024 3:57,10.38
8/5/2024 4:07,10.34
8/5/2024 4:17,10.38
8/5/2024 4:27,10.34
8/5/2024 4:37,10.42
8/5/2024 4:47,10.38
8/5/2024 4:57,10.42
8/5/2024 5:07,10.42
8/5/2024 5:17,10.38
8/5/2024 5:27,10.46
8/5/2024 5:37,10.51
8/5/2024 5:47,10.42
8/5/2024 5:57,10.38
8/5/2024 6:07,10.42
8/5/2024 6:17,10.38
8/5/2024 6:27,10.38
8/5/2024 6:37,10.38
8/5/2024 6:47,10.42
8/5/2024 6:57,10.38
8/5/2024 7:07,10.42
8/5/2024 7:17,10.42
8/5/2024 7:27,10.42
8/5/2024 7:37,10.42
8/5/2024 7:47,10.42
8/5/2024 7:57,10.51
8/5/2024 8:07,10.51
8/5/2024 8:17,10.46
8/5/2024 8:27,10.51
8/5/2024 8:37,10.55
8/5/2024 8:47,10.51
8/5/2024 8:57,10.55
8/5/2024 9:07,10.55
8/5/2024 9:17,10.64
8/5/2024 9:27,10.64
8/5/2024 9:37,10.68
8/5/2024 9:47,10.64
8/5/2024 9:57,10.68
8/5/2024 10:07,10.68
8/5/2024 10:17,10.68
8/5/2024 10:27,10.68
8/5/2024 10:37,10.72
8/5/2024 10:47,10.77
8/5/2024 10:57,10.81
8/5/2024 11:07,10.81
8/5/2024 11:17,10.85
8/5/2024 11:27,10.85
8/5/2024 11:37,10.85
8/5/2024 11:47,10.89
8/5/2024 11:57,10.89
8/5/2024 12:07,10.89
8/5/2024 12:17,10.94
8/5/2024 12:27,10.89
8/5/2024 12:37,10.94
8/5/2024 12:47,10.94
8/5/2024 12:57,10.94
8/5/2024 13:07,10.94
8/5/2024 13:17,10.94
8/5/2024 13:27,10.98
8/5/2024 13:37,11.02
8/5/2024 13:47,11.07
8/5/2024 13:57,11.07
8/5/2024 14:07,11.11
8/5/2024 14:17,11.11
8/5/2024 14:27,11.15
8/5/2024 14:37,11.15
8/5/2024 14:47,11.15
8/5/2024 14:57,11.15
8/5/2024 15:07,11.19
8/5/2024 15:17,11.19
8/5/2024 15:27,11.19
8/5/2024 15:37,11.19
8/5/2024 15:47,11.19
8/5/2024 15:57,11.19
8/5/2024 16:07,11.19
8/5/2024 16:17,11.19
8/5/2024 16:27,11.15
8/5/2024 16:37,11.19
8/5/2024 16:47,11.24
8/5/2024 16:57,11.19
8/5/2024 17:07,11.19
8/5/2024 17:17,11.19
8/5/2024 17:27,11.19
8/5/2024 17:37,11.19
8/5/2024 17:47,11.24
8/5/2024 17:57,11.19
8/5/2024 18:07,11.24
8/5/2024 18:17,11.19
8/5/2024 18:27,11.19
8/5/2024 18:37,11.19
8/5/2024 18:47,11.19
8/5/2024 18:57,11.15
8/5/2024 19:07,11.15
8/5/2024 19:17,11.19
8/5/2024 19:27,11.15
8/5/2024 19:37,11.15
8/5/2024 19:47,11.11
8/5/2024 19:57,11.11
8/5/2024 20:07,11.11
8/5/2024 20:17,11.11
8/5/2024 20:27,11.07
8/5/2024 20:37,10.98
8/5/2024 20:47,11.02
8/5/2024 20:57,10.98
8/5/2024 21:07,10.94
8/5/2024 21:17,10.94
8/5/2024 21:27,10.94
8/5/2024 21:37,10.89
8/5/2024 21:47,10.89
8/5/2024 21:57,10.85
8/5/2024 22:07,10.72
8/5/2024 22:17,10.81
8/5/2024 22:27,10.77
8/5/2024 22:37,10.81
8/5/2024 22:47,10.85
8/5/2024 22:57,10.81
8/5/2024 23:07,10.81
8/5/2024 23:17,10.81
8/5/2024 23:27,10.81
8/5/2024 23:37,10.81
8/5/2024 23:47,10.81
8/5/2024 23:57,10.81
8/6/2024 0:07,10.77
8/6/2024 0:17,10.77
8/6/2024 0:27,10.77
8/6/2024 0:37,10.77
8/6/2024 0:47,10.72
8/6/2024 0:57,10.68
8/6/2024 1:07,10.64
8/6/2024 1:17,10.64
8/6/2024 1:27,10.64
8/6/2024 1:37,10.59
8/6/2024 1:47,10.59
8/6/2024 1:57,10.55
8/6/2024 2:07,10.59
8/6/2024 2:17,10.59
8/6/2024 2:27,10.55
8/6/2024 2:37,10.51
8/6/2024 2:47,10.55
8/6/2024 2:57,10.51
8/6/2024 3:07,10.55
8/6/2024 3:17,10.46
8/6/2024 3:27,10.51
8/6/2024 3:37,10.55
8/6/2024 3:47,10.55
8/6/2024 3:57,10.51
8/6/2024 4:07,10.51
8/6/2024 4:17,10.51
8/6/2024 4:27,10.59
8/6/2024 4:37,10.51
8/6/2024 4:47,10.55
8/6/2024 4:57,10.51
8/6/2024 5:07,10.55
8/6/2024 5:17,10.51
8/6/2024 5:27,10.51
8/6/2024 5:37,10.51
8/6/2024 5:47,10.55
8/6/2024 5:57,10.55
8/6/2024 6:07,10.55
8/6/2024 6:17,10.55
8/6/2024 6:27,10.55
8/6/2024 6:37,10.59
8/6/2024 6:47,10.59
8/6/2024 6:57,10.64
8/6/2024 7:07,10.64
8/6/2024 7:17,10.59
8/6/2024 7:27,10.68
8/6/2024 7:37,10.68
8/6/2024 7:47,10.77
8/6/2024 7:57,10.72
8/6/2024 8:07,10.77
8/6/2024 8:17,10.85
8/6/2024 8:27,10.85
8/6/2024 8:37,10.94
8/6/2024 8:47,10.94
8/6/2024 8:57,10.98
8/6/2024 9:07,11.02
8/6/2024 9:17,11.07
8/6/2024 9:27,11.07
8/6/2024 9:37,11.19
8/6/2024 9:47,11.24
8/6/2024 9:57,11.28
8/6/2024 10:07,11.37
8/6/2024 10:17,11.45
8/6/2024 10:27,11.49
8/6/2024 10:37,11.54
8/6/2024 10:47,11.62
8/6/2024 10:57,11.71
8/6/2024 11:07,11.75
8/6/2024 11:17,11.92
8/6/2024 11:27,11.97
8/6/2024 11:37,12.05
8/6/2024 11:47,12.14
8/6/2024 11:57,12.27
8/6/2024 12:07,12.35
8/6/2024 12:17,12.4
8/6/2024 12:27,12.48
8/6/2024 12:37,12.48
8/6/2024 12:47,12.57
8/6/2024 12:57,12.65
8/6/2024 13:07,12.78
8/6/2024 13:17,12.87
8/6/2024 13:27,12.95
8/6/2024 13:37,13
8/6/2024 13:47,13.17
8/6/2024 13:57,13.25
8/6/2024 14:07,13.3
8/6/2024 14:17,13.34
8/6/2024 14:27,13.38
8/6/2024 14:37,13.43
8/6/2024 14:47,13.47
8/6/2024 14:57,13.51
8/6/2024 15:07,13.55
8/6/2024 15:17,13.6
8/6/2024 15:27,13.64
8/6/2024 15:37,13.68
8/6/2024 15:47,13.64
8/6/2024 15:57,13.68
8/6/2024 16:07,13.68
8/6/2024 16:17,13.68
8/6/2024 16:27,13.68
8/6/2024 16:37,13.6
8/6/2024 16:47,13.6
8/6/2024 16:57,13.55
8/6/2024 17:07,13.55
8/6/2024 17:17,13.51
8/6/2024 17:27,13.51
8/6/2024 17:37,13.43
8/6/2024 17:47,13.38
8/6/2024 17:57,13.34
8/6/2024 18:07,13.25
8/6/2024 18:17,13.21
8/6/2024 18:27,13.17
8/6/2024 18:37,13.12
8/6/2024 18:47,13.04
8/6/2024 18:57,13
8/6/2024 19:07,12.95
8/6/2024 19:17,12.82
8/6/2024 19:27,12.87
8/6/2024 19:37,12.78
8/6/2024 19:47,12.74
8/6/2024 19:57,12.65
8/6/2024 20:07,12.61
8/6/2024 20:17,12.52
8/6/2024 20:27,12.48
8/6/2024 20:37,12.48
8/6/2024 20:47,12.4
8/6/2024 20:57,12.4
8/6/2024 21:07,12.31
8/6/2024 21:17,12.27
8/6/2024 21:27,12.22
8/6/2024 21:37,12.18
8/6/2024 21:47,12.14
8/6/2024 21:57,12.14
8/6/2024 22:07,12.05
8/6/2024 22:17,12.05
8/6/2024 22:27,12.05
8/6/2024 22:37,12.01
8/6/2024 22:47,11.92
8/6/2024 22:57,11.92
8/6/2024 23:07,11.88
8/6/2024 23:17,11.88
8/6/2024 23:27,11.88
8/6/2024 23:37,11.84
8/6/2024 23:47,11.79
8/6/2024 23:57,11.79
8/7/2024 0:07,11.75
8/7/2024 0:17,11.75
8/7/2024 0:27,11.71
8/7/2024 0:37,11.71
8/7/2024 0:47,11.67
8/7/2024 0:57,11.67
8/7/2024 1:07,11.67
8/7/2024 1:17,11.67
8/7/2024 1:27,11.62
8/7/2024 1:37,11.58
8/7/2024 1:47,11.62
8/7/2024 1:57,11.54
8/7/2024 2:07,11.58
8/7/2024 2:17,11.49
8/7/2024 2:27,11.49
8/7/2024 2:37,11.45
8/7/2024 2:47,11.49
8/7/2024 2:57,11.45
8/7/2024 3:07,11.45
8/7/2024 3:17,11.45
8/7/2024 3:27,11.45
8/7/2024 3:37,11.37
8/7/2024 3:47,11.37
8/7/2024 3:57,11.37
8/7/2024 4:07,11.37
8/7/2024 4:17,11.32
8/7/2024 4:27,11.28
8/7/2024 4:37,11.37
8/7/2024 4:47,11.32
8/7/2024 4:57,11.32
8/7/2024 5:07,11.32
8/7/2024 5:17,11.24
8/7/2024 5:27,11.28
8/7/2024 5:37,11.28
8/7/2024 5:47,11.28
8/7/2024 5:57,11.24
8/7/2024 6:07,11.28
8/7/2024 6:17,11.24
8/7/2024 6:27,11.28
8/7/2024 6:37,11.28
8/7/2024 6:47,11.32
8/7/2024 6:57,11.32
8/7/2024 7:07,11.32
8/7/2024 7:17,11.37
8/7/2024 7:27,11.41
8/7/2024 7:37,11.45
8/7/2024 7:47,11.49
8/7/2024 7:57,11.58
8/7/2024 8:07,11.67
8/7/2024 8:17,11.75
8/7/2024 8:27,11.79
8/7/2024 8:37,11.88
8/7/2024 8:47,11.92
8/7/2024 8:57,12.05
8/7/2024 9:07,12.1
8/7/2024 9:17,12.18
8/7/2024 9:27,12.22
8/7/2024 9:37,12.27
8/7/2024 9:47,12.44
8/7/2024 9:57,12.48
8/7/2024 10:07,12.61
8/7/2024 10:17,12.74
8/7/2024 10:27,12.91
8/7/2024 10:37,13.04
8/7/2024 10:47,13.12
8/7/2024 10:57,13.25
8/7/2024 11:07,13.43
8/7/2024 11:17,13.47
8/7/2024 11:27,13.55
8/7/2024 11:37,13.73
8/7/2024 11:47,13.81
8/7/2024 11:57,13.9
8/7/2024 12:07,13.98
8/7/2024 12:17,14.03
8/7/2024 12:27,14.11
8/7/2024 12:37,14.24
8/7/2024 12:47,14.33
8/7/2024 12:57,14.41
8/7/2024 13:07,14.5
8/7/2024 13:17,14.5
8/7/2024 13:27,14.54
8/7/2024 13:37,14.5
8/7/2024 13:47,14.54
8/7/2024 13:57,14.58
8/7/2024 14:07,14.71
8/7/2024 14:17,14.75
8/7/2024 14:27,14.84
8/7/2024 14:37,14.84
8/7/2024 14:47,14.88
8/7/2024 14:57,14.88
8/7/2024 15:07,14.88
8/7/2024 15:17,14.88
8/7/2024 15:27,14.93
8/7/2024 15:37,14.97
8/7/2024 15:47,14.97
8/7/2024 15:57,14.97
8/7/2024 16:07,15.06
8/7/2024 16:17,15.01
8/7/2024 16:27,15.01
8/7/2024 16:37,15.06
8/7/2024 16:47,15.01
8/7/2024 16:57,14.93
8/7/2024 17:07,14.93
8/7/2024 17:17,14.88
8/7/2024 17:27,14.88
8/7/2024 17:37,14.84
8/7/2024 17:47,14.84
8/7/2024 17:57,14.75
8/7/2024 18:07,14.75
8/7/2024 18:17,14.71
8/7/2024 18:27,14.67
8/7/2024 18:37,14.63
8/7/2024 18:47,14.54
8/7/2024 18:57,14.5
8/7/2024 19:07,14.45
8/7/2024 19:17,14.37
8/7/2024 19:27,14.37
8/7/2024 19:37,14.28
8/7/2024 19:47,14.24
8/7/2024 19:57,14.2
8/7/2024 20:07,14.15
8/7/2024 20:17,14.11
8/7/2024 20:27,14.07
8/7/2024 20:37,13.98
8/7/2024 20:47,13.94
8/7/2024 20:57,13.94
8/7/2024 21:07,13.85
8/7/2024 21:17,13.85
8/7/2024 21:27,13.81
8/7/2024 21:37,13.68
8/7/2024 21:47,13.68
8/7/2024 21:57,13.64
8/7/2024 22:07,13.6
8/7/2024 22:17,13.55
8/7/2024 22:27,13.55
8/7/2024 22:37,13.47
8/7/2024 22:47,13.47
8/7/2024 22:57,13.43
8/7/2024 23:07,13.38
8/7/2024 23:17,13.34
8/7/2024 23:27,13.38
8/7/2024 23:37,13.3
8/7/2024 23:47,13.3
8/7/2024 23:57,13.21
8/8/2024 0:07,13.25
8/8/2024 0:17,13.21
8/8/2024 0:27,13.12
8/8/2024 0:37,13.12
8/8/2024 0:47,13.12
8/8/2024 0:57,13.12
8/8/2024 1:07,13.04
8/8/2024 1:17,13.08
8/8/2024 1:27,13.08
8/8/2024 1:37,13
8/8/2024 1:47,12.95
8/8/2024 1:57,12.95
8/8/2024 2:07,12.95
8/8/2024 2:17,13
8/8/2024 2:27,12.95
8/8/2024 2:37,12.95
8/8/2024 2:47,12.91
8/8/2024 2:57,12.91
8/8/2024 3:07,12.91
8/8/2024 3:17,12.87
8/8/2024 3:27,12.87
8/8/2024 3:37,12.87
8/8/2024 3:47,12.87
8/8/2024 3:57,12.82
8/8/2024 4:07,12.87
8/8/2024 4:17,12.82
8/8/2024 4:27,12.82
8/8/2024 4:37,12.82
8/8/2024 4:47,12.82
8/8/2024 4:57,12.87
8/8/2024 5:07,12.78
8/8/2024 5:17,12.82
8/8/2024 5:27,12.78
8/8/2024 5:37,12.82
8/8/2024 5:47,12.82
8/8/2024 5:57,12.82
8/8/2024 6:07,12.82
8/8/2024 6:17,12.82
8/8/2024 6:27,12.87
8/8/2024 6:37,12.91
8/8/2024 6:47,12.91
8/8/2024 6:57,12.91
8/8/2024 7:07,12.95
8/8/2024 7:17,12.95
8/8/2024 7:27,12.95
8/8/2024 7:37,13.04
8/8/2024 7:47,13
8/8/2024 7:57,13.04
8/8/2024 8:07,13.08
8/8/2024 8:17,13.12
8/8/2024 8:27,13.12
8/8/2024 8:37,13.21
8/8/2024 8:47,13.21
8/8/2024 8:57,13.25
8/8/2024 9:07,13.3
8/8/2024 9:17,13.34
8/8/2024 9:27,13.34
8/8/2024 9:37,13.43
8/8/2024 9:47,13.47
8/8/2024 9:57,13.55
8/8/2024 10:07,13.64
8/8/2024 10:17,13.73
8/8/2024 10:27,13.81
8/8/2024 10:37,13.85
8/8/2024 10:47,13.85
8/8/2024 10:57,13.98
8/8/2024 11:07,13.98
8/8/2024 11:17,14.07
8/8/2024 11:27,14.11
8/8/2024 11:37,14.15
8/8/2024 11:47,14.15
8/8/2024 11:57,14.24
8/8/2024 12:07,14.28
8/8/2024 12:17,14.24
8/8/2024 12:27,14.33
8/8/2024 12:37,14.37
8/8/2024 12:47,14.37
8/8/2024 12:57,14.41
8/8/2024 13:07,14.5
8/8/2024 13:17,14.5
8/8/2024 13:27,14.54
8/8/2024 13:37,14.54
8/8/2024 13:47,14.58
8/8/2024 13:57,14.63
8/8/2024 14:07,14.63
8/8/2024 14:17,14.67
8/8/2024 14:27,14.75
8/8/2024 14:37,14.8
8/8/2024 14:47,14.84
8/8/2024 14:57,14.88
8/8/2024 15:07,14.97
8/8/2024 15:17,15.06
8/8/2024 15:27,15.01
8/8/2024 15:37,15.1
8/8/2024 15:47,15.06
8/8/2024 15:57,15.14
8/8/2024 16:07,15.14
8/8/2024 16:17,15.14
8/8/2024 16:27,15.14
8/8/2024 16:37,15.14
8/8/2024 16:47,15.14
8/8/2024 16:57,15.14
8/8/2024 17:07,15.14
8/8/2024 17:17,15.14
8/8/2024 17:27,15.1
8/8/2024 17:37,15.1
8/8/2024 17:47,15.06
8/8/2024 17:57,15.06
8/8/2024 18:07,14.93
8/8/2024 18:17,14.97
8/8/2024 18:27,14.88
8/8/2024 18:37,14.88
8/8/2024 18:47,14.84
8/8/2024 18:57,14.84
8/8/2024 19:07,14.75
8/8/2024 19:17,14.75
8/8/2024 19:27,14.75
8/8/2024 19:37,14.71
8/8/2024 19:47,14.71
8/8/2024 19:57,14.67
8/8/2024 20:07,14.63
8/8/2024 20:17,14.58
8/8/2024 20:27,14.5
8/8/2024 20:37,14.54
8/8/2024 20:47,14.54
8/8/2024 20:57,14.5
8/8/2024 21:07,14.45
8/8/2024 21:17,14.45
8/8/2024 21:27,14.41
8/8/2024 21:37,14.41
8/8/2024 21:47,14.41
8/8/2024 21:57,14.41
8/8/2024 22:07,14.37
8/8/2024 22:17,14.33
8/8/2024 22:27,14.33
8/8/2024 22:37,14.28
8/8/2024 22:47,14.28
8/8/2024 22:57,14.28
8/8/2024 23:07,14.2
8/8/2024 23:17,14.28
8/8/2024 23:27,14.24
8/8/2024 23:37,14.2
8/8/2024 23:47,14.2
8/8/2024 23:57,14.2
8/9/2024 0:07,14.2
8/9/2024 0:17,14.15
8/9/2024 0:27,14.15
8/9/2024 0:37,14.2
8/9/2024 0:47,14.2
8/9/2024 0:57,14.15
8/9/2024 1:07,14.2
8/9/2024 1:17,14.2
8/9/2024 1:27,14.2
8/9/2024 1:37,14.15
8/9/2024 1:47,14.15
8/9/2024 1:57,14.15
8/9/2024 2:07,14.2
8/9/2024 2:17,14.2
8/9/2024 2:27,14.11
8/9/2024 2:37,14.15
8/9/2024 2:47,14.15
8/9/2024 2:57,14.15
8/9/2024 3:07,14.15
8/9/2024 3:17,14.11
8/9/2024 3:27,14.15
8/9/2024 3:37,14.11
8/9/2024 3:47,14.11
8/9/2024 3:57,14.11
8/9/2024 4:07,14.15
8/9/2024 4:17,14.15
8/9/2024 4:27,14.15
8/9/2024 4:37,14.15
8/9/2024 4:47,14.15
8/9/2024 4:57,14.15
8/9/2024 5:07,14.15
8/9/2024 5:17,14.15
8/9/2024 5:27,14.15
8/9/2024 5:37,14.15
8/9/2024 5:47,14.11
8/9/2024 5:57,14.11
8/9/2024 6:07,14.11
8/9/2024 6:17,14.11
8/9/2024 6:27,14.11
8/9/2024 6:37,14.11
8/9/2024 6:47,14.11
8/9/2024 6:57,14.11
8/9/2024 7:07,14.11
8/9/2024 7:17,14.15
8/9/2024 7:27,14.2
8/9/2024 7:37,14.11
8/9/2024 7:47,14.2
8/9/2024 7:57,14.2
8/9/2024 8:07,14.2
8/9/2024 8:17,14.24
8/9/2024 8:27,14.24
8/9/2024 8:37,14.28
8/9/2024 8:47,14.28
8/9/2024 8:57,14.33
8/9/2024 9:07,14.33
8/9/2024 9:17,14.33
8/9/2024 9:27,14.37
8/9/2024 9:37,14.41
8/9/2024 9:47,14.37
8/9/2024 9:57,14.5
8/9/2024 10:07,14.5
8/9/2024 10:17,14.5
8/9/2024 10:27,14.54
8/9/2024 10:37,14.54
8/9/2024 10:47,14.58
8/9/2024 10:57,14.63
8/9/2024 11:07,14.63
8/9/2024 11:17,14.67
8/9/2024 11:27,14.71
8/9/2024 11:37,14.71
8/9/2024 11:47,14.71
8/9/2024 11:57,14.84
8/9/2024 12:07,14.84
8/9/2024 12:17,14.97
8/9/2024 12:27,14.97
8/9/2024 12:37,15.1
8/9/2024 12:47,15.23
8/9/2024 12:57,15.31
8/9/2024 13:07,15.36
8/9/2024 13:17,15.4
8/9/2024 13:27,15.48
8/9/2024 13:37,15.48
8/9/2024 13:47,15.53
8/9/2024 13:57,15.48
8/9/2024 14:07,15.53
8/9/2024 14:17,15.61
8/9/2024 14:27,15.66
8/9/2024 14:37,15.61
8/9/2024 14:47,15.66
8/9/2024 14:57,15.7
8/9/2024 15:07,15.74
8/9/2024 15:17,15.7
8/9/2024 15:27,15.74
8/9/2024 15:37,15.74
8/9/2024 15:47,15.78
8/9/2024 15:57,15.78
8/9/2024 16:07,15.78
8/9/2024 16:17,15.83
8/9/2024 16:27,15.83
8/9/2024 16:37,15.87
8/9/2024 16:47,15.87
8/9/2024 16:57,15.87
8/9/2024 17:07,15.91
8/9/2024 17:17,15.87
8/9/2024 17:27,15.91
8/9/2024 17:37,15.91
8/9/2024 17:47,15.91
8/9/2024 17:57,15.83
8/9/2024 18:07,15.91
8/9/2024 18:17,15.87
8/9/2024 18:27,15.83
8/9/2024 18:37,15.83
8/9/2024 18:47,15.78
8/9/2024 18:57,15.74
8/9/2024 19:07,15.7
8/9/2024 19:17,15.66
8/9/2024 19:27,15.66
8/9/2024 19:37,15.61
8/9/2024 19:47,15.61
8/9/2024 19:57,15.57
8/9/2024 20:07,15.53
8/9/2024 20:17,15.48
8/9/2024 20:27,15.44
8/9/2024 20:37,15.4
8/9/2024 20:47,15.36
8/9/2024 20:57,15.27
8/9/2024 21:07,15.23
8/9/2024 21:17,15.23
8/9/2024 21:27,15.18
8/9/2024 21:37,15.14
8/9/2024 21:47,15.14
8/9/2024 21:57,15.06
8/9/2024 22:07,15.06
8/9/2024 22:17,15.01
8/9/2024 22:27,14.97
8/9/2024 22:37,14.93
8/9/2024 22:47,14.88
8/9/2024 22:57,14.88
8/9/2024 23:07,14.8
8/9/2024 23:17,14.84
8/9/2024 23:27,14.8
8/9/2024 23:37,14.71
8/9/2024 23:47,14.71
8/9/2024 23:57,14.67
8/10/2024 0:07,14.67
8/10/2024 0:17,14.63
8/10/2024 0:27,14.63
8/10/2024 0:37,14.58
8/10/2024 0:47,14.54
8/10/2024 0:57,14.54
8/10/2024 1:07,14.54
8/10/2024 1:17,14.54
8/10/2024 1:27,14.45
8/10/2024 1:37,14.45
8/10/2024 1:47,14.45
8/10/2024 1:57,14.41
8/10/2024 2:07,14.41
8/10/2024 2:17,14.41
8/10/2024 2:27,14.37
8/10/2024 2:37,14.37
8/10/2024 2:47,14.28
8/10/2024 2:57,14.28
8/10/2024 3:07,14.28
8/10/2024 3:17,14.2
8/10/2024 3:27,14.2
8/10/2024 3:37,14.2
8/10/2024 3:47,14.2
8/10/2024 3:57,14.15
8/10/2024 4:07,14.15
8/10/2024 4:17,14.15
8/10/2024 4:27,14.11
8/10/2024 4:37,14.07
8/10/2024 4:47,14.03
8/10/2024 4:57,14.07
8/10/2024 5:07,14.03
8/10/2024 5:17,14.03
8/10/2024 5:27,13.94
8/10/2024 5:37,13.98
8/10/2024 5:47,13.94
8/10/2024 5:57,13.94
8/10/2024 6:07,13.94
8/10/2024 6:17,13.9
8/10/2024 6:27,13.9
8/10/2024 6:37,13.85
8/10/2024 6:47,13.9
8/10/2024 6:57,13.85
8/10/2024 7:07,13.85
8/10/2024 7:17,13.85
8/10/2024 7:27,13.85
8/10/2024 7:37,13.85
8/10/2024 7:47,13.85
8/10/2024 7:57,13.85
8/10/2024 8:07,13.85
8/10/2024 8:17,13.81
8/10/2024 8:27,13.81
8/10/2024 8:37,13.9
8/10/2024 8:47,13.85
8/10/2024 8:57,13.85
8/10/2024 9:07,13.85
8/10/2024 9:17,13.85
8/10/2024 9:27,13.94
8/10/2024 9:37,13.9
8/10/2024 9:47,13.9
8/10/2024 9:57,13.94
8/10/2024 10:07,13.98
8/10/2024 10:17,13.98
8/10/2024 10:27,13.98
8/10/2024 10:37,13.98
8/10/2024 10:47,14.03
8/10/2024 10:57,14.03
8/10/2024 11:07,14.07
8/10/2024 11:17,14.11
8/10/2024 11:27,14.15
8/10/2024 11:37,14.15
8/10/2024 11:47,14.11
8/10/2024 11:57,14.2
8/10/2024 12:07,14.15
8/10/2024 12:17,14.2
8/10/2024 12:27,14.24
8/10/2024 12:37,14.2
8/10/2024 12:47,14.2
8/10/2024 12:57,14.24
8/10/2024 13:07,14.24
8/10/2024 13:17,14.24
8/10/2024 13:27,14.24
8/10/2024 13:37,14.24
8/10/2024 13:47,14.24
8/10/2024 13:57,14.28
8/10/2024 14:07,14.28
8/10/2024 14:17,14.28
8/10/2024 14:27,14.24
8/10/2024 14:37,14.28
8/10/2024 14:47,14.24
8/10/2024 14:57,14.24
8/10/2024 15:07,14.28
8/10/2024 15:17,14.28
8/10/2024 15:27,14.24
8/10/2024 15:37,14.2
8/10/2024 15:47,14.24
8/10/2024 15:57,14.2
8/10/2024 16:07,14.15
8/10/2024 16:17,14.15
8/10/2024 16:27,14.15
8/10/2024 16:37,14.15
8/10/2024 16:47,14.11
8/10/2024 16:57,14.15
8/10/2024 17:07,14.11
8/10/2024 17:17,14.07
8/10/2024 17:27,14.07
8/10/2024 17:37,14.07
8/10/2024 17:47,14.03
8/10/2024 17:57,13.98
8/10/2024 18:07,13.98
8/10/2024 18:17,13.9
8/10/2024 18:27,13.94
8/10/2024 18:37,13.85
8/10/2024 18:47,13.9
8/10/2024 18:57,13.85
8/10/2024 19:07,13.81
8/10/2024 19:17,13.81
8/10/2024 19:27,13.77
8/10/2024 19:37,13.73
8/10/2024 19:47,13.68
8/10/2024 19:57,13.73
8/10/2024 20:07,13.68
8/10/2024 20:17,13.68
8/10/2024 20:27,13.64
8/10/2024 20:37,13.6
8/10/2024 20:47,13.55
8/10/2024 20:57,13.6
8/10/2024 21:07,13.51
8/10/2024 21:17,13.51
8/10/2024 21:27,13.47
8/10/2024 21:37,13.43
8/10/2024 21:47,13.43
8/10/2024 21:57,13.43
8/10/2024 22:07,13.38
8/10/2024 22:17,13.38
8/10/2024 22:27,13.34
8/10/2024 22:37,13.34
8/10/2024 22:47,13.38
8/10/2024 22:57,13.34
8/10/2024 23:07,13.34
8/10/2024 23:17,13.3
8/10/2024 23:27,13.3
8/10/2024 23:37,13.25
8/10/2024 23:47,13.25
8/10/2024 23:57,13.21
8/11/2024 0:07,13.21
8/11/2024 0:17,13.21
8/11/2024 0:27,13.21
8/11/2024 0:37,13.17
8/11/2024 0:47,13.17
8/11/2024 0:57,13.12
8/11/2024 1:07,13.17
8/11/2024 1:17,13.17
8/11/2024 1:27,13.12
8/11/2024 1:37,13.12
8/11/2024 1:47,13.12
8/11/2024 1:57,13.08
8/11/2024 2:07,13.08
8/11/2024 2:17,13.08
8/11/2024 2:27,13.04
8/11/2024 2:37,13.04
8/11/2024 2:47,13.04
8/11/2024 2:57,13.04
8/11/2024 3:07,13
8/11/2024 3:17,13
8/11/2024 3:27,13
8/11/2024 3:37,13
8/11/2024 3:47,13
8/11/2024 3:57,13
8/11/2024 4:07,12.91
8/11/2024 4:17,12.95
8/11/2024 4:27,12.95
8/11/2024 4:37,12.91
8/11/2024 4:47,12.91
8/11/2024 4:57,12.87
8/11/2024 5:07,12.87
8/11/2024 5:17,12.87
8/11/2024 5:27,12.87
8/11/2024 5:37,12.91
8/11/2024 5:47,12.87
8/11/2024 5:57,12.91
8/11/2024 6:07,12.87
8/11/2024 6:17,12.91
8/11/2024 6:27,12.87
8/11/2024 6:37,12.87
8/11/2024 6:47,12.87
8/11/2024 6:57,12.82
8/11/2024 7:07,12.87
8/11/2024 7:17,12.82
8/11/2024 7:27,12.87
8/11/2024 7:37,12.87
8/11/2024 7:47,12.91
8/11/2024 7:57,12.95
8/11/2024 8:07,12.91
8/11/2024 8:17,12.91
8/11/2024 8:27,12.91
8/11/2024 8:37,12.95
8/11/2024 8:47,12.95
8/11/2024 8:57,13
8/11/2024 9:07,13
8/11/2024 9:17,13.04
8/11/2024 9:27,13.08
8/11/2024 9:37,13.12
8/11/2024 9:47,13.12
8/11/2024 9:57,13.12
8/11/2024 10:07,13.17
8/11/2024 10:17,13.21
8/11/2024 10:27,13.25
8/11/2024 10:37,13.3
8/11/2024 10:47,13.34
8/11/2024 10:57,13.34
8/11/2024 11:07,13.38
8/11/2024 11:17,13.43
8/11/2024 11:27,13.43
8/11/2024 11:37,13.51
8/11/2024 11:47,13.51
8/11/2024 11:57,13.6
8/11/2024 12:07,13.55
8/11/2024 12:17,13.55
8/11/2024 12:27,13.64
8/11/2024 12:37,13.68
8/11/2024 12:47,13.68
8/11/2024 12:57,13.77
8/11/2024 13:07,13.85
8/11/2024 13:17,13.81
8/11/2024 13:27,13.85
8/11/2024 13:37,13.9
8/11/2024 13:47,13.9
8/11/2024 13:57,13.94
8/11/2024 14:07,13.94
8/11/2024 14:17,13.98
8/11/2024 14:27,13.98
8/11/2024 14:37,13.98
8/11/2024 14:47,14.03
8/11/2024 14:57,14.03
8/11/2024 15:07,13.98
8/11/2024 15:17,14.03
8/11/2024 15:27,14.03
8/11/2024 15:37,14.03
8/11/2024 15:47,13.98
8/11/2024 15:57,14.03
8/11/2024 16:07,14.03
8/11/2024 16:17,14.03
8/11/2024 16:27,14.03
8/11/2024 16:37,13.98
8/11/2024 16:47,13.98
8/11/2024 16:57,13.98
8/11/2024 17:07,13.98
8/11/2024 17:17,13.98
8/11/2024 17:27,13.98
8/11/2024 17:37,13.94
8/11/2024 17:47,13.94
8/11/2024 17:57,13.94
8/11/2024 18:07,13.85
8/11/2024 18:17,13.85
8/11/2024 18:27,13.9
8/11/2024 18:37,13.85
8/11/2024 18:47,13.85
8/11/2024 18:57,13.81
8/11/2024 19:07,13.77
8/11/2024 19:17,13.77
8/11/2024 19:27,13.77
8/11/2024 19:37,13.73
8/11/2024 19:47,13.73
8/11/2024 19:57,13.73
8/11/2024 20:07,13.68
8/11/2024 20:17,13.68
8/11/2024 20:27,13.64
8/11/2024 20:37,13.68
8/11/2024 20:47,13.64
8/11/2024 20:57,13.64
8/11/2024 21:07,13.6
8/11/2024 21:17,13.64
8/11/2024 21:27,13.64
8/11/2024 21:37,13.55
8/11/2024 21:47,13.55
8/11/2024 21:57,13.55
8/11/2024 22:07,13.6
8/11/2024 22:17,13.55
8/11/2024 22:27,13.55
8/11/2024 22:37,13.6
8/11/2024 22:47,13.55
8/11/2024 22:57,13.55
8/11/2024 23:07,13.55
8/11/2024 23:17,13.51
8/11/2024 23:27,13.51
8/11/2024 23:37,13.51
8/11/2024 23:47,13.51
8/11/2024 23:57,13.47
8/12/2024 0:07,13.47
8/12/2024 0:17,13.47
8/12/2024 0:27,13.43
8/12/2024 0:37,13.47
8/12/2024 0:47,13.47
8/12/2024 0:57,13.47
8/12/2024 1:07,13.43
8/12/2024 1:17,13.47
8/12/2024 1:27,13.47
8/12/2024 1:37,13.43
8/12/2024 1:47,13.43
8/12/2024 1:57,13.43
8/12/2024 2:07,13.47
8/12/2024 2:17,13.38
8/12/2024 2:27,13.43
8/12/2024 2:37,13.43
8/12/2024 2:47,13.38
8/12/2024 2:57,13.38
8/12/2024 3:07,13.43
8/12/2024 3:17,13.38
8/12/2024 3:27,13.34
8/12/2024 3:37,13.34
8/12/2024 3:47,13.38
8/12/2024 3:57,13.34
8/12/2024 4:07,13.34
8/12/2024 4:17,13.34
8/12/2024 4:27,13.38
8/12/2024 4:37,13.34
8/12/2024 4:47,13.34
8/12/2024 4:57,13.34
8/12/2024 5:07,13.3
8/12/2024 5:17,13.34
8/12/2024 5:27,13.38
8/12/2024 5:37,13.34
8/12/2024 5:47,13.34
8/12/2024 5:57,13.3
8/12/2024 6:07,13.34
8/12/2024 6:17,13.34
8/12/2024 6:27,13.34
8/12/2024 6:37,13.34
8/12/2024 6:47,13.34
8/12/2024 6:57,13.34
8/12/2024 7:07,13.34
8/12/2024 7:17,13.38
8/12/2024 7:27,13.38
8/12/2024 7:37,13.43
8/12/2024 7:47,13.47
8/12/2024 7:57,13.43
8/12/2024 8:07,13.47
8/12/2024 8:17,13.47
8/12/2024 8:27,13.51
8/12/2024 8:37,13.51
8/12/2024 8:47,13.55
8/12/2024 8:57,13.6
8/12/2024 9:07,13.64
8/12/2024 9:17,13.68
8/12/2024 9:27,13.73
8/12/2024 9:37,13.81
8/12/2024 9:47,13.77
8/12/2024 9:57,13.85
8/12/2024 10:07,13.9
8/12/2024 10:17,13.98
8/12/2024 10:27,13.94
8/12/2024 10:37,14.03
8/12/2024 10:47,14.11
8/12/2024 10:57,14.11
8/12/2024 11:07,14.15
8/12/2024 11:17,14.2
8/12/2024 11:27,14.28
8/12/2024 11:37,14.33
8/12/2024 11:47,14.37
8/12/2024 11:57,14.45
8/12/2024 12:07,14.5
8/12/2024 12:17,14.58
8/12/2024 12:27,14.54
8/12/2024 12:37,14.63
8/12/2024 12:47,14.71
8/12/2024 12:57,14.75
8/12/2024 13:07,14.8
8/12/2024 13:17,14.84
8/12/2024 13:27,14.93
8/12/2024 13:37,15.01
8/12/2024 13:47,15.1
8/12/2024 13:57,15.14
8/12/2024 14:07,15.23
8/12/2024 14:17,15.27
8/12/2024 14:27,15.31
8/12/2024 14:37,15.4
8/12/2024 14:47,15.44
8/12/2024 14:57,15.48
8/12/2024 15:07,15.48
8/12/2024 15:17,15.48
8/12/2024 15:27,15.61
8/12/2024 15:37,15.57
8/12/2024 15:47,15.57
8/12/2024 15:57,15.57
8/12/2024 16:07,15.57
8/12/2024 16:17,15.53
8/12/2024 16:27,15.57
8/12/2024 16:37,15.57
8/12/2024 16:47,15.53
8/12/2024 16:57,15.48
8/12/2024 17:07,15.48
8/12/2024 17:17,15.44
8/12/2024 17:27,15.4
8/12/2024 17:37,15.44
8/12/2024 17:47,15.44
8/12/2024 17:57,15.36
8/12/2024 18:07,15.36
8/12/2024 18:17,15.36
8/12/2024 18:27,15.31
8/12/2024 18:37,15.27
8/12/2024 18:47,15.27
8/12/2024 18:57,15.23
8/12/2024 19:07,15.23
8/12/2024 19:17,15.18
8/12/2024 19:27,15.14
8/12/2024 19:37,15.14
8/12/2024 19:47,15.1
8/12/2024 19:57,15.06
8/12/2024 20:07,15.01
8/12/2024 20:17,15.01
8/12/2024 20:27,14.97
8/12/2024 20:37,14.97
8/12/2024 20:47,14.93
8/12/2024 20:57,14.88
8/12/2024 21:07,14.84
8/12/2024 21:17,14.84
8/12/2024 21:27,14.84
8/12/2024 21:37,14.75
8/12/2024 21:47,14.71
8/12/2024 21:57,14.71
8/12/2024 22:07,14.67
8/12/2024 22:17,14.63
8/12/2024 22:27,14.58
8/12/2024 22:37,14.58
8/12/2024 22:47,14.58
8/12/2024 22:57,14.5
8/12/2024 23:07,14.5
8/12/2024 23:17,14.45
8/12/2024 23:27,14.41
8/12/2024 23:37,14.41
8/12/2024 23:47,14.37
8/12/2024 23:57,14.37
8/13/2024 0:07,14.33
8/13/2024 0:17,14.33
8/13/2024 0:27,14.24
8/13/2024 0:37,14.24
8/13/2024 0:47,14.24
8/13/2024 0:57,14.2
8/13/2024 1:07,14.15
8/13/2024 1:17,14.15
8/13/2024 1:27,14.07
8/13/2024 1:37,14.07
8/13/2024 1:47,14.07
8/13/2024 1:57,14.07
8/13/2024 2:07,13.98
8/13/2024 2:17,14.03
8/13/2024 2:27,13.94
8/13/2024 2:37,13.94
8/13/2024 2:47,13.94
8/13/2024 2:57,13.9
8/13/2024 3:07,13.9
8/13/2024 3:17,13.85
8/13/2024 3:27,13.9
8/13/2024 3:37,13.81
8/13/2024 3:47,13.81
8/13/2024 3:57,13.81
8/13/2024 4:07,13.77
8/13/2024 4:17,13.77
8/13/2024 4:27,13.73
8/13/2024 4:37,13.68
8/13/2024 4:47,13.73
8/13/2024 4:57,13.68
8/13/2024 5:07,13.68
8/13/2024 5:17,13.64
8/13/2024 5:27,13.68
8/13/2024 5:37,13.64
8/13/2024 5:47,13.64
8/13/2024 5:57,13.6
8/13/2024 6:07,13.6
8/13/2024 6:17,13.64
8/13/2024 6:27,13.64
8/13/2024 6:37,13.64
8/13/2024 6:47,13.64
8/13/2024 6:57,13.64
8/13/2024 7:07,13.68
8/13/2024 7:17,13.64
8/13/2024 7:27,13.64
8/13/2024 7:37,13.68
8/13/2024 7:47,13.73
8/13/2024 7:57,13.73
8/13/2024 8:07,13.77
8/13/2024 8:17,13.77
8/13/2024 8:27,13.81
8/13/2024 8:37,13.81
8/13/2024 8:47,13.85
8/13/2024 8:57,13.85
8/13/2024 9:07,13.9
8/13/2024 9:17,13.9
8/13/2024 9:27,13.9
8/13/2024 9:37,13.98
8/13/2024 9:47,13.98
8/13/2024 9:57,13.98
8/13/2024 10:07,14.03
8/13/2024 10:17,14.03
8/13/2024 10:27,14.03
8/13/2024 10:37,14.11
8/13/2024 10:47,14.11
8/13/2024 10:57,14.2
8/13/2024 11:07,14.24
8/13/2024 11:17,14.24
8/13/2024 11:27,14.33
8/13/2024 11:37,14.37
8/13/2024 11:47,14.45
8/13/2024 11:57,14.5
8/13/2024 12:07,14.54
8/13/2024 12:17,14.58
8/13/2024 12:27,14.67
8/13/2024 12:37,14.75
8/13/2024 12:47,14.8
8/13/2024 12:57,14.8
8/13/2024 13:07,14.8
8/13/2024 13:17,14.84
8/13/2024 13:27,14.88
8/13/2024 13:37,14.88
8/13/2024 13:47,14.88
8/13/2024 13:57,14.88
8/13/2024 14:07,14.93
8/13/2024 14:17,14.97
8/13/2024 14:27,14.88
8/13/2024 14:37,14.97
8/13/2024 14:47,14.97
8/13/2024 14:57,14.97
8/13/2024 15:07,15.01
8/13/2024 15:17,15.06
8/13/2024 15:27,15.1
8/13/2024 15:37,15.06
8/13/2024 15:47,15.01
8/13/2024 15:57,15.06
8/13/2024 16:07,15.06
8/13/2024 16:17,15.06
8/13/2024 16:27,15.1
8/13/2024 16:37,15.06
8/13/2024 16:47,15.06
8/13/2024 16:57,15.06
8/13/2024 17:07,15.06
8/13/2024 17:17,15.01
8/13/2024 17:27,15.06
8/13/2024 17:37,15.06
8/13/2024 17:47,15.06
8/13/2024 17:57,15.06
8/13/2024 18:07,15.06
8/13/2024 18:17,15.01
8/13/2024 18:27,14.97
8/13/2024 18:37,15.01
8/13/2024 18:47,14.97
8/13/2024 18:57,14.97
8/13/2024 19:07,14.97
8/13/2024 19:17,14.93
8/13/2024 19:27,14.97
8/13/2024 19:37,14.93
8/13/2024 19:47,14.88
8/13/2024 19:57,14.93
8/13/2024 20:07,14.88
8/13/2024 20:17,14.88
8/13/2024 20:27,14.84
8/13/2024 20:37,14.84
8/13/2024 20:47,14.8
8/13/2024 20:57,14.8
8/13/2024 21:07,14.75
8/13/2024 21:17,14.71
8/13/2024 21:27,14.71
8/13/2024 21:37,14.71
8/13/2024 21:47,14.67
8/13/2024 21:57,14.63
8/13/2024 22:07,14.67
8/13/2024 22:17,14.67
8/13/2024 22:27,14.58
8/13/2024 22:37,14.63
8/13/2024 22:47,14.63
8/13/2024 22:57,14.63
8/13/2024 23:07,14.58
8/13/2024 23:17,14.54
8/13/2024 23:27,14.58
8/13/2024 23:37,14.54
8/13/2024 23:47,14.5
8/13/2024 23:57,14.54
8/14/2024 0:07,14.5
8/14/2024 0:17,14.45
8/14/2024 0:27,14.45
8/14/2024 0:37,14.45
8/14/2024 0:47,14.41
8/14/2024 0:57,14.45
8/14/2024 1:07,14.45
8/14/2024 1:17,14.37
8/14/2024 1:27,14.37
8/14/2024 1:37,14.33
8/14/2024 1:47,14.33
8/14/2024 1:57,14.33
8/14/2024 2:07,14.33
8/14/2024 2:17,14.37
8/14/2024 2:27,14.33
8/14/2024 2:37,14.28
8/14/2024 2:47,14.28
8/14/2024 2:57,14.28
8/14/2024 3:07,14.24
8/14/2024 3:17,14.24
8/14/2024 3:27,14.2
8/14/2024 3:37,14.2
8/14/2024 3:47,14.2
8/14/2024 3:57,14.15
8/14/2024 4:07,14.15
8/14/2024 4:17,14.2
8/14/2024 4:27,14.15
8/14/2024 4:37,14.24
8/14/2024 4:47,14.15
8/14/2024 4:57,14.15
8/14/2024 5:07,14.11
8/14/2024 5:17,14.07
8/14/2024 5:27,14.07
8/14/2024 5:37,14.07
8/14/2024 5:47,14.11
8/14/2024 5:57,14.11
8/14/2024 6:07,14.07
8/14/2024 6:17,14.07
8/14/2024 6:27,14.11
8/14/2024 6:37,14.07
8/14/2024 6:47,14.07
8/14/2024 6:57,14.07
8/14/2024 7:07,14.07
8/14/2024 7:17,14.03
8/14/2024 7:27,14.03
8/14/2024 7:37,14.03
8/14/2024 7:47,14.07
8/14/2024 7:57,14.07
8/14/2024 8:07,14.03
8/14/2024 8:17,14.03
8/14/2024 8:27,14.03
8/14/2024 8:37,14.03
8/14/2024 8:47,14.07
8/14/2024 8:57,14.07
8/14/2024 9:07,14.07
8/14/2024 9:17,14.07
8/14/2024 9:27,14.15
8/14/2024 9:37,14.11
8/14/2024 9:47,14.15
8/14/2024 9:57,14.2
8/14/2024 10:07,14.2
8/14/2024 10:17,14.2
8/14/2024 10:27,14.2
8/14/2024 10:37,14.24
8/14/2024 10:47,14.24
8/14/2024 10:57,14.28
8/14/2024 11:07,14.28
8/14/2024 11:17,14.33
8/14/2024 11:27,14.33
8/14/2024 11:37,14.33
8/14/2024 11:47,14.33
8/14/2024 11:57,14.37
8/14/2024 12:07,14.41
8/14/2024 12:17,14.37
8/14/2024 12:27,14.41
8/14/2024 12:37,14.45
8/14/2024 12:47,14.45
8/14/2024 12:57,14.41
8/14/2024 13:07,14.41
8/14/2024 13:17,14.45
8/14/2024 13:27,14.5
8/14/2024 13:37,14.5
8/14/2024 13:47,14.54
8/14/2024 13:57,14.54
8/14/2024 14:07,14.58
8/14/2024 14:17,14.58
8/14/2024 14:27,14.63
8/14/2024 14:37,14.63
8/14/2024 14:47,14.63
8/14/2024 14:57,14.63
8/14/2024 15:07,14.67
8/14/2024 15:17,14.63
8/14/2024 15:27,14.67
8/14/2024 15:37,14.67
8/14/2024 15:47,14.67
8/14/2024 15:57,14.67
8/14/2024 16:07,14.67
8/14/2024 16:17,14.67
8/14/2024 16:27,14.58
8/14/2024 16:37,14.63
8/14/2024 16:47,14.63
8/14/2024 16:57,14.63
8/14/2024 17:07,14.58
8/14/2024 17:17,14.58
8/14/2024 17:27,14.58
8/14/2024 17:37,14.54
8/14/2024 17:47,14.54
8/14/2024 17:57,14.5
8/14/2024 18:07,14.45
8/14/2024 18:17,14.5
8/14/2024 18:27,14.45
8/14/2024 18:37,14.37
8/14/2024 18:47,14.37
8/14/2024 18:57,14.37
8/14/2024 19:07,14.37
8/14/2024 19:17,14.33
8/14/2024 19:27,14.33
8/14/2024 19:37,14.33
8/14/2024 19:47,14.28
8/14/2024 19:57,14.24
8/14/2024 20:07,14.28
8/14/2024 20:17,14.28
8/14/2024 20:27,14.2
8/14/2024 20:37,14.24
8/14/2024 20:47,14.24
8/14/2024 20:57,14.15
8/14/2024 21:07,14.2
8/14/2024 21:17,14.11
8/14/2024 21:27,14.11
8/14/2024 21:37,14.11
8/14/2024 21:47,14.11
8/14/2024 21:57,14.07
8/14/2024 22:07,14.07
8/14/2024 22:17,14.03
8/14/2024 22:27,14.03
8/14/2024 22:37,13.98
8/14/2024 22:47,14.03
8/14/2024 22:57,14.03
8/14/2024 23:07,13.98
8/14/2024 23:17,13.98
8/14/2024 23:27,13.94
8/14/2024 23:37,13.94
8/14/2024 23:47,13.98
8/14/2024 23:57,13.94
8/15/2024 0:07,13.94
8/15/2024 0:17,13.94
8/15/2024 0:27,13.9
8/15/2024 0:37,13.85
8/15/2024 0:47,13.94
8/15/2024 0:57,13.9
8/15/2024 1:07,13.85
8/15/2024 1:17,13.85
8/15/2024 1:27,13.81
8/15/2024 1:37,13.81
8/15/2024 1:47,13.81
8/15/2024 1:57,13.77
8/15/2024 2:07,13.77
8/15/2024 2:17,13.77
8/15/2024 2:27,13.77
8/15/2024 2:37,13.77
8/15/2024 2:47,13.73
8/15/2024 2:57,13.77
8/15/2024 3:07,13.77
8/15/2024 3:17,13.68
8/15/2024 3:27,13.68
8/15/2024 3:37,13.68
8/15/2024 3:47,13.68
8/15/2024 3:57,13.73
8/15/2024 4:07,13.68
8/15/2024 4:17,13.64
8/15/2024 4:27,13.64
8/15/2024 4:37,13.55
8/15/2024 4:47,13.6
8/15/2024 4:57,13.6
8/15/2024 5:07,13.6
8/15/2024 5:17,13.6
8/15/2024 5:27,13.55
8/15/2024 5:37,13.6
8/15/2024 5:47,13.55
8/15/2024 5:57,13.47
8/15/2024 6:07,13.51
8/15/2024 6:17,13.55
8/15/2024 6:27,13.51
8/15/2024 6:37,13.55
8/15/2024 6:47,13.55
8/15/2024 6:57,13.55
8/15/2024 7:07,13.6
8/15/2024 7:17,13.6
8/15/2024 7:27,13.6
8/15/2024 7:37,13.64
8/15/2024 7:47,13.64
8/15/2024 7:57,13.68
8/15/2024 8:07,13.68
8/15/2024 8:17,13.73
8/15/2024 8:27,13.77
8/15/2024 8:37,13.81
8/15/2024 8:47,13.9
8/15/2024 8:57,13.9
8/15/2024 9:07,13.94
8/15/2024 9:17,14.07
8/15/2024 9:27,14.07
8/15/2024 9:37,14.15
8/15/2024 9:47,14.2
8/15/2024 9:57,14.28
8/15/2024 10:07,14.33
8/15/2024 10:17,14.37
8/15/2024 10:27,14.5
8/15/2024 10:37,14.45
8/15/2024 10:47,14.58
8/15/2024 10:57,14.63
8/15/2024 11:07,14.71
8/15/2024 11:17,14.84
8/15/2024 11:27,15.01
8/15/2024 11:37,15.01
8/15/2024 11:47,15.18
8/15/2024 11:57,15.36
8/15/2024 12:07,15.48
8/15/2024 12:17,15.61
8/15/2024 12:27,15.74
8/15/2024 12:37,15.83
8/15/2024 12:47,15.96
8/15/2024 12:57,16.04
8/15/2024 13:07,16.13
8/15/2024 13:17,16.21
8/15/2024 13:27,16.26
8/15/2024 13:37,16.3
8/15/2024 13:47,16.3
8/15/2024 13:57,16.43
8/15/2024 14:07,16.47
8/15/2024 14:17,16.51
8/15/2024 14:27,16.56
8/15/2024 14:37,16.64
8/15/2024 14:47,16.64
8/15/2024 14:57,16.69
8/15/2024 15:07,16.73
8/15/2024 15:17,16.73
8/15/2024 15:27,16.77
8/15/2024 15:37,16.77
8/15/2024 15:47,16.77
8/15/2024 15:57,16.73
8/15/2024 16:07,16.77
8/15/2024 16:17,16.77
8/15/2024 16:27,16.77
8/15/2024 16:37,16.69
8/15/2024 16:47,16.69
8/15/2024 16:57,16.73
8/15/2024 17:07,16.69
8/15/2024 17:17,16.6
8/15/2024 17:27,16.6
8/15/2024 17:37,16.56
8/15/2024 17:47,16.56
8/15/2024 17:57,16.47
8/15/2024 18:07,16.43
8/15/2024 18:17,16.39
8/15/2024 18:27,16.3
8/15/2024 18:37,16.26
8/15/2024 18:47,16.26
8/15/2024 18:57,16.17
8/15/2024 19:07,16.13
8/15/2024 19:17,16.08
8/15/2024 19:27,16
8/15/2024 19:37,16
8/15/2024 19:47,15.96
8/15/2024 19:57,15.91
8/15/2024 20:07,15.83
8/15/2024 20:17,15.83
8/15/2024 20:27,15.74
8/15/2024 20:37,15.7
8/15/2024 20:47,15.66
8/15/2024 20:57,15.57
8/15/2024 21:07,15.53
8/15/2024 21:17,15.53
8/15/2024 21:27,15.44
8/15/2024 21:37,15.4
8/15/2024 21:47,15.31
8/15/2024 21:57,15.23
8/15/2024 22:07,15.18
8/15/2024 22:17,15.14
8/15/2024 22:27,15.06
8/15/2024 22:37,15.01
8/15/2024 22:47,15.06
8/15/2024 22:57,14.97
8/15/2024 23:07,14.88
8/15/2024 23:17,14.88
8/15/2024 23:27,14.8
8/15/2024 23:37,14.75
8/15/2024 23:47,14.71
8/15/2024 23:57,14.71
8/16/2024 0:07,14.67
8/16/2024 0:17,14.63
8/16/2024 0:27,14.54
8/16/2024 0:37,14.54
8/16/2024 0:47,14.5
8/16/2024 0:57,14.41
8/16/2024 1:07,14.37
8/16/2024 1:17,14.33
8/16/2024 1:27,14.37
8/16/2024 1:37,14.33
8/16/2024 1:47,14.28
8/16/2024 1:57,14.24
8/16/2024 2:07,14.2
8/16/2024 2:17,14.2
8/16/2024 2:27,14.11
8/16/2024 2:37,14.2
8/16/2024 2:47,14.15
8/16/2024 2:57,14.15
8/16/2024 3:07,14.15
8/16/2024 3:17,14.11
8/16/2024 3:27,14.11
8/16/2024 3:37,14.11
8/16/2024 3:47,14.07
8/16/2024 3:57,14.07
8/16/2024 4:07,14.07
8/16/2024 4:17,14.07
8/16/2024 4:27,14.07
8/16/2024 4:37,14.07
8/16/2024 4:47,13.98
8/16/2024 4:57,14.03
8/16/2024 5:07,13.98
8/16/2024 5:17,14.03
8/16/2024 5:27,13.98
8/16/2024 5:37,13.94
8/16/2024 5:47,13.98
8/16/2024 5:57,13.94
8/16/2024 6:07,13.98
8/16/2024 6:17,13.94
8/16/2024 6:27,13.94
8/16/2024 6:37,13.94
8/16/2024 6:47,13.98
8/16/2024 6:57,13.94
8/16/2024 7:07,13.94
8/16/2024 7:17,13.94
8/16/2024 7:27,13.98
8/16/2024 7:37,13.98
8/16/2024 7:47,14.03
8/16/2024 7:57,14.03
8/16/2024 8:07,14.07
8/16/2024 8:17,14.03
8/16/2024 8:27,14.07
8/16/2024 8:37,14.07
8/16/2024 8:47,14.11
8/16/2024 8:57,14.11
8/16/2024 9:07,14.15
8/16/2024 9:17,14.15
8/16/2024 9:27,14.2
8/16/2024 9:37,14.2
8/16/2024 9:47,14.28
8/16/2024 9:57,14.28
8/16/2024 10:07,14.28
8/16/2024 10:17,14.28
8/16/2024 10:27,14.37
8/16/2024 10:37,14.41
8/16/2024 10:47,14.41
8/16/2024 10:57,14.45
8/16/2024 11:07,14.45
8/16/2024 11:17,14.45
8/16/2024 11:27,14.54
8/16/2024 11:37,14.54
8/16/2024 11:47,14.54
8/16/2024 11:57,14.58
8/16/2024 12:07,14.54
8/16/2024 12:17,14.58
8/16/2024 12:27,14.63
8/16/2024 12:37,14.63
8/16/2024 12:47,14.67
8/16/2024 12:57,14.71
8/16/2024 13:07,14.63
8/16/2024 13:17,14.71
8/16/2024 13:27,14.67
8/16/2024 13:37,14.75
8/16/2024 13:47,14.75
8/16/2024 13:57,14.75
8/16/2024 14:07,14.75
8/16/2024 14:17,14.8
8/16/2024 14:27,14.75
8/16/2024 14:37,14.8
8/16/2024 14:47,14.8
8/16/2024 14:57,14.84
8/16/2024 15:07,14.84
8/16/2024 15:17,14.84
8/16/2024 15:27,14.84
8/16/2024 15:37,14.84
8/16/2024 15:47,14.8
8/16/2024 15:57,14.8
8/16/2024 16:07,14.84
8/16/2024 16:17,14.84
8/16/2024 16:27,14.8
8/16/2024 16:37,14.84
8/16/2024 16:47,14.8
8/16/2024 16:57,14.75
8/16/2024 17:07,14.8
8/16/2024 17:17,14.75
8/16/2024 17:27,14.75
8/16/2024 17:37,14.67
8/16/2024 17:47,14.75
8/16/2024 17:57,14.67
8/16/2024 18:07,14.67
8/16/2024 18:17,14.67
8/16/2024 18:27,14.63
8/16/2024 18:37,14.63
8/16/2024 18:47,14.54
8/16/2024 18:57,14.63
8/16/2024 19:07,14.54
8/16/2024 19:17,14.5
8/16/2024 19:27,14.5
8/16/2024 19:37,14.5
8/16/2024 19:47,14.54
8/16/2024 19:57,14.45
8/16/2024 20:07,14.5
8/16/2024 20:17,14.41
8/16/2024 20:27,14.45
8/16/2024 20:37,14.41
8/16/2024 20:47,14.41
8/16/2024 20:57,14.37
8/16/2024 21:07,14.41
8/16/2024 21:17,14.33
8/16/2024 21:27,14.37
8/16/2024 21:37,14.33
8/16/2024 21:47,14.33
8/16/2024 21:57,14.33
8/16/2024 22:07,14.28
8/16/2024 22:17,14.28
8/16/2024 22:27,14.24
8/16/2024 22:37,14.28
8/16/2024 22:47,14.2
8/16/2024 22:57,14.24
8/16/2024 23:07,14.2
8/16/2024 23:17,14.2
8/16/2024 23:27,14.2
8/16/2024 23:37,14.2
8/16/2024 23:47,14.2
8/16/2024 23:57,14.15
8/17/2024 0:07,14.11
8/17/2024 0:17,14.15
8/17/2024 0:27,14.15
8/17/2024 0:37,14.11
8/17/2024 0:47,14.07
8/17/2024 0:57,14.07
8/17/2024 1:07,14.07
8/17/2024 1:17,14.07
8/17/2024 1:27,14.07
8/17/2024 1:37,14.07
8/17/2024 1:47,14.03
8/17/2024 1:57,14.07
8/17/2024 2:07,13.98
8/17/2024 2:17,14.03
8/17/2024 2:27,13.98
8/17/2024 2:37,13.98
8/17/2024 2:47,14.03
8/17/2024 2:57,13.94
8/17/2024 3:07,13.94
8/17/2024 3:17,13.94
8/17/2024 3:27,13.94
8/17/2024 3:37,13.94
8/17/2024 3:47,13.94
8/17/2024 3:57,13.9
8/17/2024 4:07,13.85
8/17/2024 4:17,13.85
8/17/2024 4:27,13.85
8/17/2024 4:37,13.81
8/17/2024 4:47,13.81
8/17/2024 4:57,13.81
8/17/2024 5:07,13.81
8/17/2024 5:17,13.81
8/17/2024 5:27,13.81
8/17/2024 5:37,13.77
8/17/2024 5:47,13.81
8/17/2024 5:57,13.81
8/17/2024 6:07,13.77
8/17/2024 6:17,13.77
8/17/2024 6:27,13.81
8/17/2024 6:37,13.77
8/17/2024 6:47,13.77
8/17/2024 6:57,13.77
8/17/2024 7:07,13.85
8/17/2024 7:17,13.81
8/17/2024 7:27,13.77
8/17/2024 7:37,13.73
8/17/2024 7:47,13.85
8/17/2024 7:57,13.81
8/17/2024 8:07,13.81
8/17/2024 8:17,13.85
8/17/2024 8:27,13.81
8/17/2024 8:37,13.85
8/17/2024 8:47,13.9
8/17/2024 8:57,13.94
8/17/2024 9:07,13.9
8/17/2024 9:17,13.94
8/17/2024 9:27,14.03
8/17/2024 9:37,14.07
8/17/2024 9:47,14.07
8/17/2024 9:57,14.07
8/17/2024 10:07,14.11
8/17/2024 10:17,14.11
8/17/2024 10:27,14.15
8/17/2024 10:37,14.15
8/17/2024 10:47,14.15
8/17/2024 10:57,14.15
8/17/2024 11:07,14.2
8/17/2024 11:17,14.24
8/17/2024 11:27,14.2
8/17/2024 11:37,14.28
8/17/2024 11:47,14.28
8/17/2024 11:57,14.28
8/17/2024 12:07,14.28
8/17/2024 12:17,14.33
8/17/2024 12:27,14.33
8/17/2024 12:37,14.37
8/17/2024 12:47,14.41
8/17/2024 12:57,14.41
8/17/2024 13:07,14.41
8/17/2024 13:17,14.41
8/17/2024 13:27,14.41
8/17/2024 13:37,14.45
8/17/2024 13:47,14.45
8/17/2024 13:57,14.45
8/17/2024 14:07,14.5
8/17/2024 14:17,14.5
8/17/2024 14:27,14.45
8/17/2024 14:37,14.5
8/17/2024 14:47,14.54
8/17/2024 14:57,14.5
8/17/2024 15:07,14.45
8/17/2024 15:17,14.5
8/17/2024 15:27,14.54
8/17/2024 15:37,14.5
8/17/2024 15:47,14.5
8/17/2024 15:57,14.5
8/17/2024 16:07,14.45
8/17/2024 16:17,14.5
8/17/2024 16:27,14.5
8/17/2024 16:37,14.45
8/17/2024 16:47,14.45
8/17/2024 16:57,14.45
8/17/2024 17:07,14.41
8/17/2024 17:17,14.41
8/17/2024 17:27,14.41
8/17/2024 17:37,14.45
8/17/2024 17:47,14.41
8/17/2024 17:57,14.41
8/17/2024 18:07,14.37
8/17/2024 18:17,14.41
8/17/2024 18:27,14.33
8/17/2024 18:37,14.33
8/17/2024 18:47,14.33
8/17/2024 18:57,14.33
8/17/2024 19:07,14.28
8/17/2024 19:17,14.28
8/17/2024 19:27,14.28
8/17/2024 19:37,14.28
8/17/2024 19:47,14.28
8/17/2024 19:57,14.2
8/17/2024 20:07,14.24
8/17/2024 20:17,14.24
8/17/2024 20:27,14.2
8/17/2024 20:37,14.15
8/17/2024 20:47,14.11
8/17/2024 20:57,14.2
8/17/2024 21:07,14.11
8/17/2024 21:17,14.11
8/17/2024 21:27,14.11
8/17/2024 21:37,14.07
8/17/2024 21:47,14.11
8/17/2024 21:57,14.07
8/17/2024 22:07,14.03
8/17/2024 22:17,14.03
8/17/2024 22:27,14.03
8/17/2024 22:37,13.98
8/17/2024 22:47,13.98
8/17/2024 22:57,13.98
8/17/2024 23:07,14.03
8/17/2024 23:17,13.98
8/17/2024 23:27,13.98
8/17/2024 23:37,13.94
8/17/2024 23:47,13.94
8/17/2024 23:57,13.94
8/18/2024 0:07,13.9
8/18/2024 0:17,13.94
8/18/2024 0:27,13.85
8/18/2024 0:37,13.85
8/18/2024 0:47,13.81
8/18/2024 0:57,13.85
8/18/2024 1:07,13.85
8/18/2024 1:17,13.81
8/18/2024 1:27,13.85
8/18/2024 1:37,13.81
8/18/2024 1:47,13.81
8/18/2024 1:57,13.77
8/18/2024 2:07,13.77
8/18/2024 2:17,13.77
8/18/2024 2:27,13.77
8/18/2024 2:37,13.77
8/18/2024 2:47,13.77
8/18/2024 2:57,13.77
8/18/2024 3:07,13.73
8/18/2024 3:17,13.68
8/18/2024 3:27,13.73
8/18/2024 3:37,13.73
8/18/2024 3:47,13.68
8/18/2024 3:57,13.68
8/18/2024 4:07,13.64
8/18/2024 4:17,13.68
8/18/2024 4:27,13.64
8/18/2024 4:37,13.64
8/18/2024 4:47,13.68
8/18/2024 4:57,13.6
8/18/2024 5:07,13.64
8/18/2024 5:17,13.64
8/18/2024 5:27,13.68
8/18/2024 5:37,13.6
8/18/2024 5:47,13.6
8/18/2024 5:57,13.6
8/18/2024 6:07,13.6
8/18/2024 6:17,13.6
8/18/2024 6:27,13.6
8/18/2024 6:37,13.55
8/18/2024 6:47,13.55
8/18/2024 6:57,13.55
8/18/2024 7:07,13.55
8/18/2024 7:17,13.51
8/18/2024 7:27,13.55
8/18/2024 7:37,13.55
8/18/2024 7:47,13.6
8/18/2024 7:57,13.6
8/18/2024 8:07,13.55
8/18/2024 8:17,13.55
8/18/2024 8:27,13.55
8/18/2024 8:37,13.64
8/18/2024 8:47,13.64
8/18/2024 8:57,13.64
8/18/2024 9:07,13.68
8/18/2024 9:17,13.68
8/18/2024 9:27,13.77
8/18/2024 9:37,13.81
8/18/2024 9:47,13.81
8/18/2024 9:57,13.85
8/18/2024 10:07,13.85
8/18/2024 10:17,13.94
8/18/2024 10:27,13.98
8/18/2024 10:37,13.94
8/18/2024 10:47,14.07
8/18/2024 10:57,14.15
8/18/2024 11:07,14.2
8/18/2024 11:17,14.24
8/18/2024 11:27,14.28
8/18/2024 11:37,14.33
8/18/2024 11:47,14.37
8/18/2024 11:57,14.37
8/18/2024 12:07,14.37
8/18/2024 12:17,14.41
8/18/2024 12:27,14.54
8/18/2024 12:37,14.54
8/18/2024 12:47,14.63
8/18/2024 12:57,14.75
8/18/2024 13:07,14.8
8/18/2024 13:17,14.88
8/18/2024 13:27,14.97
8/18/2024 13:37,15.06
8/18/2024 13:47,15.1
8/18/2024 13:57,15.18
8/18/2024 14:07,15.18
8/18/2024 14:17,15.23
8/18/2024 14:27,15.31
8/18/2024 14:37,15.36
8/18/2024 14:47,15.4
8/18/2024 14:57,15.4
8/18/2024 15:07,15.44
8/18/2024 15:17,15.44
8/18/2024 15:27,15.53
8/18/2024 15:37,15.53
8/18/2024 15:47,15.53
8/18/2024 15:57,15.53
8/18/2024 16:07,15.48
8/18/2024 16:17,15.53
8/18/2024 16:27,15.53
8/18/2024 16:37,15.53
8/18/2024 16:47,15.48
8/18/2024 16:57,15.57
8/18/2024 17:07,15.53
8/18/2024 17:17,15.48
8/18/2024 17:27,15.48
8/18/2024 17:37,15.44
8/18/2024 17:47,15.4
8/18/2024 17:57,15.36
8/18/2024 18:07,15.4
8/18/2024 18:17,15.31
8/18/2024 18:27,15.36
8/18/2024 18:37,15.27
8/18/2024 18:47,15.27
8/18/2024 18:57,15.18
8/18/2024 19:07,15.14
8/18/2024 19:17,15.18
8/18/2024 19:27,15.1
8/18/2024 19:37,15.1
8/18/2024 19:47,15.06
8/18/2024 19:57,15.06
8/18/2024 20:07,15.01
8/18/2024 20:17,14.97
8/18/2024 20:27,14.93
8/18/2024 20:37,14.88
8/18/2024 20:47,14.84
8/18/2024 20:57,14.75
8/18/2024 21:07,14.71
8/18/2024 21:17,14.67
8/18/2024 21:27,14.63
8/18/2024 21:37,14.58
8/18/2024 21:47,14.54
8/18/2024 21:57,14.58
8/18/2024 22:07,14.45
8/18/2024 22:17,14.45
8/18/2024 22:27,14.37
8/18/2024 22:37,14.37
8/18/2024 22:47,14.33
8/18/2024 22:57,14.28
8/18/2024 23:07,14.28
8/18/2024 23:17,14.24
8/18/2024 23:27,14.15
8/18/2024 23:37,14.24
8/18/2024 23:47,14.15
8/18/2024 23:57,14.15
8/19/2024 0:07,14.11
8/19/2024 0:17,14.07
8/19/2024 0:27,14.07
8/19/2024 0:37,14.03
8/19/2024 0:47,14.07
8/19/2024 0:57,14.07
8/19/2024 1:07,13.98
8/19/2024 1:17,13.98
8/19/2024 1:27,13.98
8/19/2024 1:37,13.94
8/19/2024 1:47,13.94
8/19/2024 1:57,13.94
8/19/2024 2:07,13.94
8/19/2024 2:17,13.9
8/19/2024 2:27,13.9
8/19/2024 2:37,13.85
8/19/2024 2:47,13.85
8/19/2024 2:57,13.85
8/19/2024 3:07,13.77
8/19/2024 3:17,13.85
8/19/2024 3:27,13.81
8/19/2024 3:37,13.77
8/19/2024 3:47,13.77
8/19/2024 3:57,13.81
8/19/2024 4:07,13.81
8/19/2024 4:17,13.77
8/19/2024 4:27,13.77
8/19/2024 4:37,13.81
8/19/2024 4:47,13.81
8/19/2024 4:57,13.81
8/19/2024 5:07,13.81
8/19/2024 5:17,13.77
8/19/2024 5:27,13.77
8/19/2024 5:37,13.77
8/19/2024 5:47,13.81
8/19/2024 5:57,13.85
8/19/2024 6:07,13.85
8/19/2024 6:17,13.85
8/19/2024 6:27,13.9
8/19/2024 6:37,13.9
8/19/2024 6:47,13.94
8/19/2024 6:57,13.94
8/19/2024 7:07,13.98
8/19/2024 7:17,14.03
8/19/2024 7:27,14.03
8/19/2024 7:37,14.07
8/19/2024 7:47,14.07
8/19/2024 7:57,14.11
8/19/2024 8:07,14.11
8/19/2024 8:17,14.2
8/19/2024 8:27,14.2
8/19/2024 8:37,14.24
8/19/2024 8:47,14.28
8/19/2024 8:57,14.33
8/19/2024 9:07,14.37
8/19/2024 9:17,14.41
8/19/2024 9:27,14.37
8/19/2024 9:37,14.41
8/19/2024 9:47,14.45
8/19/2024 9:57,14.45
8/19/2024 10:07,14.54
8/19/2024 10:17,14.54
8/19/2024 10:27,14.58
8/19/2024 10:37,14.58
8/19/2024 10:47,14.67
8/19/2024 10:57,14.67
8/19/2024 11:07,14.63
8/19/2024 11:17,14.67
8/19/2024 11:27,14.71
8/19/2024 11:37,14.67
8/19/2024 11:47,14.67
8/19/2024 11:57,14.63
8/19/2024 12:07,14.63
8/19/2024 12:17,14.58
8/19/2024 12:27,14.63
8/19/2024 12:37,14.67
8/19/2024 12:47,14.58
8/19/2024 12:57,14.63
8/19/2024 13:07,14.63
8/19/2024 13:17,14.58
8/19/2024 13:27,14.54
8/19/2024 13:37,14.58
8/19/2024 13:47,14.58
8/19/2024 13:57,14.5
8/19/2024 14:07,14.58
8/19/2024 14:17,14.5
8/19/2024 14:27,14.58
8/19/2024 14:37,14.54
8/19/2024 14:47,14.5
8/19/2024 14:57,14.5
8/19/2024 15:07,14.5
8/19/2024 15:17,14.45
8/19/2024 15:27,14.5
8/19/2024 15:37,14.45
8/19/2024 15:47,14.5
8/19/2024 15:57,14.45
8/19/2024 16:07,14.45
8/19/2024 16:17,14.41
8/19/2024 16:27,14.41
8/19/2024 16:37,14.45
8/19/2024 16:47,14.41
8/19/2024 16:57,14.41
8/19/2024 17:07,14.37
8/19/2024 17:17,14.33
8/19/2024 17:27,14.33
8/19/2024 17:37,14.33
8/19/2024 17:47,14.33
8/19/2024 17:57,14.24
8/19/2024 18:07,14.28
8/19/2024 18:17,14.24
8/19/2024 18:27,14.2
8/19/2024 18:37,14.2
8/19/2024 18:47,14.2
8/19/2024 18:57,14.11
8/19/2024 19:07,14.15
8/19/2024 19:17,14.11
8/19/2024 19:27,14.07
8/19/2024 19:37,14.11
8/19/2024 19:47,14.07
8/19/2024 19:57,14.03
8/19/2024 20:07,14.03
8/19/2024 20:17,13.98
8/19/2024 20:27,13.94
8/19/2024 20:37,13.98
8/19/2024 20:47,13.9
8/19/2024 20:57,13.9
8/19/2024 21:07,13.9
8/19/2024 21:17,13.85
8/19/2024 21:27,13.9
8/19/2024 21:37,13.81
8/19/2024 21:47,13.81
8/19/2024 21:57,13.81
8/19/2024 22:07,13.77
8/19/2024 22:17,13.77
8/19/2024 22:27,13.77
8/19/2024 22:37,13.73
8/19/2024 22:47,13.68
8/19/2024 22:57,13.68
8/19/2024 23:07,13.73
8/19/2024 23:17,13.64
8/19/2024 23:27,13.64
8/19/2024 23:37,13.64
8/19/2024 23:47,13.6
8/19/2024 23:57,13.6
8/20/2024 0:07,13.55
8/20/2024 0:17,13.55
8/20/2024 0:27,13.55
8/20/2024 0:37,13.55
8/20/2024 0:47,13.51
8/20/2024 0:57,13.51
8/20/2024 1:07,13.47
8/20/2024 1:17,13.47
8/20/2024 1:27,13.47
8/20/2024 1:37,13.38
8/20/2024 1:47,13.38
8/20/2024 1:57,13.43
8/20/2024 2:07,13.34
8/20/2024 2:17,13.3
8/20/2024 2:27,13.3
8/20/2024 2:37,13.25
8/20/2024 2:47,13.3
8/20/2024 2:57,13.21
8/20/2024 3:07,13.21
8/20/2024 3:17,13.12
8/20/2024 3:27,13.12
8/20/2024 3:37,13.17
8/20/2024 3:47,13.08
8/20/2024 3:57,13
8/20/2024 4:07,13.04
8/20/2024 4:17,13
8/20/2024 4:27,12.91
8/20/2024 4:37,12.95
8/20/2024 4:47,12.91
8/20/2024 4:57,12.87
8/20/2024 5:07,12.82
8/20/2024 5:17,12.82
8/20/2024 5:27,12.7
8/20/2024 5:37,12.74
8/20/2024 5:47,12.74
8/20/2024 5:57,12.65
8/20/2024 6:07,12.61
8/20/2024 6:17,12.61
8/20/2024 6:27,12.61
8/20/2024 6:37,12.57
8/20/2024 6:47,12.61
8/20/2024 6:57,12.57
8/20/2024 7:07,12.57
8/20/2024 7:17,12.61
8/20/2024 7:27,12.61
8/20/2024 7:37,12.61
8/20/2024 7:47,12.61
8/20/2024 7:57,12.7
8/20/2024 8:07,12.7
8/20/2024 8:17,12.78
8/20/2024 8:27,12.78
8/20/2024 8:37,12.82
8/20/2024 8:47,12.95
8/20/2024 8:57,13
8/20/2024 9:07,13
8/20/2024 9:17,13.08
8/20/2024 9:27,13.12
8/20/2024 9:37,13.17
8/20/2024 9:47,13.25
8/20/2024 9:57,13.38
8/20/2024 10:07,13.43
8/20/2024 10:17,13.55
8/20/2024 10:27,13.64
8/20/2024 10:37,13.77
8/20/2024 10:47,13.85
8/20/2024 10:57,13.94
8/20/2024 11:07,14.07
8/20/2024 11:17,14.2
8/20/2024 11:27,14.37
8/20/2024 11:37,14.45
8/20/2024 11:47,14.63
8/20/2024 11:57,14.75
8/20/2024 12:07,14.88
8/20/2024 12:17,15.01
8/20/2024 12:27,15.1
8/20/2024 12:37,15.23
8/20/2024 12:47,15.31
8/20/2024 12:57,15.4
8/20/2024 13:07,15.44
8/20/2024 13:17,15.57
8/20/2024 13:27,15.61
8/20/2024 13:37,15.57
8/20/2024 13:47,15.61
8/20/2024 13:57,15.7
8/20/2024 14:07,15.7
8/20/2024 14:17,15.78
8/20/2024 14:27,15.74
8/20/2024 14:37,15.83
8/20/2024 14:47,15.83
8/20/2024 14:57,15.87
8/20/2024 15:07,15.87
8/20/2024 15:17,15.87
8/20/2024 15:27,15.91
8/20/2024 15:37,15.87
8/20/2024 15:47,15.91
8/20/2024 15:57,15.87
8/20/2024 16:07,15.87
8/20/2024 16:17,15.87
8/20/2024 16:27,15.83
8/20/2024 16:37,15.78
8/20/2024 16:47,15.78
8/20/2024 16:57,15.74
8/20/2024 17:07,15.66
8/20/2024 17:17,15.66
8/20/2024 17:27,15.57
8/20/2024 17:37,15.57
8/20/2024 17:47,15.53
8/20/2024 17:57,15.48
8/20/2024 18:07,15.44
8/20/2024 18:17,15.36
8/20/2024 18:27,15.31
8/20/2024 18:37,15.23
8/20/2024 18:47,15.18
8/20/2024 18:57,15.1
8/20/2024 19:07,15.01
8/20/2024 19:17,14.97
8/20/2024 19:27,14.88
8/20/2024 19:37,14.84
8/20/2024 19:47,14.71
8/20/2024 19:57,14.67
8/20/2024 20:07,14.58
8/20/2024 20:17,14.5
8/20/2024 20:27,14.41
8/20/2024 20:37,14.37
8/20/2024 20:47,14.24
8/20/2024 20:57,14.2
8/20/2024 21:07,14.11
8/20/2024 21:17,14.07
8/20/2024 21:27,13.94
8/20/2024 21:37,13.85
8/20/2024 21:47,13.77
8/20/2024 21:57,13.68
8/20/2024 22:07,13.68
8/20/2024 22:17,13.51
8/20/2024 22:27,13.43
8/20/2024 22:37,13.43
8/20/2024 22:47,13.38
8/20/2024 22:57,13.3
8/20/2024 23:07,13.21
8/20/2024 23:17,13.12
8/20/2024 23:27,13.04
8/20/2024 23:37,13
8/20/2024 23:47,12.95
8/20/2024 23:57,12.91
8/21/2024 0:07,12.78
8/21/2024 0:17,12.74
8/21/2024 0:27,12.65
8/21/2024 0:37,12.57
8/21/2024 0:47,12.48
8/21/2024 0:57,12.48
8/21/2024 1:07,12.4
8/21/2024 1:17,12.31
8/21/2024 1:27,12.31
8/21/2024 1:37,12.18
8/21/2024 1:47,12.14
8/21/2024 1:57,12.1
8/21/2024 2:07,12.01
8/21/2024 2:17,11.97
8/21/2024 2:27,11.97
8/21/2024 2:37,11.88
8/21/2024 2:47,11.79
8/21/2024 2:57,11.79
8/21/2024 3:07,11.75
8/21/2024 3:17,11.67
8/21/2024 3:27,11.62
8/21/2024 3:37,11.58
8/21/2024 3:47,11.49
8/21/2024 3:57,11.45
8/21/2024 4:07,11.41
8/21/2024 4:17,11.37
8/21/2024 4:27,11.37
8/21/2024 4:37,11.32
8/21/2024 4:47,11.24
8/21/2024 4:57,11.19
8/21/2024 5:07,11.19
8/21/2024 5:17,11.15
8/21/2024 5:27,11.11
8/21/2024 5:37,11.07
8/21/2024 5:47,11.02
8/21/2024 5:57,11.02
8/21/2024 6:07,11.02
8/21/2024 6:17,10.98
8/21/2024 6:27,11.02
8/21/2024 6:37,10.94
8/21/2024 6:47,10.98
8/21/2024 6:57,10.94
8/21/2024 7:07,11.02
8/21/2024 7:17,11.02
8/21/2024 7:27,11.07
8/21/2024 7:37,11.11
8/21/2024 7:47,11.11
8/21/2024 7:57,11.15
8/21/2024 8:07,11.24
8/21/2024 8:17,11.32
8/21/2024 8:27,11.37
8/21/2024 8:37,11.37
8/21/2024 8:47,11.49
8/21/2024 8:57,11.58
8/21/2024 9:07,11.62
8/21/2024 9:17,11.75
8/21/2024 9:27,11.79
8/21/2024 9:37,11.92
8/21/2024 9:47,12.05
8/21/2024 9:57,12.14
8/21/2024 10:07,12.27
8/21/2024 10:17,12.4
8/21/2024 10:27,12.44
8/21/2024 10:37,12.61
8/21/2024 10:47,12.7
8/21/2024 10:57,12.87
8/21/2024 11:07,13.04
8/21/2024 11:17,13.17
8/21/2024 11:27,13.3
8/21/2024 11:37,13.38
8/21/2024 11:47,13.55
8/21/2024 11:57,13.68
8/21/2024 12:07,13.81
8/21/2024 12:17,13.94
8/21/2024 12:27,14.11
8/21/2024 12:37,14.15
8/21/2024 12:47,14.33
8/21/2024 12:57,14.45
8/21/2024 13:07,14.58
8/21/2024 13:17,14.58
8/21/2024 13:27,14.63
8/21/2024 13:37,14.75
8/21/2024 13:47,14.8
8/21/2024 13:57,14.88
8/21/2024 14:07,14.88
8/21/2024 14:17,14.93
8/21/2024 14:27,14.97
8/21/2024 14:37,15.1
8/21/2024 14:47,15.14
8/21/2024 14:57,15.14
8/21/2024 15:07,15.23
8/21/2024 15:17,15.23
8/21/2024 15:27,15.27
8/21/2024 15:37,15.31
8/21/2024 15:47,15.31
8/21/2024 15:57,15.31
8/21/2024 16:07,15.36
8/21/2024 16:17,15.36
8/21/2024 16:27,15.31
8/21/2024 16:37,15.31
8/21/2024 16:47,15.31
8/21/2024 16:57,15.36
8/21/2024 17:07,15.27
8/21/2024 17:17,15.27
8/21/2024 17:27,15.23
8/21/2024 17:37,15.18
8/21/2024 17:47,15.14
8/21/2024 17:57,15.14
8/21/2024 18:07,15.1
8/21/2024 18:17,15.06
8/21/2024 18:27,14.97
8/21/2024 18:37,14.93
8/21/2024 18:47,14.88
8/21/2024 18:57,14.84
8/21/2024 19:07,14.75
8/21/2024 19:17,14.75
8/21/2024 19:27,14.71
8/21/2024 19:37,14.58
8/21/2024 19:47,14.54
8/21/2024 19:57,14.5
8/21/2024 20:07,14.45
8/21/2024 20:17,14.41
8/21/2024 20:27,14.28
8/21/2024 20:37,14.33
8/21/2024 20:47,14.2
8/21/2024 20:57,14.11
8/21/2024 21:07,14.07
8/21/2024 21:17,13.98
8/21/2024 21:27,13.94
8/21/2024 21:37,13.85
8/21/2024 21:47,13.77
8/21/2024 21:57,13.73
8/21/2024 22:07,13.68
8/21/2024 22:17,13.6
8/21/2024 22:27,13.51
8/21/2024 22:37,13.47
8/21/2024 22:47,13.43
8/21/2024 22:57,13.38
8/21/2024 23:07,13.3
8/21/2024 23:17,13.3
8/21/2024 23:27,13.21
8/21/2024 23:37,13.17
8/21/2024 23:47,13.12
8/21/2024 23:57,13.08
8/22/2024 0:07,13
8/22/2024 0:17,13
8/22/2024 0:27,13
8/22/2024 0:37,13
8/22/2024 0:47,12.95
8/22/2024 0:57,12.91
8/22/2024 1:07,12.91
8/22/2024 1:17,12.91
8/22/2024 1:27,12.87
8/22/2024 1:37,12.87
8/22/2024 1:47,12.87
8/22/2024 1:57,12.87
8/22/2024 2:07,12.87
8/22/2024 2:17,12.91
8/22/2024 2:27,12.87
8/22/2024 2:37,12.91
8/22/2024 2:47,12.95
8/22/2024 2:57,13
8/22/2024 3:07,13
8/22/2024 3:17,13
8/22/2024 3:27,12.95
8/22/2024 3:37,13.04
8/22/2024 3:47,13.08
8/22/2024 3:57,13.12
8/22/2024 4:07,13.12
8/22/2024 4:17,13.21
8/22/2024 4:27,13.21
8/22/2024 4:37,13.21
8/22/2024 4:47,13.21
8/22/2024 4:57,13.3
8/22/2024 5:07,13.25
8/22/2024 5:17,13.3
8/22/2024 5:27,13.38
8/22/2024 5:37,13.43
8/22/2024 5:47,13.43
8/22/2024 5:57,13.43
8/22/2024 6:07,13.47
8/22/2024 6:17,13.51
8/22/2024 6:27,13.51
8/22/2024 6:37,13.51
8/22/2024 6:47,13.55
8/22/2024 6:57,13.6
8/22/2024 7:07,13.64
8/22/2024 7:17,13.6
8/22/2024 7:27,13.68
8/22/2024 7:37,13.73
8/22/2024 7:47,13.77
8/22/2024 7:57,13.85
8/22/2024 8:07,13.85
8/22/2024 8:17,13.9
8/22/2024 8:27,13.94
8/22/2024 8:37,14.07
8/22/2024 8:47,14.07
8/22/2024 8:57,14.15
8/22/2024 9:07,14.15
8/22/2024 9:17,14.2
8/22/2024 9:27,14.28
8/22/2024 9:37,14.41
8/22/2024 9:47,14.45
8/22/2024 9:57,14.54
8/22/2024 10:07,14.63
8/22/2024 10:17,14.67
8/22/2024 10:27,14.75
8/22/2024 10:37,14.84
8/22/2024 10:47,15.01
8/22/2024 10:57,15.1
8/22/2024 11:07,15.18
8/22/2024 11:17,15.23
8/22/2024 11:27,15.31
8/22/2024 11:37,15.36
8/22/2024 11:47,15.4
8/22/2024 11:57,15.48
8/22/2024 12:07,15.53
8/22/2024 12:17,15.57
8/22/2024 12:27,15.57
8/22/2024 12:37,15.61
8/22/2024 12:47,15.66
8/22/2024 12:57,15.7
8/22/2024 13:07,15.74
8/22/2024 13:17,15.78
8/22/2024 13:27,15.78
8/22/2024 13:37,15.87
8/22/2024 13:47,15.87
8/22/2024 13:57,15.87
8/22/2024 14:07,15.91
8/22/2024 14:17,15.87
8/22/2024 14:27,15.91
8/22/2024 14:37,15.91
8/22/2024 14:47,15.96
8/22/2024 14:57,15.96
8/22/2024 15:07,15.91
8/22/2024 15:17,15.91
8/22/2024 15:27,15.91
8/22/2024 15:37,15.91
8/22/2024 15:47,15.87
8/22/2024 15:57,15.91
8/22/2024 16:07,15.91
8/22/2024 16:17,15.91
8/22/2024 16:27,15.87
8/22/2024 16:37,15.83
8/22/2024 16:47,15.87
8/22/2024 16:57,15.83
8/22/2024 17:07,15.78
8/22/2024 17:17,15.74
8/22/2024 17:27,15.78
8/22/2024 17:37,15.74
8/22/2024 17:47,15.74
8/22/2024 17:57,15.7
8/22/2024 18:07,15.66
8/22/2024 18:17,15.66
8/22/2024 18:27,15.66
8/22/2024 18:37,15.66
8/22/2024 18:47,15.57
8/22/2024 18:57,15.53
8/22/2024 19:07,15.53
8/22/2024 19:17,15.53
8/22/2024 19:27,15.48
8/22/2024 19:37,15.48
8/22/2024 19:47,15.4
8/22/2024 19:57,15.4
8/22/2024 20:07,15.36
8/22/2024 20:17,15.36
8/22/2024 20:27,15.31
8/22/2024 20:37,15.31
8/22/2024 20:47,15.27
8/22/2024 20:57,15.23
8/22/2024 21:07,15.14
8/22/2024 21:17,15.23
8/22/2024 21:27,15.14
8/22/2024 21:37,15.14
8/22/2024 21:47,15.1
8/22/2024 21:57,15.06
8/22/2024 22:07,15.06
8/22/2024 22:17,15.06
8/22/2024 22:27,15.01
8/22/2024 22:37,14.97
8/22/2024 22:47,14.97
8/22/2024 22:57,14.97
8/22/2024 23:07,14.88
8/22/2024 23:17,14.93
8/22/2024 23:27,14.88
8/22/2024 23:37,14.84
8/22/2024 23:47,14.84
8/22/2024 23:57,14.88
8/23/2024 0:07,14.84
8/23/2024 0:17,14.84
8/23/2024 0:27,14.8
8/23/2024 0:37,14.8
8/23/2024 0:47,14.84
8/23/2024 0:57,14.8
8/23/2024 1:07,14.8
8/23/2024 1:17,14.8
8/23/2024 1:27,14.8
8/23/2024 1:37,14.8
8/23/2024 1:47,14.75
8/23/2024 1:57,14.75
8/23/2024 2:07,14.75
8/23/2024 2:17,14.75
8/23/2024 2:27,14.71
8/23/2024 2:37,14.71
8/23/2024 2:47,14.71
8/23/2024 2:57,14.75
8/23/2024 3:07,14.75
8/23/2024 3:17,14.75
8/23/2024 3:27,14.8
8/23/2024 3:37,14.84
8/23/2024 3:47,14.84
8/23/2024 3:57,14.88
8/23/2024 4:07,14.88
8/23/2024 4:17,14.97
8/23/2024 4:27,15.01
8/23/2024 4:37,15.1
8/23/2024 4:47,15.14
8/23/2024 4:57,15.23
8/23/2024 5:07,15.27
8/23/2024 5:17,15.4
8/23/2024 5:27,15.44
8/23/2024 5:37,15.48
8/23/2024 5:47,15.57
8/23/2024 5:57,15.61
8/23/2024 6:07,15.66
8/23/2024 6:17,15.7
8/23/2024 6:27,15.78
8/23/2024 6:37,15.83
8/23/2024 6:47,15.91
8/23/2024 6:57,15.96
8/23/2024 7:07,16.04
8/23/2024 7:17,16.04
8/23/2024 7:27,16.08
8/23/2024 7:37,16.13
8/23/2024 7:47,16.17
8/23/2024 7:57,16.26
8/23/2024 8:07,16.3
8/23/2024 8:17,16.34
8/23/2024 8:27,16.43
8/23/2024 8:37,16.47
8/23/2024 8:47,16.56
8/23/2024 8:57,16.6
8/23/2024 9:07,16.64
8/23/2024 9:17,16.77
8/23/2024 9:27,16.81
8/23/2024 9:37,16.94
8/23/2024 9:47,16.99
8/23/2024 9:57,17.03
8/23/2024 10:07,17.11
8/23/2024 10:17,17.11
8/23/2024 10:27,17.2
8/23/2024 10:37,17.29
8/23/2024 10:47,17.33
8/23/2024 10:57,17.37
8/23/2024 11:07,17.46
8/23/2024 11:17,17.5
8/23/2024 11:27,17.54
8/23/2024 11:37,17.59
8/23/2024 11:47,17.59
8/23/2024 11:57,17.63
8/23/2024 12:07,17.67
8/23/2024 12:17,17.72
8/23/2024 12:27,17.76
8/23/2024 12:37,17.8
8/23/2024 12:47,17.76
8/23/2024 12:57,17.89
8/23/2024 13:07,17.84
8/23/2024 13:17,17.89
8/23/2024 13:27,17.93
8/23/2024 13:37,17.89
8/23/2024 13:47,17.93
8/23/2024 13:57,17.93
8/23/2024 14:07,18.02
8/23/2024 14:17,17.93
8/23/2024 14:27,17.97
8/23/2024 14:37,17.97
8/23/2024 14:47,17.97
8/23/2024 14:57,18.02
8/23/2024 15:07,18.1
8/23/2024 15:17,18.06
8/23/2024 15:27,18.06
8/23/2024 15:37,18.14
8/23/2024 15:47,18.19
8/23/2024 15:57,18.23
8/23/2024 16:07,18.23
8/23/2024 16:17,18.23
8/23/2024 16:27,18.27
8/23/2024 16:37,18.32
8/23/2024 16:47,18.32
8/23/2024 16:57,18.32
8/23/2024 17:07,18.36
8/23/2024 17:17,18.4
8/23/2024 17:27,18.32
8/23/2024 17:37,18.32
8/23/2024 17:47,18.36
8/23/2024 17:57,18.32
8/23/2024 18:07,18.32
8/23/2024 18:17,18.27
8/23/2024 18:27,18.27
8/23/2024 18:37,18.27
8/23/2024 18:47,18.27
8/23/2024 18:57,18.32
8/23/2024 19:07,18.32
8/23/2024 19:17,18.32
8/23/2024 19:27,18.4
8/23/2024 19:37,18.4
8/23/2024 19:47,18.4
8/23/2024 19:57,18.4
8/23/2024 20:07,18.36
8/23/2024 20:17,18.32
8/23/2024 20:27,18.32
8/23/2024 20:37,18.32
8/23/2024 20:47,18.32
8/23/2024 20:57,18.32
8/23/2024 21:07,18.27
8/23/2024 21:17,18.27
8/23/2024 21:27,18.23
8/23/2024 21:37,18.23
8/23/2024 21:47,18.19
8/23/2024 21:57,18.23
8/23/2024 22:07,18.23
8/23/2024 22:17,18.14
8/23/2024 22:27,18.27
8/23/2024 22:37,18.32
8/23/2024 22:47,18.4
8/23/2024 22:57,18.7
8/23/2024 23:07,18.83
8/23/2024 23:17,18.7
8/23/2024 23:27,18.57
8/23/2024 23:37,18.49
8/23/2024 23:47,18.36
8/23/2024 23:57,18.19
8/24/2024 0:07,17.89
8/24/2024 0:17,17.63
8/24/2024 0:27,17.5
8/24/2024 0:37,17.33
8/24/2024 0:47,17.2
8/24/2024 0:57,17.03
8/24/2024 1:07,16.86
8/24/2024 1:17,16.64
8/24/2024 1:27,16.39
8/24/2024 1:37,16.21
8/24/2024 1:47,16.04
8/24/2024 1:57,15.83
8/24/2024 2:07,15.66
8/24/2024 2:17,15.48
8/24/2024 2:27,15.27
8/24/2024 2:37,15.14
8/24/2024 2:47,15.01
8/24/2024 2:57,14.8
8/24/2024 3:07,14.67
8/24/2024 3:17,14.5
8/24/2024 3:27,14.37
8/24/2024 3:37,14.24
8/24/2024 3:47,14.11
8/24/2024 3:57,13.98
8/24/2024 4:07,13.81
8/24/2024 4:17,13.68
8/24/2024 4:27,13.55
8/24/2024 4:37,13.43
8/24/2024 4:47,13.34
8/24/2024 4:57,13.25
8/24/2024 5:07,13.12
8/24/2024 5:17,13.08
8/24/2024 5:27,13
8/24/2024 5:37,13
8/24/2024 5:47,12.95
8/24/2024 5:57,12.87
8/24/2024 6:07,12.82
8/24/2024 6:17,12.82
8/24/2024 6:27,12.74
8/24/2024 6:37,12.74
8/24/2024 6:47,12.74
8/24/2024 6:57,12.74
8/24/2024 7:07,12.7
8/24/2024 7:17,12.7
8/24/2024 7:27,12.65
8/24/2024 7:37,12.7
8/24/2024 7:47,12.7
8/24/2024 7:57,12.65
8/24/2024 8:07,12.61
8/24/2024 8:17,12.65
8/24/2024 8:27,12.65
8/24/2024 8:37,12.65
8/24/2024 8:47,12.65
8/24/2024 8:57,12.61
8/24/2024 9:07,12.61
8/24/2024 9:17,12.65
8/24/2024 9:27,12.65
8/24/2024 9:37,12.65
8/24/2024 9:47,12.61
8/24/2024 9:57,12.65
8/24/2024 10:07,12.61
8/24/2024 10:17,12.65
8/24/2024 10:27,12.65
8/24/2024 10:37,12.65
8/24/2024 10:47,12.7
8/24/2024 10:57,12.7
8/24/2024 11:07,12.78
8/24/2024 11:17,12.78
8/24/2024 11:27,12.78
8/24/2024 11:37,12.87
8/24/2024 11:47,12.91
8/24/2024 11:57,12.87
8/24/2024 12:07,12.91
8/24/2024 12:17,12.95
8/24/2024 12:27,12.95
8/24/2024 12:37,13
8/24/2024 12:47,13.04
8/24/2024 12:57,13.08
8/24/2024 13:07,13.17
8/24/2024 13:17,13.17
8/24/2024 13:27,13.17
8/24/2024 13:37,13.21
8/24/2024 13:47,13.25
8/24/2024 13:57,13.25
8/24/2024 14:07,13.3
8/24/2024 14:17,13.3
8/24/2024 14:27,13.38
8/24/2024 14:37,13.3
8/24/2024 14:47,13.34
8/24/2024 14:57,13.25
8/24/2024 15:07,13.21
8/24/2024 15:17,13.21
8/24/2024 15:27,13.17
8/24/2024 15:37,13.08
8/24/2024 15:47,13.08
8/24/2024 15:57,13.04
8/24/2024 16:07,13
8/24/2024 16:17,12.95
8/24/2024 16:27,12.91
8/24/2024 16:37,12.91
8/24/2024 16:47,12.87
8/24/2024 16:57,12.78
8/24/2024 17:07,12.74
8/24/2024 17:17,12.65
8/24/2024 17:27,12.61
8/24/2024 17:37,12.52
8/24/2024 17:47,12.44
8/24/2024 17:57,12.44
8/24/2024 18:07,12.31
8/24/2024 18:17,12.31
8/24/2024 18:27,12.22
8/24/2024 18:37,12.14
8/24/2024 18:47,12.1
8/24/2024 18:57,12.05
8/24/2024 19:07,12.01
8/24/2024 19:17,11.97
8/24/2024 19:27,11.88
8/24/2024 19:37,11.84
8/24/2024 19:47,11.84
8/24/2024 19:57,11.84
8/24/2024 20:07,11.84
8/24/2024 20:17,11.84
8/24/2024 20:27,11.75
8/24/2024 20:37,11.71
8/24/2024 20:47,11.67
8/24/2024 20:57,11.62
8/24/2024 21:07,11.58
8/24/2024 21:17,11.58
8/24/2024 21:27,11.54
8/24/2024 21:37,11.54
8/24/2024 21:47,11.49
8/24/2024 21:57,11.45
8/24/2024 22:07,11.45
8/24/2024 22:17,11.45
8/24/2024 22:27,11.45
8/24/2024 22:37,11.41
8/24/2024 22:47,11.41
8/24/2024 22:57,11.41
8/24/2024 23:07,11.41
8/24/2024 23:17,11.41
8/24/2024 23:27,11.41
8/24/2024 23:37,11.37
8/24/2024 23:47,11.32
8/24/2024 23:57,11.32
8/25/2024 0:07,11.28
8/25/2024 0:17,11.28
8/25/2024 0:27,11.24
8/25/2024 0:37,11.28
8/25/2024 0:47,11.24
8/25/2024 0:57,11.28
8/25/2024 1:07,11.28
8/25/2024 1:17,11.24
8/25/2024 1:27,11.24
8/25/2024 1:37,11.19
8/25/2024 1:47,11.19
8/25/2024 1:57,11.19
8/25/2024 2:07,11.15
8/25/2024 2:17,11.15
8/25/2024 2:27,11.11
8/25/2024 2:37,11.11
8/25/2024 2:47,11.11
8/25/2024 2:57,11.15
8/25/2024 3:07,11.15
8/25/2024 3:17,11.11
8/25/2024 3:27,11.15
8/25/2024 3:37,11.15
8/25/2024 3:47,11.15
8/25/2024 3:57,11.15
8/25/2024 4:07,11.07
8/25/2024 4:17,11.07
8/25/2024 4:27,11.11
8/25/2024 4:37,11.11
8/25/2024 4:47,11.11
8/25/2024 4:57,11.07
8/25/2024 5:07,11.11
8/25/2024 5:17,11.07
8/25/2024 5:27,11.07
8/25/2024 5:37,11.02
8/25/2024 5:47,10.98
8/25/2024 5:57,10.98
8/25/2024 6:07,11.02
8/25/2024 6:17,10.98
8/25/2024 6:27,11.02
8/25/2024 6:37,11.02
8/25/2024 6:47,11.02
8/25/2024 6:57,11.07
8/25/2024 7:07,11.07
8/25/2024 7:17,11.02
8/25/2024 7:27,11.11
8/25/2024 7:37,11.15
8/25/2024 7:47,11.15
8/25/2024 7:57,11.24
8/25/2024 8:07,11.24
8/25/2024 8:17,11.28
8/25/2024 8:27,11.32
8/25/2024 8:37,11.37
8/25/2024 8:47,11.45
8/25/2024 8:57,11.45
8/25/2024 9:07,11.58
8/25/2024 9:17,11.62
8/25/2024 9:27,11.67
8/25/2024 9:37,11.67
8/25/2024 9:47,11.79
8/25/2024 9:57,11.88
8/25/2024 10:07,12.01
8/25/2024 10:17,11.97
8/25/2024 10:27,11.97
8/25/2024 10:37,12.01
8/25/2024 10:47,12.14
8/25/2024 10:57,12.18
8/25/2024 11:07,12.22
8/25/2024 11:17,12.31
8/25/2024 11:27,12.35
8/25/2024 11:37,12.44
8/25/2024 11:47,12.48
8/25/2024 11:57,12.48
8/25/2024 12:07,12.44
8/25/2024 12:17,12.48
8/25/2024 12:27,12.52
8/25/2024 12:37,12.57
8/25/2024 12:47,12.61
8/25/2024 12:57,12.65
8/25/2024 13:07,12.65
8/25/2024 13:17,12.7
8/25/2024 13:27,12.7
8/25/2024 13:37,12.7
8/25/2024 13:47,12.7
8/25/2024 13:57,12.74
8/25/2024 14:07,12.78
8/25/2024 14:17,12.74
8/25/2024 14:27,12.78
8/25/2024 14:37,12.78
8/25/2024 14:47,12.78
8/25/2024 14:57,12.78
8/25/2024 15:07,12.74
8/25/2024 15:17,12.78
8/25/2024 15:27,12.82
8/25/2024 15:37,12.82
8/25/2024 15:47,12.91
8/25/2024 15:57,12.91
8/25/2024 16:07,12.95
8/25/2024 16:17,12.95
8/25/2024 16:27,12.95
8/25/2024 16:37,12.91
8/25/2024 16:47,13
8/25/2024 16:57,12.95
8/25/2024 17:07,12.95
8/25/2024 17:17,12.95
8/25/2024 17:27,12.87
8/25/2024 17:37,12.91
8/25/2024 17:47,12.82
8/25/2024 17:57,12.82
8/25/2024 18:07,12.82
8/25/2024 18:17,12.82
8/25/2024 18:27,12.78
8/25/2024 18:37,12.7
8/25/2024 18:47,12.7
8/25/2024 18:57,12.7
8/25/2024 19:07,12.65
8/25/2024 19:17,12.61
8/25/2024 19:27,12.57
8/25/2024 19:37,12.52
8/25/2024 19:47,12.52
8/25/2024 19:57,12.48
8/25/2024 20:07,12.44
8/25/2024 20:17,12.44
8/25/2024 20:27,12.4
8/25/2024 20:37,12.31
8/25/2024 20:47,12.31
8/25/2024 20:57,12.27
8/25/2024 21:07,12.22
8/25/2024 21:17,12.14
8/25/2024 21:27,12.14
8/25/2024 21:37,12.05
8/25/2024 21:47,12.01
8/25/2024 21:57,11.97
8/25/2024 22:07,12.01
8/25/2024 22:17,11.97
8/25/2024 22:27,11.97
8/25/2024 22:37,11.97
8/25/2024 22:47,11.88
8/25/2024 22:57,11.92
8/25/2024 23:07,11.97
8/25/2024 23:17,11.92
8/25/2024 23:27,11.84
8/25/2024 23:37,11.84
8/25/2024 23:47,11.79
8/25/2024 23:57,11.79
8/26/2024 0:07,11.79
8/26/2024 0:17,11.79
8/26/2024 0:27,11.71
8/26/2024 0:37,11.67
8/26/2024 0:47,11.67
8/26/2024 0:57,11.67
8/26/2024 1:07,11.62
8/26/2024 1:17,11.58
8/26/2024 1:27,11.58
8/26/2024 1:37,11.58
8/26/2024 1:47,11.54
8/26/2024 1:57,11.54
8/26/2024 2:07,11.58
8/26/2024 2:17,11.54
8/26/2024 2:27,11.54
8/26/2024 2:37,11.49
8/26/2024 2:47,11.49
8/26/2024 2:57,11.45
8/26/2024 3:07,11.45
8/26/2024 3:17,11.41
8/26/2024 3:27,11.41
8/26/2024 3:37,11.41
8/26/2024 3:47,11.45
8/26/2024 3:57,11.45
8/26/2024 4:07,11.45
8/26/2024 4:17,11.45
8/26/2024 4:27,11.45
8/26/2024 4:37,11.45
8/26/2024 4:47,11.41
8/26/2024 4:57,11.41
8/26/2024 5:07,11.41
8/26/2024 5:17,11.41
8/26/2024 5:27,11.41
8/26/2024 5:37,11.41
8/26/2024 5:47,11.45
8/26/2024 5:57,11.45
8/26/2024 6:07,11.45
8/26/2024 6:17,11.45
8/26/2024 6:27,11.45
8/26/2024 6:37,11.45
8/26/2024 6:47,11.45
8/26/2024 6:57,11.45
8/26/2024 7:07,11.41
8/26/2024 7:17,11.45
8/26/2024 7:27,11.49
8/26/2024 7:37,11.45
8/26/2024 7:47,11.49
8/26/2024 7:57,11.49
8/26/2024 8:07,11.49
8/26/2024 8:17,11.49
8/26/2024 8:27,11.54
8/26/2024 8:37,11.58
8/26/2024 8:47,11.54
8/26/2024 8:57,11.58
8/26/2024 9:07,11.58
8/26/2024 9:17,11.62
8/26/2024 9:27,11.67
8/26/2024 9:37,11.67
8/26/2024 9:47,11.67
8/26/2024 9:57,11.71
8/26/2024 10:07,11.75
8/26/2024 10:17,11.79
8/26/2024 10:27,11.84
8/26/2024 10:37,11.84
8/26/2024 10:47,11.88
8/26/2024 10:57,11.92
8/26/2024 11:07,11.97
8/26/2024 11:17,12.1
8/26/2024 11:27,12.1
8/26/2024 11:37,12.18
8/26/2024 11:47,12.14
8/26/2024 11:57,12.22
8/26/2024 12:07,12.27
8/26/2024 12:17,12.31
8/26/2024 12:27,12.35
8/26/2024 12:37,12.48
8/26/2024 12:47,12.57
8/26/2024 12:57,12.57
8/26/2024 13:07,12.74
8/26/2024 13:17,12.82
8/26/2024 13:27,12.91
8/26/2024 13:37,13.04
8/26/2024 13:47,13.12
8/26/2024 13:57,13.21
8/26/2024 14:07,13.25
8/26/2024 14:17,13.34
8/26/2024 14:27,13.38
8/26/2024 14:37,13.51
8/26/2024 14:47,13.55
8/26/2024 14:57,13.6
8/26/2024 15:07,13.68
8/26/2024 15:17,13.68
8/26/2024 15:27,13.68
8/26/2024 15:37,13.77
8/26/2024 15:47,13.81
8/26/2024 15:57,13.85
8/26/2024 16:07,13.94
8/26/2024 16:17,13.94
8/26/2024 16:27,13.94
8/26/2024 16:37,13.94
8/26/2024 16:47,13.98
8/26/2024 16:57,13.98
8/26/2024 17:07,13.98
8/26/2024 17:17,13.98
8/26/2024 17:27,13.98
8/26/2024 17:37,13.94
8/26/2024 17:47,13.98
8/26/2024 17:57,13.94
8/26/2024 18:07,13.94
8/26/2024 18:17,13.94
8/26/2024 18:27,13.9
8/26/2024 18:37,13.85
8/26/2024 18:47,13.85
8/26/2024 18:57,13.81
8/26/2024 19:07,13.77
8/26/2024 19:17,13.73
8/26/2024 19:27,13.73
8/26/2024 19:37,13.68
8/26/2024 19:47,13.64
8/26/2024 19:57,13.6
8/26/2024 20:07,13.55
8/26/2024 20:17,13.51
8/26/2024 20:27,13.51
8/26/2024 20:37,13.47
8/26/2024 20:47,13.47
8/26/2024 20:57,13.43
8/26/2024 21:07,13.34
8/26/2024 21:17,13.3
8/26/2024 21:27,13.25
8/26/2024 21:37,13.21
8/26/2024 21:47,13.21
8/26/2024 21:57,13.17
8/26/2024 22:07,13.12
8/26/2024 22:17,13.12
8/26/2024 22:27,13.12
8/26/2024 22:37,13.04
8/26/2024 22:47,13.04
8/26/2024 22:57,13
8/26/2024 23:07,12.95
8/26/2024 23:17,12.91
8/26/2024 23:27,12.95
8/26/2024 23:37,12.87
8/26/2024 23:47,12.87
8/26/2024 23:57,12.87
8/27/2024 0:07,12.82
8/27/2024 0:17,12.82
8/27/2024 0:27,12.78
8/27/2024 0:37,12.74
8/27/2024 0:47,12.74
8/27/2024 0:57,12.7
8/27/2024 1:07,12.7
8/27/2024 1:17,12.74
8/27/2024 1:27,12.61
8/27/2024 1:37,12.65
8/27/2024 1:47,12.61
8/27/2024 1:57,12.61
8/27/2024 2:07,12.61
8/27/2024 2:17,12.57
8/27/2024 2:27,12.57
8/27/2024 2:37,12.57
8/27/2024 2:47,12.57
8/27/2024 2:57,12.52
8/27/2024 3:07,12.57
8/27/2024 3:17,12.48
8/27/2024 3:27,12.48
8/27/2024 3:37,12.48
8/27/2024 3:47,12.48
8/27/2024 3:57,12.48
8/27/2024 4:07,12.44
8/27/2024 4:17,12.44
8/27/2024 4:27,12.44
8/27/2024 4:37,12.35
8/27/2024 4:47,12.4
8/27/2024 4:57,12.4
8/27/2024 5:07,12.44
8/27/2024 5:17,12.44
8/27/2024 5:27,12.48
8/27/2024 5:37,12.48
8/27/2024 5:47,12.52
8/27/2024 5:57,12.57
8/27/2024 6:07,12.61
8/27/2024 6:17,12.61
8/27/2024 6:27,12.65
8/27/2024 6:37,12.65
8/27/2024 6:47,12.61
8/27/2024 6:57,12.65
8/27/2024 7:07,12.61
8/27/2024 7:17,12.7
8/27/2024 7:27,12.7
8/27/2024 7:37,12.7
8/27/2024 7:47,12.7
8/27/2024 7:57,12.7
8/27/2024 8:07,13
8/27/2024 8:17,13.43
8/27/2024 8:27,13.47
8/27/2024 8:37,13.55
8/27/2024 8:47,13.51
8/27/2024 8:57,13.6
8/27/2024 9:07,13.6
8/27/2024 9:17,13.64
8/27/2024 9:27,13.6
8/27/2024 9:37,13.6
8/27/2024 9:47,13.64
8/27/2024 9:57,13.64
8/27/2024 10:07,13.64
8/27/2024 10:17,13.68
8/27/2024 10:27,13.77
8/27/2024 10:37,13.81
8/27/2024 10:47,13.77
8/27/2024 10:57,13.9
8/27/2024 11:07,13.85
8/27/2024 11:17,13.85
8/27/2024 11:27,13.9
8/27/2024 11:37,13.9
8/27/2024 11:47,13.85
8/27/2024 11:57,13.85
8/27/2024 12:07,13.85
8/27/2024 12:17,13.81
8/27/2024 12:27,13.9
8/27/2024 12:37,13.9
8/27/2024 12:47,13.85
8/27/2024 12:57,13.85
8/27/2024 13:07,13.9
8/27/2024 13:17,13.85
8/27/2024 13:27,13.85
8/27/2024 13:37,13.81
8/27/2024 13:47,13.85
8/27/2024 13:57,13.81
8/27/2024 14:07,13.77
8/27/2024 14:17,13.68
8/27/2024 14:27,13.68
8/27/2024 14:37,13.64
8/27/2024 14:47,13.6
8/27/2024 14:57,13.64
8/27/2024 15:07,13.6
8/27/2024 15:17,13.51
8/27/2024 15:27,13.47
8/27/2024 15:37,13.47
8/27/2024 15:47,13.38
8/27/2024 15:57,13.34
8/27/2024 16:07,13.25
8/27/2024 16:17,13.21
8/27/2024 16:27,13.17
8/27/2024 16:37,13.12
8/27/2024 16:47,13.04
8/27/2024 16:57,12.95
8/27/2024 17:07,12.91
8/27/2024 17:17,12.87
8/27/2024 17:27,12.78
8/27/2024 17:37,12.87
8/27/2024 17:47,12.78
8/27/2024 17:57,12.74
8/27/2024 18:07,12.7
8/27/2024 18:17,12.65
8/27/2024 18:27,12.57
8/27/2024 18:37,12.4
8/27/2024 18:47,12.31
8/27/2024 18:57,12.18
8/27/2024 19:07,12.18
8/27/2024 19:17,12.14
8/27/2024 19:27,12.1
8/27/2024 19:37,12.1
8/27/2024 19:47,12.05
8/27/2024 19:57,12.01
8/27/2024 20:07,12.01
8/27/2024 20:17,12.01
8/27/2024 20:27,11.92
8/27/2024 20:37,11.92
8/27/2024 20:47,11.88
8/27/2024 20:57,11.88
8/27/2024 21:07,11.84
8/27/2024 21:17,11.84
8/27/2024 21:27,11.84
8/27/2024 21:37,11.84
8/27/2024 21:47,11.75
8/27/2024 21:57,11.75
8/27/2024 22:07,11.79
8/27/2024 22:17,11.75
8/27/2024 22:27,11.75
8/27/2024 22:37,11.71
8/27/2024 22:47,11.67
8/27/2024 22:57,11.67
8/27/2024 23:07,11.62
8/27/2024 23:17,11.67
8/27/2024 23:27,11.67
8/27/2024 23:37,11.62
8/27/2024 23:47,11.62
8/27/2024 23:57,11.58
8/28/2024 0:07,11.62
8/28/2024 0:17,11.62
8/28/2024 0:27,11.62
8/28/2024 0:37,11.62
8/28/2024 0:47,11.62
8/28/2024 0:57,11.58
8/28/2024 1:07,11.58
8/28/2024 1:17,11.58
8/28/2024 1:27,11.54
8/28/2024 1:37,11.54
8/28/2024 1:47,11.54
8/28/2024 1:57,11.49
8/28/2024 2:07,11.49
8/28/2024 2:17,11.49
8/28/2024 2:27,11.49
8/28/2024 2:37,11.49
8/28/2024 2:47,11.45
8/28/2024 2:57,11.49
8/28/2024 3:07,11.41
8/28/2024 3:17,11.45
8/28/2024 3:27,11.41
8/28/2024 3:37,11.41
8/28/2024 3:47,11.41
8/28/2024 3:57,11.41
8/28/2024 4:07,11.37
8/28/2024 4:17,11.37
8/28/2024 4:27,11.41
8/28/2024 4:37,11.32
8/28/2024 4:47,11.41
8/28/2024 4:57,11.37
8/28/2024 5:07,11.37
8/28/2024 5:17,11.32
8/28/2024 5:27,11.37
8/28/2024 5:37,11.32
8/28/2024 5:47,11.28
8/28/2024 5:57,11.32
8/28/2024 6:07,11.28
8/28/2024 6:17,11.28
8/28/2024 6:27,11.32
8/28/2024 6:37,11.28
8/28/2024 6:47,11.32
8/28/2024 6:57,11.32
8/28/2024 7:07,11.28
8/28/2024 7:17,11.32
8/28/2024 7:27,11.28
8/28/2024 7:37,11.32
8/28/2024 7:47,11.37
8/28/2024 7:57,11.32
8/28/2024 8:07,11.37
8/28/2024 8:17,11.37
8/28/2024 8:27,11.37
8/28/2024 8:37,11.41
8/28/2024 8:47,11.41
8/28/2024 8:57,11.41
8/28/2024 9:07,11.45
8/28/2024 9:17,11.45
8/28/2024 9:27,11.49
8/28/2024 9:37,11.54
8/28/2024 9:47,11.58
8/28/2024 9:57,11.62
8/28/2024 10:07,11.62
8/28/2024 10:17,11.67
8/28/2024 10:27,11.71
8/28/2024 10:37,11.79
8/28/2024 10:47,11.84
8/28/2024 10:57,11.88
8/28/2024 11:07,11.92
8/28/2024 11:17,11.97
8/28/2024 11:27,12.01
8/28/2024 11:37,12.05
8/28/2024 11:47,12.14
8/28/2024 11:57,12.14
8/28/2024 12:07,12.22
8/28/2024 12:17,12.31
8/28/2024 12:27,12.35
8/28/2024 12:37,12.44
8/28/2024 12:47,12.52
8/28/2024 12:57,12.48
8/28/2024 13:07,12.48
8/28/2024 13:17,12.48
8/28/2024 13:27,12.48
8/28/2024 13:37,12.48
8/28/2024 13:47,12.48
8/28/2024 13:57,12.52
8/28/2024 14:07,12.48
8/28/2024 14:17,12.48
8/28/2024 14:27,12.44
8/28/2024 14:37,12.52
8/28/2024 14:47,12.57
8/28/2024 14:57,12.61
8/28/2024 15:07,12.57
8/28/2024 15:17,12.65
8/28/2024 15:27,12.65
8/28/2024 15:37,12.7
8/28/2024 15:47,12.7
8/28/2024 15:57,12.7
8/28/2024 16:07,12.7
8/28/2024 16:17,12.74
8/28/2024 16:27,12.78
8/28/2024 16:37,12.78
8/28/2024 16:47,12.78
8/28/2024 16:57,12.74
8/28/2024 17:07,12.78
8/28/2024 17:17,12.78
8/28/2024 17:27,12.74
8/28/2024 17:37,12.7
8/28/2024 17:47,12.7
8/28/2024 17:57,12.65
8/28/2024 18:07,12.61
8/28/2024 18:17,12.57
8/28/2024 18:27,12.57
8/28/2024 18:37,12.57
8/28/2024 18:47,12.48
8/28/2024 18:57,12.44
8/28/2024 19:07,12.44
8/28/2024 19:17,12.4
8/28/2024 19:27,12.35
8/28/2024 19:37,12.27
8/28/2024 19:47,12.27
8/28/2024 19:57,12.18
8/28/2024 20:07,12.18
8/28/2024 20:17,12.1
8/28/2024 20:27,12.1
8/28/2024 20:37,12.1
8/28/2024 20:47,11.97
8/28/2024 20:57,12.01
8/28/2024 21:07,11.97
8/28/2024 21:17,11.97
8/28/2024 21:27,11.88
8/28/2024 21:37,11.84
8/28/2024 21:47,11.79
8/28/2024 21:57,11.79
8/28/2024 22:07,11.75
8/28/2024 22:17,11.75
8/28/2024 22:27,11.67
8/28/2024 22:37,11.67
8/28/2024 22:47,11.62
8/28/2024 22:57,11.49
8/28/2024 23:07,11.49
8/28/2024 23:17,11.41
8/28/2024 23:27,11.41
8/28/2024 23:37,11.45
8/28/2024 23:47,11.37
8/28/2024 23:57,11.32
8/29/2024 0:07,11.28
8/29/2024 0:17,11.28
8/29/2024 0:27,11.19
8/29/2024 0:37,11.24
8/29/2024 0:47,11.19
8/29/2024 0:57,11.19
8/29/2024 1:07,11.15
8/29/2024 1:17,11.15
8/29/2024 1:27,11.11
8/29/2024 1:37,11.15
8/29/2024 1:47,11.07
8/29/2024 1:57,11.11
8/29/2024 2:07,11.07
8/29/2024 2:17,11.02
8/29/2024 2:27,11.02
8/29/2024 2:37,11.02
8/29/2024 2:47,10.98
8/29/2024 2:57,10.98
8/29/2024 3:07,10.98
8/29/2024 3:17,10.94
8/29/2024 3:27,10.94
8/29/2024 3:37,10.98
8/29/2024 3:47,10.94
8/29/2024 3:57,10.94
8/29/2024 4:07,10.94
8/29/2024 4:17,10.85
8/29/2024 4:27,10.94
8/29/2024 4:37,10.89
8/29/2024 4:47,10.89
8/29/2024 4:57,10.89
8/29/2024 5:07,10.89
8/29/2024 5:17,10.85
8/29/2024 5:27,10.85
8/29/2024 5:37,10.85
8/29/2024 5:47,10.85
8/29/2024 5:57,10.81
8/29/2024 6:07,10.85
8/29/2024 6:17,10.85
8/29/2024 6:27,10.89
8/29/2024 6:37,10.85
8/29/2024 6:47,10.94
8/29/2024 6:57,10.85
8/29/2024 7:07,10.89
8/29/2024 7:17,10.89
8/29/2024 7:27,10.94
8/29/2024 7:37,10.98
8/29/2024 7:47,10.98
8/29/2024 7:57,10.98
8/29/2024 8:07,11.07
8/29/2024 8:17,11.11
8/29/2024 8:27,11.15
8/29/2024 8:37,11.15
8/29/2024 8:47,11.24
8/29/2024 8:57,11.28
8/29/2024 9:07,11.37
8/29/2024 9:17,11.45
8/29/2024 9:27,11.49
8/29/2024 9:37,11.62
8/29/2024 9:47,11.67
8/29/2024 9:57,11.75
8/29/2024 10:07,11.79
8/29/2024 10:17,11.84
8/29/2024 10:27,11.84
8/29/2024 10:37,11.88
8/29/2024 10:47,12.01
8/29/2024 10:57,12.01
8/29/2024 11:07,12.1
8/29/2024 11:17,12.1
8/29/2024 11:27,12.18
8/29/2024 11:37,12.27
8/29/2024 11:47,12.35
8/29/2024 11:57,12.48
8/29/2024 12:07,12.57
8/29/2024 12:17,12.65
8/29/2024 12:27,12.74
8/29/2024 12:37,12.82
8/29/2024 12:47,13
8/29/2024 12:57,13.08
8/29/2024 13:07,13.17
8/29/2024 13:17,13.25
8/29/2024 13:27,13.3
8/29/2024 13:37,13.38
8/29/2024 13:47,13.47
8/29/2024 13:57,13.51
8/29/2024 14:07,13.51
8/29/2024 14:17,13.47
8/29/2024 14:27,13.51
8/29/2024 14:37,13.6
8/29/2024 14:47,13.64
8/29/2024 14:57,13.6
8/29/2024 15:07,13.6
8/29/2024 15:17,13.55
8/29/2024 15:27,13.6
8/29/2024 15:37,13.64
8/29/2024 15:47,13.64
8/29/2024 15:57,13.64
8/29/2024 16:07,13.6
8/29/2024 16:17,13.64
8/29/2024 16:27,13.55
8/29/2024 16:37,13.55
8/29/2024 16:47,13.51
8/29/2024 16:57,13.51
8/29/2024 17:07,13.47
8/29/2024 17:17,13.43
8/29/2024 17:27,13.34
8/29/2024 17:37,13.38
8/29/2024 17:47,13.3
8/29/2024 17:57,13.25
8/29/2024 18:07,13.21
8/29/2024 18:17,13.12
8/29/2024 18:27,13.08
8/29/2024 18:37,13.04
8/29/2024 18:47,13
8/29/2024 18:57,13
8/29/2024 19:07,12.91
8/29/2024 19:17,12.87
8/29/2024 19:27,12.82
8/29/2024 19:37,12.78
8/29/2024 19:47,12.74
8/29/2024 19:57,12.7
8/29/2024 20:07,12.65
8/29/2024 20:17,12.61
8/29/2024 20:27,12.61
8/29/2024 20:37,12.52
8/29/2024 20:47,12.48
8/29/2024 20:57,12.48
8/29/2024 21:07,12.4
8/29/2024 21:17,12.35
8/29/2024 21:27,12.35
8/29/2024 21:37,12.35
8/29/2024 21:47,12.31
8/29/2024 21:57,12.31
8/29/2024 22:07,12.27
8/29/2024 22:17,12.22
8/29/2024 22:27,12.18
8/29/2024 22:37,12.14
8/29/2024 22:47,12.14
8/29/2024 22:57,12.1
8/29/2024 23:07,12.14
8/29/2024 23:17,12.1
8/29/2024 23:27,12.05
8/29/2024 23:37,12.05
8/29/2024 23:47,12.01
8/29/2024 23:57,11.97
8/30/2024 0:07,11.92
8/30/2024 0:17,11.97
8/30/2024 0:27,11.88
8/30/2024 0:37,11.88
8/30/2024 0:47,11.84
8/30/2024 0:57,11.79
8/30/2024 1:07,11.79
8/30/2024 1:17,11.79
8/30/2024 1:27,11.79
8/30/2024 1:37,11.71
8/30/2024 1:47,11.75
8/30/2024 1:57,11.79
8/30/2024 2:07,11.75
8/30/2024 2:17,11.71
8/30/2024 2:27,11.67
8/30/2024 2:37,11.71
8/30/2024 2:47,11.67
8/30/2024 2:57,11.67
8/30/2024 3:07,11.67
8/30/2024 3:17,11.67
8/30/2024 3:27,11.58
8/30/2024 3:37,11.62
8/30/2024 3:47,11.58
8/30/2024 3:57,11.54
8/30/2024 4:07,11.58
8/30/2024 4:17,11.58
8/30/2024 4:27,11.54
8/30/2024 4:37,11.49
8/30/2024 4:47,11.54
8/30/2024 4:57,11.49
8/30/2024 5:07,11.54
8/30/2024 5:17,11.54
8/30/2024 5:27,11.54
8/30/2024 5:37,11.45
8/30/2024 5:47,11.49
8/30/2024 5:57,11.49
8/30/2024 6:07,11.49
8/30/2024 6:17,11.49
8/30/2024 6:27,11.49
8/30/2024 6:37,11.49
8/30/2024 6:47,11.54
8/30/2024 6:57,11.49
8/30/2024 7:07,11.49
8/30/2024 7:17,11.54
8/30/2024 7:27,11.58
8/30/2024 7:37,11.58
8/30/2024 7:47,11.67
8/30/2024 7:57,11.62
8/30/2024 8:07,11.67
8/30/2024 8:17,11.75
8/30/2024 8:27,11.79
8/30/2024 8:37,11.84
8/30/2024 8:47,11.88
8/30/2024 8:57,11.92
8/30/2024 9:07,11.97
8/30/2024 9:17,12.05
8/30/2024 9:27,12.05
8/30/2024 9:37,12.22
8/30/2024 9:47,12.27
8/30/2024 9:57,12.4
8/30/2024 10:07,12.48
8/30/2024 10:17,12.65
8/30/2024 10:27,12.78
8/30/2024 10:37,12.78
8/30/2024 10:47,12.82
8/30/2024 10:57,12.91
8/30/2024 11:07,13
8/30/2024 11:17,13.04
8/30/2024 11:27,13.25
8/30/2024 11:37,13.3
8/30/2024 11:47,13.38
8/30/2024 11:57,13.51
8/30/2024 12:07,13.55
8/30/2024 12:17,13.55
8/30/2024 12:27,13.64
8/30/2024 12:37,13.73
8/30/2024 12:47,13.81
8/30/2024 12:57,14.03
8/30/2024 13:07,14.15
8/30/2024 13:17,14.28
8/30/2024 13:27,14.28
8/30/2024 13:37,14.41
8/30/2024 13:47,14.45
8/30/2024 13:57,14.54
8/30/2024 14:07,14.63
8/30/2024 14:17,14.67
8/30/2024 14:27,14.8
8/30/2024 14:37,14.8
8/30/2024 14:47,14.84
8/30/2024 14:57,14.93
8/30/2024 15:07,14.97
8/30/2024 15:17,14.97
8/30/2024 15:27,15.01
8/30/2024 15:37,15.01
8/30/2024 15:47,15.01
8/30/2024 15:57,15.01
8/30/2024 16:07,14.97
8/30/2024 16:17,15.01
8/30/2024 16:27,14.97
8/30/2024 16:37,15.01
8/30/2024 16:47,14.97
8/30/2024 16:57,14.97
8/30/2024 17:07,14.97
8/30/2024 17:17,14.93
8/30/2024 17:27,14.88
8/30/2024 17:37,14.8
8/30/2024 17:47,14.8
8/30/2024 17:57,14.71
8/30/2024 18:07,14.71
8/30/2024 18:17,14.63
8/30/2024 18:27,14.58
8/30/2024 18:37,14.54
8/30/2024 18:47,14.54
8/30/2024 18:57,14.45
8/30/2024 19:07,14.41
8/30/2024 19:17,14.37
8/30/2024 19:27,14.28
8/30/2024 19:37,14.24
8/30/2024 19:47,14.2
8/30/2024 19:57,14.15
8/30/2024 20:07,14.11
8/30/2024 20:17,14.07
8/30/2024 20:27,13.98
8/30/2024 20:37,13.94
8/30/2024 20:47,13.94
8/30/2024 20:57,13.9
8/30/2024 21:07,13.81
8/30/2024 21:17,13.77
8/30/2024 21:27,13.73
8/30/2024 21:37,13.68
8/30/2024 21:47,13.68
8/30/2024 21:57,13.6
8/30/2024 22:07,13.6
8/30/2024 22:17,13.55
8/30/2024 22:27,13.47
8/30/2024 22:37,13.47
8/30/2024 22:47,13.38
8/30/2024 22:57,13.38
8/30/2024 23:07,13.34
8/30/2024 23:17,13.3
8/30/2024 23:27,13.3
8/30/2024 23:37,13.25
8/30/2024 23:47,13.21
8/30/2024 23:57,13.21
8/31/2024 0:07,13.17
8/31/2024 0:17,13.17
8/31/2024 0:27,13.17
8/31/2024 0:37,13.08
8/31/2024 0:47,13.08
8/31/2024 0:57,13.08
8/31/2024 1:07,13.04
8/31/2024 1:17,13
8/31/2024 1:27,13
8/31/2024 1:37,13.04
8/31/2024 1:47,13.04
8/31/2024 1:57,12.95
8/31/2024 2:07,13
8/31/2024 2:17,13
8/31/2024 2:27,12.95
8/31/2024 2:37,12.95
8/31/2024 2:47,12.91
8/31/2024 2:57,12.95
8/31/2024 3:07,12.87
8/31/2024 3:17,12.87
8/31/2024 3:27,12.95
8/31/2024 3:37,12.87
8/31/2024 3:47,12.91
8/31/2024 3:57,12.87
8/31/2024 4:07,12.87
8/31/2024 4:17,12.87
8/31/2024 4:27,12.91
8/31/2024 4:37,12.91
8/31/2024 4:47,12.82
8/31/2024 4:57,12.91
8/31/2024 5:07,12.91
8/31/2024 5:17,12.95
8/31/2024 5:27,13
8/31/2024 5:37,13
8/31/2024 5:47,13
8/31/2024 5:57,13.04
8/31/2024 6:07,13
8/31/2024 6:17,13
8/31/2024 6:27,12.95
8/31/2024 6:37,12.91
8/31/2024 6:47,12.95
8/31/2024 6:57,13
8/31/2024 7:07,13
8/31/2024 7:17,13.04
8/31/2024 7:27,13.08
8/31/2024 7:37,13
8/31/2024 7:47,13.04
8/31/2024 7:57,13.08
8/31/2024 8:07,13.08
8/31/2024 8:17,13.12
8/31/2024 8:27,13.17
8/31/2024 8:37,13.17
8/31/2024 8:47,13.17
8/31/2024 8:57,13.17
8/31/2024 9:07,13.21
8/31/2024 9:17,13.21
8/31/2024 9:27,13.21
8/31/2024 9:37,13.25
8/31/2024 9:47,13.25
8/31/2024 9:57,13.3
8/31/2024 10:07,13.34
8/31/2024 10:17,13.34
8/31/2024 10:27,13.38
8/31/2024 10:37,13.38
8/31/2024 10:47,13.38
8/31/2024 10:57,13.43
8/31/2024 11:07,13.47
8/31/2024 11:17,13.47
8/31/2024 11:27,13.51
8/31/2024 11:37,13.64
8/31/2024 11:47,13.77
8/31/2024 11:57,13.81
8/31/2024 12:07,13.81
8/31/2024 12:17,13.9
8/31/2024 12:27,13.94
8/31/2024 12:37,14.15
8/31/2024 12:47,14.28
8/31/2024 12:57,14.37
8/31/2024 13:07,14.45
8/31/2024 13:17,14.45
8/31/2024 13:27,14.5
8/31/2024 13:37,14.58
8/31/2024 13:47,14.63
8/31/2024 13:57,14.63
8/31/2024 14:07,14.67
8/31/2024 14:17,14.71
8/31/2024 14:27,14.71
8/31/2024 14:37,14.75
8/31/2024 14:47,14.84
8/31/2024 14:57,14.84
8/31/2024 15:07,14.84
8/31/2024 15:17,14.93
8/31/2024 15:27,14.97
8/31/2024 15:37,14.97
8/31/2024 15:47,15.01
8/31/2024 15:57,15.01
8/31/2024 16:07,15.01
8/31/2024 16:17,15.01
8/31/2024 16:27,15.06
8/31/2024 16:37,15.06
8/31/2024 16:47,15.06
8/31/2024 16:57,15.06
8/31/2024 17:07,15.01
8/31/2024 17:17,15.1
8/31/2024 17:27,15.1
8/31/2024 17:37,15.06
8/31/2024 17:47,15.1
8/31/2024 17:57,15.06
8/31/2024 18:07,15.06
8/31/2024 18:17,15.06
8/31/2024 18:27,15.1
8/31/2024 18:37,15.01
8/31/2024 18:47,15.01
8/31/2024 18:57,15.01
8/31/2024 19:07,15.01
8/31/2024 19:17,14.97
8/31/2024 19:27,14.97
8/31/2024 19:37,14.93
8/31/2024 19:47,14.93
8/31/2024 19:57,14.8
8/31/2024 20:07,14.88
8/31/2024 20:17,14.8
8/31/2024 20:27,14.84
8/31/2024 20:37,14.75
8/31/2024 20:47,14.75
8/31/2024 20:57,14.75
8/31/2024 21:07,14.75
8/31/2024 21:17,14.71
8/31/2024 21:27,14.71
8/31/2024 21:37,14.71
8/31/2024 21:47,14.67
8/31/2024 21:57,14.71
8/31/2024 22:07,14.63
8/31/2024 22:17,14.67
8/31/2024 22:27,14.67
8/31/2024 22:37,14.67
8/31/2024 22:47,14.63
8/31/2024 22:57,14.63
8/31/2024 23:07,14.63
8/31/2024 23:17,14.63
8/31/2024 23:27,14.63
8/31/2024 23:37,14.63
8/31/2024 23:47,14.58
8/31/2024 23:57,14.63
9/1/2024 0:07,14.58
9/1/2024 0:17,14.54
9/1/2024 0:27,14.54
9/1/2024 0:37,14.54
9/1/2024 0:47,14.5
9/1/2024 0:57,14.5
9/1/2024 1:07,14.5
9/1/2024 1:17,14.45
9/1/2024 1:27,14.41
9/1/2024 1:37,14.41
9/1/2024 1:47,14.37
9/1/2024 1:57,14.33
9/1/2024 2:07,14.33
9/1/2024 2:17,14.33
9/1/2024 2:27,14.28
9/1/2024 2:37,14.24
9/1/2024 2:47,14.24
9/1/2024 2:57,14.24
9/1/2024 3:07,14.24
9/1/2024 3:17,14.2
9/1/2024 3:27,14.11
9/1/2024 3:37,14.11
9/1/2024 3:47,14.11
9/1/2024 3:57,14.11
9/1/2024 4:07,14.11
9/1/2024 4:17,14.11
9/1/2024 4:27,14.07
9/1/2024 4:37,14.03
9/1/2024 4:47,14.03
9/1/2024 4:57,13.98
9/1/2024 5:07,13.98
9/1/2024 5:17,13.98
9/1/2024 5:27,13.94
9/1/2024 5:37,13.9
9/1/2024 5:47,13.9
9/1/2024 5:57,13.9
9/1/2024 6:07,13.9
9/1/2024 6:17,13.85
9/1/2024 6:27,13.85
9/1/2024 6:37,13.85
9/1/2024 6:47,13.85
9/1/2024 6:57,13.81
9/1/2024 7:07,13.85
9/1/2024 7:17,13.85
9/1/2024 7:27,13.85
9/1/2024 7:37,13.85
9/1/2024 7:47,13.85
9/1/2024 7:57,13.85
9/1/2024 8:07,13.94
9/1/2024 8:17,13.9
9/1/2024 8:27,13.94
9/1/2024 8:37,13.94
9/1/2024 8:47,13.94
9/1/2024 8:57,13.98
9/1/2024 9:07,14.03
9/1/2024 9:17,14.07
9/1/2024 9:27,14.11
9/1/2024 9:37,14.15
9/1/2024 9:47,14.24
9/1/2024 9:57,14.28
9/1/2024 10:07,14.33
9/1/2024 10:17,14.41
9/1/2024 10:27,14.5
9/1/2024 10:37,14.58
9/1/2024 10:47,14.71
9/1/2024 10:57,14.71
9/1/2024 11:07,14.84
9/1/2024 11:17,14.88
9/1/2024 11:27,14.93
9/1/2024 11:37,15.01
9/1/2024 11:47,15.1
9/1/2024 11:57,15.14
9/1/2024 12:07,15.23
9/1/2024 12:17,15.23
9/1/2024 12:27,15.27
9/1/2024 12:37,15.36
9/1/2024 12:47,15.4
9/1/2024 12:57,15.48
9/1/2024 13:07,15.61
9/1/2024 13:17,15.66
9/1/2024 13:27,15.74
9/1/2024 13:37,15.78
9/1/2024 13:47,15.74
9/1/2024 13:57,15.87
9/1/2024 14:07,15.87
9/1/2024 14:17,15.91
9/1/2024 14:27,15.87
9/1/2024 14:37,16
9/1/2024 14:47,16
9/1/2024 14:57,16.04
9/1/2024 15:07,16.04
9/1/2024 15:17,16.08
9/1/2024 15:27,16.08
9/1/2024 15:37,16.13
9/1/2024 15:47,16.13
9/1/2024 15:57,16.13
9/1/2024 16:07,16.13
9/1/2024 16:17,16.13
9/1/2024 16:27,16.17
9/1/2024 16:37,16.13
9/1/2024 16:47,16.13
9/1/2024 16:57,16.13
9/1/2024 17:07,16.13
9/1/2024 17:17,16.08
9/1/2024 17:27,16.13
9/1/2024 17:37,16.08
9/1/2024 17:47,16.04
9/1/2024 17:57,16
9/1/2024 18:07,16
9/1/2024 18:17,15.96
9/1/2024 18:27,15.96
9/1/2024 18:37,15.91
9/1/2024 18:47,15.91
9/1/2024 18:57,15.91
9/1/2024 19:07,15.83
9/1/2024 19:17,15.83
9/1/2024 19:27,15.78
9/1/2024 19:37,15.78
9/1/2024 19:47,15.7
9/1/2024 19:57,15.7
9/1/2024 20:07,15.66
9/1/2024 20:17,15.66
9/1/2024 20:27,15.57
9/1/2024 20:37,15.61
9/1/2024 20:47,15.53
9/1/2024 20:57,15.48
9/1/2024 21:07,15.48
9/1/2024 21:17,15.44
9/1/2024 21:27,15.44
9/1/2024 21:37,15.36
9/1/2024 21:47,15.4
9/1/2024 21:57,15.4
9/1/2024 22:07,15.36
9/1/2024 22:17,15.31
9/1/2024 22:27,15.27
9/1/2024 22:37,15.27
9/1/2024 22:47,15.31
9/1/2024 22:57,15.23
9/1/2024 23:07,15.18
9/1/2024 23:17,15.18
9/1/2024 23:27,15.18
9/1/2024 23:37,15.14
9/1/2024 23:47,15.14
9/1/2024 23:57,15.1
9/2/2024 0:07,15.1
9/2/2024 0:17,15.06
9/2/2024 0:27,15.01
9/2/2024 0:37,15.06
9/2/2024 0:47,15.01
9/2/2024 0:57,14.97
9/2/2024 1:07,14.97
9/2/2024 1:17,14.93
9/2/2024 1:27,14.88
9/2/2024 1:37,14.88
9/2/2024 1:47,14.93
9/2/2024 1:57,14.88
9/2/2024 2:07,14.8
9/2/2024 2:17,14.84
9/2/2024 2:27,14.8
9/2/2024 2:37,14.8
9/2/2024 2:47,14.75
9/2/2024 2:57,14.8
9/2/2024 3:07,14.75
9/2/2024 3:17,14.8
9/2/2024 3:27,14.75
9/2/2024 3:37,14.71
9/2/2024 3:47,14.71
9/2/2024 3:57,14.63
9/2/2024 4:07,14.67
9/2/2024 4:17,14.63
9/2/2024 4:27,14.63
9/2/2024 4:37,14.58
9/2/2024 4:47,14.58
9/2/2024 4:57,14.63
9/2/2024 5:07,14.54
9/2/2024 5:17,14.58
9/2/2024 5:27,14.54
9/2/2024 5:37,14.54
9/2/2024 5:47,14.5
9/2/2024 5:57,14.41
9/2/2024 6:07,14.37
9/2/2024 6:17,14.41
9/2/2024 6:27,14.33
9/2/2024 6:37,14.33
9/2/2024 6:47,14.33
9/2/2024 6:57,14.28
9/2/2024 7:07,14.24
9/2/2024 7:17,14.28
9/2/2024 7:27,14.2
9/2/2024 7:37,14.28
9/2/2024 7:47,14.24
9/2/2024 7:57,14.24
9/2/2024 8:07,14.24
9/2/2024 8:17,14.24
9/2/2024 8:27,14.24
9/2/2024 8:37,14.24
9/2/2024 8:47,14.24
9/2/2024 8:57,14.24
9/2/2024 9:07,14.24
9/2/2024 9:17,14.24
9/2/2024 9:27,14.28
9/2/2024 9:37,14.33
9/2/2024 9:47,14.33
9/2/2024 9:57,14.37
9/2/2024 10:07,14.37
9/2/2024 10:17,14.41
9/2/2024 10:27,14.41
9/2/2024 10:37,14.5
9/2/2024 10:47,14.5
9/2/2024 10:57,14.5
9/2/2024 11:07,14.54
9/2/2024 11:17,14.54
9/2/2024 11:27,14.54
9/2/2024 11:37,14.54
9/2/2024 11:47,14.5
9/2/2024 11:57,14.54
9/2/2024 12:07,14.54
9/2/2024 12:17,14.54
9/2/2024 12:27,14.58
9/2/2024 12:37,14.63
9/2/2024 12:47,14.67
9/2/2024 12:57,14.67
9/2/2024 13:07,14.67
9/2/2024 13:17,14.71
9/2/2024 13:27,14.71
9/2/2024 13:37,14.71
9/2/2024 13:47,14.75
9/2/2024 13:57,14.71
9/2/2024 14:07,14.71
9/2/2024 14:17,14.8
9/2/2024 14:27,14.84
9/2/2024 14:37,14.84
9/2/2024 14:47,14.88
9/2/2024 14:57,14.88
9/2/2024 15:07,14.93
9/2/2024 15:17,14.93
9/2/2024 15:27,14.97
9/2/2024 15:37,14.97
9/2/2024 15:47,15.01
9/2/2024 15:57,15.01
9/2/2024 16:07,15.06
9/2/2024 16:17,15.01
9/2/2024 16:27,15.06
9/2/2024 16:37,15.01
9/2/2024 16:47,15.1
9/2/2024 16:57,15.06
9/2/2024 17:07,15.06
9/2/2024 17:17,15.06
9/2/2024 17:27,15.01
9/2/2024 17:37,14.97
9/2/2024 17:47,14.97
9/2/2024 17:57,14.93
9/2/2024 18:07,14.93
9/2/2024 18:17,14.93
9/2/2024 18:27,14.93
9/2/2024 18:37,14.84
9/2/2024 18:47,14.84
9/2/2024 18:57,14.84
9/2/2024 19:07,14.8
9/2/2024 19:17,14.75
9/2/2024 19:27,14.75
9/2/2024 19:37,14.8
9/2/2024 19:47,14.71
9/2/2024 19:57,14.67
9/2/2024 20:07,14.67
9/2/2024 20:17,14.63
9/2/2024 20:27,14.58
9/2/2024 20:37,14.54
9/2/2024 20:47,14.5
9/2/2024 20:57,14.45
9/2/2024 21:07,14.45
9/2/2024 21:17,14.37
9/2/2024 21:27,14.33
9/2/2024 21:37,14.33
9/2/2024 21:47,14.24
9/2/2024 21:57,14.24
9/2/2024 22:07,14.15
9/2/2024 22:17,14.15
9/2/2024 22:27,14.11
9/2/2024 22:37,14.07
9/2/2024 22:47,14.03
9/2/2024 22:57,14.03
9/2/2024 23:07,13.98
9/2/2024 23:17,13.85
9/2/2024 23:27,13.85
9/2/2024 23:37,13.81
9/2/2024 23:47,13.77
9/2/2024 23:57,13.77
9/3/2024 0:07,13.73
9/3/2024 0:17,13.68
9/3/2024 0:27,13.68
9/3/2024 0:37,13.6
9/3/2024 0:47,13.6
9/3/2024 0:57,13.55
9/3/2024 1:07,13.6
9/3/2024 1:17,13.51
9/3/2024 1:27,13.55
9/3/2024 1:37,13.47
9/3/2024 1:47,13.47
9/3/2024 1:57,13.43
9/3/2024 2:07,13.43
9/3/2024 2:17,13.34
9/3/2024 2:27,13.34
9/3/2024 2:37,13.34
9/3/2024 2:47,13.34
9/3/2024 2:57,13.3
9/3/2024 3:07,13.21
9/3/2024 3:17,13.21
9/3/2024 3:27,13.21
9/3/2024 3:37,13.21
9/3/2024 3:47,13.21
9/3/2024 3:57,13.12
9/3/2024 4:07,13.08
9/3/2024 4:17,13.08
9/3/2024 4:27,13.08
9/3/2024 4:37,13.04
9/3/2024 4:47,13
9/3/2024 4:57,13
9/3/2024 5:07,12.95
9/3/2024 5:17,12.95
9/3/2024 5:27,12.91
9/3/2024 5:37,12.87
9/3/2024 5:47,12.87
9/3/2024 5:57,12.82
9/3/2024 6:07,12.82
9/3/2024 6:17,12.82
9/3/2024 6:27,12.78
9/3/2024 6:37,12.74
9/3/2024 6:47,12.74
9/3/2024 6:57,12.74
9/3/2024 7:07,12.74
9/3/2024 7:17,12.74
9/3/2024 7:27,12.7
9/3/2024 7:37,12.78
9/3/2024 7:47,12.78
9/3/2024 7:57,12.78
9/3/2024 8:07,12.78
9/3/2024 8:17,12.78
9/3/2024 8:27,12.87
9/3/2024 8:37,12.91
9/3/2024 8:47,12.95
9/3/2024 8:57,12.95
9/3/2024 9:07,13
9/3/2024 9:17,13.04
9/3/2024 9:27,13.12
9/3/2024 9:37,13.17
9/3/2024 9:47,13.21
9/3/2024 9:57,13.3
9/3/2024 10:07,13.34
9/3/2024 10:17,13.43
9/3/2024 10:27,13.47
9/3/2024 10:37,13.6
9/3/2024 10:47,13.68
9/3/2024 10:57,13.77
9/3/2024 11:07,13.77
9/3/2024 11:17,13.98
9/3/2024 11:27,14.07
9/3/2024 11:37,14.15
9/3/2024 11:47,14.24
9/3/2024 11:57,14.37
9/3/2024 12:07,14.45
9/3/2024 12:17,14.5
9/3/2024 12:27,14.58
9/3/2024 12:37,14.75
9/3/2024 12:47,14.84
9/3/2024 12:57,14.88
9/3/2024 13:07,14.93
9/3/2024 13:17,15.06
9/3/2024 13:27,15.1
9/3/2024 13:37,15.14
9/3/2024 13:47,15.27
9/3/2024 13:57,15.31
9/3/2024 14:07,15.31
9/3/2024 14:17,15.4
9/3/2024 14:27,15.44
9/3/2024 14:37,15.48
9/3/2024 14:47,15.57
9/3/2024 14:57,15.57
9/3/2024 15:07,15.61
9/3/2024 15:17,15.66
9/3/2024 15:27,15.66
9/3/2024 15:37,15.7
9/3/2024 15:47,15.78
9/3/2024 15:57,15.78
9/3/2024 16:07,15.78
9/3/2024 16:17,15.74
9/3/2024 16:27,15.74
9/3/2024 16:37,15.74
9/3/2024 16:47,15.74
9/3/2024 16:57,15.74
9/3/2024 17:07,15.7
9/3/2024 17:17,15.7
9/3/2024 17:27,15.7
9/3/2024 17:37,15.7
9/3/2024 17:47,15.7
9/3/2024 17:57,15.66
9/3/2024 18:07,15.57
9/3/2024 18:17,15.61
9/3/2024 18:27,15.61
9/3/2024 18:37,15.53
9/3/2024 18:47,15.57
9/3/2024 18:57,15.48
9/3/2024 19:07,15.44
9/3/2024 19:17,15.44
9/3/2024 19:27,15.44
9/3/2024 19:37,15.4
9/3/2024 19:47,15.31
9/3/2024 19:57,15.27
9/3/2024 20:07,15.27
9/3/2024 20:17,15.18
9/3/2024 20:27,15.14
9/3/2024 20:37,15.1
9/3/2024 20:47,15.06
9/3/2024 20:57,15.01
9/3/2024 21:07,14.97
9/3/2024 21:17,14.93
9/3/2024 21:27,14.88
9/3/2024 21:37,14.84
9/3/2024 21:47,14.75
9/3/2024 21:57,14.71
9/3/2024 22:07,14.67
9/3/2024 22:17,14.63
9/3/2024 22:27,14.58
9/3/2024 22:37,14.54
9/3/2024 22:47,14.45
9/3/2024 22:57,14.5
9/3/2024 23:07,14.37
9/3/2024 23:17,14.37
9/3/2024 23:27,14.33
9/3/2024 23:37,14.28
9/3/2024 23:47,14.28
9/3/2024 23:57,14.15
9/4/2024 0:07,14.2
9/4/2024 0:17,14.15
9/4/2024 0:27,14.07
9/4/2024 0:37,14.03
9/4/2024 0:47,13.98
9/4/2024 0:57,13.98
9/4/2024 1:07,13.94
9/4/2024 1:17,13.85
9/4/2024 1:27,13.85
9/4/2024 1:37,13.81
9/4/2024 1:47,13.77
9/4/2024 1:57,13.73
9/4/2024 2:07,13.73
9/4/2024 2:17,13.68
9/4/2024 2:27,13.64
9/4/2024 2:37,13.6
9/4/2024 2:47,13.64
9/4/2024 2:57,13.55
9/4/2024 3:07,13.55
9/4/2024 3:17,13.51
9/4/2024 3:27,13.47
9/4/2024 3:37,13.47
9/4/2024 3:47,13.47
9/4/2024 3:57,13.43
9/4/2024 4:07,13.38
9/4/2024 4:17,13.34
9/4/2024 4:27,13.34
9/4/2024 4:37,13.3
9/4/2024 4:47,13.3
9/4/2024 4:57,13.25
9/4/2024 5:07,13.25
9/4/2024 5:17,13.17
9/4/2024 5:27,13.21
9/4/2024 5:37,13.17
9/4/2024 5:47,13.21
9/4/2024 5:57,13.21
9/4/2024 6:07,13.17
9/4/2024 6:17,13.12
9/4/2024 6:27,13.12
9/4/2024 6:37,13.08
9/4/2024 6:47,13.08
9/4/2024 6:57,13.12
9/4/2024 7:07,13.08
9/4/2024 7:17,13.08
9/4/2024 7:27,13.12
9/4/2024 7:37,13.08
9/4/2024 7:47,13.12
9/4/2024 7:57,13.12
9/4/2024 8:07,13.17
9/4/2024 8:17,13.25
9/4/2024 8:27,13.34
9/4/2024 8:37,13.34
9/4/2024 8:47,13.43
9/4/2024 8:57,13.51
9/4/2024 9:07,13.64
9/4/2024 9:17,13.68
9/4/2024 9:27,13.77
9/4/2024 9:37,13.85
9/4/2024 9:47,13.94
9/4/2024 9:57,14.03
9/4/2024 10:07,14.11
9/4/2024 10:17,14.2
9/4/2024 10:27,14.33
9/4/2024 10:37,14.45
9/4/2024 10:47,14.58
9/4/2024 10:57,14.71
9/4/2024 11:07,14.84
9/4/2024 11:17,14.97
9/4/2024 11:27,15.14
9/4/2024 11:37,15.23
9/4/2024 11:47,15.36
9/4/2024 11:57,15.44
9/4/2024 12:07,15.53
9/4/2024 12:17,15.66
9/4/2024 12:27,15.74
9/4/2024 12:37,15.87
9/4/2024 12:47,15.91
9/4/2024 12:57,16
9/4/2024 13:07,16.08
9/4/2024 13:17,16.08
9/4/2024 13:27,16.13
9/4/2024 13:37,16.17
9/4/2024 13:47,16.21
9/4/2024 13:57,16.26
9/4/2024 14:07,16.26
9/4/2024 14:17,16.26
9/4/2024 14:27,16.34
9/4/2024 14:37,16.34
9/4/2024 14:47,16.3
9/4/2024 14:57,16.43
9/4/2024 15:07,16.39
9/4/2024 15:17,16.39
9/4/2024 15:27,16.43
9/4/2024 15:37,16.39
9/4/2024 15:47,16.43
9/4/2024 15:57,16.34
9/4/2024 16:07,16.34
9/4/2024 16:17,16.26
9/4/2024 16:27,16.26
9/4/2024 16:37,16.26
9/4/2024 16:47,16.17
9/4/2024 16:57,16.17
9/4/2024 17:07,16.13
9/4/2024 17:17,16.08
9/4/2024 17:27,16.08
9/4/2024 17:37,16
9/4/2024 17:47,15.96
9/4/2024 17:57,15.91
9/4/2024 18:07,15.87
9/4/2024 18:17,15.83
9/4/2024 18:27,15.7
9/4/2024 18:37,15.74
9/4/2024 18:47,15.61
9/4/2024 18:57,15.61
9/4/2024 19:07,15.48
9/4/2024 19:17,15.48
9/4/2024 19:27,15.44
9/4/2024 19:37,15.36
9/4/2024 19:47,15.27
9/4/2024 19:57,15.27
9/4/2024 20:07,15.18
9/4/2024 20:17,15.06
9/4/2024 20:27,15.06
9/4/2024 20:37,14.97
9/4/2024 20:47,14.88
9/4/2024 20:57,14.84
9/4/2024 21:07,14.75
9/4/2024 21:17,14.67
9/4/2024 21:27,14.67
9/4/2024 21:37,14.58
9/4/2024 21:47,14.5
9/4/2024 21:57,14.45
9/4/2024 22:07,14.41
9/4/2024 22:17,14.28
9/4/2024 22:27,14.28
9/4/2024 22:37,14.24
9/4/2024 22:47,14.2
9/4/2024 22:57,14.11
9/4/2024 23:07,14.11
9/4/2024 23:17,14.07
9/4/2024 23:27,13.94
9/4/2024 23:37,13.94
9/4/2024 23:47,13.85
9/4/2024 23:57,13.85
9/5/2024 0:07,13.81
9/5/2024 0:17,13.73
9/5/2024 0:27,13.77
9/5/2024 0:37,13.73
9/5/2024 0:47,13.64
9/5/2024 0:57,13.64
9/5/2024 1:07,13.55
9/5/2024 1:17,13.51
9/5/2024 1:27,13.51
9/5/2024 1:37,13.43
9/5/2024 1:47,13.43
9/5/2024 1:57,13.38
9/5/2024 2:07,13.34
9/5/2024 2:17,13.3
9/5/2024 2:27,13.25
9/5/2024 2:37,13.3
9/5/2024 2:47,13.25
9/5/2024 2:57,13.3
9/5/2024 3:07,13.21
9/5/2024 3:17,13.21
9/5/2024 3:27,13.21
9/5/2024 3:37,13.21
9/5/2024 3:47,13.21
9/5/2024 3:57,13.17
9/5/2024 4:07,13.17
9/5/2024 4:17,13.17
9/5/2024 4:27,13.12
9/5/2024 4:37,13.17
9/5/2024 4:47,13.17
9/5/2024 4:57,13.17
9/5/2024 5:07,13.17
9/5/2024 5:17,13.21
9/5/2024 5:27,13.21
9/5/2024 5:37,13.25
9/5/2024 5:47,13.21
9/5/2024 5:57,13.25
9/5/2024 6:07,13.25
9/5/2024 6:17,13.3
9/5/2024 6:27,13.25
9/5/2024 6:37,13.38
9/5/2024 6:47,13.3
9/5/2024 6:57,13.34
9/5/2024 7:07,13.43
9/5/2024 7:17,13.47
9/5/2024 7:27,13.47
9/5/2024 7:37,13.51
9/5/2024 7:47,13.55
9/5/2024 7:57,13.64
9/5/2024 8:07,13.68
9/5/2024 8:17,13.73
9/5/2024 8:27,13.73
9/5/2024 8:37,13.77
9/5/2024 8:47,13.81
9/5/2024 8:57,13.85
9/5/2024 9:07,13.85
9/5/2024 9:17,13.94
9/5/2024 9:27,13.94
9/5/2024 9:37,13.9
9/5/2024 9:47,13.98
9/5/2024 9:57,14.03
9/5/2024 10:07,14.07
9/5/2024 10:17,14.11
9/5/2024 10:27,14.11
9/5/2024 10:37,14.07
9/5/2024 10:47,14.2
9/5/2024 10:57,14.15
9/5/2024 11:07,14.2
9/5/2024 11:17,14.28
9/5/2024 11:27,14.28
9/5/2024 11:37,14.33
9/5/2024 11:47,14.33
9/5/2024 11:57,14.41
9/5/2024 12:07,14.41
9/5/2024 12:17,14.5
9/5/2024 12:27,14.54
9/5/2024 12:37,14.54
9/5/2024 12:47,14.63
9/5/2024 12:57,14.67
9/5/2024 13:07,14.75
9/5/2024 13:17,14.84
9/5/2024 13:27,14.84
9/5/2024 13:37,14.97
9/5/2024 13:47,15.01
9/5/2024 13:57,15.06
9/5/2024 14:07,15.06
9/5/2024 14:17,15.14
9/5/2024 14:27,15.18
9/5/2024 14:37,15.23
9/5/2024 14:47,15.27
9/5/2024 14:57,15.31
9/5/2024 15:07,15.31
9/5/2024 15:17,15.36
9/5/2024 15:27,15.36
9/5/2024 15:37,15.36
9/5/2024 15:47,15.36
9/5/2024 15:57,15.44
9/5/2024 16:07,15.44
9/5/2024 16:17,15.44
9/5/2024 16:27,15.48
9/5/2024 16:37,15.48
9/5/2024 16:47,15.53
9/5/2024 16:57,15.53
9/5/2024 17:07,15.53
9/5/2024 17:17,15.53
9/5/2024 17:27,15.53
9/5/2024 17:37,15.53
9/5/2024 17:47,15.48
9/5/2024 17:57,15.48
9/5/2024 18:07,15.53
9/5/2024 18:17,15.48
9/5/2024 18:27,15.53
9/5/2024 18:37,15.48
9/5/2024 18:47,15.48
9/5/2024 18:57,15.4
9/5/2024 19:07,15.48
9/5/2024 19:17,15.44
9/5/2024 19:27,15.4
9/5/2024 19:37,15.44
9/5/2024 19:47,15.4
9/5/2024 19:57,15.44
9/5/2024 20:07,15.44
9/5/2024 20:17,15.44
9/5/2024 20:27,15.4
9/5/2024 20:37,15.4
9/5/2024 20:47,15.31
9/5/2024 20:57,15.31
9/5/2024 21:07,15.31
9/5/2024 21:17,15.36
9/5/2024 21:27,15.27
9/5/2024 21:37,15.27
9/5/2024 21:47,15.23
9/5/2024 21:57,15.14
9/5/2024 22:07,15.27
9/5/2024 22:17,15.23
9/5/2024 22:27,15.23
9/5/2024 22:37,15.31
9/5/2024 22:47,15.36
9/5/2024 22:57,15.44
9/5/2024 23:07,15.44
9/5/2024 23:17,15.53
9/5/2024 23:27,15.57
9/5/2024 23:37,15.57
9/5/2024 23:47,15.57
9/5/2024 23:57,15.61
9/6/2024 0:07,15.61
9/6/2024 0:17,15.53
9/6/2024 0:27,15.48
9/6/2024 0:37,15.48
9/6/2024 0:47,15.4
9/6/2024 0:57,15.31
9/6/2024 1:07,15.23
9/6/2024 1:17,15.23
9/6/2024 1:27,15.14
9/6/2024 1:37,15.18
9/6/2024 1:47,15.14
9/6/2024 1:57,15.18
9/6/2024 2:07,15.14
9/6/2024 2:17,15.14
9/6/2024 2:27,15.14
9/6/2024 2:37,15.14
9/6/2024 2:47,15.1
9/6/2024 2:57,15.01
9/6/2024 3:07,15.01
9/6/2024 3:17,14.93
9/6/2024 3:27,14.84
9/6/2024 3:37,14.84
9/6/2024 3:47,14.8
9/6/2024 3:57,14.71
9/6/2024 4:07,14.63
9/6/2024 4:17,14.63
9/6/2024 4:27,14.54
9/6/2024 4:37,14.5
9/6/2024 4:47,14.37
9/6/2024 4:57,14.33
9/6/2024 5:07,14.24
9/6/2024 5:17,14.2
9/6/2024 5:27,14.15
9/6/2024 5:37,14.03
9/6/2024 5:47,13.98
9/6/2024 5:57,13.9
9/6/2024 6:07,13.81
9/6/2024 6:17,13.73
9/6/2024 6:27,13.64
9/6/2024 6:37,13.55
9/6/2024 6:47,13.51
9/6/2024 6:57,13.47
9/6/2024 7:07,13.38
9/6/2024 7:17,13.34
9/6/2024 7:27,13.3
9/6/2024 7:37,13.25
9/6/2024 7:47,13.25
9/6/2024 7:57,13.21
9/6/2024 8:07,13.21
9/6/2024 8:17,13.17
9/6/2024 8:27,13.17
9/6/2024 8:37,13.12
9/6/2024 8:47,13.12
9/6/2024 8:57,13.12
9/6/2024 9:07,13.12
9/6/2024 9:17,13.12
9/6/2024 9:27,13.12
9/6/2024 9:37,13.21
9/6/2024 9:47,13.17
9/6/2024 9:57,13.21
9/6/2024 10:07,13.21
9/6/2024 10:17,13.25
9/6/2024 10:27,13.34
9/6/2024 10:37,13.38
9/6/2024 10:47,13.47
9/6/2024 10:57,13.47
9/6/2024 11:07,13.6
9/6/2024 11:17,13.64
9/6/2024 11:27,13.68
9/6/2024 11:37,13.68
9/6/2024 11:47,13.81
9/6/2024 11:57,13.85
9/6/2024 12:07,13.94
9/6/2024 12:17,13.94
9/6/2024 12:27,13.98
9/6/2024 12:37,14.07
9/6/2024 12:47,14.07
9/6/2024 12:57,14.15
9/6/2024 13:07,14.11
9/6/2024 13:17,14.2
9/6/2024 13:27,14.24
9/6/2024 13:37,14.24
9/6/2024 13:47,14.24
9/6/2024 13:57,14.33
9/6/2024 14:07,14.28
9/6/2024 14:17,14.28
9/6/2024 14:27,14.24
9/6/2024 14:37,14.24
9/6/2024 14:47,14.24
9/6/2024 14:57,14.24
9/6/2024 15:07,14.24
9/6/2024 15:17,14.2
9/6/2024 15:27,14.2
9/6/2024 15:37,14.15
9/6/2024 15:47,14.11
9/6/2024 15:57,14.11
9/6/2024 16:07,14.03
9/6/2024 16:17,13.98
9/6/2024 16:27,13.94
9/6/2024 16:37,13.85
9/6/2024 16:47,13.81
9/6/2024 16:57,13.77
9/6/2024 17:07,13.68
9/6/2024 17:17,13.6
9/6/2024 17:27,13.51
9/6/2024 17:37,13.38
9/6/2024 17:47,13.34
9/6/2024 17:57,13.3
9/6/2024 18:07,13.25
9/6/2024 18:17,13.21
9/6/2024 18:27,13.12
9/6/2024 18:37,13.04
9/6/2024 18:47,12.95
9/6/2024 18:57,12.91
9/6/2024 19:07,12.82
9/6/2024 19:17,12.74
9/6/2024 19:27,12.74
9/6/2024 19:37,12.7
9/6/2024 19:47,12.65
9/6/2024 19:57,12.57
9/6/2024 20:07,12.57
9/6/2024 20:17,12.52
9/6/2024 20:27,12.48
9/6/2024 20:37,12.44
9/6/2024 20:47,12.4
9/6/2024 20:57,12.35
9/6/2024 21:07,12.31
9/6/2024 21:17,12.35
9/6/2024 21:27,12.27
9/6/2024 21:37,12.27
9/6/2024 21:47,12.22
9/6/2024 21:57,12.27
9/6/2024 22:07,12.18
9/6/2024 22:17,12.14
9/6/2024 22:27,12.14
9/6/2024 22:37,12.05
9/6/2024 22:47,12.1
9/6/2024 22:57,12.1
9/6/2024 23:07,12.05
9/6/2024 23:17,12.05
9/6/2024 23:27,12.05
9/6/2024 23:37,12.01
9/6/2024 23:47,12.01
9/6/2024 23:57,12.01
9/7/2024 0:07,11.97
9/7/2024 0:17,11.97
9/7/2024 0:27,11.92
9/7/2024 0:37,12.01
9/7/2024 0:47,11.92
9/7/2024 0:57,11.92
9/7/2024 1:07,11.92
9/7/2024 1:17,11.92
9/7/2024 1:27,11.88
9/7/2024 1:37,11.92
9/7/2024 1:47,11.88
9/7/2024 1:57,11.79
9/7/2024 2:07,11.84
9/7/2024 2:17,11.88
9/7/2024 2:27,11.84
9/7/2024 2:37,11.84
9/7/2024 2:47,11.79
9/7/2024 2:57,11.79
9/7/2024 3:07,11.75
9/7/2024 3:17,11.75
9/7/2024 3:27,11.79
9/7/2024 3:37,11.75
9/7/2024 3:47,11.75
9/7/2024 3:57,11.75
9/7/2024 4:07,11.79
9/7/2024 4:17,11.79
9/7/2024 4:27,11.79
9/7/2024 4:37,11.79
9/7/2024 4:47,11.79
9/7/2024 4:57,11.79
9/7/2024 5:07,11.84
9/7/2024 5:17,11.79
9/7/2024 5:27,11.79
9/7/2024 5:37,11.79
9/7/2024 5:47,11.84
9/7/2024 5:57,11.84
9/7/2024 6:07,11.88
9/7/2024 6:17,11.84
9/7/2024 6:27,11.92
9/7/2024 6:37,11.92
9/7/2024 6:47,11.97
9/7/2024 6:57,12.01
9/7/2024 7:07,12.01
9/7/2024 7:17,12.01
9/7/2024 7:27,12.14
9/7/2024 7:37,12.14
9/7/2024 7:47,12.22
9/7/2024 7:57,12.22
9/7/2024 8:07,12.31
9/7/2024 8:17,12.35
9/7/2024 8:27,12.4
9/7/2024 8:37,12.48
9/7/2024 8:47,12.48
9/7/2024 8:57,12.57
9/7/2024 9:07,12.57
9/7/2024 9:17,12.65
9/7/2024 9:27,12.82
9/7/2024 9:37,12.82
9/7/2024 9:47,12.82
9/7/2024 9:57,12.91
9/7/2024 10:07,13
9/7/2024 10:17,13.21
9/7/2024 10:27,13.25
9/7/2024 10:37,13.38
9/7/2024 10:47,13.47
9/7/2024 10:57,13.55
9/7/2024 11:07,13.64
9/7/2024 11:17,13.77
9/7/2024 11:27,13.9
9/7/2024 11:37,14.03
9/7/2024 11:47,14.15
9/7/2024 11:57,14.24
9/7/2024 12:07,14.28
9/7/2024 12:17,14.37
9/7/2024 12:27,14.45
9/7/2024 12:37,14.54
9/7/2024 12:47,14.67
9/7/2024 12:57,14.67
9/7/2024 13:07,14.75
9/7/2024 13:17,14.75
9/7/2024 13:27,14.84
9/7/2024 13:37,14.84
9/7/2024 13:47,14.84
9/7/2024 13:57,14.84
9/7/2024 14:07,14.8
9/7/2024 14:17,14.88
9/7/2024 14:27,14.93
9/7/2024 14:37,14.88
9/7/2024 14:47,14.93
9/7/2024 14:57,14.93
9/7/2024 15:07,14.97
9/7/2024 15:17,14.97
9/7/2024 15:27,14.93
9/7/2024 15:37,14.93
9/7/2024 15:47,14.93
9/7/2024 15:57,14.93
9/7/2024 16:07,14.88
9/7/2024 16:17,14.88
9/7/2024 16:27,14.88
9/7/2024 16:37,14.8
9/7/2024 16:47,14.8
9/7/2024 16:57,14.75
9/7/2024 17:07,14.75
9/7/2024 17:17,14.67
9/7/2024 17:27,14.67
9/7/2024 17:37,14.58
9/7/2024 17:47,14.54
9/7/2024 17:57,14.54
9/7/2024 18:07,14.5
9/7/2024 18:17,14.45
9/7/2024 18:27,14.41
9/7/2024 18:37,14.33
9/7/2024 18:47,14.33
9/7/2024 18:57,14.2
9/7/2024 19:07,14.15
9/7/2024 19:17,14.15
9/7/2024 19:27,14.07
9/7/2024 19:37,14.03
9/7/2024 19:47,14.03
9/7/2024 19:57,13.94
9/7/2024 20:07,13.9
9/7/2024 20:17,13.85
9/7/2024 20:27,13.85
9/7/2024 20:37,13.85
9/7/2024 20:47,13.77
9/7/2024 20:57,13.77
9/7/2024 21:07,13.81
9/7/2024 21:17,13.73
9/7/2024 21:27,13.68
9/7/2024 21:37,13.64
9/7/2024 21:47,13.6
9/7/2024 21:57,13.6
9/7/2024 22:07,13.55
9/7/2024 22:17,13.55
9/7/2024 22:27,13.51
9/7/2024 22:37,13.55
9/7/2024 22:47,13.51
9/7/2024 22:57,13.51
9/7/2024 23:07,13.43
9/7/2024 23:17,13.51
9/7/2024 23:27,13.38
9/7/2024 23:37,13.38
9/7/2024 23:47,13.43
9/7/2024 23:57,13.38
9/8/2024 0:07,13.38
9/8/2024 0:17,13.34
9/8/2024 0:27,13.34
9/8/2024 0:37,13.34
9/8/2024 0:47,13.34
9/8/2024 0:57,13.34
9/8/2024 1:07,13.3
9/8/2024 1:17,13.3
9/8/2024 1:27,13.3
9/8/2024 1:37,13.3
9/8/2024 1:47,13.25
9/8/2024 1:57,13.34
9/8/2024 2:07,13.3
9/8/2024 2:17,13.25
9/8/2024 2:27,13.25
9/8/2024 2:37,13.25
9/8/2024 2:47,13.3
9/8/2024 2:57,13.25
9/8/2024 3:07,13.25
9/8/2024 3:17,13.25
9/8/2024 3:27,13.21
9/8/2024 3:37,13.25
9/8/2024 3:47,13.17
9/8/2024 3:57,13.17
9/8/2024 4:07,13.17
9/8/2024 4:17,13.12
9/8/2024 4:27,13.12
9/8/2024 4:37,13.12
9/8/2024 4:47,13.08
9/8/2024 4:57,13.04
9/8/2024 5:07,13.08
9/8/2024 5:17,13.04
9/8/2024 5:27,13.04
9/8/2024 5:37,13.04
9/8/2024 5:47,13
9/8/2024 5:57,12.95
9/8/2024 6:07,12.91
9/8/2024 6:17,12.91
9/8/2024 6:27,12.91
9/8/2024 6:37,12.91
9/8/2024 6:47,12.87
9/8/2024 6:57,12.82
9/8/2024 7:07,12.82
9/8/2024 7:17,12.82
9/8/2024 7:27,12.78
9/8/2024 7:37,12.82
9/8/2024 7:47,12.82
9/8/2024 7:57,12.82
9/8/2024 8:07,12.91
9/8/2024 8:17,12.91
9/8/2024 8:27,12.95
9/8/2024 8:37,13.04
9/8/2024 8:47,13.04
9/8/2024 8:57,13.04
9/8/2024 9:07,13.08
9/8/2024 9:17,13.17
9/8/2024 9:27,13.25
9/8/2024 9:37,13.34
9/8/2024 9:47,13.34
9/8/2024 9:57,13.47
9/8/2024 10:07,13.55
9/8/2024 10:17,13.64
9/8/2024 10:27,13.77
9/8/2024 10:37,13.85
9/8/2024 10:47,13.9
9/8/2024 10:57,14.07
9/8/2024 11:07,14.11
9/8/2024 11:17,14.24
9/8/2024 11:27,14.28
9/8/2024 11:37,14.37
9/8/2024 11:47,14.41
9/8/2024 11:57,14.54
9/8/2024 12:07,14.58
9/8/2024 12:17,14.63
9/8/2024 12:27,14.75
9/8/2024 12:37,14.75
9/8/2024 12:47,14.84
9/8/2024 12:57,14.93
9/8/2024 13:07,15.01
9/8/2024 13:17,15.06
9/8/2024 13:27,15.14
9/8/2024 13:37,15.18
9/8/2024 13:47,15.18
9/8/2024 13:57,15.23
9/8/2024 14:07,15.27
9/8/2024 14:17,15.31
9/8/2024 14:27,15.31
9/8/2024 14:37,15.31
9/8/2024 14:47,15.36
9/8/2024 14:57,15.4
9/8/2024 15:07,15.4
9/8/2024 15:17,15.48
9/8/2024 15:27,15.48
9/8/2024 15:37,15.44
9/8/2024 15:47,15.44
9/8/2024 15:57,15.44
9/8/2024 16:07,15.44
9/8/2024 16:17,15.44
9/8/2024 16:27,15.4
9/8/2024 16:37,15.44
9/8/2024 16:47,15.36
9/8/2024 16:57,15.36
9/8/2024 17:07,15.27
9/8/2024 17:17,15.27
9/8/2024 17:27,15.23
9/8/2024 17:37,15.18
9/8/2024 17:47,15.18
9/8/2024 17:57,15.14
9/8/2024 18:07,15.1
9/8/2024 18:17,15.06
9/8/2024 18:27,15.01
9/8/2024 18:37,15.01
9/8/2024 18:47,14.93
9/8/2024 18:57,14.93
9/8/2024 19:07,14.88
9/8/2024 19:17,14.84
9/8/2024 19:27,14.8
9/8/2024 19:37,14.8
9/8/2024 19:47,14.75
9/8/2024 19:57,14.71
9/8/2024 20:07,14.67
9/8/2024 20:17,14.63
9/8/2024 20:27,14.63
9/8/2024 20:37,14.54
9/8/2024 20:47,14.63
9/8/2024 20:57,14.63
9/8/2024 21:07,14.71
9/8/2024 21:17,14.71
9/8/2024 21:27,14.63
9/8/2024 21:37,14.54
9/8/2024 21:47,14.5
9/8/2024 21:57,14.41
9/8/2024 22:07,14.33
9/8/2024 22:17,14.33
9/8/2024 22:27,14.33
9/8/2024 22:37,14.33
9/8/2024 22:47,14.24
9/8/2024 22:57,14.24
9/8/2024 23:07,14.2
9/8/2024 23:17,14.15
9/8/2024 23:27,14.07
9/8/2024 23:37,14.07
9/8/2024 23:47,14.03
9/8/2024 23:57,14.03
9/9/2024 0:07,13.98
9/9/2024 0:17,13.94
9/9/2024 0:27,13.9
9/9/2024 0:37,13.9
9/9/2024 0:47,13.85
9/9/2024 0:57,13.85
9/9/2024 1:07,13.85
9/9/2024 1:17,13.81
9/9/2024 1:27,13.77
9/9/2024 1:37,13.77
9/9/2024 1:47,13.73
9/9/2024 1:57,13.68
9/9/2024 2:07,13.64
9/9/2024 2:17,13.6
9/9/2024 2:27,13.6
9/9/2024 2:37,13.55
9/9/2024 2:47,13.47
9/9/2024 2:57,13.43
9/9/2024 3:07,13.43
9/9/2024 3:17,13.38
9/9/2024 3:27,13.34
9/9/2024 3:37,13.25
9/9/2024 3:47,13.25
9/9/2024 3:57,13.21
9/9/2024 4:07,13.12
9/9/2024 4:17,13.08
9/9/2024 4:27,13.04
9/9/2024 4:37,13
9/9/2024 4:47,12.95
9/9/2024 4:57,12.91
9/9/2024 5:07,12.82
9/9/2024 5:17,12.74
9/9/2024 5:27,12.74
9/9/2024 5:37,12.7
9/9/2024 5:47,12.61
9/9/2024 5:57,12.57
9/9/2024 6:07,12.48
9/9/2024 6:17,12.48
9/9/2024 6:27,12.44
9/9/2024 6:37,12.4
9/9/2024 6:47,12.4
9/9/2024 6:57,12.31
9/9/2024 7:07,12.31
9/9/2024 7:17,12.27
9/9/2024 7:27,12.22
9/9/2024 7:37,12.18
9/9/2024 7:47,12.22
9/9/2024 7:57,12.22
9/9/2024 8:07,12.22
9/9/2024 8:17,12.27
9/9/2024 8:27,12.22
9/9/2024 8:37,12.18
9/9/2024 8:47,12.27
9/9/2024 8:57,12.27
9/9/2024 9:07,12.31
9/9/2024 9:17,12.35
9/9/2024 9:27,12.35
9/9/2024 9:37,12.44
9/9/2024 9:47,12.48
9/9/2024 9:57,12.48
9/9/2024 10:07,12.57
9/9/2024 10:17,12.65
9/9/2024 10:27,12.7
9/9/2024 10:37,12.74
9/9/2024 10:47,12.87
9/9/2024 10:57,13
9/9/2024 11:07,13.04
9/9/2024 11:17,13.12
9/9/2024 11:27,13.21
9/9/2024 11:37,13.34
9/9/2024 11:47,13.43
9/9/2024 11:57,13.43
9/9/2024 12:07,13.51
9/9/2024 12:17,13.68
9/9/2024 12:27,13.68
9/9/2024 12:37,13.81
9/9/2024 12:47,13.9
9/9/2024 12:57,13.9
9/9/2024 13:07,14.03
9/9/2024 13:17,14.07
9/9/2024 13:27,14.11
9/9/2024 13:37,14.2
9/9/2024 13:47,14.24
9/9/2024 13:57,14.2
9/9/2024 14:07,14.33
9/9/2024 14:17,14.33
9/9/2024 14:27,14.37
9/9/2024 14:37,14.45
9/9/2024 14:47,14.45
9/9/2024 14:57,14.45
9/9/2024 15:07,14.45
9/9/2024 15:17,14.45
9/9/2024 15:27,14.45
9/9/2024 15:37,14.5
9/9/2024 15:47,14.5
9/9/2024 15:57,14.5
9/9/2024 16:07,14.54
9/9/2024 16:17,14.58
9/9/2024 16:27,14.54
9/9/2024 16:37,14.5
9/9/2024 16:47,14.54
9/9/2024 16:57,14.5
9/9/2024 17:07,14.45
9/9/2024 17:17,14.41
9/9/2024 17:27,14.41
9/9/2024 17:37,14.37
9/9/2024 17:47,14.33
9/9/2024 17:57,14.28
9/9/2024 18:07,14.24
9/9/2024 18:17,14.24
9/9/2024 18:27,14.15
9/9/2024 18:37,14.11
9/9/2024 18:47,14.07
9/9/2024 18:57,13.98
9/9/2024 19:07,13.98
9/9/2024 19:17,13.85
9/9/2024 19:27,13.81
9/9/2024 19:37,13.81
9/9/2024 19:47,13.73
9/9/2024 19:57,13.6
9/9/2024 20:07,13.55
9/9/2024 20:17,13.51
9/9/2024 20:27,13.43
9/9/2024 20:37,13.38
9/9/2024 20:47,13.3
9/9/2024 20:57,13.25
9/9/2024 21:07,13.21
9/9/2024 21:17,13.12
9/9/2024 21:27,13.04
9/9/2024 21:37,13
9/9/2024 21:47,12.95
9/9/2024 21:57,12.87
9/9/2024 22:07,12.82
9/9/2024 22:17,12.78
9/9/2024 22:27,12.74
9/9/2024 22:37,12.65
9/9/2024 22:47,12.61
9/9/2024 22:57,12.52
9/9/2024 23:07,12.48
9/9/2024 23:17,12.4
9/9/2024 23:27,12.4
9/9/2024 23:37,12.27
9/9/2024 23:47,12.27
9/9/2024 23:57,12.18
9/10/2024 0:07,12.1
9/10/2024 0:17,12.1
9/10/2024 0:27,12.01
9/10/2024 0:37,11.97
9/10/2024 0:47,11.92
9/10/2024 0:57,11.88
9/10/2024 1:07,11.84
9/10/2024 1:17,11.79
9/10/2024 1:27,11.71
9/10/2024 1:37,11.67
9/10/2024 1:47,11.62
9/10/2024 1:57,11.58
9/10/2024 2:07,11.49
9/10/2024 2:17,11.45
9/10/2024 2:27,11.41
9/10/2024 2:37,11.37
9/10/2024 2:47,11.37
9/10/2024 2:57,11.32
9/10/2024 3:07,11.28
9/10/2024 3:17,11.19
9/10/2024 3:27,11.15
9/10/2024 3:37,11.15
9/10/2024 3:47,11.15
9/10/2024 3:57,11.11
9/10/2024 4:07,11.07
9/10/2024 4:17,10.98
9/10/2024 4:27,10.98
9/10/2024 4:37,10.98
9/10/2024 4:47,10.94
9/10/2024 4:57,10.89
9/10/2024 5:07,10.85
9/10/2024 5:17,10.81
9/10/2024 5:27,10.85
9/10/2024 5:37,10.81
9/10/2024 5:47,10.77
9/10/2024 5:57,10.81
9/10/2024 6:07,10.77
9/10/2024 6:17,10.72
9/10/2024 6:27,10.77
9/10/2024 6:37,10.77
9/10/2024 6:47,10.77
9/10/2024 6:57,10.77
9/10/2024 7:07,10.81
9/10/2024 7:17,10.81
9/10/2024 7:27,10.85
9/10/2024 7:37,10.85
9/10/2024 7:47,10.89
9/10/2024 7:57,10.89
9/10/2024 8:07,10.98
9/10/2024 8:17,11.02
9/10/2024 8:27,10.98
9/10/2024 8:37,11.11
9/10/2024 8:47,11.15
9/10/2024 8:57,11.24
9/10/2024 9:07,11.32
9/10/2024 9:17,11.41
9/10/2024 9:27,11.45
9/10/2024 9:37,11.54
9/10/2024 9:47,11.67
9/10/2024 9:57,11.75
9/10/2024 10:07,11.88
9/10/2024 10:17,12.01
9/10/2024 10:27,12.1
9/10/2024 10:37,12.27
9/10/2024 10:47,12.4
9/10/2024 10:57,12.52
9/10/2024 11:07,12.65
9/10/2024 11:17,12.74
9/10/2024 11:27,12.87
9/10/2024 11:37,12.95
9/10/2024 11:47,13.12
9/10/2024 11:57,13.21
9/10/2024 12:07,13.3
9/10/2024 12:17,13.38
9/10/2024 12:27,13.43
9/10/2024 12:37,13.55
9/10/2024 12:47,13.64
9/10/2024 12:57,13.73
9/10/2024 13:07,13.77
9/10/2024 13:17,13.81
9/10/2024 13:27,13.85
9/10/2024 13:37,13.94
9/10/2024 13:47,13.94
9/10/2024 13:57,14.03
9/10/2024 14:07,14.07
9/10/2024 14:17,14.11
9/10/2024 14:27,14.11
9/10/2024 14:37,14.15
9/10/2024 14:47,14.2
9/10/2024 14:57,14.2
9/10/2024 15:07,14.28
9/10/2024 15:17,14.37
9/10/2024 15:27,14.37
9/10/2024 15:37,14.41
9/10/2024 15:47,14.45
9/10/2024 15:57,14.5
9/10/2024 16:07,14.54
9/10/2024 16:17,14.58
9/10/2024 16:27,14.63
9/10/2024 16:37,14.58
9/10/2024 16:47,14.63
9/10/2024 16:57,14.67
9/10/2024 17:07,14.71
9/10/2024 17:17,14.71
9/10/2024 17:27,14.75
9/10/2024 17:37,14.75
9/10/2024 17:47,14.75
9/10/2024 17:57,14.8
9/10/2024 18:07,14.8
9/10/2024 18:17,14.8
9/10/2024 18:27,14.88
9/10/2024 18:37,14.88
9/10/2024 18:47,14.93
9/10/2024 18:57,14.93
9/10/2024 19:07,14.93
9/10/2024 19:17,14.93
9/10/2024 19:27,14.97
9/10/2024 19:37,15.01
9/10/2024 19:47,15.01
9/10/2024 19:57,15.01
9/10/2024 20:07,15.01
9/10/2024 20:17,15.06
9/10/2024 20:27,15.1
9/10/2024 20:37,15.1
9/10/2024 20:47,15.14
9/10/2024 20:57,15.14
9/10/2024 21:07,15.18
9/10/2024 21:17,15.14
9/10/2024 21:27,15.23
9/10/2024 21:37,15.18
9/10/2024 21:47,15.18
9/10/2024 21:57,15.23
9/10/2024 22:07,15.23
9/10/2024 22:17,15.23
9/10/2024 22:27,15.27
9/10/2024 22:37,15.31
9/10/2024 22:47,15.36
9/10/2024 22:57,15.4
9/10/2024 23:07,15.44
9/10/2024 23:17,15.44
9/10/2024 23:27,15.53
9/10/2024 23:37,15.53
9/10/2024 23:47,15.53
9/10/2024 23:57,15.57
9/11/2024 0:07,15.53
9/11/2024 0:17,15.53
9/11/2024 0:27,15.44
9/11/2024 0:37,15.44
9/11/2024 0:47,15.44
9/11/2024 0:57,15.53
9/11/2024 1:07,15.57
9/11/2024 1:17,15.61
9/11/2024 1:27,15.57
9/11/2024 1:37,15.57
9/11/2024 1:47,15.53
9/11/2024 1:57,15.48
9/11/2024 2:07,15.48
9/11/2024 2:17,15.44
9/11/2024 2:27,15.44
9/11/2024 2:37,15.4
9/11/2024 2:47,15.36
9/11/2024 2:57,15.31
9/11/2024 3:07,15.31
9/11/2024 3:17,15.27
9/11/2024 3:27,15.27
9/11/2024 3:37,15.27
9/11/2024 3:47,15.23
9/11/2024 3:57,15.23
9/11/2024 4:07,15.18
9/11/2024 4:17,15.14
9/11/2024 4:27,15.14
9/11/2024 4:37,15.14
9/11/2024 4:47,15.06
9/11/2024 4:57,15.1
9/11/2024 5:07,15.06
9/11/2024 5:17,14.97
9/11/2024 5:27,14.97
9/11/2024 5:37,14.93
9/11/2024 5:47,14.93
9/11/2024 5:57,14.93
9/11/2024 6:07,14.84
9/11/2024 6:17,14.8
9/11/2024 6:27,14.8
9/11/2024 6:37,14.8
9/11/2024 6:47,14.75
9/11/2024 6:57,14.71
9/11/2024 7:07,14.71
9/11/2024 7:17,14.67
9/11/2024 7:27,14.67
9/11/2024 7:37,14.67
9/11/2024 7:47,14.63
9/11/2024 7:57,14.63
9/11/2024 8:07,14.58
9/11/2024 8:17,14.58
9/11/2024 8:27,14.58
9/11/2024 8:37,14.63
9/11/2024 8:47,14.67
9/11/2024 8:57,14.67
9/11/2024 9:07,14.63
9/11/2024 9:17,14.67
9/11/2024 9:27,14.67
9/11/2024 9:37,14.75
9/11/2024 9:47,14.75
9/11/2024 9:57,14.8
9/11/2024 10:07,14.84
9/11/2024 10:17,14.93
9/11/2024 10:27,15.06
9/11/2024 10:37,15.06
9/11/2024 10:47,15.14
9/11/2024 10:57,15.23
9/11/2024 11:07,15.31
9/11/2024 11:17,15.4
9/11/2024 11:27,15.44
9/11/2024 11:37,15.61
9/11/2024 11:47,15.66
9/11/2024 11:57,15.7
9/11/2024 12:07,15.78
9/11/2024 12:17,15.87
9/11/2024 12:27,15.91
9/11/2024 12:37,16
9/11/2024 12:47,16.04
9/11/2024 12:57,16.13
9/11/2024 13:07,16.13
9/11/2024 13:17,16.17
9/11/2024 13:27,16.17
9/11/2024 13:37,16.21
9/11/2024 13:47,16.21
9/11/2024 13:57,16.26
9/11/2024 14:07,16.26
9/11/2024 14:17,16.26
9/11/2024 14:27,16.21
9/11/2024 14:37,16.26
9/11/2024 14:47,16.21
9/11/2024 14:57,16.3
9/11/2024 15:07,16.26
9/11/2024 15:17,16.26
9/11/2024 15:27,16.21
9/11/2024 15:37,16.17
9/11/2024 15:47,16.21
9/11/2024 15:57,16.17
9/11/2024 16:07,16.08
9/11/2024 16:17,16.08
9/11/2024 16:27,16.04
9/11/2024 16:37,16
9/11/2024 16:47,15.96
9/11/2024 16:57,15.91
9/11/2024 17:07,15.87
9/11/2024 17:17,15.87
9/11/2024 17:27,15.83
9/11/2024 17:37,15.74
9/11/2024 17:47,15.78
9/11/2024 17:57,15.7
9/11/2024 18:07,15.61
9/11/2024 18:17,15.61
9/11/2024 18:27,15.53
9/11/2024 18:37,15.48
9/11/2024 18:47,15.44
9/11/2024 18:57,15.44
9/11/2024 19:07,15.36
9/11/2024 19:17,15.31
9/11/2024 19:27,15.27
9/11/2024 19:37,15.18
9/11/2024 19:47,15.1
9/11/2024 19:57,15.06
9/11/2024 20:07,15.01
9/11/2024 20:17,14.97
9/11/2024 20:27,14.93
9/11/2024 20:37,14.88
9/11/2024 20:47,14.84
9/11/2024 20:57,14.8
9/11/2024 21:07,14.75
9/11/2024 21:17,14.71
9/11/2024 21:27,14.63
9/11/2024 21:37,14.67
9/11/2024 21:47,14.58
9/11/2024 21:57,14.54
9/11/2024 22:07,14.54
9/11/2024 22:17,14.5
9/11/2024 22:27,14.45
9/11/2024 22:37,14.41
9/11/2024 22:47,14.37
9/11/2024 22:57,14.37
9/11/2024 23:07,14.33
9/11/2024 23:17,14.28
9/11/2024 23:27,14.28
9/11/2024 23:37,14.24
9/11/2024 23:47,14.24
9/11/2024 23:57,14.2
9/12/2024 0:07,14.15
9/12/2024 0:17,14.15
9/12/2024 0:27,14.11
9/12/2024 0:37,14.07
9/12/2024 0:47,14.11
9/12/2024 0:57,14.07
9/12/2024 1:07,14.03
9/12/2024 1:17,14.03
9/12/2024 1:27,14.03
9/12/2024 1:37,13.98
9/12/2024 1:47,13.98
9/12/2024 1:57,13.98
9/12/2024 2:07,13.9
9/12/2024 2:17,13.9
9/12/2024 2:27,13.9
9/12/2024 2:37,13.9
9/12/2024 2:47,13.94
9/12/2024 2:57,13.85
9/12/2024 3:07,13.85
9/12/2024 3:17,13.85
9/12/2024 3:27,13.77
9/12/2024 3:37,13.77
9/12/2024 3:47,13.73
9/12/2024 3:57,13.73
9/12/2024 4:07,13.73
9/12/2024 4:17,13.73
9/12/2024 4:27,13.64
9/12/2024 4:37,13.6
9/12/2024 4:47,13.64
9/12/2024 4:57,13.55
9/12/2024 5:07,13.55
9/12/2024 5:17,13.47
9/12/2024 5:27,13.51
9/12/2024 5:37,13.51
9/12/2024 5:47,13.47
9/12/2024 5:57,13.47
9/12/2024 6:07,13.43
9/12/2024 6:17,13.38
9/12/2024 6:27,13.38
9/12/2024 6:37,13.34
9/12/2024 6:47,13.3
9/12/2024 6:57,13.3
9/12/2024 7:07,13.3
9/12/2024 7:17,13.3
9/12/2024 7:27,13.34
9/12/2024 7:37,13.25
9/12/2024 7:47,13.3
9/12/2024 7:57,13.3
9/12/2024 8:07,13.3
9/12/2024 8:17,13.38
9/12/2024 8:27,13.38
9/12/2024 8:37,13.38
9/12/2024 8:47,13.43
9/12/2024 8:57,13.51
9/12/2024 9:07,13.51
9/12/2024 9:17,13.6
9/12/2024 9:27,13.64
9/12/2024 9:37,13.68
9/12/2024 9:47,13.81
9/12/2024 9:57,13.85
9/12/2024 10:07,13.94
9/12/2024 10:17,13.94
9/12/2024 10:27,14.03
9/12/2024 10:37,14.11
9/12/2024 10:47,14.24
9/12/2024 10:57,14.33
9/12/2024 11:07,14.5
9/12/2024 11:17,14.54
9/12/2024 11:27,14.67
9/12/2024 11:37,14.71
9/12/2024 11:47,14.88
9/12/2024 11:57,14.93
9/12/2024 12:07,15.01
9/12/2024 12:17,15.1
9/12/2024 12:27,15.18
9/12/2024 12:37,15.27
9/12/2024 12:47,15.36
9/12/2024 12:57,15.4
9/12/2024 13:07,15.48
9/12/2024 13:17,15.53
9/12/2024 13:27,15.57
9/12/2024 13:37,15.66
9/12/2024 13:47,15.66
9/12/2024 13:57,15.66
9/12/2024 14:07,15.7
9/12/2024 14:17,15.7
9/12/2024 14:27,15.7
9/12/2024 14:37,15.74
9/12/2024 14:47,15.74
9/12/2024 14:57,15.78
9/12/2024 15:07,15.7
9/12/2024 15:17,15.74
9/12/2024 15:27,15.74
9/12/2024 15:37,15.74
9/12/2024 15:47,15.74
9/12/2024 15:57,15.7
9/12/2024 16:07,15.7
9/12/2024 16:17,15.7
9/12/2024 16:27,15.66
9/12/2024 16:37,15.66
9/12/2024 16:47,15.61
9/12/2024 16:57,15.57
9/12/2024 17:07,15.57
9/12/2024 17:17,15.53
9/12/2024 17:27,15.53
9/12/2024 17:37,15.48
9/12/2024 17:47,15.48
9/12/2024 17:57,15.44
9/12/2024 18:07,15.4
9/12/2024 18:17,15.36
9/12/2024 18:27,15.36
9/12/2024 18:37,15.31
9/12/2024 18:47,15.27
9/12/2024 18:57,15.27
9/12/2024 19:07,15.23
9/12/2024 19:17,15.18
9/12/2024 19:27,15.14
9/12/2024 19:37,15.06
9/12/2024 19:47,15.06
9/12/2024 19:57,15.01
9/12/2024 20:07,14.97
9/12/2024 20:17,14.97
9/12/2024 20:27,14.93
9/12/2024 20:37,14.88
9/12/2024 20:47,14.88
9/12/2024 20:57,14.84
9/12/2024 21:07,14.84
9/12/2024 21:17,14.75
9/12/2024 21:27,14.75
9/12/2024 21:37,14.67
9/12/2024 21:47,14.67
9/12/2024 21:57,14.67
9/12/2024 22:07,14.67
9/12/2024 22:17,14.58
9/12/2024 22:27,14.63
9/12/2024 22:37,14.58
9/12/2024 22:47,14.54
9/12/2024 22:57,14.5
9/12/2024 23:07,14.5
9/12/2024 23:17,14.5
9/12/2024 23:27,14.5
9/12/2024 23:37,14.41
9/12/2024 23:47,14.41
9/12/2024 23:57,14.41
9/13/2024 0:07,14.41
9/13/2024 0:17,14.41
9/13/2024 0:27,14.33
9/13/2024 0:37,14.37
9/13/2024 0:47,14.33
9/13/2024 0:57,14.33
9/13/2024 1:07,14.33
9/13/2024 1:17,14.28
9/13/2024 1:27,14.24
9/13/2024 1:37,14.24
9/13/2024 1:47,14.24
9/13/2024 1:57,14.24
9/13/2024 2:07,14.24
9/13/2024 2:17,14.2
9/13/2024 2:27,14.2
9/13/2024 2:37,14.2
9/13/2024 2:47,14.15
9/13/2024 2:57,14.15
9/13/2024 3:07,14.11
9/13/2024 3:17,14.15
9/13/2024 3:27,14.11
9/13/2024 3:37,14.07
9/13/2024 3:47,14.07
9/13/2024 3:57,14.07
9/13/2024 4:07,14.03
9/13/2024 4:17,14.03
9/13/2024 4:27,13.98
9/13/2024 4:37,13.94
9/13/2024 4:47,13.98
9/13/2024 4:57,13.94
9/13/2024 5:07,13.94
9/13/2024 5:17,13.9
9/13/2024 5:27,13.94
9/13/2024 5:37,13.9
9/13/2024 5:47,13.85
9/13/2024 5:57,13.85
9/13/2024 6:07,13.81
9/13/2024 6:17,13.81
9/13/2024 6:27,13.81
9/13/2024 6:37,13.77
9/13/2024 6:47,13.81
9/13/2024 6:57,13.77
9/13/2024 7:07,13.81
9/13/2024 7:17,13.81
9/13/2024 7:27,13.81
9/13/2024 7:37,13.85
9/13/2024 7:47,13.81
9/13/2024 7:57,13.85
9/13/2024 8:07,13.85
9/13/2024 8:17,13.9
9/13/2024 8:27,13.94
9/13/2024 8:37,13.98
9/13/2024 8:47,14.03
9/13/2024 8:57,14.03
9/13/2024 9:07,14.11
9/13/2024 9:17,14.15
9/13/2024 9:27,14.2
9/13/2024 9:37,14.2
9/13/2024 9:47,14.24
9/13/2024 9:57,14.24
9/13/2024 10:07,14.24
9/13/2024 10:17,14.28
9/13/2024 10:27,14.24
9/13/2024 10:37,14.28
9/13/2024 10:47,14.2
9/13/2024 10:57,14.24
9/13/2024 11:07,14.24
9/13/2024 11:17,14.24
9/13/2024 11:27,14.24
9/13/2024 11:37,14.24
9/13/2024 11:47,14.2
9/13/2024 11:57,14.2
9/13/2024 12:07,14.2
9/13/2024 12:17,14.15
9/13/2024 12:27,14.15
9/13/2024 12:37,14.15
9/13/2024 12:47,14.11
9/13/2024 12:57,14.11
9/13/2024 13:07,14.11
9/13/2024 13:17,14.07
9/13/2024 13:27,14.07
9/13/2024 13:37,14.03
9/13/2024 13:47,14.03
9/13/2024 13:57,13.98
9/13/2024 14:07,13.94
9/13/2024 14:17,13.94
9/13/2024 14:27,13.9
9/13/2024 14:37,13.85
9/13/2024 14:47,13.85
9/13/2024 14:57,13.85
9/13/2024 15:07,13.85
9/13/2024 15:17,13.81
9/13/2024 15:27,13.77
9/13/2024 15:37,13.73
9/13/2024 15:47,13.77
9/13/2024 15:57,13.77
9/13/2024 16:07,13.73
9/13/2024 16:17,13.68
9/13/2024 16:27,13.68
9/13/2024 16:37,13.64
9/13/2024 16:47,13.64
9/13/2024 16:57,13.6
9/13/2024 17:07,13.55
9/13/2024 17:17,13.47
9/13/2024 17:27,13.47
9/13/2024 17:37,13.38
9/13/2024 17:47,13.38
9/13/2024 17:57,13.25
9/13/2024 18:07,13.25
9/13/2024 18:17,13.21
9/13/2024 18:27,13.12
9/13/2024 18:37,13.04
9/13/2024 18:47,13
9/13/2024 18:57,12.91
9/13/2024 19:07,12.91
9/13/2024 19:17,12.78
9/13/2024 19:27,12.7
9/13/2024 19:37,12.65
9/13/2024 19:47,12.61
9/13/2024 19:57,12.52
9/13/2024 20:07,12.48
9/13/2024 20:17,12.4
9/13/2024 20:27,12.4
9/13/2024 20:37,12.27
9/13/2024 20:47,12.22
9/13/2024 20:57,12.14
9/13/2024 21:07,12.05
9/13/2024 21:17,12.05
9/13/2024 21:27,11.92
9/13/2024 21:37,11.84
9/13/2024 21:47,11.75
9/13/2024 21:57,11.71
9/13/2024 22:07,11.67
9/13/2024 22:17,11.58
9/13/2024 22:27,11.54
9/13/2024 22:37,11.49
9/13/2024 22:47,11.45
9/13/2024 22:57,11.32
9/13/2024 23:07,11.28
9/13/2024 23:17,11.24
9/13/2024 23:27,11.11
9/13/2024 23:37,11.11
9/13/2024 23:47,11.07
9/13/2024 23:57,10.98
9/14/2024 0:07,10.94
9/14/2024 0:17,10.89
9/14/2024 0:27,10.85
9/14/2024 0:37,10.77
9/14/2024 0:47,10.68
9/14/2024 0:57,10.64
9/14/2024 1:07,10.51
9/14/2024 1:17,10.55
9/14/2024 1:27,10.46
9/14/2024 1:37,10.42
9/14/2024 1:47,10.38
9/14/2024 1:57,10.34
9/14/2024 2:07,10.25
9/14/2024 2:17,10.16
9/14/2024 2:27,10.16
9/14/2024 2:37,10.12
9/14/2024 2:47,10.08
9/14/2024 2:57,10.04
9/14/2024 3:07,9.95
9/14/2024 3:17,9.91
9/14/2024 3:27,9.86
9/14/2024 3:37,9.82
9/14/2024 3:47,9.78
9/14/2024 3:57,9.74
9/14/2024 4:07,9.74
9/14/2024 4:17,9.65
9/14/2024 4:27,9.61
9/14/2024 4:37,9.56
9/14/2024 4:47,9.56
9/14/2024 4:57,9.52
9/14/2024 5:07,9.48
9/14/2024 5:17,9.44
9/14/2024 5:27,9.39
9/14/2024 5:37,9.35
9/14/2024 5:47,9.31
9/14/2024 5:57,9.31
9/14/2024 6:07,9.26
9/14/2024 6:17,9.26
9/14/2024 6:27,9.14
9/14/2024 6:37,9.18
9/14/2024 6:47,9.18
9/14/2024 6:57,9.18
9/14/2024 7:07,9.18
9/14/2024 7:17,9.18
9/14/2024 7:27,9.18
9/14/2024 7:37,9.22
9/14/2024 7:47,9.22
9/14/2024 7:57,9.31
9/14/2024 8:07,9.31
9/14/2024 8:17,9.35
9/14/2024 8:27,9.39
9/14/2024 8:37,9.44
9/14/2024 8:47,9.52
9/14/2024 8:57,9.61
9/14/2024 9:07,9.69
9/14/2024 9:17,9.78
9/14/2024 9:27,9.86
9/14/2024 9:37,9.95
9/14/2024 9:47,10.08
9/14/2024 9:57,10.12
9/14/2024 10:07,10.21
9/14/2024 10:17,10.29
9/14/2024 10:27,10.42
9/14/2024 10:37,10.55
9/14/2024 10:47,10.59
9/14/2024 10:57,10.68
9/14/2024 11:07,10.81
9/14/2024 11:17,10.89
9/14/2024 11:27,10.94
9/14/2024 11:37,11.07
9/14/2024 11:47,11.11
9/14/2024 11:57,11.15
9/14/2024 12:07,11.32
9/14/2024 12:17,11.37
9/14/2024 12:27,11.41
9/14/2024 12:37,11.54
9/14/2024 12:47,11.58
9/14/2024 12:57,11.62
9/14/2024 13:07,11.71
9/14/2024 13:17,11.79
9/14/2024 13:27,11.92
9/14/2024 13:37,12.01
9/14/2024 13:47,12.05
9/14/2024 13:57,12.14
9/14/2024 14:07,12.14
9/14/2024 14:17,12.18
9/14/2024 14:27,12.22
9/14/2024 14:37,12.27
9/14/2024 14:47,12.27
9/14/2024 14:57,12.31
9/14/2024 15:07,12.35
9/14/2024 15:17,12.4
9/14/2024 15:27,12.4
9/14/2024 15:37,12.4
9/14/2024 15:47,12.4
9/14/2024 15:57,12.4
9/14/2024 16:07,12.44
9/14/2024 16:17,12.44
9/14/2024 16:27,12.44
9/14/2024 16:37,12.4
9/14/2024 16:47,12.44
9/14/2024 16:57,12.44
9/14/2024 17:07,12.44
9/14/2024 17:17,12.44
9/14/2024 17:27,12.44
9/14/2024 17:37,12.4
9/14/2024 17:47,12.4
9/14/2024 17:57,12.4
9/14/2024 18:07,12.4
9/14/2024 18:17,12.4
9/14/2024 18:27,12.35
9/14/2024 18:37,12.35
9/14/2024 18:47,12.31
9/14/2024 18:57,12.31
9/14/2024 19:07,12.31
9/14/2024 19:17,12.27
9/14/2024 19:27,12.31
9/14/2024 19:37,12.31
9/14/2024 19:47,12.31
9/14/2024 19:57,12.27
9/14/2024 20:07,12.18
9/14/2024 20:17,12.22
9/14/2024 20:27,12.18
9/14/2024 20:37,12.18
9/14/2024 20:47,12.14
9/14/2024 20:57,12.1
9/14/2024 21:07,12.1
9/14/2024 21:17,12.05
9/14/2024 21:27,12.1
9/14/2024 21:37,12.1
9/14/2024 21:47,12.05
9/14/2024 21:57,12.01
9/14/2024 22:07,12.01
9/14/2024 22:17,12.01
9/14/2024 22:27,11.97
9/14/2024 22:37,11.97
9/14/2024 22:47,11.92
9/14/2024 22:57,11.92
9/14/2024 23:07,11.92
9/14/2024 23:17,11.88
9/14/2024 23:27,11.88
9/14/2024 23:37,11.84
9/14/2024 23:47,11.84
9/14/2024 23:57,11.79
9/15/2024 0:07,11.75
9/15/2024 0:17,11.75
9/15/2024 0:27,11.75
9/15/2024 0:37,11.71
9/15/2024 0:47,11.67
9/15/2024 0:57,11.71
9/15/2024 1:07,11.62
9/15/2024 1:17,11.67
9/15/2024 1:27,11.62
9/15/2024 1:37,11.62
9/15/2024 1:47,11.58
9/15/2024 1:57,11.62
9/15/2024 2:07,11.54
9/15/2024 2:17,11.54
9/15/2024 2:27,11.54
9/15/2024 2:37,11.54
9/15/2024 2:47,11.49
9/15/2024 2:57,11.49
9/15/2024 3:07,11.45
9/15/2024 3:17,11.45
9/15/2024 3:27,11.45
9/15/2024 3:37,11.45
9/15/2024 3:47,11.49
9/15/2024 3:57,11.45
9/15/2024 4:07,11.41
9/15/2024 4:17,11.41
9/15/2024 4:27,11.41
9/15/2024 4:37,11.37
9/15/2024 4:47,11.37
9/15/2024 4:57,11.37
9/15/2024 5:07,11.32
9/15/2024 5:17,11.37
9/15/2024 5:27,11.37
9/15/2024 5:37,11.37
9/15/2024 5:47,11.32
9/15/2024 5:57,11.37
9/15/2024 6:07,11.32
9/15/2024 6:17,11.32
9/15/2024 6:27,11.32
9/15/2024 6:37,11.32
9/15/2024 6:47,11.32
9/15/2024 6:57,11.37
9/15/2024 7:07,11.37
9/15/2024 7:17,11.37
9/15/2024 7:27,11.41
9/15/2024 7:37,11.37
9/15/2024 7:47,11.37
9/15/2024 7:57,11.41
9/15/2024 8:07,11.45
9/15/2024 8:17,11.45
9/15/2024 8:27,11.41
9/15/2024 8:37,11.49
9/15/2024 8:47,11.54
9/15/2024 8:57,11.54
9/15/2024 9:07,11.54
9/15/2024 9:17,11.58
9/15/2024 9:27,11.62
9/15/2024 9:37,11.62
9/15/2024 9:47,11.71
9/15/2024 9:57,11.79
9/15/2024 10:07,11.84
9/15/2024 10:17,11.88
9/15/2024 10:27,11.97
9/15/2024 10:37,12.05
9/15/2024 10:47,12.14
9/15/2024 10:57,12.18
9/15/2024 11:07,12.31
9/15/2024 11:17,12.4
9/15/2024 11:27,12.52
9/15/2024 11:37,12.57
9/15/2024 11:47,12.65
9/15/2024 11:57,12.74
9/15/2024 12:07,12.82
9/15/2024 12:17,12.91
9/15/2024 12:27,13
9/15/2024 12:37,13.12
9/15/2024 12:47,13.21
9/15/2024 12:57,13.25
9/15/2024 13:07,13.34
9/15/2024 13:17,13.38
9/15/2024 13:27,13.43
9/15/2024 13:37,13.51
9/15/2024 13:47,13.47
9/15/2024 13:57,13.55
9/15/2024 14:07,13.51
9/15/2024 14:17,13.55
9/15/2024 14:27,13.6
9/15/2024 14:37,13.6
9/15/2024 14:47,13.64
9/15/2024 14:57,13.64
9/15/2024 15:07,13.68
9/15/2024 15:17,13.6
9/15/2024 15:27,13.64
9/15/2024 15:37,13.68
9/15/2024 15:47,13.68
9/15/2024 15:57,13.64
9/15/2024 16:07,13.6
9/15/2024 16:17,13.6
9/15/2024 16:27,13.6
9/15/2024 16:37,13.51
9/15/2024 16:47,13.55
9/15/2024 16:57,13.51
9/15/2024 17:07,13.43
9/15/2024 17:17,13.38
9/15/2024 17:27,13.38
9/15/2024 17:37,13.34
9/15/2024 17:47,13.3
9/15/2024 17:57,13.21
9/15/2024 18:07,13.21
9/15/2024 18:17,13.17
9/15/2024 18:27,13.12
9/15/2024 18:37,13.12
9/15/2024 18:47,13.04
9/15/2024 18:57,13
9/15/2024 19:07,12.95
9/15/2024 19:17,12.95
9/15/2024 19:27,12.87
9/15/2024 19:37,12.82
9/15/2024 19:47,12.78
9/15/2024 19:57,12.7
9/15/2024 20:07,12.65
9/15/2024 20:17,12.57
9/15/2024 20:27,12.52
9/15/2024 20:37,12.44
9/15/2024 20:47,12.44
9/15/2024 20:57,12.31
9/15/2024 21:07,12.31
9/15/2024 21:17,12.22
9/15/2024 21:27,12.14
9/15/2024 21:37,12.1
9/15/2024 21:47,12.01
9/15/2024 21:57,11.97
9/15/2024 22:07,11.92
9/15/2024 22:17,11.84
9/15/2024 22:27,11.75
9/15/2024 22:37,11.71
9/15/2024 22:47,11.67
9/15/2024 22:57,11.62
9/15/2024 23:07,11.54
9/15/2024 23:17,11.49
9/15/2024 23:27,11.41
9/15/2024 23:37,11.37
9/15/2024 23:47,11.32
9/15/2024 23:57,11.24
9/16/2024 0:07,11.19
9/16/2024 0:17,11.11
9/16/2024 0:27,11.11
9/16/2024 0:37,11.02
9/16/2024 0:47,10.98
9/16/2024 0:57,10.94
9/16/2024 1:07,10.85
9/16/2024 1:17,10.85
9/16/2024 1:27,10.77
9/16/2024 1:37,10.77
9/16/2024 1:47,10.68
9/16/2024 1:57,10.64
9/16/2024 2:07,10.64
9/16/2024 2:17,10.55
9/16/2024 2:27,10.46
9/16/2024 2:37,10.46
9/16/2024 2:47,10.46
9/16/2024 2:57,10.42
9/16/2024 3:07,10.38
9/16/2024 3:17,10.34
9/16/2024 3:27,10.25
9/16/2024 3:37,10.25
9/16/2024 3:47,10.21
9/16/2024 3:57,10.16
9/16/2024 4:07,10.16
9/16/2024 4:17,10.12
9/16/2024 4:27,10.08
9/16/2024 4:37,9.99
9/16/2024 4:47,9.99
9/16/2024 4:57,9.99
9/16/2024 5:07,9.95
9/16/2024 5:17,9.95
9/16/2024 5:27,9.86
9/16/2024 5:37,9.86
9/16/2024 5:47,9.86
9/16/2024 5:57,9.82
9/16/2024 6:07,9.78
9/16/2024 6:17,9.78
9/16/2024 6:27,9.74
9/16/2024 6:37,9.78
9/16/2024 6:47,9.74
9/16/2024 6:57,9.78
9/16/2024 7:07,9.74
9/16/2024 7:17,9.74
9/16/2024 7:27,9.74
9/16/2024 7:37,9.74
9/16/2024 7:47,9.78
9/16/2024 7:57,9.82
9/16/2024 8:07,9.86
9/16/2024 8:17,9.91
9/16/2024 8:27,9.91
9/16/2024 8:37,9.99
9/16/2024 8:47,10.08
9/16/2024 8:57,10.12
9/16/2024 9:07,10.21
9/16/2024 9:17,10.25
9/16/2024 9:27,10.34
9/16/2024 9:37,10.42
9/16/2024 9:47,10.51
9/16/2024 9:57,10.59
9/16/2024 10:07,10.68
9/16/2024 10:17,10.77
9/16/2024 10:27,10.85
9/16/2024 10:37,11.02
9/16/2024 10:47,11.11
9/16/2024 10:57,11.28
9/16/2024 11:07,11.32
9/16/2024 11:17,11.54
9/16/2024 11:27,11.62
9/16/2024 11:37,11.75
9/16/2024 11:47,11.84
9/16/2024 11:57,11.88
9/16/2024 12:07,11.92
9/16/2024 12:17,12.01
9/16/2024 12:27,12.1
9/16/2024 12:37,12.14
9/16/2024 12:47,12.18
9/16/2024 12:57,12.27
9/16/2024 13:07,12.31
9/16/2024 13:17,12.4
9/16/2024 13:27,12.44
9/16/2024 13:37,12.52
9/16/2024 13:47,12.61
9/16/2024 13:57,12.61
9/16/2024 14:07,12.7
9/16/2024 14:17,12.82
9/16/2024 14:27,12.78
9/16/2024 14:37,12.82
9/16/2024 14:47,12.91
9/16/2024 14:57,12.91
9/16/2024 15:07,12.95
9/16/2024 15:17,12.95
9/16/2024 15:27,12.95
9/16/2024 15:37,13.04
9/16/2024 15:47,12.95
9/16/2024 15:57,13.04
9/16/2024 16:07,13.04
9/16/2024 16:17,13
9/16/2024 16:27,13
9/16/2024 16:37,13.04
9/16/2024 16:47,13
9/16/2024 16:57,13
9/16/2024 17:07,13
9/16/2024 17:17,13
9/16/2024 17:27,13
9/16/2024 17:37,13
9/16/2024 17:47,13
9/16/2024 17:57,13
9/16/2024 18:07,13
9/16/2024 18:17,12.95
9/16/2024 18:27,13
9/16/2024 18:37,12.95
9/16/2024 18:47,12.91
9/16/2024 18:57,12.91
9/16/2024 19:07,12.91
9/16/2024 19:17,12.87
9/16/2024 19:27,12.82
9/16/2024 19:37,12.78
9/16/2024 19:47,12.82
9/16/2024 19:57,12.78
9/16/2024 20:07,12.78
9/16/2024 20:17,12.7
9/16/2024 20:27,12.7
9/16/2024 20:37,12.7
9/16/2024 20:47,12.65
9/16/2024 20:57,12.61
9/16/2024 21:07,12.57
9/16/2024 21:17,12.57
9/16/2024 21:27,12.52
9/16/2024 21:37,12.52
9/16/2024 21:47,12.52
9/16/2024 21:57,12.48
9/16/2024 22:07,12.4
9/16/2024 22:17,12.4
9/16/2024 22:27,12.35
9/16/2024 22:37,12.31
9/16/2024 22:47,12.35
9/16/2024 22:57,12.31
9/16/2024 23:07,12.27
9/16/2024 23:17,12.22
9/16/2024 23:27,12.22
9/16/2024 23:37,12.18
9/16/2024 23:47,12.18
9/16/2024 23:57,12.14
9/17/2024 0:07,12.14
9/17/2024 0:17,12.1
9/17/2024 0:27,12.1
9/17/2024 0:37,12.1
9/17/2024 0:47,12.05
9/17/2024 0:57,12.05
9/17/2024 1:07,12.01
9/17/2024 1:17,12.05
9/17/2024 1:27,12.05
9/17/2024 1:37,12.05
9/17/2024 1:47,12.01
9/17/2024 1:57,12.05
9/17/2024 2:07,12.01
9/17/2024 2:17,12.01
9/17/2024 2:27,12.01
9/17/2024 2:37,12.05
9/17/2024 2:47,12.05
9/17/2024 2:57,12.05
9/17/2024 3:07,12.05
9/17/2024 3:17,12.1
9/17/2024 3:27,12.1
9/17/2024 3:37,12.05
9/17/2024 3:47,12.1
9/17/2024 3:57,12.1
9/17/2024 4:07,12.14
9/17/2024 4:17,12.14
9/17/2024 4:27,12.14
9/17/2024 4:37,12.14
9/17/2024 4:47,12.14
9/17/2024 4:57,12.18
9/17/2024 5:07,12.14
9/17/2024 5:17,12.14
9/17/2024 5:27,12.14
9/17/2024 5:37,12.14
9/17/2024 5:47,12.18
9/17/2024 5:57,12.18
9/17/2024 6:07,12.18
9/17/2024 6:17,12.18
9/17/2024 6:27,12.27
9/17/2024 6:37,12.22
9/17/2024 6:47,12.27
9/17/2024 6:57,12.27
9/17/2024 7:07,12.35
9/17/2024 7:17,12.35
9/17/2024 7:27,12.4
9/17/2024 7:37,12.44
9/17/2024 7:47,12.48
9/17/2024 7:57,12.44
9/17/2024 8:07,12.48
9/17/2024 8:17,12.52
9/17/2024 8:27,12.52
9/17/2024 8:37,12.61
9/17/2024 8:47,12.61
9/17/2024 8:57,12.7
9/17/2024 9:07,12.74
9/17/2024 9:17,12.78
9/17/2024 9:27,12.82
9/17/2024 9:37,12.91
9/17/2024 9:47,12.91
9/17/2024 9:57,13
9/17/2024 10:07,13.04
9/17/2024 10:17,13.08
9/17/2024 10:27,13.08
9/17/2024 10:37,13.17
9/17/2024 10:47,13.25
9/17/2024 10:57,13.3
9/17/2024 11:07,13.34
9/17/2024 11:17,13.38
9/17/2024 11:27,13.51
9/17/2024 11:37,13.6
9/17/2024 11:47,13.77
9/17/2024 11:57,13.85
9/17/2024 12:07,13.94
9/17/2024 12:17,14.03
9/17/2024 12:27,14.11
9/17/2024 12:37,14.11
9/17/2024 12:47,14.11
9/17/2024 12:57,14.15
9/17/2024 13:07,14.28
9/17/2024 13:17,14.33
9/17/2024 13:27,14.45
9/17/2024 13:37,14.5
9/17/2024 13:47,14.58
9/17/2024 13:57,14.63
9/17/2024 14:07,14.67
9/17/2024 14:17,14.71
9/17/2024 14:27,14.75
9/17/2024 14:37,14.8
9/17/2024 14:47,14.88
9/17/2024 14:57,14.84
9/17/2024 15:07,14.88
9/17/2024 15:17,14.8
9/17/2024 15:27,14.75
9/17/2024 15:37,14.75
9/17/2024 15:47,14.75
9/17/2024 15:57,14.8
9/17/2024 16:07,14.71
9/17/2024 16:17,14.71
9/17/2024 16:27,14.67
9/17/2024 16:37,14.67
9/17/2024 16:47,14.63
9/17/2024 16:57,14.63
9/17/2024 17:07,14.63
9/17/2024 17:17,14.54
9/17/2024 17:27,14.5
9/17/2024 17:37,14.5
9/17/2024 17:47,14.45
9/17/2024 17:57,14.37
9/17/2024 18:07,14.37
9/17/2024 18:17,14.33
9/17/2024 18:27,14.28
9/17/2024 18:37,14.2
9/17/2024 18:47,14.2
9/17/2024 18:57,14.15
9/17/2024 19:07,14.07
9/17/2024 19:17,14.11
9/17/2024 19:27,14.03
9/17/2024 19:37,13.98
9/17/2024 19:47,13.9
9/17/2024 19:57,13.9
9/17/2024 20:07,13.85
9/17/2024 20:17,13.77
9/17/2024 20:27,13.77
9/17/2024 20:37,13.81
9/17/2024 20:47,13.77
9/17/2024 20:57,13.77
9/17/2024 21:07,13.68
9/17/2024 21:17,13.68
9/17/2024 21:27,13.73
9/17/2024 21:37,13.64
9/17/2024 21:47,13.68
9/17/2024 21:57,13.68
9/17/2024 22:07,13.64
9/17/2024 22:17,13.64
9/17/2024 22:27,13.6
9/17/2024 22:37,13.55
9/17/2024 22:47,13.55
9/17/2024 22:57,13.55
9/17/2024 23:07,13.6
9/17/2024 23:17,13.51
9/17/2024 23:27,13.51
9/17/2024 23:37,13.51
9/17/2024 23:47,13.51
9/17/2024 23:57,13.43
9/18/2024 0:07,13.38
9/18/2024 0:17,13.38
9/18/2024 0:27,13.38
9/18/2024 0:37,13.38
9/18/2024 0:47,13.34
9/18/2024 0:57,13.3
9/18/2024 1:07,13.34
9/18/2024 1:17,13.34
9/18/2024 1:27,13.25
9/18/2024 1:37,13.25
9/18/2024 1:47,13.25
9/18/2024 1:57,13.21
9/18/2024 2:07,13.17
9/18/2024 2:17,13.17
9/18/2024 2:27,13.12
9/18/2024 2:37,13.12
9/18/2024 2:47,13.04
9/18/2024 2:57,13.08
9/18/2024 3:07,13.04
9/18/2024 3:17,13.04
9/18/2024 3:27,13
9/18/2024 3:37,12.95
9/18/2024 3:47,12.95
9/18/2024 3:57,12.91
9/18/2024 4:07,12.91
9/18/2024 4:17,12.87
9/18/2024 4:27,12.82
9/18/2024 4:37,12.78
9/18/2024 4:47,12.78
9/18/2024 4:57,12.74
9/18/2024 5:07,12.65
9/18/2024 5:17,12.7
9/18/2024 5:27,12.65
9/18/2024 5:37,12.61
9/18/2024 5:47,12.57
9/18/2024 5:57,12.57
9/18/2024 6:07,12.48
9/18/2024 6:17,12.48
9/18/2024 6:27,12.44
9/18/2024 6:37,12.4
9/18/2024 6:47,12.4
9/18/2024 6:57,12.4
9/18/2024 7:07,12.35
9/18/2024 7:17,12.35
9/18/2024 7:27,12.35
9/18/2024 7:37,12.35
9/18/2024 7:47,12.35
9/18/2024 7:57,12.35
9/18/2024 8:07,12.35
9/18/2024 8:17,12.44
9/18/2024 8:27,12.44
9/18/2024 8:37,12.48
9/18/2024 8:47,12.44
9/18/2024 8:57,12.48
9/18/2024 9:07,12.61
9/18/2024 9:17,12.65
9/18/2024 9:27,12.7
9/18/2024 9:37,12.78
9/18/2024 9:47,12.87
9/18/2024 9:57,12.91
9/18/2024 10:07,12.95
9/18/2024 10:17,13.08
9/18/2024 10:27,13.17
9/18/2024 10:37,13.21
9/18/2024 10:47,13.3
9/18/2024 10:57,13.43
9/18/2024 11:07,13.51
9/18/2024 11:17,13.73
9/18/2024 11:27,13.73
9/18/2024 11:37,13.9
9/18/2024 11:47,13.9
9/18/2024 11:57,14.03
9/18/2024 12:07,14.11
9/18/2024 12:17,14.24
9/18/2024 12:27,14.28
9/18/2024 12:37,14.37
9/18/2024 12:47,14.45
9/18/2024 12:57,14.54
9/18/2024 13:07,14.54
9/18/2024 13:17,14.63
9/18/2024 13:27,14.67
9/18/2024 13:37,14.71
9/18/2024 13:47,14.8
9/18/2024 13:57,14.75
9/18/2024 14:07,14.75
9/18/2024 14:17,14.8
9/18/2024 14:27,14.8
9/18/2024 14:37,14.8
9/18/2024 14:47,14.84
9/18/2024 14:57,14.84
9/18/2024 15:07,14.84
9/18/2024 15:17,14.84
9/18/2024 15:27,14.84
9/18/2024 15:37,14.84
9/18/2024 15:47,14.88
9/18/2024 15:57,14.84
9/18/2024 16:07,14.88
9/18/2024 16:17,14.88
9/18/2024 16:27,14.84
9/18/2024 16:37,14.8
9/18/2024 16:47,14.8
9/18/2024 16:57,14.75
9/18/2024 17:07,14.71
9/18/2024 17:17,14.63
9/18/2024 17:27,14.63
9/18/2024 17:37,14.58
9/18/2024 17:47,14.58
9/18/2024 17:57,14.54
9/18/2024 18:07,14.54
9/18/2024 18:17,14.54
9/18/2024 18:27,14.45
9/18/2024 18:37,14.5
9/18/2024 18:47,14.45
9/18/2024 18:57,14.41
9/18/2024 19:07,14.37
9/18/2024 19:17,14.33
9/18/2024 19:27,14.28
9/18/2024 19:37,14.28
9/18/2024 19:47,14.24
9/18/2024 19:57,14.24
9/18/2024 20:07,14.24
9/18/2024 20:17,14.15
9/18/2024 20:27,14.11
9/18/2024 20:37,14.15
9/18/2024 20:47,14.11
9/18/2024 20:57,14.11
9/18/2024 21:07,14.07
9/18/2024 21:17,14.03
9/18/2024 21:27,14.03
9/18/2024 21:37,13.98
9/18/2024 21:47,14.03
9/18/2024 21:57,14.03
9/18/2024 22:07,13.94
9/18/2024 22:17,13.94
9/18/2024 22:27,13.98
9/18/2024 22:37,13.9
9/18/2024 22:47,13.85
9/18/2024 22:57,13.81
9/18/2024 23:07,13.81
9/18/2024 23:17,13.77
9/18/2024 23:27,13.85
9/18/2024 23:37,13.81
9/18/2024 23:47,13.77
9/18/2024 23:57,13.81
9/19/2024 0:07,13.77
9/19/2024 0:17,13.81
9/19/2024 0:27,13.77
9/19/2024 0:37,13.77
9/19/2024 0:47,13.73
9/19/2024 0:57,13.68
9/19/2024 1:07,13.77
9/19/2024 1:17,13.68
9/19/2024 1:27,13.64
9/19/2024 1:37,13.64
9/19/2024 1:47,13.64
9/19/2024 1:57,13.6
9/19/2024 2:07,13.6
9/19/2024 2:17,13.51
9/19/2024 2:27,13.55
9/19/2024 2:37,13.51
9/19/2024 2:47,13.47
9/19/2024 2:57,13.43
9/19/2024 3:07,13.43
9/19/2024 3:17,13.43
9/19/2024 3:27,13.34
9/19/2024 3:37,13.34
9/19/2024 3:47,13.3
9/19/2024 3:57,13.25
9/19/2024 4:07,13.25
9/19/2024 4:17,13.21
9/19/2024 4:27,13.17
9/19/2024 4:37,13.21
9/19/2024 4:47,13.12
9/19/2024 4:57,13.08
9/19/2024 5:07,13.08
9/19/2024 5:17,13.04
9/19/2024 5:27,13.04
9/19/2024 5:37,13
9/19/2024 5:47,12.95
9/19/2024 5:57,12.95
9/19/2024 6:07,12.95
9/19/2024 6:17,12.91
9/19/2024 6:27,12.87
9/19/2024 6:37,12.82
9/19/2024 6:47,12.78
9/19/2024 6:57,12.82
9/19/2024 7:07,12.78
9/19/2024 7:17,12.78
9/19/2024 7:27,12.74
9/19/2024 7:37,12.74
9/19/2024 7:47,12.7
9/19/2024 7:57,12.65
9/19/2024 8:07,12.74
9/19/2024 8:17,12.74
9/19/2024 8:27,12.74
9/19/2024 8:37,12.78
9/19/2024 8:47,12.78
9/19/2024 8:57,12.78
9/19/2024 9:07,12.78
9/19/2024 9:17,12.78
9/19/2024 9:27,12.82
,19.65
=======,
﻿Time,Temperature
7/6/2024 9:17,23.94
7/6/2024 9:27,26.34
7/6/2024 9:37,26.12
7/6/2024 9:47,25.91
7/6/2024 9:57,26.12
7/6/2024 10:07,26.77
7/6/2024 10:17,21.7
7/6/2024 10:27,14.45
7/6/2024 10:37,14.28
7/6/2024 10:47,14.37
7/6/2024 10:57,14.41
7/6/2024 11:07,14.45
7/6/2024 11:17,14.5
7/6/2024 11:27,14.54
7/6/2024 11:37,14.58
7/6/2024 11:47,14.58
7/6/2024 11:57,14.58
7/6/2024 12:07,14.58
7/6/2024 12:17,14.63
7/6/2024 12:27,14.67
7/6/2024 12:37,14.71
7/6/2024 12:47,14.71
7/6/2024 12:57,14.75
7/6/2024 13:07,14.71
7/6/2024 13:17,14.71
7/6/2024 13:27,14.75
7/6/2024 13:37,14.84
7/6/2024 13:47,14.88
7/6/2024 13:57,14.93
7/6/2024 14:07,14.93
7/6/2024 14:17,14.93
7/6/2024 14:27,14.97
7/6/2024 14:37,15.01
7/6/2024 14:47,15.14
7/6/2024 14:57,15.1
7/6/2024 15:07,15.1
7/6/2024 15:17,15.18
7/6/2024 15:27,15.18
7/6/2024 15:37,15.14
7/6/2024 15:47,15.23
7/6/2024 15:57,15.18
7/6/2024 16:07,15.18
7/6/2024 16:17,15.18
7/6/2024 16:27,15.14
7/6/2024 16:37,15.14
7/6/2024 16:47,15.14
7/6/2024 16:57,15.1
7/6/2024 17:07,15.06
7/6/2024 17:17,15.1
7/6/2024 17:27,15.01
7/6/2024 17:37,15.06
7/6/2024 17:47,14.97
7/6/2024 17:57,14.97
7/6/2024 18:07,14.97
7/6/2024 18:17,14.93
7/6/2024 18:27,14.88
7/6/2024 18:37,14.88
7/6/2024 18:47,14.88
7/6/2024 18:57,14.84
7/6/2024 19:07,14.8
7/6/2024 19:17,14.75
7/6/2024 19:27,14.75
7/6/2024 19:37,14.75
7/6/2024 19:47,14.71
7/6/2024 19:57,14.63
7/6/2024 20:07,14.67
7/6/2024 20:17,14.63
7/6/2024 20:27,14.63
7/6/2024 20:37,14.54
7/6/2024 20:47,14.5
7/6/2024 20:57,14.54
7/6/2024 21:07,14.45
7/6/2024 21:17,14.41
7/6/2024 21:27,14.37
7/6/2024 21:37,14.37
7/6/2024 21:47,14.33
7/6/2024 21:57,14.33
7/6/2024 22:07,14.33
7/6/2024 22:17,14.28
7/6/2024 22:27,14.24
7/6/2024 22:37,14.24
7/6/2024 22:47,14.15
7/6/2024 22:57,14.11
7/6/2024 23:07,14.11
7/6/2024 23:17,14.11
7/6/2024 23:27,14.11
7/6/2024 23:37,14.03
7/6/2024 23:47,14.03
7/6/2024 23:57,13.98
7/7/2024 0:07,13.94
7/7/2024 0:17,13.98
7/7/2024 0:27,13.94
7/7/2024 0:37,13.94
7/7/2024 0:47,13.9
7/7/2024 0:57,13.81
7/7/2024 1:07,13.81
7/7/2024 1:17,13.81
7/7/2024 1:27,13.81
7/7/2024 1:37,13.77
7/7/2024 1:47,13.73
7/7/2024 1:57,13.73
7/7/2024 2:07,13.68
7/7/2024 2:17,13.68
7/7/2024 2:27,13.64
7/7/2024 2:37,13.6
7/7/2024 2:47,13.64
7/7/2024 2:57,13.55
7/7/2024 3:07,13.55
7/7/2024 3:17,13.55
7/7/2024 3:27,13.51
7/7/2024 3:37,13.51
7/7/2024 3:47,13.47
7/7/2024 3:57,13.51
7/7/2024 4:07,13.43
7/7/2024 4:17,13.43
7/7/2024 4:27,13.43
7/7/2024 4:37,13.43
7/7/2024 4:47,13.43
7/7/2024 4:57,13.43
7/7/2024 5:07,13.38
7/7/2024 5:17,13.43
7/7/2024 5:27,13.38
7/7/2024 5:37,13.38
7/7/2024 5:47,13.38
7/7/2024 5:57,13.38
7/7/2024 6:07,13.38
7/7/2024 6:17,13.43
7/7/2024 6:27,13.38
7/7/2024 6:37,13.43
7/7/2024 6:47,13.38
7/7/2024 6:57,13.38
7/7/2024 7:07,13.38
7/7/2024 7:17,13.43
7/7/2024 7:27,13.43
7/7/2024 7:37,13.47
7/7/2024 7:47,13.47
7/7/2024 7:57,13.43
7/7/2024 8:07,13.47
7/7/2024 8:17,13.51
7/7/2024 8:27,13.51
7/7/2024 8:37,13.47
7/7/2024 8:47,13.55
7/7/2024 8:57,13.55
7/7/2024 9:07,13.55
7/7/2024 9:17,13.55
7/7/2024 9:27,13.64
7/7/2024 9:37,13.64
7/7/2024 9:47,13.68
7/7/2024 9:57,13.68
7/7/2024 10:07,13.68
7/7/2024 10:17,13.68
7/7/2024 10:27,13.73
7/7/2024 10:37,13.73
7/7/2024 10:47,13.73
7/7/2024 10:57,13.81
7/7/2024 11:07,13.85
7/7/2024 11:17,13.9
7/7/2024 11:27,13.9
7/7/2024 11:37,13.9
7/7/2024 11:47,13.9
7/7/2024 11:57,13.94
7/7/2024 12:07,13.98
7/7/2024 12:17,14.03
7/7/2024 12:27,14.03
7/7/2024 12:37,14.07
7/7/2024 12:47,14.11
7/7/2024 12:57,14.15
7/7/2024 13:07,14.2
7/7/2024 13:17,14.28
7/7/2024 13:27,14.28
7/7/2024 13:37,14.28
7/7/2024 13:47,14.37
7/7/2024 13:57,14.37
7/7/2024 14:07,14.41
7/7/2024 14:17,14.37
7/7/2024 14:27,14.41
7/7/2024 14:37,14.41
7/7/2024 14:47,14.41
7/7/2024 14:57,14.41
7/7/2024 15:07,14.41
7/7/2024 15:17,14.41
7/7/2024 15:27,14.41
7/7/2024 15:37,14.41
7/7/2024 15:47,14.45
7/7/2024 15:57,14.37
7/7/2024 16:07,14.37
7/7/2024 16:17,14.37
7/7/2024 16:27,14.37
7/7/2024 16:37,14.37
7/7/2024 16:47,14.37
7/7/2024 16:57,14.37
7/7/2024 17:07,14.33
7/7/2024 17:17,14.37
7/7/2024 17:27,14.37
7/7/2024 17:37,14.33
7/7/2024 17:47,14.28
7/7/2024 17:57,14.28
7/7/2024 18:07,14.28
7/7/2024 18:17,14.24
7/7/2024 18:27,14.2
7/7/2024 18:37,14.2
7/7/2024 18:47,14.15
7/7/2024 18:57,14.15
7/7/2024 19:07,14.11
7/7/2024 19:17,14.11
7/7/2024 19:27,14.07
7/7/2024 19:37,14.03
7/7/2024 19:47,14.03
7/7/2024 19:57,13.94
7/7/2024 20:07,13.98
7/7/2024 20:17,13.94
7/7/2024 20:27,13.9
7/7/2024 20:37,13.9
7/7/2024 20:47,13.85
7/7/2024 20:57,13.85
7/7/2024 21:07,13.81
7/7/2024 21:17,13.73
7/7/2024 21:27,13.77
7/7/2024 21:37,13.68
7/7/2024 21:47,13.68
7/7/2024 21:57,13.64
7/7/2024 22:07,13.64
7/7/2024 22:17,13.55
7/7/2024 22:27,13.51
7/7/2024 22:37,13.51
7/7/2024 22:47,13.51
7/7/2024 22:57,13.47
7/7/2024 23:07,13.47
7/7/2024 23:17,13.38
7/7/2024 23:27,13.43
7/7/2024 23:37,13.34
7/7/2024 23:47,13.34
7/7/2024 23:57,13.3
7/8/2024 0:07,13.3
7/8/2024 0:17,13.21
7/8/2024 0:27,13.21
7/8/2024 0:37,13.21
7/8/2024 0:47,13.17
7/8/2024 0:57,13.12
7/8/2024 1:07,13.12
7/8/2024 1:17,13.08
7/8/2024 1:27,13.08
7/8/2024 1:37,13.04
7/8/2024 1:47,13.04
7/8/2024 1:57,12.95
7/8/2024 2:07,12.95
7/8/2024 2:17,12.95
7/8/2024 2:27,12.91
7/8/2024 2:37,12.87
7/8/2024 2:47,12.87
7/8/2024 2:57,12.82
7/8/2024 3:07,12.7
7/8/2024 3:17,12.7
7/8/2024 3:27,12.7
7/8/2024 3:37,12.65
7/8/2024 3:47,12.65
7/8/2024 3:57,12.61
7/8/2024 4:07,12.57
7/8/2024 4:17,12.57
7/8/2024 4:27,12.52
7/8/2024 4:37,12.48
7/8/2024 4:47,12.48
7/8/2024 4:57,12.44
7/8/2024 5:07,12.44
7/8/2024 5:17,12.4
7/8/2024 5:27,12.35
7/8/2024 5:37,12.35
7/8/2024 5:47,12.35
7/8/2024 5:57,12.31
7/8/2024 6:07,12.35
7/8/2024 6:17,12.31
7/8/2024 6:27,12.31
7/8/2024 6:37,12.4
7/8/2024 6:47,12.31
7/8/2024 6:57,12.35
7/8/2024 7:07,12.35
7/8/2024 7:17,12.35
7/8/2024 7:27,12.35
7/8/2024 7:37,12.35
7/8/2024 7:47,12.44
7/8/2024 7:57,12.44
7/8/2024 8:07,12.44
7/8/2024 8:17,12.48
7/8/2024 8:27,12.44
7/8/2024 8:37,12.48
7/8/2024 8:47,12.52
7/8/2024 8:57,12.57
7/8/2024 9:07,12.57
7/8/2024 9:17,12.57
7/8/2024 9:27,12.57
7/8/2024 9:37,12.61
7/8/2024 9:47,12.61
7/8/2024 9:57,12.65
7/8/2024 10:07,12.65
7/8/2024 10:17,12.65
7/8/2024 10:27,12.74
7/8/2024 10:37,12.74
7/8/2024 10:47,12.74
7/8/2024 10:57,12.74
7/8/2024 11:07,12.78
7/8/2024 11:17,12.78
7/8/2024 11:27,12.82
7/8/2024 11:37,12.82
7/8/2024 11:47,12.87
7/8/2024 11:57,12.87
7/8/2024 12:07,12.91
7/8/2024 12:17,12.91
7/8/2024 12:27,12.91
7/8/2024 12:37,12.91
7/8/2024 12:47,12.95
7/8/2024 12:57,12.95
7/8/2024 13:07,12.91
7/8/2024 13:17,12.91
7/8/2024 13:27,12.91
7/8/2024 13:37,12.91
7/8/2024 13:47,12.91
7/8/2024 13:57,12.95
7/8/2024 14:07,12.95
7/8/2024 14:17,12.95
7/8/2024 14:27,13
7/8/2024 14:37,13
7/8/2024 14:47,12.95
7/8/2024 14:57,12.95
7/8/2024 15:07,12.95
7/8/2024 15:17,12.91
7/8/2024 15:27,12.91
7/8/2024 15:37,12.95
7/8/2024 15:47,12.91
7/8/2024 15:57,12.87
7/8/2024 16:07,12.91
7/8/2024 16:17,12.87
7/8/2024 16:27,12.87
7/8/2024 16:37,12.82
7/8/2024 16:47,12.82
7/8/2024 16:57,12.82
7/8/2024 17:07,12.78
7/8/2024 17:17,12.82
7/8/2024 17:27,12.74
7/8/2024 17:37,12.78
7/8/2024 17:47,12.78
7/8/2024 17:57,12.7
7/8/2024 18:07,12.74
7/8/2024 18:17,12.7
7/8/2024 18:27,12.65
7/8/2024 18:37,12.65
7/8/2024 18:47,12.61
7/8/2024 18:57,12.61
7/8/2024 19:07,12.61
7/8/2024 19:17,12.57
7/8/2024 19:27,12.52
7/8/2024 19:37,12.52
7/8/2024 19:47,12.48
7/8/2024 19:57,12.48
7/8/2024 20:07,12.52
7/8/2024 20:17,12.48
7/8/2024 20:27,12.44
7/8/2024 20:37,12.48
7/8/2024 20:47,12.44
7/8/2024 20:57,12.4
7/8/2024 21:07,12.4
7/8/2024 21:17,12.4
7/8/2024 21:27,12.4
7/8/2024 21:37,12.31
7/8/2024 21:47,12.31
7/8/2024 21:57,12.31
7/8/2024 22:07,12.31
7/8/2024 22:17,12.27
7/8/2024 22:27,12.27
7/8/2024 22:37,12.27
7/8/2024 22:47,12.31
7/8/2024 22:57,12.22
7/8/2024 23:07,12.27
7/8/2024 23:17,12.27
7/8/2024 23:27,12.27
7/8/2024 23:37,12.27
7/8/2024 23:47,12.22
7/8/2024 23:57,12.22
7/9/2024 0:07,12.27
7/9/2024 0:17,12.22
7/9/2024 0:27,12.22
7/9/2024 0:37,12.27
7/9/2024 0:47,12.27
7/9/2024 0:57,12.27
7/9/2024 1:07,12.22
7/9/2024 1:17,12.27
7/9/2024 1:27,12.22
7/9/2024 1:37,12.22
7/9/2024 1:47,12.22
7/9/2024 1:57,12.18
7/9/2024 2:07,12.18
7/9/2024 2:17,12.18
7/9/2024 2:27,12.22
7/9/2024 2:37,12.18
7/9/2024 2:47,12.18
7/9/2024 2:57,12.18
7/9/2024 3:07,12.22
7/9/2024 3:17,12.18
7/9/2024 3:27,12.18
7/9/2024 3:37,12.18
7/9/2024 3:47,12.14
7/9/2024 3:57,12.18
7/9/2024 4:07,12.18
7/9/2024 4:17,12.14
7/9/2024 4:27,12.18
7/9/2024 4:37,12.14
7/9/2024 4:47,12.14
7/9/2024 4:57,12.18
7/9/2024 5:07,12.18
7/9/2024 5:17,12.18
7/9/2024 5:27,12.18
7/9/2024 5:37,12.14
7/9/2024 5:47,12.14
7/9/2024 5:57,12.14
7/9/2024 6:07,12.14
7/9/2024 6:17,12.14
7/9/2024 6:27,12.14
7/9/2024 6:37,12.18
7/9/2024 6:47,12.22
7/9/2024 6:57,12.18
7/9/2024 7:07,12.18
7/9/2024 7:17,12.22
7/9/2024 7:27,12.18
7/9/2024 7:37,12.18
7/9/2024 7:47,12.27
7/9/2024 7:57,12.31
7/9/2024 8:07,12.31
7/9/2024 8:17,12.35
7/9/2024 8:27,12.4
7/9/2024 8:37,12.35
7/9/2024 8:47,12.44
7/9/2024 8:57,12.44
7/9/2024 9:07,12.48
7/9/2024 9:17,12.48
7/9/2024 9:27,12.52
7/9/2024 9:37,12.61
7/9/2024 9:47,12.74
7/9/2024 9:57,12.7
7/9/2024 10:07,12.78
7/9/2024 10:17,12.87
7/9/2024 10:27,12.91
7/9/2024 10:37,12.95
7/9/2024 10:47,13
7/9/2024 10:57,13.08
7/9/2024 11:07,13.12
7/9/2024 11:17,13.17
7/9/2024 11:27,13.3
7/9/2024 11:37,13.38
7/9/2024 11:47,13.51
7/9/2024 11:57,13.55
7/9/2024 12:07,13.51
7/9/2024 12:17,13.64
7/9/2024 12:27,13.64
7/9/2024 12:37,13.68
7/9/2024 12:47,13.73
7/9/2024 12:57,13.73
7/9/2024 13:07,13.73
7/9/2024 13:17,13.73
7/9/2024 13:27,13.68
7/9/2024 13:37,13.68
7/9/2024 13:47,13.68
7/9/2024 13:57,13.68
7/9/2024 14:07,13.64
7/9/2024 14:17,13.64
7/9/2024 14:27,13.68
7/9/2024 14:37,13.64
7/9/2024 14:47,13.73
7/9/2024 14:57,13.68
7/9/2024 15:07,13.64
7/9/2024 15:17,13.64
7/9/2024 15:27,13.68
7/9/2024 15:37,13.68
7/9/2024 15:47,13.68
7/9/2024 15:57,13.68
7/9/2024 16:07,13.64
7/9/2024 16:17,13.6
7/9/2024 16:27,13.6
7/9/2024 16:37,13.6
7/9/2024 16:47,13.55
7/9/2024 16:57,13.55
7/9/2024 17:07,13.6
7/9/2024 17:17,13.51
7/9/2024 17:27,13.51
7/9/2024 17:37,13.47
7/9/2024 17:47,13.47
7/9/2024 17:57,13.47
7/9/2024 18:07,13.43
7/9/2024 18:17,13.43
7/9/2024 18:27,13.34
7/9/2024 18:37,13.34
7/9/2024 18:47,13.34
7/9/2024 18:57,13.3
7/9/2024 19:07,13.25
7/9/2024 19:17,13.21
7/9/2024 19:27,13.21
7/9/2024 19:37,13.17
7/9/2024 19:47,13.17
7/9/2024 19:57,13.17
7/9/2024 20:07,13.12
7/9/2024 20:17,13.04
7/9/2024 20:27,13.04
7/9/2024 20:37,13.08
7/9/2024 20:47,12.95
7/9/2024 20:57,12.95
7/9/2024 21:07,12.95
7/9/2024 21:17,12.95
7/9/2024 21:27,12.91
7/9/2024 21:37,12.87
7/9/2024 21:47,12.87
7/9/2024 21:57,12.82
7/9/2024 22:07,12.78
7/9/2024 22:17,12.78
7/9/2024 22:27,12.74
7/9/2024 22:37,12.74
7/9/2024 22:47,12.7
7/9/2024 22:57,12.74
7/9/2024 23:07,12.7
7/9/2024 23:17,12.7
7/9/2024 23:27,12.65
7/9/2024 23:37,12.65
7/9/2024 23:47,12.61
7/9/2024 23:57,12.61
7/10/2024 0:07,12.61
7/10/2024 0:17,12.61
7/10/2024 0:27,12.61
7/10/2024 0:37,12.61
7/10/2024 0:47,12.61
7/10/2024 0:57,12.57
7/10/2024 1:07,12.57
7/10/2024 1:17,12.57
7/10/2024 1:27,12.52
7/10/2024 1:37,12.52
7/10/2024 1:47,12.52
7/10/2024 1:57,12.52
7/10/2024 2:07,12.52
7/10/2024 2:17,12.48
7/10/2024 2:27,12.48
7/10/2024 2:37,12.48
7/10/2024 2:47,12.52
7/10/2024 2:57,12.52
7/10/2024 3:07,12.48
7/10/2024 3:17,12.44
7/10/2024 3:27,12.44
7/10/2024 3:37,12.48
7/10/2024 3:47,12.48
7/10/2024 3:57,12.48
7/10/2024 4:07,12.44
7/10/2024 4:17,12.48
7/10/2024 4:27,12.44
7/10/2024 4:37,12.44
7/10/2024 4:47,12.44
7/10/2024 4:57,12.44
7/10/2024 5:07,12.44
7/10/2024 5:17,12.44
7/10/2024 5:27,12.44
7/10/2024 5:37,12.48
7/10/2024 5:47,12.48
7/10/2024 5:57,12.48
7/10/2024 6:07,12.48
7/10/2024 6:17,12.52
7/10/2024 6:27,12.57
7/10/2024 6:37,12.57
7/10/2024 6:47,12.57
7/10/2024 6:57,12.61
7/10/2024 7:07,12.65
7/10/2024 7:17,12.7
7/10/2024 7:27,12.7
7/10/2024 7:37,12.74
7/10/2024 7:47,12.74
7/10/2024 7:57,12.74
7/10/2024 8:07,12.82
7/10/2024 8:17,12.82
7/10/2024 8:27,12.78
7/10/2024 8:37,12.82
7/10/2024 8:47,12.82
7/10/2024 8:57,12.91
7/10/2024 9:07,12.82
7/10/2024 9:17,12.91
7/10/2024 9:27,12.91
7/10/2024 9:37,12.91
7/10/2024 9:47,13
7/10/2024 9:57,13
7/10/2024 10:07,13
7/10/2024 10:17,13.08
7/10/2024 10:27,13.12
7/10/2024 10:37,13.21
7/10/2024 10:47,13.34
7/10/2024 10:57,13.38
7/10/2024 11:07,13.51
7/10/2024 11:17,13.6
7/10/2024 11:27,13.73
7/10/2024 11:37,13.81
7/10/2024 11:47,13.85
7/10/2024 11:57,13.94
7/10/2024 12:07,13.98
7/10/2024 12:17,14.15
7/10/2024 12:27,14.28
7/10/2024 12:37,14.37
7/10/2024 12:47,14.5
7/10/2024 12:57,14.67
7/10/2024 13:07,14.8
7/10/2024 13:17,14.84
7/10/2024 13:27,14.93
7/10/2024 13:37,14.97
7/10/2024 13:47,15.06
7/10/2024 13:57,15.06
7/10/2024 14:07,15.18
7/10/2024 14:17,15.23
7/10/2024 14:27,15.27
7/10/2024 14:37,15.36
7/10/2024 14:47,15.44
7/10/2024 14:57,15.44
7/10/2024 15:07,15.44
7/10/2024 15:17,15.48
7/10/2024 15:27,15.44
7/10/2024 15:37,15.44
7/10/2024 15:47,15.48
7/10/2024 15:57,15.53
7/10/2024 16:07,15.4
7/10/2024 16:17,15.44
7/10/2024 16:27,15.4
7/10/2024 16:37,15.36
7/10/2024 16:47,15.31
7/10/2024 16:57,15.27
7/10/2024 17:07,15.18
7/10/2024 17:17,15.14
7/10/2024 17:27,15.1
7/10/2024 17:37,15.06
7/10/2024 17:47,15.06
7/10/2024 17:57,15.01
7/10/2024 18:07,14.88
7/10/2024 18:17,14.88
7/10/2024 18:27,14.8
7/10/2024 18:37,14.71
7/10/2024 18:47,14.71
7/10/2024 18:57,14.63
7/10/2024 19:07,14.58
7/10/2024 19:17,14.5
7/10/2024 19:27,14.5
7/10/2024 19:37,14.37
7/10/2024 19:47,14.33
7/10/2024 19:57,14.28
7/10/2024 20:07,14.24
7/10/2024 20:17,14.15
7/10/2024 20:27,14.11
7/10/2024 20:37,14.07
7/10/2024 20:47,13.98
7/10/2024 20:57,13.94
7/10/2024 21:07,13.85
7/10/2024 21:17,13.81
7/10/2024 21:27,13.77
7/10/2024 21:37,13.73
7/10/2024 21:47,13.64
7/10/2024 21:57,13.6
7/10/2024 22:07,13.6
7/10/2024 22:17,13.51
7/10/2024 22:27,13.47
7/10/2024 22:37,13.43
7/10/2024 22:47,13.38
7/10/2024 22:57,13.34
7/10/2024 23:07,13.3
7/10/2024 23:17,13.25
7/10/2024 23:27,13.17
7/10/2024 23:37,13.12
7/10/2024 23:47,13.08
7/10/2024 23:57,13.04
7/11/2024 0:07,13
7/11/2024 0:17,12.95
7/11/2024 0:27,12.91
7/11/2024 0:37,12.82
7/11/2024 0:47,12.82
7/11/2024 0:57,12.78
7/11/2024 1:07,12.74
7/11/2024 1:17,12.7
7/11/2024 1:27,12.61
7/11/2024 1:37,12.57
7/11/2024 1:47,12.52
7/11/2024 1:57,12.52
7/11/2024 2:07,12.48
7/11/2024 2:17,12.4
7/11/2024 2:27,12.35
7/11/2024 2:37,12.31
7/11/2024 2:47,12.27
7/11/2024 2:57,12.27
7/11/2024 3:07,12.22
7/11/2024 3:17,12.14
7/11/2024 3:27,12.14
7/11/2024 3:37,12.1
7/11/2024 3:47,12.01
7/11/2024 3:57,12.01
7/11/2024 4:07,12.01
7/11/2024 4:17,11.92
7/11/2024 4:27,11.92
7/11/2024 4:37,11.84
7/11/2024 4:47,11.84
7/11/2024 4:57,11.84
7/11/2024 5:07,11.79
7/11/2024 5:17,11.75
7/11/2024 5:27,11.75
7/11/2024 5:37,11.75
7/11/2024 5:47,11.79
7/11/2024 5:57,11.75
7/11/2024 6:07,11.75
7/11/2024 6:17,11.75
7/11/2024 6:27,11.75
7/11/2024 6:37,11.75
7/11/2024 6:47,11.79
7/11/2024 6:57,11.79
7/11/2024 7:07,11.79
7/11/2024 7:17,11.79
7/11/2024 7:27,11.88
7/11/2024 7:37,11.88
7/11/2024 7:47,11.97
7/11/2024 7:57,11.97
7/11/2024 8:07,12.05
7/11/2024 8:17,12.14
7/11/2024 8:27,12.22
7/11/2024 8:37,12.27
7/11/2024 8:47,12.35
7/11/2024 8:57,12.48
7/11/2024 9:07,12.48
7/11/2024 9:17,12.61
7/11/2024 9:27,12.7
7/11/2024 9:37,12.82
7/11/2024 9:47,12.91
7/11/2024 9:57,13.04
7/11/2024 10:07,13.12
7/11/2024 10:17,13.25
7/11/2024 10:27,13.38
7/11/2024 10:37,13.51
7/11/2024 10:47,13.64
7/11/2024 10:57,13.73
7/11/2024 11:07,13.85
7/11/2024 11:17,13.94
7/11/2024 11:27,14.11
7/11/2024 11:37,14.2
7/11/2024 11:47,14.28
7/11/2024 11:57,14.33
7/11/2024 12:07,14.33
7/11/2024 12:17,14.37
7/11/2024 12:27,14.5
7/11/2024 12:37,14.63
7/11/2024 12:47,14.71
7/11/2024 12:57,14.63
7/11/2024 13:07,14.75
7/11/2024 13:17,14.71
7/11/2024 13:27,14.75
7/11/2024 13:37,14.71
7/11/2024 13:47,14.71
7/11/2024 13:57,14.75
7/11/2024 14:07,14.75
7/11/2024 14:17,14.71
7/11/2024 14:27,14.71
7/11/2024 14:37,14.71
7/11/2024 14:47,14.67
7/11/2024 14:57,14.71
7/11/2024 15:07,14.75
7/11/2024 15:17,14.71
7/11/2024 15:27,14.8
7/11/2024 15:37,14.8
7/11/2024 15:47,14.84
7/11/2024 15:57,14.84
7/11/2024 16:07,14.8
7/11/2024 16:17,14.8
7/11/2024 16:27,14.8
7/11/2024 16:37,14.8
7/11/2024 16:47,14.75
7/11/2024 16:57,14.75
7/11/2024 17:07,14.75
7/11/2024 17:17,14.71
7/11/2024 17:27,14.71
7/11/2024 17:37,14.67
7/11/2024 17:47,14.67
7/11/2024 17:57,14.63
7/11/2024 18:07,14.58
7/11/2024 18:17,14.58
7/11/2024 18:27,14.54
7/11/2024 18:37,14.45
7/11/2024 18:47,14.41
7/11/2024 18:57,14.37
7/11/2024 19:07,14.33
7/11/2024 19:17,14.24
7/11/2024 19:27,14.2
7/11/2024 19:37,14.15
7/11/2024 19:47,14.07
7/11/2024 19:57,14.07
7/11/2024 20:07,13.94
7/11/2024 20:17,13.9
7/11/2024 20:27,13.85
7/11/2024 20:37,13.81
7/11/2024 20:47,13.73
7/11/2024 20:57,13.73
7/11/2024 21:07,13.68
7/11/2024 21:17,13.6
7/11/2024 21:27,13.6
7/11/2024 21:37,13.51
7/11/2024 21:47,13.47
7/11/2024 21:57,13.38
7/11/2024 22:07,13.38
7/11/2024 22:17,13.3
7/11/2024 22:27,13.25
7/11/2024 22:37,13.25
7/11/2024 22:47,13.21
7/11/2024 22:57,13.17
7/11/2024 23:07,13.12
7/11/2024 23:17,13.08
7/11/2024 23:27,13.04
7/11/2024 23:37,13
7/11/2024 23:47,12.95
7/11/2024 23:57,12.95
7/12/2024 0:07,12.91
7/12/2024 0:17,12.87
7/12/2024 0:27,12.82
7/12/2024 0:37,12.82
7/12/2024 0:47,12.78
7/12/2024 0:57,12.78
7/12/2024 1:07,12.74
7/12/2024 1:17,12.74
7/12/2024 1:27,12.7
7/12/2024 1:37,12.7
7/12/2024 1:47,12.7
7/12/2024 1:57,12.65
7/12/2024 2:07,12.61
7/12/2024 2:17,12.57
7/12/2024 2:27,12.57
7/12/2024 2:37,12.52
7/12/2024 2:47,12.52
7/12/2024 2:57,12.48
7/12/2024 3:07,12.48
7/12/2024 3:17,12.44
7/12/2024 3:27,12.44
7/12/2024 3:37,12.4
7/12/2024 3:47,12.4
7/12/2024 3:57,12.35
7/12/2024 4:07,12.35
7/12/2024 4:17,12.31
7/12/2024 4:27,12.31
7/12/2024 4:37,12.31
7/12/2024 4:47,12.31
7/12/2024 4:57,12.31
7/12/2024 5:07,12.27
7/12/2024 5:17,12.27
7/12/2024 5:27,12.27
7/12/2024 5:37,12.22
7/12/2024 5:47,12.27
7/12/2024 5:57,12.27
7/12/2024 6:07,12.27
7/12/2024 6:17,12.22
7/12/2024 6:27,12.27
7/12/2024 6:37,12.27
7/12/2024 6:47,12.27
7/12/2024 6:57,12.27
7/12/2024 7:07,12.27
7/12/2024 7:17,12.22
7/12/2024 7:27,12.27
7/12/2024 7:37,12.27
7/12/2024 7:47,12.27
7/12/2024 7:57,12.35
7/12/2024 8:07,12.35
7/12/2024 8:17,12.4
7/12/2024 8:27,12.4
7/12/2024 8:37,12.44
7/12/2024 8:47,12.44
7/12/2024 8:57,12.48
7/12/2024 9:07,12.52
7/12/2024 9:17,12.52
7/12/2024 9:27,12.52
7/12/2024 9:37,12.57
7/12/2024 9:47,12.65
7/12/2024 9:57,12.65
7/12/2024 10:07,12.65
7/12/2024 10:17,12.7
7/12/2024 10:27,12.74
7/12/2024 10:37,12.78
7/12/2024 10:47,12.78
7/12/2024 10:57,12.78
7/12/2024 11:07,12.82
7/12/2024 11:17,12.87
7/12/2024 11:27,12.91
7/12/2024 11:37,12.95
7/12/2024 11:47,13
7/12/2024 11:57,13
7/12/2024 12:07,13.12
7/12/2024 12:17,13.17
7/12/2024 12:27,13.17
7/12/2024 12:37,13.21
7/12/2024 12:47,13.3
7/12/2024 12:57,13.34
7/12/2024 13:07,13.38
7/12/2024 13:17,13.34
7/12/2024 13:27,13.43
7/12/2024 13:37,13.47
7/12/2024 13:47,13.6
7/12/2024 13:57,13.77
7/12/2024 14:07,13.94
7/12/2024 14:17,13.98
7/12/2024 14:27,14.07
7/12/2024 14:37,14.2
7/12/2024 14:47,14.2
7/12/2024 14:57,14.33
7/12/2024 15:07,14.41
7/12/2024 15:17,14.37
7/12/2024 15:27,14.45
7/12/2024 15:37,14.5
7/12/2024 15:47,14.45
7/12/2024 15:57,14.54
7/12/2024 16:07,14.58
7/12/2024 16:17,14.58
7/12/2024 16:27,14.58
7/12/2024 16:37,14.58
7/12/2024 16:47,14.58
7/12/2024 16:57,14.54
7/12/2024 17:07,14.5
7/12/2024 17:17,14.5
7/12/2024 17:27,14.45
7/12/2024 17:37,14.45
7/12/2024 17:47,14.37
7/12/2024 17:57,14.37
7/12/2024 18:07,14.41
7/12/2024 18:17,14.33
7/12/2024 18:27,14.24
7/12/2024 18:37,14.24
7/12/2024 18:47,14.2
7/12/2024 18:57,14.15
7/12/2024 19:07,14.07
7/12/2024 19:17,14.07
7/12/2024 19:27,14.03
7/12/2024 19:37,14.03
7/12/2024 19:47,13.94
7/12/2024 19:57,13.9
7/12/2024 20:07,13.85
7/12/2024 20:17,13.81
7/12/2024 20:27,13.81
7/12/2024 20:37,13.77
7/12/2024 20:47,13.73
7/12/2024 20:57,13.73
7/12/2024 21:07,13.64
7/12/2024 21:17,13.6
7/12/2024 21:27,13.55
7/12/2024 21:37,13.55
7/12/2024 21:47,13.51
7/12/2024 21:57,13.47
7/12/2024 22:07,13.47
7/12/2024 22:17,13.43
7/12/2024 22:27,13.43
7/12/2024 22:37,13.38
7/12/2024 22:47,13.34
7/12/2024 22:57,13.3
7/12/2024 23:07,13.25
7/12/2024 23:17,13.25
7/12/2024 23:27,13.21
7/12/2024 23:37,13.21
7/12/2024 23:47,13.21
7/12/2024 23:57,13.12
7/13/2024 0:07,13.17
7/13/2024 0:17,13.12
7/13/2024 0:27,13.08
7/13/2024 0:37,13.04
7/13/2024 0:47,13
7/13/2024 0:57,13
7/13/2024 1:07,13.04
7/13/2024 1:17,13
7/13/2024 1:27,13
7/13/2024 1:37,12.91
7/13/2024 1:47,12.95
7/13/2024 1:57,12.95
7/13/2024 2:07,12.95
7/13/2024 2:17,12.91
7/13/2024 2:27,12.91
7/13/2024 2:37,12.87
7/13/2024 2:47,12.87
7/13/2024 2:57,12.87
7/13/2024 3:07,12.82
7/13/2024 3:17,12.82
7/13/2024 3:27,12.82
7/13/2024 3:37,12.82
7/13/2024 3:47,12.78
7/13/2024 3:57,12.78
7/13/2024 4:07,12.78
7/13/2024 4:17,12.74
7/13/2024 4:27,12.7
7/13/2024 4:37,12.74
7/13/2024 4:47,12.74
7/13/2024 4:57,12.7
7/13/2024 5:07,12.7
7/13/2024 5:17,12.65
7/13/2024 5:27,12.65
7/13/2024 5:37,12.65
7/13/2024 5:47,12.65
7/13/2024 5:57,12.61
7/13/2024 6:07,12.65
7/13/2024 6:17,12.65
7/13/2024 6:27,12.65
7/13/2024 6:37,12.65
7/13/2024 6:47,12.65
7/13/2024 6:57,12.65
7/13/2024 7:07,12.65
7/13/2024 7:17,12.7
7/13/2024 7:27,12.7
7/13/2024 7:37,12.74
7/13/2024 7:47,12.78
7/13/2024 7:57,12.82
7/13/2024 8:07,12.82
7/13/2024 8:17,12.82
7/13/2024 8:27,12.87
7/13/2024 8:37,12.87
7/13/2024 8:47,12.91
7/13/2024 8:57,12.95
7/13/2024 9:07,13
7/13/2024 9:17,13.04
7/13/2024 9:27,13.08
7/13/2024 9:37,13.12
7/13/2024 9:47,13.21
7/13/2024 9:57,13.25
7/13/2024 10:07,13.3
7/13/2024 10:17,13.34
7/13/2024 10:27,13.38
7/13/2024 10:37,13.47
7/13/2024 10:47,13.55
7/13/2024 10:57,13.55
7/13/2024 11:07,13.64
7/13/2024 11:17,13.64
7/13/2024 11:27,13.73
7/13/2024 11:37,13.77
7/13/2024 11:47,13.81
7/13/2024 11:57,13.9
7/13/2024 12:07,13.9
7/13/2024 12:17,13.98
7/13/2024 12:27,13.98
7/13/2024 12:37,14.11
7/13/2024 12:47,14.11
7/13/2024 12:57,14.15
7/13/2024 13:07,14.24
7/13/2024 13:17,14.24
7/13/2024 13:27,14.33
7/13/2024 13:37,14.41
7/13/2024 13:47,14.45
7/13/2024 13:57,14.54
7/13/2024 14:07,14.58
7/13/2024 14:17,14.63
7/13/2024 14:27,14.71
7/13/2024 14:37,14.71
7/13/2024 14:47,14.75
7/13/2024 14:57,14.8
7/13/2024 15:07,14.84
7/13/2024 15:17,14.84
7/13/2024 15:27,14.88
7/13/2024 15:37,14.93
7/13/2024 15:47,14.88
7/13/2024 15:57,14.93
7/13/2024 16:07,14.93
7/13/2024 16:17,14.88
7/13/2024 16:27,14.97
7/13/2024 16:37,14.93
7/13/2024 16:47,14.84
7/13/2024 16:57,14.88
7/13/2024 17:07,14.84
7/13/2024 17:17,14.75
7/13/2024 17:27,14.71
7/13/2024 17:37,14.67
7/13/2024 17:47,14.63
7/13/2024 17:57,14.58
7/13/2024 18:07,14.54
7/13/2024 18:17,14.5
7/13/2024 18:27,14.54
7/13/2024 18:37,14.45
7/13/2024 18:47,14.37
7/13/2024 18:57,14.41
7/13/2024 19:07,14.33
7/13/2024 19:17,14.28
7/13/2024 19:27,14.24
7/13/2024 19:37,14.2
7/13/2024 19:47,14.2
7/13/2024 19:57,14.11
7/13/2024 20:07,14.11
7/13/2024 20:17,14.03
7/13/2024 20:27,13.98
7/13/2024 20:37,13.98
7/13/2024 20:47,13.85
7/13/2024 20:57,13.81
7/13/2024 21:07,13.77
7/13/2024 21:17,13.68
7/13/2024 21:27,13.6
7/13/2024 21:37,13.6
7/13/2024 21:47,13.51
7/13/2024 21:57,13.47
7/13/2024 22:07,13.38
7/13/2024 22:17,13.38
7/13/2024 22:27,13.3
7/13/2024 22:37,13.21
7/13/2024 22:47,13.25
7/13/2024 22:57,13.21
7/13/2024 23:07,13.12
7/13/2024 23:17,13.12
7/13/2024 23:27,13.04
7/13/2024 23:37,13.04
7/13/2024 23:47,13
7/13/2024 23:57,12.95
7/14/2024 0:07,13
7/14/2024 0:17,12.95
7/14/2024 0:27,12.91
7/14/2024 0:37,12.82
7/14/2024 0:47,12.82
7/14/2024 0:57,12.87
7/14/2024 1:07,12.78
7/14/2024 1:17,12.82
7/14/2024 1:27,12.7
7/14/2024 1:37,12.7
7/14/2024 1:47,12.7
7/14/2024 1:57,12.7
7/14/2024 2:07,12.65
7/14/2024 2:17,12.61
7/14/2024 2:27,12.52
7/14/2024 2:37,12.57
7/14/2024 2:47,12.52
7/14/2024 2:57,12.52
7/14/2024 3:07,12.52
7/14/2024 3:17,12.52
7/14/2024 3:27,12.44
7/14/2024 3:37,12.48
7/14/2024 3:47,12.4
7/14/2024 3:57,12.4
7/14/2024 4:07,12.4
7/14/2024 4:17,12.35
7/14/2024 4:27,12.35
7/14/2024 4:37,12.35
7/14/2024 4:47,12.27
7/14/2024 4:57,12.31
7/14/2024 5:07,12.27
7/14/2024 5:17,12.27
7/14/2024 5:27,12.27
7/14/2024 5:37,12.22
7/14/2024 5:47,12.22
7/14/2024 5:57,12.22
7/14/2024 6:07,12.22
7/14/2024 6:17,12.27
7/14/2024 6:27,12.18
7/14/2024 6:37,12.22
7/14/2024 6:47,12.22
7/14/2024 6:57,12.18
7/14/2024 7:07,12.22
7/14/2024 7:17,12.18
7/14/2024 7:27,12.27
7/14/2024 7:37,12.31
7/14/2024 7:47,12.27
7/14/2024 7:57,12.31
7/14/2024 8:07,12.35
7/14/2024 8:17,12.35
7/14/2024 8:27,12.4
7/14/2024 8:37,12.48
7/14/2024 8:47,12.48
7/14/2024 8:57,12.52
7/14/2024 9:07,12.61
7/14/2024 9:17,12.61
7/14/2024 9:27,12.65
7/14/2024 9:37,12.65
7/14/2024 9:47,12.7
7/14/2024 9:57,12.74
7/14/2024 10:07,12.7
7/14/2024 10:17,12.74
7/14/2024 10:27,12.78
7/14/2024 10:37,12.82
7/14/2024 10:47,12.78
7/14/2024 10:57,12.91
7/14/2024 11:07,12.91
7/14/2024 11:17,12.91
7/14/2024 11:27,13
7/14/2024 11:37,13
7/14/2024 11:47,13.04
7/14/2024 11:57,13.04
7/14/2024 12:07,13.08
7/14/2024 12:17,13.12
7/14/2024 12:27,13.17
7/14/2024 12:37,13.17
7/14/2024 12:47,13.21
7/14/2024 12:57,13.21
7/14/2024 13:07,13.3
7/14/2024 13:17,13.34
7/14/2024 13:27,13.47
7/14/2024 13:37,13.47
7/14/2024 13:47,13.55
7/14/2024 13:57,13.6
7/14/2024 14:07,13.68
7/14/2024 14:17,13.77
7/14/2024 14:27,13.81
7/14/2024 14:37,13.9
7/14/2024 14:47,13.85
7/14/2024 14:57,13.9
7/14/2024 15:07,13.94
7/14/2024 15:17,13.94
7/14/2024 15:27,13.94
7/14/2024 15:37,13.98
7/14/2024 15:47,13.98
7/14/2024 15:57,13.98
7/14/2024 16:07,14.03
7/14/2024 16:17,13.94
7/14/2024 16:27,13.98
7/14/2024 16:37,14.03
7/14/2024 16:47,14.07
7/14/2024 16:57,14.03
7/14/2024 17:07,14.03
7/14/2024 17:17,14.07
7/14/2024 17:27,14.03
7/14/2024 17:37,14.03
7/14/2024 17:47,14.03
7/14/2024 17:57,13.98
7/14/2024 18:07,13.98
7/14/2024 18:17,13.94
7/14/2024 18:27,13.94
7/14/2024 18:37,13.9
7/14/2024 18:47,13.85
7/14/2024 18:57,13.85
7/14/2024 19:07,13.85
7/14/2024 19:17,13.81
7/14/2024 19:27,13.81
7/14/2024 19:37,13.77
7/14/2024 19:47,13.77
7/14/2024 19:57,13.73
7/14/2024 20:07,13.73
7/14/2024 20:17,13.68
7/14/2024 20:27,13.64
7/14/2024 20:37,13.6
7/14/2024 20:47,13.6
7/14/2024 20:57,13.55
7/14/2024 21:07,13.47
7/14/2024 21:17,13.47
7/14/2024 21:27,13.43
7/14/2024 21:37,13.38
7/14/2024 21:47,13.3
7/14/2024 21:57,13.3
7/14/2024 22:07,13.3
7/14/2024 22:17,13.25
7/14/2024 22:27,13.21
7/14/2024 22:37,13.17
7/14/2024 22:47,13.17
7/14/2024 22:57,13.08
7/14/2024 23:07,13.08
7/14/2024 23:17,13.08
7/14/2024 23:27,13
7/14/2024 23:37,12.95
7/14/2024 23:47,12.95
7/14/2024 23:57,12.91
7/15/2024 0:07,12.91
7/15/2024 0:17,12.87
7/15/2024 0:27,12.87
7/15/2024 0:37,12.82
7/15/2024 0:47,12.82
7/15/2024 0:57,12.78
7/15/2024 1:07,12.74
7/15/2024 1:17,12.7
7/15/2024 1:27,12.7
7/15/2024 1:37,12.65
7/15/2024 1:47,12.61
7/15/2024 1:57,12.61
7/15/2024 2:07,12.57
7/15/2024 2:17,12.52
7/15/2024 2:27,12.48
7/15/2024 2:37,12.44
7/15/2024 2:47,12.4
7/15/2024 2:57,12.31
7/15/2024 3:07,12.31
7/15/2024 3:17,12.27
7/15/2024 3:27,12.18
7/15/2024 3:37,12.14
7/15/2024 3:47,12.14
7/15/2024 3:57,12.1
7/15/2024 4:07,12.05
7/15/2024 4:17,11.97
7/15/2024 4:27,11.92
7/15/2024 4:37,11.88
7/15/2024 4:47,11.79
7/15/2024 4:57,11.79
7/15/2024 5:07,11.71
7/15/2024 5:17,11.67
7/15/2024 5:27,11.62
7/15/2024 5:37,11.62
7/15/2024 5:47,11.58
7/15/2024 5:57,11.58
7/15/2024 6:07,11.62
7/15/2024 6:17,11.58
7/15/2024 6:27,11.58
7/15/2024 6:37,11.58
7/15/2024 6:47,11.58
7/15/2024 6:57,11.62
7/15/2024 7:07,11.58
7/15/2024 7:17,11.62
7/15/2024 7:27,11.67
7/15/2024 7:37,11.71
7/15/2024 7:47,11.75
7/15/2024 7:57,11.84
7/15/2024 8:07,11.88
7/15/2024 8:17,11.97
7/15/2024 8:27,12.01
7/15/2024 8:37,12.1
7/15/2024 8:47,12.18
7/15/2024 8:57,12.27
7/15/2024 9:07,12.35
7/15/2024 9:17,12.48
7/15/2024 9:27,12.57
7/15/2024 9:37,12.7
7/15/2024 9:47,12.82
7/15/2024 9:57,12.95
7/15/2024 10:07,13.04
7/15/2024 10:17,13.12
7/15/2024 10:27,13.3
7/15/2024 10:37,13.47
7/15/2024 10:47,13.64
7/15/2024 10:57,13.85
7/15/2024 11:07,13.98
7/15/2024 11:17,14.11
7/15/2024 11:27,14.24
7/15/2024 11:37,14.37
7/15/2024 11:47,14.54
7/15/2024 11:57,14.63
7/15/2024 12:07,14.8
7/15/2024 12:17,14.97
7/15/2024 12:27,15.14
7/15/2024 12:37,15.23
7/15/2024 12:47,15.31
7/15/2024 12:57,15.44
7/15/2024 13:07,15.53
7/15/2024 13:17,15.61
7/15/2024 13:27,15.74
7/15/2024 13:37,15.83
7/15/2024 13:47,15.91
7/15/2024 13:57,16
7/15/2024 14:07,16.08
7/15/2024 14:17,16.26
7/15/2024 14:27,16.3
7/15/2024 14:37,16.39
7/15/2024 14:47,16.47
7/15/2024 14:57,16.51
7/15/2024 15:07,16.56
7/15/2024 15:17,16.64
7/15/2024 15:27,16.69
7/15/2024 15:37,16.73
7/15/2024 15:47,16.77
7/15/2024 15:57,16.77
7/15/2024 16:07,16.81
7/15/2024 16:17,16.77
7/15/2024 16:27,16.81
7/15/2024 16:37,16.81
7/15/2024 16:47,16.77
7/15/2024 16:57,16.77
7/15/2024 17:07,16.73
7/15/2024 17:17,16.69
7/15/2024 17:27,16.6
7/15/2024 17:37,16.56
7/15/2024 17:47,16.51
7/15/2024 17:57,16.43
7/15/2024 18:07,16.39
7/15/2024 18:17,16.34
7/15/2024 18:27,16.3
7/15/2024 18:37,16.21
7/15/2024 18:47,16.08
7/15/2024 18:57,16.04
7/15/2024 19:07,16.04
7/15/2024 19:17,16
7/15/2024 19:27,15.87
7/15/2024 19:37,15.78
7/15/2024 19:47,15.78
7/15/2024 19:57,15.7
7/15/2024 20:07,15.66
7/15/2024 20:17,15.57
7/15/2024 20:27,15.48
7/15/2024 20:37,15.4
7/15/2024 20:47,15.36
7/15/2024 20:57,15.23
7/15/2024 21:07,15.18
7/15/2024 21:17,15.14
7/15/2024 21:27,15.01
7/15/2024 21:37,14.97
7/15/2024 21:47,14.84
7/15/2024 21:57,14.75
7/15/2024 22:07,14.71
7/15/2024 22:17,14.63
7/15/2024 22:27,14.58
7/15/2024 22:37,14.5
7/15/2024 22:47,14.45
7/15/2024 22:57,14.33
7/15/2024 23:07,14.28
7/15/2024 23:17,14.2
7/15/2024 23:27,14.15
7/15/2024 23:37,14.07
7/15/2024 23:47,14.03
7/15/2024 23:57,13.98
7/16/2024 0:07,13.85
7/16/2024 0:17,13.85
7/16/2024 0:27,13.77
7/16/2024 0:37,13.73
7/16/2024 0:47,13.68
7/16/2024 0:57,13.6
7/16/2024 1:07,13.55
7/16/2024 1:17,13.51
7/16/2024 1:27,13.43
7/16/2024 1:37,13.38
7/16/2024 1:47,13.38
7/16/2024 1:57,13.3
7/16/2024 2:07,13.25
7/16/2024 2:17,13.21
7/16/2024 2:27,13.17
7/16/2024 2:37,13.08
7/16/2024 2:47,13.08
7/16/2024 2:57,13.04
7/16/2024 3:07,13
7/16/2024 3:17,12.95
7/16/2024 3:27,12.91
7/16/2024 3:37,12.91
7/16/2024 3:47,12.82
7/16/2024 3:57,12.78
7/16/2024 4:07,12.78
7/16/2024 4:17,12.74
7/16/2024 4:27,12.7
7/16/2024 4:37,12.65
7/16/2024 4:47,12.57
7/16/2024 4:57,12.61
7/16/2024 5:07,12.57
7/16/2024 5:17,12.52
7/16/2024 5:27,12.57
7/16/2024 5:37,12.57
7/16/2024 5:47,12.48
7/16/2024 5:57,12.48
7/16/2024 6:07,12.48
7/16/2024 6:17,12.48
7/16/2024 6:27,12.44
7/16/2024 6:37,12.52
7/16/2024 6:47,12.48
7/16/2024 6:57,12.57
7/16/2024 7:07,12.57
7/16/2024 7:17,12.57
7/16/2024 7:27,12.65
7/16/2024 7:37,12.61
7/16/2024 7:47,12.65
7/16/2024 7:57,12.74
7/16/2024 8:07,12.82
7/16/2024 8:17,12.91
7/16/2024 8:27,12.95
7/16/2024 8:37,13.04
7/16/2024 8:47,13.17
7/16/2024 8:57,13.3
7/16/2024 9:07,13.38
7/16/2024 9:17,13.47
7/16/2024 9:27,13.6
7/16/2024 9:37,13.77
7/16/2024 9:47,13.9
7/16/2024 9:57,13.94
7/16/2024 10:07,14.07
7/16/2024 10:17,14.11
7/16/2024 10:27,14.24
7/16/2024 10:37,14.33
7/16/2024 10:47,14.45
7/16/2024 10:57,14.58
7/16/2024 11:07,14.75
7/16/2024 11:17,14.88
7/16/2024 11:27,15.06
7/16/2024 11:37,15.27
7/16/2024 11:47,15.36
7/16/2024 11:57,15.48
7/16/2024 12:07,15.66
7/16/2024 12:17,15.78
7/16/2024 12:27,16
7/16/2024 12:37,16.17
7/16/2024 12:47,16.39
7/16/2024 12:57,16.51
7/16/2024 13:07,16.69
7/16/2024 13:17,16.86
7/16/2024 13:27,16.99
7/16/2024 13:37,17.11
7/16/2024 13:47,17.16
7/16/2024 13:57,17.33
7/16/2024 14:07,17.37
7/16/2024 14:17,17.5
7/16/2024 14:27,17.54
7/16/2024 14:37,17.63
7/16/2024 14:47,17.72
7/16/2024 14:57,17.76
7/16/2024 15:07,17.76
7/16/2024 15:17,17.8
7/16/2024 15:27,17.84
7/16/2024 15:37,17.89
7/16/2024 15:47,17.89
7/16/2024 15:57,17.93
7/16/2024 16:07,17.93
7/16/2024 16:17,17.97
7/16/2024 16:27,17.93
7/16/2024 16:37,17.93
7/16/2024 16:47,17.89
7/16/2024 16:57,17.89
7/16/2024 17:07,17.84
7/16/2024 17:17,17.8
7/16/2024 17:27,17.8
7/16/2024 17:37,17.76
7/16/2024 17:47,17.72
7/16/2024 17:57,17.72
7/16/2024 18:07,17.63
7/16/2024 18:17,17.54
7/16/2024 18:27,17.54
7/16/2024 18:37,17.54
7/16/2024 18:47,17.5
7/16/2024 18:57,17.46
7/16/2024 19:07,17.37
7/16/2024 19:17,17.29
7/16/2024 19:27,17.24
7/16/2024 19:37,17.2
7/16/2024 19:47,17.16
7/16/2024 19:57,17.07
7/16/2024 20:07,17.03
7/16/2024 20:17,16.94
7/16/2024 20:27,16.99
7/16/2024 20:37,16.9
7/16/2024 20:47,16.86
7/16/2024 20:57,16.81
7/16/2024 21:07,16.77
7/16/2024 21:17,16.73
7/16/2024 21:27,16.64
7/16/2024 21:37,16.6
7/16/2024 21:47,16.56
7/16/2024 21:57,16.47
7/16/2024 22:07,16.47
7/16/2024 22:17,16.43
7/16/2024 22:27,16.39
7/16/2024 22:37,16.34
7/16/2024 22:47,16.3
7/16/2024 22:57,16.26
7/16/2024 23:07,16.26
7/16/2024 23:17,16.17
7/16/2024 23:27,16.13
7/16/2024 23:37,16.08
7/16/2024 23:47,16.08
7/16/2024 23:57,16.04
7/17/2024 0:07,16
7/17/2024 0:17,16.04
7/17/2024 0:27,15.96
7/17/2024 0:37,16
7/17/2024 0:47,15.91
7/17/2024 0:57,15.91
7/17/2024 1:07,15.91
7/17/2024 1:17,15.87
7/17/2024 1:27,15.87
7/17/2024 1:37,15.83
7/17/2024 1:47,15.87
7/17/2024 1:57,15.87
7/17/2024 2:07,15.83
7/17/2024 2:17,15.83
7/17/2024 2:27,15.83
7/17/2024 2:37,15.74
7/17/2024 2:47,15.74
7/17/2024 2:57,15.74
7/17/2024 3:07,15.7
7/17/2024 3:17,15.7
7/17/2024 3:27,15.7
7/17/2024 3:37,15.7
7/17/2024 3:47,15.7
7/17/2024 3:57,15.66
7/17/2024 4:07,15.66
7/17/2024 4:17,15.66
7/17/2024 4:27,15.61
7/17/2024 4:37,15.61
7/17/2024 4:47,15.57
7/17/2024 4:57,15.57
7/17/2024 5:07,15.57
7/17/2024 5:17,15.57
7/17/2024 5:27,15.53
7/17/2024 5:37,15.53
7/17/2024 5:47,15.57
7/17/2024 5:57,15.57
7/17/2024 6:07,15.53
7/17/2024 6:17,15.57
7/17/2024 6:27,15.61
7/17/2024 6:37,15.57
7/17/2024 6:47,15.66
7/17/2024 6:57,15.66
7/17/2024 7:07,15.61
7/17/2024 7:17,15.66
7/17/2024 7:27,15.7
7/17/2024 7:37,15.74
7/17/2024 7:47,15.74
7/17/2024 7:57,15.83
7/17/2024 8:07,15.87
7/17/2024 8:17,15.91
7/17/2024 8:27,16
7/17/2024 8:37,16.08
7/17/2024 8:47,16.17
7/17/2024 8:57,16.3
7/17/2024 9:07,16.39
7/17/2024 9:17,16.51
7/17/2024 9:27,16.56
7/17/2024 9:37,16.69
7/17/2024 9:47,16.81
7/17/2024 9:57,16.9
7/17/2024 10:07,17.03
7/17/2024 10:17,17.11
7/17/2024 10:27,17.2
7/17/2024 10:37,17.37
7/17/2024 10:47,17.5
7/17/2024 10:57,17.59
7/17/2024 11:07,17.63
7/17/2024 11:17,17.76
7/17/2024 11:27,17.84
7/17/2024 11:37,17.97
7/17/2024 11:47,18.06
7/17/2024 11:57,18.19
7/17/2024 12:07,18.32
7/17/2024 12:17,18.4
7/17/2024 12:27,18.53
7/17/2024 12:37,18.62
7/17/2024 12:47,18.7
7/17/2024 12:57,18.79
7/17/2024 13:07,18.92
7/17/2024 13:17,19.05
7/17/2024 13:27,19.13
7/17/2024 13:37,19.13
7/17/2024 13:47,19.22
7/17/2024 13:57,19.3
7/17/2024 14:07,19.35
7/17/2024 14:17,19.39
7/17/2024 14:27,19.43
7/17/2024 14:37,19.47
7/17/2024 14:47,19.52
7/17/2024 14:57,19.56
7/17/2024 15:07,19.56
7/17/2024 15:17,19.6
7/17/2024 15:27,19.6
7/17/2024 15:37,19.65
7/17/2024 15:47,19.6
7/17/2024 15:57,19.6
7/17/2024 16:07,19.56
7/17/2024 16:17,19.56
7/17/2024 16:27,19.47
7/17/2024 16:37,19.52
7/17/2024 16:47,19.47
7/17/2024 16:57,19.39
7/17/2024 17:07,19.39
7/17/2024 17:17,19.35
7/17/2024 17:27,19.26
7/17/2024 17:37,19.3
7/17/2024 17:47,19.17
7/17/2024 17:57,19.09
7/17/2024 18:07,19.09
7/17/2024 18:17,18.96
7/17/2024 18:27,18.92
7/17/2024 18:37,18.87
7/17/2024 18:47,18.74
7/17/2024 18:57,18.7
7/17/2024 19:07,18.66
7/17/2024 19:17,18.57
7/17/2024 19:27,18.49
7/17/2024 19:37,18.44
7/17/2024 19:47,18.36
7/17/2024 19:57,18.32
7/17/2024 20:07,18.27
7/17/2024 20:17,18.1
7/17/2024 20:27,18.1
7/17/2024 20:37,18.02
7/17/2024 20:47,17.93
7/17/2024 20:57,17.89
7/17/2024 21:07,17.84
7/17/2024 21:17,17.72
7/17/2024 21:27,17.67
7/17/2024 21:37,17.59
7/17/2024 21:47,17.54
7/17/2024 21:57,17.46
7/17/2024 22:07,17.37
7/17/2024 22:17,17.29
7/17/2024 22:27,17.24
7/17/2024 22:37,17.16
7/17/2024 22:47,17.03
7/17/2024 22:57,16.99
7/17/2024 23:07,16.94
7/17/2024 23:17,16.86
7/17/2024 23:27,16.77
7/17/2024 23:37,16.73
7/17/2024 23:47,16.69
7/17/2024 23:57,16.64
7/18/2024 0:07,16.56
7/18/2024 0:17,16.43
7/18/2024 0:27,16.43
7/18/2024 0:37,16.39
7/18/2024 0:47,16.26
7/18/2024 0:57,16.21
7/18/2024 1:07,16.17
7/18/2024 1:17,16.08
7/18/2024 1:27,16.04
7/18/2024 1:37,16
7/18/2024 1:47,15.91
7/18/2024 1:57,15.91
7/18/2024 2:07,15.83
7/18/2024 2:17,15.74
7/18/2024 2:27,15.74
7/18/2024 2:37,15.66
7/18/2024 2:47,15.66
7/18/2024 2:57,15.61
7/18/2024 3:07,15.57
7/18/2024 3:17,15.48
7/18/2024 3:27,15.48
7/18/2024 3:37,15.44
7/18/2024 3:47,15.44
7/18/2024 3:57,15.36
7/18/2024 4:07,15.36
7/18/2024 4:17,15.31
7/18/2024 4:27,15.27
7/18/2024 4:37,15.27
7/18/2024 4:47,15.23
7/18/2024 4:57,15.27
7/18/2024 5:07,15.18
7/18/2024 5:17,15.14
7/18/2024 5:27,15.14
7/18/2024 5:37,15.14
7/18/2024 5:47,15.1
7/18/2024 5:57,15.14
7/18/2024 6:07,15.1
7/18/2024 6:17,15.14
7/18/2024 6:27,15.14
7/18/2024 6:37,15.1
7/18/2024 6:47,15.1
7/18/2024 6:57,15.1
7/18/2024 7:07,15.06
7/18/2024 7:17,15.06
7/18/2024 7:27,15.1
7/18/2024 7:37,15.1
7/18/2024 7:47,15.06
7/18/2024 7:57,15.1
7/18/2024 8:07,15.14
7/18/2024 8:17,15.1
7/18/2024 8:27,15.1
7/18/2024 8:37,15.14
7/18/2024 8:47,15.14
7/18/2024 8:57,15.18
7/18/2024 9:07,15.14
7/18/2024 9:17,15.18
7/18/2024 9:27,15.18
7/18/2024 9:37,15.23
7/18/2024 9:47,15.27
7/18/2024 9:57,15.31
7/18/2024 10:07,15.36
7/18/2024 10:17,15.4
7/18/2024 10:27,15.53
7/18/2024 10:37,15.57
7/18/2024 10:47,15.66
7/18/2024 10:57,15.78
7/18/2024 11:07,15.96
7/18/2024 11:17,16.08
7/18/2024 11:27,16.26
7/18/2024 11:37,16.39
7/18/2024 11:47,16.56
7/18/2024 11:57,16.73
7/18/2024 12:07,16.86
7/18/2024 12:17,16.94
7/18/2024 12:27,17.07
7/18/2024 12:37,17.2
7/18/2024 12:47,17.37
7/18/2024 12:57,17.41
7/18/2024 13:07,17.5
7/18/2024 13:17,17.63
7/18/2024 13:27,17.76
7/18/2024 13:37,17.8
7/18/2024 13:47,17.84
7/18/2024 13:57,17.89
7/18/2024 14:07,17.93
7/18/2024 14:17,18.02
7/18/2024 14:27,18.1
7/18/2024 14:37,18.14
7/18/2024 14:47,18.14
7/18/2024 14:57,18.19
7/18/2024 15:07,18.23
7/18/2024 15:17,18.23
7/18/2024 15:27,18.27
7/18/2024 15:37,18.32
7/18/2024 15:47,18.32
7/18/2024 15:57,18.27
7/18/2024 16:07,18.27
7/18/2024 16:17,18.23
7/18/2024 16:27,18.27
7/18/2024 16:37,18.23
7/18/2024 16:47,18.23
7/18/2024 16:57,18.23
7/18/2024 17:07,18.14
7/18/2024 17:17,18.1
7/18/2024 17:27,18.06
7/18/2024 17:37,17.97
7/18/2024 17:47,17.89
7/18/2024 17:57,17.84
7/18/2024 18:07,17.76
7/18/2024 18:17,17.76
7/18/2024 18:27,17.67
7/18/2024 18:37,17.63
7/18/2024 18:47,17.59
7/18/2024 18:57,17.5
7/18/2024 19:07,17.46
7/18/2024 19:17,17.41
7/18/2024 19:27,17.37
7/18/2024 19:37,17.33
7/18/2024 19:47,17.29
7/18/2024 19:57,17.2
7/18/2024 20:07,17.16
7/18/2024 20:17,17.16
7/18/2024 20:27,17.07
7/18/2024 20:37,17.03
7/18/2024 20:47,17.03
7/18/2024 20:57,16.9
7/18/2024 21:07,16.86
7/18/2024 21:17,16.86
7/18/2024 21:27,16.77
7/18/2024 21:37,16.77
7/18/2024 21:47,16.69
7/18/2024 21:57,16.69
7/18/2024 22:07,16.6
7/18/2024 22:17,16.56
7/18/2024 22:27,16.47
7/18/2024 22:37,16.43
7/18/2024 22:47,16.39
7/18/2024 22:57,16.34
7/18/2024 23:07,16.26
7/18/2024 23:17,16.21
7/18/2024 23:27,16.17
7/18/2024 23:37,16.13
7/18/2024 23:47,16.08
7/18/2024 23:57,16.04
7/19/2024 0:07,15.96
7/19/2024 0:17,15.96
7/19/2024 0:27,15.91
7/19/2024 0:37,15.78
7/19/2024 0:47,15.78
7/19/2024 0:57,15.74
7/19/2024 1:07,15.66
7/19/2024 1:17,15.66
7/19/2024 1:27,15.61
7/19/2024 1:37,15.57
7/19/2024 1:47,15.53
7/19/2024 1:57,15.48
7/19/2024 2:07,15.4
7/19/2024 2:17,15.4
7/19/2024 2:27,15.36
7/19/2024 2:37,15.27
7/19/2024 2:47,15.27
7/19/2024 2:57,15.23
7/19/2024 3:07,15.18
7/19/2024 3:17,15.18
7/19/2024 3:27,15.14
7/19/2024 3:37,15.18
7/19/2024 3:47,15.01
7/19/2024 3:57,15.01
7/19/2024 4:07,15.01
7/19/2024 4:17,14.97
7/19/2024 4:27,14.93
7/19/2024 4:37,14.88
7/19/2024 4:47,14.88
7/19/2024 4:57,14.84
7/19/2024 5:07,14.8
7/19/2024 5:17,14.75
7/19/2024 5:27,14.8
7/19/2024 5:37,14.75
7/19/2024 5:47,14.71
7/19/2024 5:57,14.67
7/19/2024 6:07,14.67
7/19/2024 6:17,14.71
7/19/2024 6:27,14.67
7/19/2024 6:37,14.67
7/19/2024 6:47,14.67
7/19/2024 6:57,14.67
7/19/2024 7:07,14.63
7/19/2024 7:17,14.63
7/19/2024 7:27,14.71
7/19/2024 7:37,14.67
7/19/2024 7:47,14.63
7/19/2024 7:57,14.71
7/19/2024 8:07,14.71
7/19/2024 8:17,14.75
7/19/2024 8:27,14.67
7/19/2024 8:37,14.71
7/19/2024 8:47,14.8
7/19/2024 8:57,14.8
7/19/2024 9:07,14.84
7/19/2024 9:17,14.93
7/19/2024 9:27,14.97
7/19/2024 9:37,14.97
7/19/2024 9:47,15.01
7/19/2024 9:57,15.18
7/19/2024 10:07,15.18
7/19/2024 10:17,15.27
7/19/2024 10:27,15.31
7/19/2024 10:37,15.44
7/19/2024 10:47,15.53
7/19/2024 10:57,15.57
7/19/2024 11:07,15.66
7/19/2024 11:17,15.74
7/19/2024 11:27,15.83
7/19/2024 11:37,15.96
7/19/2024 11:47,16
7/19/2024 11:57,16.04
7/19/2024 12:07,16.13
7/19/2024 12:17,16.17
7/19/2024 12:27,16.21
7/19/2024 12:37,16.26
7/19/2024 12:47,16.3
7/19/2024 12:57,16.3
7/19/2024 13:07,16.34
7/19/2024 13:17,16.39
7/19/2024 13:27,16.39
7/19/2024 13:37,16.39
7/19/2024 13:47,16.39
7/19/2024 13:57,16.39
7/19/2024 14:07,16.43
7/19/2024 14:17,16.43
7/19/2024 14:27,16.39
7/19/2024 14:37,16.39
7/19/2024 14:47,16.43
7/19/2024 14:57,16.39
7/19/2024 15:07,16.39
7/19/2024 15:17,16.43
7/19/2024 15:27,16.43
7/19/2024 15:37,16.39
7/19/2024 15:47,16.34
7/19/2024 15:57,16.39
7/19/2024 16:07,16.39
7/19/2024 16:17,16.39
7/19/2024 16:27,16.39
7/19/2024 16:37,16.34
7/19/2024 16:47,16.34
7/19/2024 16:57,16.3
7/19/2024 17:07,16.34
7/19/2024 17:17,16.34
7/19/2024 17:27,16.34
7/19/2024 17:37,16.34
7/19/2024 17:47,16.34
7/19/2024 17:57,16.34
7/19/2024 18:07,16.34
7/19/2024 18:17,16.39
7/19/2024 18:27,16.34
7/19/2024 18:37,16.34
7/19/2024 18:47,16.34
7/19/2024 18:57,16.34
7/19/2024 19:07,16.34
7/19/2024 19:17,16.34
7/19/2024 19:27,16.34
7/19/2024 19:37,16.39
7/19/2024 19:47,16.34
7/19/2024 19:57,16.3
7/19/2024 20:07,16.34
7/19/2024 20:17,16.3
7/19/2024 20:27,16.34
7/19/2024 20:37,16.3
7/19/2024 20:47,16.3
7/19/2024 20:57,16.34
7/19/2024 21:07,16.3
7/19/2024 21:17,16.26
7/19/2024 21:27,16.26
7/19/2024 21:37,16.26
7/19/2024 21:47,16.21
7/19/2024 21:57,16.17
7/19/2024 22:07,16.21
7/19/2024 22:17,16.17
7/19/2024 22:27,16.17
7/19/2024 22:37,16.17
7/19/2024 22:47,16.08
7/19/2024 22:57,16.08
7/19/2024 23:07,16.08
7/19/2024 23:17,16.04
7/19/2024 23:27,16.04
7/19/2024 23:37,16.08
7/19/2024 23:47,16.04
7/19/2024 23:57,16.04
7/20/2024 0:07,16.08
7/20/2024 0:17,16.04
7/20/2024 0:27,16.04
7/20/2024 0:37,16.08
7/20/2024 0:47,16.08
7/20/2024 0:57,16.08
7/20/2024 1:07,16.08
7/20/2024 1:17,16.13
7/20/2024 1:27,16.17
7/20/2024 1:37,16.13
7/20/2024 1:47,16.21
7/20/2024 1:57,16.21
7/20/2024 2:07,16.21
7/20/2024 2:17,16.21
7/20/2024 2:27,16.21
7/20/2024 2:37,16.26
7/20/2024 2:47,16.21
7/20/2024 2:57,16.26
7/20/2024 3:07,16.26
7/20/2024 3:17,16.26
7/20/2024 3:27,16.26
7/20/2024 3:37,16.3
7/20/2024 3:47,16.3
7/20/2024 3:57,16.26
7/20/2024 4:07,16.26
7/20/2024 4:17,16.3
7/20/2024 4:27,16.26
7/20/2024 4:37,16.3
7/20/2024 4:47,16.3
7/20/2024 4:57,16.3
7/20/2024 5:07,16.39
7/20/2024 5:17,16.39
7/20/2024 5:27,16.39
7/20/2024 5:37,16.43
7/20/2024 5:47,16.43
7/20/2024 5:57,16.47
7/20/2024 6:07,16.47
7/20/2024 6:17,16.51
7/20/2024 6:27,16.47
7/20/2024 6:37,16.56
7/20/2024 6:47,16.6
7/20/2024 6:57,16.64
7/20/2024 7:07,16.64
7/20/2024 7:17,16.64
7/20/2024 7:27,16.73
7/20/2024 7:37,16.73
7/20/2024 7:47,16.73
7/20/2024 7:57,16.77
7/20/2024 8:07,16.81
7/20/2024 8:17,16.86
7/20/2024 8:27,16.86
7/20/2024 8:37,16.86
7/20/2024 8:47,16.9
7/20/2024 8:57,16.94
7/20/2024 9:07,16.94
7/20/2024 9:17,16.94
7/20/2024 9:27,16.99
7/20/2024 9:37,17.03
7/20/2024 9:47,17.03
7/20/2024 9:57,17.11
7/20/2024 10:07,17.11
7/20/2024 10:17,17.16
7/20/2024 10:27,17.2
7/20/2024 10:37,17.24
7/20/2024 10:47,17.29
7/20/2024 10:57,17.33
7/20/2024 11:07,17.41
7/20/2024 11:17,17.5
7/20/2024 11:27,17.59
7/20/2024 11:37,17.67
7/20/2024 11:47,17.76
7/20/2024 11:57,17.84
7/20/2024 12:07,17.89
7/20/2024 12:17,17.97
7/20/2024 12:27,18.02
7/20/2024 12:37,18.14
7/20/2024 12:47,18.19
7/20/2024 12:57,18.27
7/20/2024 13:07,18.32
7/20/2024 13:17,18.36
7/20/2024 13:27,18.4
7/20/2024 13:37,18.4
7/20/2024 13:47,18.49
7/20/2024 13:57,18.53
7/20/2024 14:07,18.66
7/20/2024 14:17,18.74
7/20/2024 14:27,18.79
7/20/2024 14:37,18.83
7/20/2024 14:47,18.87
7/20/2024 14:57,18.96
7/20/2024 15:07,19.05
7/20/2024 15:17,19.09
7/20/2024 15:27,19.09
7/20/2024 15:37,19.17
7/20/2024 15:47,19.13
7/20/2024 15:57,19.17
7/20/2024 16:07,19.13
7/20/2024 16:17,19.17
7/20/2024 16:27,19.13
7/20/2024 16:37,19.13
7/20/2024 16:47,19.13
7/20/2024 16:57,19.09
7/20/2024 17:07,19.05
7/20/2024 17:17,19.09
7/20/2024 17:27,19
7/20/2024 17:37,18.96
7/20/2024 17:47,18.92
7/20/2024 17:57,18.87
7/20/2024 18:07,18.83
7/20/2024 18:17,18.83
7/20/2024 18:27,18.79
7/20/2024 18:37,18.7
7/20/2024 18:47,18.7
7/20/2024 18:57,18.66
7/20/2024 19:07,18.53
7/20/2024 19:17,18.53
7/20/2024 19:27,18.44
7/20/2024 19:37,18.44
7/20/2024 19:47,18.4
7/20/2024 19:57,18.32
7/20/2024 20:07,18.32
7/20/2024 20:17,18.27
7/20/2024 20:27,18.23
7/20/2024 20:37,18.19
7/20/2024 20:47,18.14
7/20/2024 20:57,18.14
7/20/2024 21:07,18.14
7/20/2024 21:17,18.1
7/20/2024 21:27,18.06
7/20/2024 21:37,18.06
7/20/2024 21:47,18.06
7/20/2024 21:57,18.02
7/20/2024 22:07,17.97
7/20/2024 22:17,17.97
7/20/2024 22:27,17.89
7/20/2024 22:37,17.89
7/20/2024 22:47,17.84
7/20/2024 22:57,17.84
7/20/2024 23:07,17.76
7/20/2024 23:17,17.8
7/20/2024 23:27,17.72
7/20/2024 23:37,17.76
7/20/2024 23:47,17.67
7/20/2024 23:57,17.67
7/21/2024 0:07,17.67
7/21/2024 0:17,17.63
7/21/2024 0:27,17.59
7/21/2024 0:37,17.63
7/21/2024 0:47,17.54
7/21/2024 0:57,17.59
7/21/2024 1:07,17.59
7/21/2024 1:17,17.54
7/21/2024 1:27,17.54
7/21/2024 1:37,17.5
7/21/2024 1:47,17.5
7/21/2024 1:57,17.46
7/21/2024 2:07,17.5
7/21/2024 2:17,17.5
7/21/2024 2:27,17.46
7/21/2024 2:37,17.5
7/21/2024 2:47,17.46
7/21/2024 2:57,17.46
7/21/2024 3:07,17.41
7/21/2024 3:17,17.46
7/21/2024 3:27,17.37
7/21/2024 3:37,17.41
7/21/2024 3:47,17.46
7/21/2024 3:57,17.46
7/21/2024 4:07,17.41
7/21/2024 4:17,17.37
7/21/2024 4:27,17.41
7/21/2024 4:37,17.37
7/21/2024 4:47,17.37
7/21/2024 4:57,17.37
7/21/2024 5:07,17.37
7/21/2024 5:17,17.37
7/21/2024 5:27,17.41
7/21/2024 5:37,17.41
7/21/2024 5:47,17.41
7/21/2024 5:57,17.41
7/21/2024 6:07,17.41
7/21/2024 6:17,17.41
7/21/2024 6:27,17.46
7/21/2024 6:37,17.41
7/21/2024 6:47,17.46
7/21/2024 6:57,17.5
7/21/2024 7:07,17.5
7/21/2024 7:17,17.54
7/21/2024 7:27,17.63
7/21/2024 7:37,17.63
7/21/2024 7:47,17.72
7/21/2024 7:57,17.76
7/21/2024 8:07,17.8
7/21/2024 8:17,17.84
7/21/2024 8:27,17.89
7/21/2024 8:37,17.97
7/21/2024 8:47,17.97
7/21/2024 8:57,18.02
7/21/2024 9:07,18.06
7/21/2024 9:17,18.14
7/21/2024 9:27,18.23
7/21/2024 9:37,18.23
7/21/2024 9:47,18.32
7/21/2024 9:57,18.44
7/21/2024 10:07,18.49
7/21/2024 10:17,18.53
7/21/2024 10:27,18.62
7/21/2024 10:37,18.7
7/21/2024 10:47,18.79
7/21/2024 10:57,18.87
7/21/2024 11:07,19
7/21/2024 11:17,19.05
7/21/2024 11:27,19.09
7/21/2024 11:37,19.22
7/21/2024 11:47,19.26
7/21/2024 11:57,19.35
7/21/2024 12:07,19.39
7/21/2024 12:17,19.39
7/21/2024 12:27,19.39
7/21/2024 12:37,19.39
7/21/2024 12:47,19.39
7/21/2024 12:57,19.47
7/21/2024 13:07,19.39
7/21/2024 13:17,19.39
7/21/2024 13:27,19.35
7/21/2024 13:37,19.35
7/21/2024 13:47,19.3
7/21/2024 13:57,19.3
7/21/2024 14:07,19.3
7/21/2024 14:17,19.26
7/21/2024 14:27,19.22
7/21/2024 14:37,19.17
7/21/2024 14:47,19.13
7/21/2024 14:57,19.13
7/21/2024 15:07,19.13
7/21/2024 15:17,19.09
7/21/2024 15:27,19.05
7/21/2024 15:37,19
7/21/2024 15:47,18.96
7/21/2024 15:57,18.96
7/21/2024 16:07,18.87
7/21/2024 16:17,18.87
7/21/2024 16:27,18.83
7/21/2024 16:37,18.79
7/21/2024 16:47,18.79
7/21/2024 16:57,18.74
7/21/2024 17:07,18.7
7/21/2024 17:17,18.62
7/21/2024 17:27,18.62
7/21/2024 17:37,18.57
7/21/2024 17:47,18.53
7/21/2024 17:57,18.49
7/21/2024 18:07,18.44
7/21/2024 18:17,18.4
7/21/2024 18:27,18.36
7/21/2024 18:37,18.36
7/21/2024 18:47,18.32
7/21/2024 18:57,18.23
7/21/2024 19:07,18.23
7/21/2024 19:17,18.19
7/21/2024 19:27,18.1
7/21/2024 19:37,18.1
7/21/2024 19:47,18.06
7/21/2024 19:57,17.97
7/21/2024 20:07,17.97
7/21/2024 20:17,17.93
7/21/2024 20:27,17.84
7/21/2024 20:37,17.84
7/21/2024 20:47,17.76
7/21/2024 20:57,17.76
7/21/2024 21:07,17.72
7/21/2024 21:17,17.67
7/21/2024 21:27,17.59
7/21/2024 21:37,17.59
7/21/2024 21:47,17.5
7/21/2024 21:57,17.5
7/21/2024 22:07,17.41
7/21/2024 22:17,17.41
7/21/2024 22:27,17.37
7/21/2024 22:37,17.33
7/21/2024 22:47,17.29
7/21/2024 22:57,17.24
7/21/2024 23:07,17.24
7/21/2024 23:17,17.2
7/21/2024 23:27,17.16
7/21/2024 23:37,17.11
7/21/2024 23:47,17.07
7/21/2024 23:57,17.07
7/22/2024 0:07,17.03
7/22/2024 0:17,16.94
7/22/2024 0:27,16.94
7/22/2024 0:37,16.94
7/22/2024 0:47,16.9
7/22/2024 0:57,16.86
7/22/2024 1:07,16.81
7/22/2024 1:17,16.81
7/22/2024 1:27,16.73
7/22/2024 1:37,16.73
7/22/2024 1:47,16.73
7/22/2024 1:57,16.77
7/22/2024 2:07,16.69
7/22/2024 2:17,16.69
7/22/2024 2:27,16.69
7/22/2024 2:37,16.69
7/22/2024 2:47,16.64
7/22/2024 2:57,16.73
7/22/2024 3:07,16.81
7/22/2024 3:17,16.86
7/22/2024 3:27,16.9
7/22/2024 3:37,16.9
7/22/2024 3:47,16.99
7/22/2024 3:57,17.07
7/22/2024 4:07,17.16
7/22/2024 4:17,17.2
7/22/2024 4:27,17.29
7/22/2024 4:37,17.29
7/22/2024 4:47,17.33
7/22/2024 4:57,17.33
7/22/2024 5:07,17.37
7/22/2024 5:17,17.37
7/22/2024 5:27,17.33
7/22/2024 5:37,17.37
7/22/2024 5:47,17.37
7/22/2024 5:57,17.33
7/22/2024 6:07,17.29
7/22/2024 6:17,17.24
7/22/2024 6:27,17.24
7/22/2024 6:37,17.2
7/22/2024 6:47,17.2
7/22/2024 6:57,17.16
7/22/2024 7:07,17.16
7/22/2024 7:17,17.2
7/22/2024 7:27,17.16
7/22/2024 7:37,17.16
7/22/2024 7:47,17.16
7/22/2024 7:57,17.16
7/22/2024 8:07,17.11
7/22/2024 8:17,17.16
7/22/2024 8:27,17.2
7/22/2024 8:37,17.2
7/22/2024 8:47,17.16
7/22/2024 8:57,17.2
7/22/2024 9:07,17.2
7/22/2024 9:17,17.2
7/22/2024 9:27,17.2
7/22/2024 9:37,17.24
7/22/2024 9:47,17.29
7/22/2024 9:57,17.29
7/22/2024 10:07,17.33
7/22/2024 10:17,17.37
7/22/2024 10:27,17.41
7/22/2024 10:37,17.41
7/22/2024 10:47,17.46
7/22/2024 10:57,17.54
7/22/2024 11:07,17.5
7/22/2024 11:17,17.59
7/22/2024 11:27,17.59
7/22/2024 11:37,17.67
7/22/2024 11:47,17.67
7/22/2024 11:57,17.72
7/22/2024 12:07,17.76
7/22/2024 12:17,17.8
7/22/2024 12:27,17.8
7/22/2024 12:37,17.89
7/22/2024 12:47,17.97
7/22/2024 12:57,18.06
7/22/2024 13:07,18.06
7/22/2024 13:17,18.06
7/22/2024 13:27,18.1
7/22/2024 13:37,18.14
7/22/2024 13:47,18.14
7/22/2024 13:57,18.19
7/22/2024 14:07,18.23
7/22/2024 14:17,18.27
7/22/2024 14:27,18.32
7/22/2024 14:37,18.27
7/22/2024 14:47,18.32
7/22/2024 14:57,18.32
7/22/2024 15:07,18.36
7/22/2024 15:17,18.36
7/22/2024 15:27,18.36
7/22/2024 15:37,18.32
7/22/2024 15:47,18.32
7/22/2024 15:57,18.36
7/22/2024 16:07,18.27
7/22/2024 16:17,18.27
7/22/2024 16:27,18.27
7/22/2024 16:37,18.23
7/22/2024 16:47,18.23
7/22/2024 16:57,18.27
7/22/2024 17:07,18.19
7/22/2024 17:17,18.19
7/22/2024 17:27,18.19
7/22/2024 17:37,18.14
7/22/2024 17:47,18.1
7/22/2024 17:57,18.06
7/22/2024 18:07,18.1
7/22/2024 18:17,18.06
7/22/2024 18:27,18.02
7/22/2024 18:37,18.02
7/22/2024 18:47,17.97
7/22/2024 18:57,17.97
7/22/2024 19:07,17.97
7/22/2024 19:17,17.93
7/22/2024 19:27,17.89
7/22/2024 19:37,17.93
7/22/2024 19:47,17.8
7/22/2024 19:57,17.84
7/22/2024 20:07,17.89
7/22/2024 20:17,17.84
7/22/2024 20:27,17.8
7/22/2024 20:37,17.8
7/22/2024 20:47,17.8
7/22/2024 20:57,17.8
7/22/2024 21:07,17.76
7/22/2024 21:17,17.76
7/22/2024 21:27,17.76
7/22/2024 21:37,17.76
7/22/2024 21:47,17.72
7/22/2024 21:57,17.72
7/22/2024 22:07,17.67
7/22/2024 22:17,17.72
7/22/2024 22:27,17.72
7/22/2024 22:37,17.63
7/22/2024 22:47,17.67
7/22/2024 22:57,17.67
7/22/2024 23:07,17.67
7/22/2024 23:17,17.72
7/22/2024 23:27,17.67
7/22/2024 23:37,17.67
7/22/2024 23:47,17.67
7/22/2024 23:57,17.67
7/23/2024 0:07,17.67
7/23/2024 0:17,17.67
7/23/2024 0:27,17.67
7/23/2024 0:37,17.63
7/23/2024 0:47,17.63
7/23/2024 0:57,17.67
7/23/2024 1:07,17.67
7/23/2024 1:17,17.63
7/23/2024 1:27,17.63
7/23/2024 1:37,17.59
7/23/2024 1:47,17.63
7/23/2024 1:57,17.59
7/23/2024 2:07,17.59
7/23/2024 2:17,17.59
7/23/2024 2:27,17.59
7/23/2024 2:37,17.54
7/23/2024 2:47,17.54
7/23/2024 2:57,17.5
7/23/2024 3:07,17.54
7/23/2024 3:17,17.54
7/23/2024 3:27,17.54
7/23/2024 3:37,17.54
7/23/2024 3:47,17.5
7/23/2024 3:57,17.46
7/23/2024 4:07,17.5
7/23/2024 4:17,17.46
7/23/2024 4:27,17.46
7/23/2024 4:37,17.46
7/23/2024 4:47,17.46
7/23/2024 4:57,17.46
7/23/2024 5:07,17.41
7/23/2024 5:17,17.41
7/23/2024 5:27,17.41
7/23/2024 5:37,17.41
7/23/2024 5:47,17.41
7/23/2024 5:57,17.37
7/23/2024 6:07,17.46
7/23/2024 6:17,17.37
7/23/2024 6:27,17.41
7/23/2024 6:37,17.41
7/23/2024 6:47,17.37
7/23/2024 6:57,17.46
7/23/2024 7:07,17.41
7/23/2024 7:17,17.41
7/23/2024 7:27,17.41
7/23/2024 7:37,17.46
7/23/2024 7:47,17.46
7/23/2024 7:57,17.46
7/23/2024 8:07,17.46
7/23/2024 8:17,17.5
7/23/2024 8:27,17.5
7/23/2024 8:37,17.54
7/23/2024 8:47,17.54
7/23/2024 8:57,17.54
7/23/2024 9:07,17.59
7/23/2024 9:17,17.59
7/23/2024 9:27,17.67
7/23/2024 9:37,17.72
7/23/2024 9:47,17.72
7/23/2024 9:57,17.76
7/23/2024 10:07,17.84
7/23/2024 10:17,17.89
7/23/2024 10:27,17.93
7/23/2024 10:37,18.06
7/23/2024 10:47,18.1
7/23/2024 10:57,18.1
7/23/2024 11:07,18.14
7/23/2024 11:17,18.23
7/23/2024 11:27,18.27
7/23/2024 11:37,18.32
7/23/2024 11:47,18.44
7/23/2024 11:57,18.57
7/23/2024 12:07,18.74
7/23/2024 12:17,18.83
7/23/2024 12:27,18.83
7/23/2024 12:37,18.92
7/23/2024 12:47,18.96
7/23/2024 12:57,19
7/23/2024 13:07,19.05
7/23/2024 13:17,19
7/23/2024 13:27,19.05
7/23/2024 13:37,19
7/23/2024 13:47,19.05
7/23/2024 13:57,19.13
7/23/2024 14:07,19.13
7/23/2024 14:17,19.13
7/23/2024 14:27,19.17
7/23/2024 14:37,19.09
7/23/2024 14:47,19.17
7/23/2024 14:57,19.13
7/23/2024 15:07,19.09
7/23/2024 15:17,19.09
7/23/2024 15:27,19.05
7/23/2024 15:37,19.05
7/23/2024 15:47,19
7/23/2024 15:57,18.96
7/23/2024 16:07,18.96
7/23/2024 16:17,18.96
7/23/2024 16:27,18.92
7/23/2024 16:37,18.87
7/23/2024 16:47,18.83
7/23/2024 16:57,18.79
7/23/2024 17:07,18.79
7/23/2024 17:17,18.74
7/23/2024 17:27,18.7
7/23/2024 17:37,18.7
7/23/2024 17:47,18.66
7/23/2024 17:57,18.62
7/23/2024 18:07,18.57
7/23/2024 18:17,18.53
7/23/2024 18:27,18.49
7/23/2024 18:37,18.44
7/23/2024 18:47,18.4
7/23/2024 18:57,18.36
7/23/2024 19:07,18.27
7/23/2024 19:17,18.23
7/23/2024 19:27,18.23
7/23/2024 19:37,18.19
7/23/2024 19:47,18.14
7/23/2024 19:57,18.1
7/23/2024 20:07,18.02
7/23/2024 20:17,17.93
7/23/2024 20:27,17.93
7/23/2024 20:37,17.89
7/23/2024 20:47,17.89
7/23/2024 20:57,17.84
7/23/2024 21:07,17.76
7/23/2024 21:17,17.67
7/23/2024 21:27,17.67
7/23/2024 21:37,17.67
7/23/2024 21:47,17.59
7/23/2024 21:57,17.54
7/23/2024 22:07,17.5
7/23/2024 22:17,17.5
7/23/2024 22:27,17.5
7/23/2024 22:37,17.46
7/23/2024 22:47,17.5
7/23/2024 22:57,17.46
7/23/2024 23:07,17.5
7/23/2024 23:17,17.5
7/23/2024 23:27,17.46
7/23/2024 23:37,17.46
7/23/2024 23:47,17.46
7/23/2024 23:57,17.37
7/24/2024 0:07,17.37
7/24/2024 0:17,17.29
7/24/2024 0:27,17.29
7/24/2024 0:37,17.24
7/24/2024 0:47,17.16
7/24/2024 0:57,17.07
7/24/2024 1:07,16.94
7/24/2024 1:17,16.86
7/24/2024 1:27,16.73
7/24/2024 1:37,16.6
7/24/2024 1:47,16.47
7/24/2024 1:57,16.39
7/24/2024 2:07,16.3
7/24/2024 2:17,16.26
7/24/2024 2:27,16.17
7/24/2024 2:37,16.17
7/24/2024 2:47,16.08
7/24/2024 2:57,16.04
7/24/2024 3:07,16
7/24/2024 3:17,16
7/24/2024 3:27,16
7/24/2024 3:37,15.91
7/24/2024 3:47,15.91
7/24/2024 3:57,15.91
7/24/2024 4:07,15.83
7/24/2024 4:17,15.83
7/24/2024 4:27,15.83
7/24/2024 4:37,15.83
7/24/2024 4:47,15.78
7/24/2024 4:57,15.78
7/24/2024 5:07,15.7
7/24/2024 5:17,15.74
7/24/2024 5:27,15.66
7/24/2024 5:37,15.66
7/24/2024 5:47,15.61
7/24/2024 5:57,15.57
7/24/2024 6:07,15.61
7/24/2024 6:17,15.57
7/24/2024 6:27,15.57
7/24/2024 6:37,15.53
7/24/2024 6:47,15.48
7/24/2024 6:57,15.48
7/24/2024 7:07,15.44
7/24/2024 7:17,15.44
7/24/2024 7:27,15.44
7/24/2024 7:37,15.4
7/24/2024 7:47,15.44
7/24/2024 7:57,15.44
7/24/2024 8:07,15.44
7/24/2024 8:17,15.48
7/24/2024 8:27,15.53
7/24/2024 8:37,15.57
7/24/2024 8:47,15.57
7/24/2024 8:57,15.61
7/24/2024 9:07,15.7
7/24/2024 9:17,15.7
7/24/2024 9:27,15.78
7/24/2024 9:37,15.83
7/24/2024 9:47,15.91
7/24/2024 9:57,15.96
7/24/2024 10:07,16.04
7/24/2024 10:17,16.08
7/24/2024 10:27,16.21
7/24/2024 10:37,16.34
7/24/2024 10:47,16.43
7/24/2024 10:57,16.6
7/24/2024 11:07,16.73
7/24/2024 11:17,16.86
7/24/2024 11:27,16.99
7/24/2024 11:37,17.07
7/24/2024 11:47,17.11
7/24/2024 11:57,17.33
7/24/2024 12:07,17.41
7/24/2024 12:17,17.5
7/24/2024 12:27,17.59
7/24/2024 12:37,17.67
7/24/2024 12:47,17.76
7/24/2024 12:57,17.84
7/24/2024 13:07,17.84
7/24/2024 13:17,17.93
7/24/2024 13:27,18.02
7/24/2024 13:37,18.02
7/24/2024 13:47,18.06
7/24/2024 13:57,18.06
7/24/2024 14:07,18.06
7/24/2024 14:17,18.1
7/24/2024 14:27,18.1
7/24/2024 14:37,18.06
7/24/2024 14:47,18.1
7/24/2024 14:57,18.06
7/24/2024 15:07,18.02
7/24/2024 15:17,18.06
7/24/2024 15:27,17.97
7/24/2024 15:37,17.97
7/24/2024 15:47,17.89
7/24/2024 15:57,17.8
7/24/2024 16:07,17.76
7/24/2024 16:17,17.76
7/24/2024 16:27,17.63
7/24/2024 16:37,17.54
7/24/2024 16:47,17.54
7/24/2024 16:57,17.46
7/24/2024 17:07,17.37
7/24/2024 17:17,17.33
7/24/2024 17:27,17.2
7/24/2024 17:37,17.16
7/24/2024 17:47,17.03
7/24/2024 17:57,16.99
7/24/2024 18:07,16.9
7/24/2024 18:17,16.81
7/24/2024 18:27,16.73
7/24/2024 18:37,16.69
7/24/2024 18:47,16.6
7/24/2024 18:57,16.51
7/24/2024 19:07,16.39
7/24/2024 19:17,16.34
7/24/2024 19:27,16.26
7/24/2024 19:37,16.17
7/24/2024 19:47,16.08
7/24/2024 19:57,16
7/24/2024 20:07,15.91
7/24/2024 20:17,15.87
7/24/2024 20:27,15.78
7/24/2024 20:37,15.7
7/24/2024 20:47,15.61
7/24/2024 20:57,15.57
7/24/2024 21:07,15.48
7/24/2024 21:17,15.44
7/24/2024 21:27,15.4
7/24/2024 21:37,15.31
7/24/2024 21:47,15.23
7/24/2024 21:57,15.23
7/24/2024 22:07,15.18
7/24/2024 22:17,15.06
7/24/2024 22:27,15.06
7/24/2024 22:37,15.01
7/24/2024 22:47,14.93
7/24/2024 22:57,14.88
7/24/2024 23:07,14.84
7/24/2024 23:17,14.75
7/24/2024 23:27,14.75
7/24/2024 23:37,14.71
7/24/2024 23:47,14.63
7/24/2024 23:57,14.67
7/25/2024 0:07,14.63
7/25/2024 0:17,14.58
7/25/2024 0:27,14.54
7/25/2024 0:37,14.5
7/25/2024 0:47,14.45
7/25/2024 0:57,14.45
7/25/2024 1:07,14.41
7/25/2024 1:17,14.37
7/25/2024 1:27,14.37
7/25/2024 1:37,14.37
7/25/2024 1:47,14.33
7/25/2024 1:57,14.33
7/25/2024 2:07,14.28
7/25/2024 2:17,14.28
7/25/2024 2:27,14.24
7/25/2024 2:37,14.2
7/25/2024 2:47,14.2
7/25/2024 2:57,14.15
7/25/2024 3:07,14.15
7/25/2024 3:17,14.15
7/25/2024 3:27,14.15
7/25/2024 3:37,14.11
7/25/2024 3:47,14.11
7/25/2024 3:57,14.07
7/25/2024 4:07,14.11
7/25/2024 4:17,14.11
7/25/2024 4:27,14.07
7/25/2024 4:37,14.03
7/25/2024 4:47,14.07
7/25/2024 4:57,14.03
7/25/2024 5:07,13.98
7/25/2024 5:17,14.03
7/25/2024 5:27,14.03
7/25/2024 5:37,13.98
7/25/2024 5:47,13.98
7/25/2024 5:57,13.98
7/25/2024 6:07,13.98
7/25/2024 6:17,13.98
7/25/2024 6:27,13.98
7/25/2024 6:37,13.98
7/25/2024 6:47,13.98
7/25/2024 6:57,13.98
7/25/2024 7:07,14.03
7/25/2024 7:17,14.03
7/25/2024 7:27,14.03
7/25/2024 7:37,14.11
7/25/2024 7:47,14.11
7/25/2024 7:57,14.15
7/25/2024 8:07,14.2
7/25/2024 8:17,14.24
7/25/2024 8:27,14.28
7/25/2024 8:37,14.33
7/25/2024 8:47,14.37
7/25/2024 8:57,14.41
7/25/2024 9:07,14.45
7/25/2024 9:17,14.54
7/25/2024 9:27,14.71
7/25/2024 9:37,14.75
7/25/2024 9:47,14.8
7/25/2024 9:57,14.84
7/25/2024 10:07,14.88
7/25/2024 10:17,14.97
7/25/2024 10:27,14.97
7/25/2024 10:37,15.1
7/25/2024 10:47,15.23
7/25/2024 10:57,15.27
7/25/2024 11:07,15.4
7/25/2024 11:17,15.4
7/25/2024 11:27,15.44
7/25/2024 11:37,15.53
7/25/2024 11:47,15.66
7/25/2024 11:57,15.78
7/25/2024 12:07,15.91
7/25/2024 12:17,16.08
7/25/2024 12:27,16.21
7/25/2024 12:37,16.21
7/25/2024 12:47,16.34
7/25/2024 12:57,16.39
7/25/2024 13:07,16.47
7/25/2024 13:17,16.6
7/25/2024 13:27,16.64
7/25/2024 13:37,16.64
7/25/2024 13:47,16.69
7/25/2024 13:57,16.69
7/25/2024 14:07,16.69
7/25/2024 14:17,16.73
7/25/2024 14:27,16.77
7/25/2024 14:37,16.77
7/25/2024 14:47,16.81
7/25/2024 14:57,16.77
7/25/2024 15:07,16.77
7/25/2024 15:17,16.81
7/25/2024 15:27,16.81
7/25/2024 15:37,16.81
7/25/2024 15:47,16.77
7/25/2024 15:57,16.73
7/25/2024 16:07,16.77
7/25/2024 16:17,16.73
7/25/2024 16:27,16.69
7/25/2024 16:37,16.64
7/25/2024 16:47,16.51
7/25/2024 16:57,16.51
7/25/2024 17:07,16.47
7/25/2024 17:17,16.43
7/25/2024 17:27,16.34
7/25/2024 17:37,16.3
7/25/2024 17:47,16.26
7/25/2024 17:57,16.21
7/25/2024 18:07,16.13
7/25/2024 18:17,16.08
7/25/2024 18:27,16.04
7/25/2024 18:37,15.96
7/25/2024 18:47,15.96
7/25/2024 18:57,15.83
7/25/2024 19:07,15.83
7/25/2024 19:17,15.74
7/25/2024 19:27,15.66
7/25/2024 19:37,15.61
7/25/2024 19:47,15.57
7/25/2024 19:57,15.48
7/25/2024 20:07,15.44
7/25/2024 20:17,15.36
7/25/2024 20:27,15.27
7/25/2024 20:37,15.23
7/25/2024 20:47,15.23
7/25/2024 20:57,15.14
7/25/2024 21:07,15.1
7/25/2024 21:17,15.1
7/25/2024 21:27,14.97
7/25/2024 21:37,14.97
7/25/2024 21:47,14.88
7/25/2024 21:57,14.88
7/25/2024 22:07,14.84
7/25/2024 22:17,14.8
7/25/2024 22:27,14.75
7/25/2024 22:37,14.67
7/25/2024 22:47,14.63
7/25/2024 22:57,14.58
7/25/2024 23:07,14.54
7/25/2024 23:17,14.54
7/25/2024 23:27,14.41
7/25/2024 23:37,14.41
7/25/2024 23:47,14.37
7/25/2024 23:57,14.33
7/26/2024 0:07,14.33
7/26/2024 0:17,14.33
7/26/2024 0:27,14.2
7/26/2024 0:37,14.2
7/26/2024 0:47,14.15
7/26/2024 0:57,14.11
7/26/2024 1:07,14.11
7/26/2024 1:17,14.03
7/26/2024 1:27,14.07
7/26/2024 1:37,14.03
7/26/2024 1:47,13.98
7/26/2024 1:57,13.94
7/26/2024 2:07,13.94
7/26/2024 2:17,13.94
7/26/2024 2:27,13.85
7/26/2024 2:37,13.85
7/26/2024 2:47,13.81
7/26/2024 2:57,13.73
7/26/2024 3:07,13.68
7/26/2024 3:17,13.68
7/26/2024 3:27,13.68
7/26/2024 3:37,13.64
7/26/2024 3:47,13.64
7/26/2024 3:57,13.6
7/26/2024 4:07,13.55
7/26/2024 4:17,13.55
7/26/2024 4:27,13.51
7/26/2024 4:37,13.51
7/26/2024 4:47,13.47
7/26/2024 4:57,13.47
7/26/2024 5:07,13.47
7/26/2024 5:17,13.43
7/26/2024 5:27,13.43
7/26/2024 5:37,13.38
7/26/2024 5:47,13.38
7/26/2024 5:57,13.38
7/26/2024 6:07,13.38
7/26/2024 6:17,13.38
7/26/2024 6:27,13.38
7/26/2024 6:37,13.38
7/26/2024 6:47,13.38
7/26/2024 6:57,13.38
7/26/2024 7:07,13.43
7/26/2024 7:17,13.43
7/26/2024 7:27,13.38
7/26/2024 7:37,13.43
7/26/2024 7:47,13.47
7/26/2024 7:57,13.47
7/26/2024 8:07,13.47
7/26/2024 8:17,13.51
7/26/2024 8:27,13.51
7/26/2024 8:37,13.51
7/26/2024 8:47,13.47
7/26/2024 8:57,13.6
7/26/2024 9:07,13.51
7/26/2024 9:17,13.55
7/26/2024 9:27,13.6
7/26/2024 9:37,13.6
7/26/2024 9:47,13.68
7/26/2024 9:57,13.64
7/26/2024 10:07,13.73
7/26/2024 10:17,13.81
7/26/2024 10:27,13.9
7/26/2024 10:37,13.9
7/26/2024 10:47,13.94
7/26/2024 10:57,14.03
7/26/2024 11:07,14.11
7/26/2024 11:17,14.15
7/26/2024 11:27,14.33
7/26/2024 11:37,14.45
7/26/2024 11:47,14.5
7/26/2024 11:57,14.54
7/26/2024 12:07,14.58
7/26/2024 12:17,14.67
7/26/2024 12:27,14.67
7/26/2024 12:37,14.75
7/26/2024 12:47,14.8
7/26/2024 12:57,14.8
7/26/2024 13:07,14.8
7/26/2024 13:17,14.84
7/26/2024 13:27,14.93
7/26/2024 13:37,14.97
7/26/2024 13:47,14.97
7/26/2024 13:57,15.01
7/26/2024 14:07,15.01
7/26/2024 14:17,15.01
7/26/2024 14:27,14.97
7/26/2024 14:37,15.01
7/26/2024 14:47,14.97
7/26/2024 14:57,14.97
7/26/2024 15:07,14.93
7/26/2024 15:17,14.93
7/26/2024 15:27,14.84
7/26/2024 15:37,14.84
7/26/2024 15:47,14.84
7/26/2024 15:57,14.84
7/26/2024 16:07,14.8
7/26/2024 16:17,14.75
7/26/2024 16:27,14.75
7/26/2024 16:37,14.71
7/26/2024 16:47,14.71
7/26/2024 16:57,14.71
7/26/2024 17:07,14.67
7/26/2024 17:17,14.67
7/26/2024 17:27,14.58
7/26/2024 17:37,14.63
7/26/2024 17:47,14.58
7/26/2024 17:57,14.54
7/26/2024 18:07,14.5
7/26/2024 18:17,14.45
7/26/2024 18:27,14.41
7/26/2024 18:37,14.41
7/26/2024 18:47,14.37
7/26/2024 18:57,14.33
7/26/2024 19:07,14.33
7/26/2024 19:17,14.24
7/26/2024 19:27,14.24
7/26/2024 19:37,14.2
7/26/2024 19:47,14.15
7/26/2024 19:57,14.15
7/26/2024 20:07,14.11
7/26/2024 20:17,14.03
7/26/2024 20:27,14.03
7/26/2024 20:37,13.98
7/26/2024 20:47,13.98
7/26/2024 20:57,13.94
7/26/2024 21:07,13.9
7/26/2024 21:17,13.85
7/26/2024 21:27,13.85
7/26/2024 21:37,13.81
7/26/2024 21:47,13.77
7/26/2024 21:57,13.77
7/26/2024 22:07,13.68
7/26/2024 22:17,13.64
7/26/2024 22:27,13.64
7/26/2024 22:37,13.55
7/26/2024 22:47,13.55
7/26/2024 22:57,13.51
7/26/2024 23:07,13.47
7/26/2024 23:17,13.38
7/26/2024 23:27,13.38
7/26/2024 23:37,13.3
7/26/2024 23:47,13.3
7/26/2024 23:57,13.21
7/27/2024 0:07,13.21
7/27/2024 0:17,13.12
7/27/2024 0:27,13.08
7/27/2024 0:37,13.04
7/27/2024 0:47,13
7/27/2024 0:57,12.95
7/27/2024 1:07,12.91
7/27/2024 1:17,12.87
7/27/2024 1:27,12.82
7/27/2024 1:37,12.78
7/27/2024 1:47,12.78
7/27/2024 1:57,12.74
7/27/2024 2:07,12.65
7/27/2024 2:17,12.61
7/27/2024 2:27,12.61
7/27/2024 2:37,12.61
7/27/2024 2:47,12.52
7/27/2024 2:57,12.52
7/27/2024 3:07,12.48
7/27/2024 3:17,12.44
7/27/2024 3:27,12.4
7/27/2024 3:37,12.4
7/27/2024 3:47,12.35
7/27/2024 3:57,12.31
7/27/2024 4:07,12.27
7/27/2024 4:17,12.27
7/27/2024 4:27,12.22
7/27/2024 4:37,12.18
7/27/2024 4:47,12.18
7/27/2024 4:57,12.27
7/27/2024 5:07,12.22
7/27/2024 5:17,12.18
7/27/2024 5:27,12.18
7/27/2024 5:37,12.18
7/27/2024 5:47,12.18
7/27/2024 5:57,12.18
7/27/2024 6:07,12.22
7/27/2024 6:17,12.27
7/27/2024 6:27,12.31
7/27/2024 6:37,12.27
7/27/2024 6:47,12.31
7/27/2024 6:57,12.35
7/27/2024 7:07,12.4
7/27/2024 7:17,12.44
7/27/2024 7:27,12.48
7/27/2024 7:37,12.48
7/27/2024 7:47,12.57
7/27/2024 7:57,12.61
7/27/2024 8:07,12.65
7/27/2024 8:17,12.7
7/27/2024 8:27,12.74
7/27/2024 8:37,12.82
7/27/2024 8:47,12.87
7/27/2024 8:57,12.95
7/27/2024 9:07,13
7/27/2024 9:17,13.08
7/27/2024 9:27,13.17
7/27/2024 9:37,13.25
7/27/2024 9:47,13.43
7/27/2024 9:57,13.47
7/27/2024 10:07,13.64
7/27/2024 10:17,13.77
7/27/2024 10:27,13.9
7/27/2024 10:37,14.03
7/27/2024 10:47,14.2
7/27/2024 10:57,14.37
7/27/2024 11:07,14.5
7/27/2024 11:17,14.63
7/27/2024 11:27,14.75
7/27/2024 11:37,14.93
7/27/2024 11:47,15.1
7/27/2024 11:57,15.27
7/27/2024 12:07,15.44
7/27/2024 12:17,15.57
7/27/2024 12:27,15.7
7/27/2024 12:37,15.83
7/27/2024 12:47,15.96
7/27/2024 12:57,16.08
7/27/2024 13:07,16.21
7/27/2024 13:17,16.3
7/27/2024 13:27,16.34
7/27/2024 13:37,16.39
7/27/2024 13:47,16.39
7/27/2024 13:57,16.51
7/27/2024 14:07,16.56
7/27/2024 14:17,16.64
7/27/2024 14:27,16.64
7/27/2024 14:37,16.73
7/27/2024 14:47,16.73
7/27/2024 14:57,16.77
7/27/2024 15:07,16.81
7/27/2024 15:17,16.86
7/27/2024 15:27,16.9
7/27/2024 15:37,16.94
7/27/2024 15:47,16.99
7/27/2024 15:57,16.99
7/27/2024 16:07,17.03
7/27/2024 16:17,17.03
7/27/2024 16:27,16.99
7/27/2024 16:37,16.99
7/27/2024 16:47,16.99
7/27/2024 16:57,16.99
7/27/2024 17:07,16.94
7/27/2024 17:17,16.9
7/27/2024 17:27,16.86
7/27/2024 17:37,16.81
7/27/2024 17:47,16.81
7/27/2024 17:57,16.77
7/27/2024 18:07,16.73
7/27/2024 18:17,16.64
7/27/2024 18:27,16.56
7/27/2024 18:37,16.56
7/27/2024 18:47,16.56
7/27/2024 18:57,16.43
7/27/2024 19:07,16.39
7/27/2024 19:17,16.3
7/27/2024 19:27,16.3
7/27/2024 19:37,16.17
7/27/2024 19:47,16.21
7/27/2024 19:57,16.17
7/27/2024 20:07,16.08
7/27/2024 20:17,16.04
7/27/2024 20:27,16
7/27/2024 20:37,15.91
7/27/2024 20:47,15.87
7/27/2024 20:57,15.83
7/27/2024 21:07,15.74
7/27/2024 21:17,15.7
7/27/2024 21:27,15.61
7/27/2024 21:37,15.61
7/27/2024 21:47,15.53
7/27/2024 21:57,15.53
7/27/2024 22:07,15.48
7/27/2024 22:17,15.36
7/27/2024 22:27,15.36
7/27/2024 22:37,15.31
7/27/2024 22:47,15.23
7/27/2024 22:57,15.18
7/27/2024 23:07,15.1
7/27/2024 23:17,15.06
7/27/2024 23:27,15.06
7/27/2024 23:37,15.01
7/27/2024 23:47,14.97
7/27/2024 23:57,14.88
7/28/2024 0:07,14.84
7/28/2024 0:17,14.84
7/28/2024 0:27,14.75
7/28/2024 0:37,14.75
7/28/2024 0:47,14.71
7/28/2024 0:57,14.63
7/28/2024 1:07,14.67
7/28/2024 1:17,14.58
7/28/2024 1:27,14.54
7/28/2024 1:37,14.54
7/28/2024 1:47,14.5
7/28/2024 1:57,14.45
7/28/2024 2:07,14.41
7/28/2024 2:17,14.37
7/28/2024 2:27,14.33
7/28/2024 2:37,14.33
7/28/2024 2:47,14.28
7/28/2024 2:57,14.28
7/28/2024 3:07,14.24
7/28/2024 3:17,14.2
7/28/2024 3:27,14.15
7/28/2024 3:37,14.15
7/28/2024 3:47,14.15
7/28/2024 3:57,14.11
7/28/2024 4:07,14.07
7/28/2024 4:17,14.07
7/28/2024 4:27,14.07
7/28/2024 4:37,14.03
7/28/2024 4:47,13.98
7/28/2024 4:57,13.98
7/28/2024 5:07,13.98
7/28/2024 5:17,13.94
7/28/2024 5:27,13.9
7/28/2024 5:37,13.94
7/28/2024 5:47,13.94
7/28/2024 5:57,13.94
7/28/2024 6:07,13.9
7/28/2024 6:17,13.9
7/28/2024 6:27,13.85
7/28/2024 6:37,13.9
7/28/2024 6:47,13.9
7/28/2024 6:57,13.85
7/28/2024 7:07,13.85
7/28/2024 7:17,13.85
7/28/2024 7:27,13.85
7/28/2024 7:37,13.94
7/28/2024 7:47,13.94
7/28/2024 7:57,13.94
7/28/2024 8:07,13.94
7/28/2024 8:17,14.03
7/28/2024 8:27,14.03
7/28/2024 8:37,14.03
7/28/2024 8:47,14.07
7/28/2024 8:57,14.15
7/28/2024 9:07,14.24
7/28/2024 9:17,14.33
7/28/2024 9:27,14.33
7/28/2024 9:37,14.41
7/28/2024 9:47,14.5
7/28/2024 9:57,14.58
7/28/2024 10:07,14.58
7/28/2024 10:17,14.71
7/28/2024 10:27,14.75
7/28/2024 10:37,14.75
7/28/2024 10:47,14.8
7/28/2024 10:57,14.84
7/28/2024 11:07,14.88
7/28/2024 11:17,14.88
7/28/2024 11:27,14.93
7/28/2024 11:37,14.93
7/28/2024 11:47,14.97
7/28/2024 11:57,14.97
7/28/2024 12:07,14.97
7/28/2024 12:17,15.01
7/28/2024 12:27,15.06
7/28/2024 12:37,15.01
7/28/2024 12:47,15.1
7/28/2024 12:57,15.14
7/28/2024 13:07,15.23
7/28/2024 13:17,15.27
7/28/2024 13:27,15.27
7/28/2024 13:37,15.36
7/28/2024 13:47,15.36
7/28/2024 13:57,15.4
7/28/2024 14:07,15.4
7/28/2024 14:17,15.4
7/28/2024 14:27,15.44
7/28/2024 14:37,15.4
7/28/2024 14:47,15.36
7/28/2024 14:57,15.4
7/28/2024 15:07,15.4
7/28/2024 15:17,15.4
7/28/2024 15:27,15.44
7/28/2024 15:37,15.44
7/28/2024 15:47,15.4
7/28/2024 15:57,15.44
7/28/2024 16:07,15.44
7/28/2024 16:17,15.4
7/28/2024 16:27,15.4
7/28/2024 16:37,15.4
7/28/2024 16:47,15.4
7/28/2024 16:57,15.36
7/28/2024 17:07,15.36
7/28/2024 17:17,15.4
7/28/2024 17:27,15.36
7/28/2024 17:37,15.27
7/28/2024 17:47,15.31
7/28/2024 17:57,15.27
7/28/2024 18:07,15.23
7/28/2024 18:17,15.23
7/28/2024 18:27,15.23
7/28/2024 18:37,15.23
7/28/2024 18:47,15.23
7/28/2024 18:57,15.18
7/28/2024 19:07,15.18
7/28/2024 19:17,15.14
7/28/2024 19:27,15.14
7/28/2024 19:37,15.1
7/28/2024 19:47,15.06
7/28/2024 19:57,15.1
7/28/2024 20:07,15.06
7/28/2024 20:17,15.01
7/28/2024 20:27,15.01
7/28/2024 20:37,14.97
7/28/2024 20:47,15.01
7/28/2024 20:57,14.93
7/28/2024 21:07,14.93
7/28/2024 21:17,14.93
7/28/2024 21:27,14.88
7/28/2024 21:37,14.88
7/28/2024 21:47,14.84
7/28/2024 21:57,14.88
7/28/2024 22:07,14.84
7/28/2024 22:17,14.84
7/28/2024 22:27,14.75
7/28/2024 22:37,14.75
7/28/2024 22:47,14.75
7/28/2024 22:57,14.75
7/28/2024 23:07,14.67
7/28/2024 23:17,14.75
7/28/2024 23:27,14.71
7/28/2024 23:37,14.71
7/28/2024 23:47,14.67
7/28/2024 23:57,14.67
7/29/2024 0:07,14.71
7/29/2024 0:17,14.67
7/29/2024 0:27,14.67
7/29/2024 0:37,14.67
7/29/2024 0:47,14.71
7/29/2024 0:57,14.67
7/29/2024 1:07,14.71
7/29/2024 1:17,14.71
7/29/2024 1:27,14.71
7/29/2024 1:37,14.71
7/29/2024 1:47,14.71
7/29/2024 1:57,14.71
7/29/2024 2:07,14.71
7/29/2024 2:17,14.71
7/29/2024 2:27,14.75
7/29/2024 2:37,14.75
7/29/2024 2:47,14.75
7/29/2024 2:57,14.75
7/29/2024 3:07,14.8
7/29/2024 3:17,14.75
7/29/2024 3:27,14.75
7/29/2024 3:37,14.75
7/29/2024 3:47,14.8
7/29/2024 3:57,14.75
7/29/2024 4:07,14.75
7/29/2024 4:17,14.75
7/29/2024 4:27,14.75
7/29/2024 4:37,14.75
7/29/2024 4:47,14.75
7/29/2024 4:57,14.8
7/29/2024 5:07,14.75
7/29/2024 5:17,14.75
7/29/2024 5:27,14.8
7/29/2024 5:37,14.8
7/29/2024 5:47,14.75
7/29/2024 5:57,14.75
7/29/2024 6:07,14.75
7/29/2024 6:17,14.8
7/29/2024 6:27,14.8
7/29/2024 6:37,14.8
7/29/2024 6:47,14.84
7/29/2024 6:57,14.84
7/29/2024 7:07,14.88
7/29/2024 7:17,14.88
7/29/2024 7:27,14.88
7/29/2024 7:37,14.97
7/29/2024 7:47,14.97
7/29/2024 7:57,15.01
7/29/2024 8:07,14.97
7/29/2024 8:17,15.01
7/29/2024 8:27,15.01
7/29/2024 8:37,15.06
7/29/2024 8:47,15.06
7/29/2024 8:57,15.1
7/29/2024 9:07,15.14
7/29/2024 9:17,15.1
7/29/2024 9:27,15.1
7/29/2024 9:37,15.14
7/29/2024 9:47,15.14
7/29/2024 9:57,15.14
7/29/2024 10:07,15.18
7/29/2024 10:17,15.1
7/29/2024 10:27,15.23
7/29/2024 10:37,15.23
7/29/2024 10:47,15.23
7/29/2024 10:57,15.27
7/29/2024 11:07,15.31
7/29/2024 11:17,15.36
7/29/2024 11:27,15.36
7/29/2024 11:37,15.4
7/29/2024 11:47,15.4
7/29/2024 11:57,15.44
7/29/2024 12:07,15.44
7/29/2024 12:17,15.48
7/29/2024 12:27,15.44
7/29/2024 12:37,15.53
7/29/2024 12:47,15.57
7/29/2024 12:57,15.57
7/29/2024 13:07,15.53
7/29/2024 13:17,15.61
7/29/2024 13:27,15.61
7/29/2024 13:37,15.66
7/29/2024 13:47,15.66
7/29/2024 13:57,15.66
7/29/2024 14:07,15.66
7/29/2024 14:17,15.7
7/29/2024 14:27,15.66
7/29/2024 14:37,15.66
7/29/2024 14:47,15.66
7/29/2024 14:57,15.66
7/29/2024 15:07,15.66
7/29/2024 15:17,15.66
7/29/2024 15:27,15.7
7/29/2024 15:37,15.66
7/29/2024 15:47,15.61
7/29/2024 15:57,15.57
7/29/2024 16:07,15.57
7/29/2024 16:17,15.61
7/29/2024 16:27,15.61
7/29/2024 16:37,15.61
7/29/2024 16:47,15.61
7/29/2024 16:57,15.61
7/29/2024 17:07,15.57
7/29/2024 17:17,15.61
7/29/2024 17:27,15.61
7/29/2024 17:37,15.57
7/29/2024 17:47,15.53
7/29/2024 17:57,15.57
7/29/2024 18:07,15.53
7/29/2024 18:17,15.53
7/29/2024 18:27,15.53
7/29/2024 18:37,15.53
7/29/2024 18:47,15.53
7/29/2024 18:57,15.48
7/29/2024 19:07,15.48
7/29/2024 19:17,15.48
7/29/2024 19:27,15.48
7/29/2024 19:37,15.44
7/29/2024 19:47,15.44
7/29/2024 19:57,15.44
7/29/2024 20:07,15.44
7/29/2024 20:17,15.4
7/29/2024 20:27,15.4
7/29/2024 20:37,15.4
7/29/2024 20:47,15.36
7/29/2024 20:57,15.36
7/29/2024 21:07,15.31
7/29/2024 21:17,15.31
7/29/2024 21:27,15.31
7/29/2024 21:37,15.31
7/29/2024 21:47,15.31
7/29/2024 21:57,15.23
7/29/2024 22:07,15.31
7/29/2024 22:17,15.23
7/29/2024 22:27,15.27
7/29/2024 22:37,15.23
7/29/2024 22:47,15.18
7/29/2024 22:57,15.23
7/29/2024 23:07,15.14
7/29/2024 23:17,15.18
7/29/2024 23:27,15.18
7/29/2024 23:37,15.14
7/29/2024 23:47,15.14
7/29/2024 23:57,15.1
7/30/2024 0:07,15.1
7/30/2024 0:17,15.1
7/30/2024 0:27,15.01
7/30/2024 0:37,15.06
7/30/2024 0:47,15.06
7/30/2024 0:57,15.01
7/30/2024 1:07,15.01
7/30/2024 1:17,14.97
7/30/2024 1:27,14.97
7/30/2024 1:37,14.97
7/30/2024 1:47,14.97
7/30/2024 1:57,14.97
7/30/2024 2:07,14.93
7/30/2024 2:17,14.93
7/30/2024 2:27,14.88
7/30/2024 2:37,14.88
7/30/2024 2:47,14.88
7/30/2024 2:57,14.88
7/30/2024 3:07,14.88
7/30/2024 3:17,14.84
7/30/2024 3:27,14.8
7/30/2024 3:37,14.84
7/30/2024 3:47,14.75
7/30/2024 3:57,14.75
7/30/2024 4:07,14.75
7/30/2024 4:17,14.75
7/30/2024 4:27,14.75
7/30/2024 4:37,14.71
7/30/2024 4:47,14.71
7/30/2024 4:57,14.67
7/30/2024 5:07,14.67
7/30/2024 5:17,14.63
7/30/2024 5:27,14.67
7/30/2024 5:37,14.58
7/30/2024 5:47,14.58
7/30/2024 5:57,14.58
7/30/2024 6:07,14.54
7/30/2024 6:17,14.54
7/30/2024 6:27,14.54
7/30/2024 6:37,14.54
7/30/2024 6:47,14.54
7/30/2024 6:57,14.54
7/30/2024 7:07,14.54
7/30/2024 7:17,14.5
7/30/2024 7:27,14.5
7/30/2024 7:37,14.5
7/30/2024 7:47,14.5
7/30/2024 7:57,14.5
7/30/2024 8:07,14.5
7/30/2024 8:17,14.54
7/30/2024 8:27,14.5
7/30/2024 8:37,14.54
7/30/2024 8:47,14.58
7/30/2024 8:57,14.54
7/30/2024 9:07,14.54
7/30/2024 9:17,14.58
7/30/2024 9:27,14.54
7/30/2024 9:37,14.58
7/30/2024 9:47,14.63
7/30/2024 9:57,14.58
7/30/2024 10:07,14.63
7/30/2024 10:17,14.63
7/30/2024 10:27,14.63
7/30/2024 10:37,14.75
7/30/2024 10:47,14.71
7/30/2024 10:57,14.75
7/30/2024 11:07,14.75
7/30/2024 11:17,14.75
7/30/2024 11:27,14.75
7/30/2024 11:37,14.8
7/30/2024 11:47,14.8
7/30/2024 11:57,14.8
7/30/2024 12:07,14.84
7/30/2024 12:17,14.84
7/30/2024 12:27,14.84
7/30/2024 12:37,14.88
7/30/2024 12:47,14.88
7/30/2024 12:57,14.84
7/30/2024 13:07,14.93
7/30/2024 13:17,14.88
7/30/2024 13:27,14.93
7/30/2024 13:37,14.97
7/30/2024 13:47,14.97
7/30/2024 13:57,14.93
7/30/2024 14:07,14.97
7/30/2024 14:17,14.97
7/30/2024 14:27,14.97
7/30/2024 14:37,14.97
7/30/2024 14:47,14.97
7/30/2024 14:57,14.93
7/30/2024 15:07,15.01
7/30/2024 15:17,14.93
7/30/2024 15:27,14.93
7/30/2024 15:37,14.97
7/30/2024 15:47,14.93
7/30/2024 15:57,14.93
7/30/2024 16:07,14.88
7/30/2024 16:17,14.88
7/30/2024 16:27,14.88
7/30/2024 16:37,14.88
7/30/2024 16:47,14.84
7/30/2024 16:57,14.84
7/30/2024 17:07,14.84
7/30/2024 17:17,14.88
7/30/2024 17:27,14.84
7/30/2024 17:37,14.8
7/30/2024 17:47,14.8
7/30/2024 17:57,14.8
7/30/2024 18:07,14.75
7/30/2024 18:17,14.75
7/30/2024 18:27,14.71
7/30/2024 18:37,14.71
7/30/2024 18:47,14.67
7/30/2024 18:57,14.63
7/30/2024 19:07,14.58
7/30/2024 19:17,14.58
7/30/2024 19:27,14.54
7/30/2024 19:37,14.54
7/30/2024 19:47,14.54
7/30/2024 19:57,14.5
7/30/2024 20:07,14.5
7/30/2024 20:17,14.45
7/30/2024 20:27,14.37
7/30/2024 20:37,14.41
7/30/2024 20:47,14.41
7/30/2024 20:57,14.33
7/30/2024 21:07,14.37
7/30/2024 21:17,14.33
7/30/2024 21:27,14.28
7/30/2024 21:37,14.28
7/30/2024 21:47,14.24
7/30/2024 21:57,14.24
7/30/2024 22:07,14.15
7/30/2024 22:17,14.2
7/30/2024 22:27,14.15
7/30/2024 22:37,14.2
7/30/2024 22:47,14.15
7/30/2024 22:57,14.15
7/30/2024 23:07,14.07
7/30/2024 23:17,14.07
7/30/2024 23:27,14.07
7/30/2024 23:37,14.03
7/30/2024 23:47,14.03
7/30/2024 23:57,14.03
7/31/2024 0:07,13.98
7/31/2024 0:17,13.98
7/31/2024 0:27,13.94
7/31/2024 0:37,13.98
7/31/2024 0:47,13.9
7/31/2024 0:57,13.94
7/31/2024 1:07,13.94
7/31/2024 1:17,13.9
7/31/2024 1:27,13.9
7/31/2024 1:37,13.81
7/31/2024 1:47,13.81
7/31/2024 1:57,13.81
7/31/2024 2:07,13.81
7/31/2024 2:17,13.81
7/31/2024 2:27,13.77
7/31/2024 2:37,13.77
7/31/2024 2:47,13.77
7/31/2024 2:57,13.73
7/31/2024 3:07,13.73
7/31/2024 3:17,13.73
7/31/2024 3:27,13.73
7/31/2024 3:37,13.68
7/31/2024 3:47,13.64
7/31/2024 3:57,13.64
7/31/2024 4:07,13.64
7/31/2024 4:17,13.68
7/31/2024 4:27,13.64
7/31/2024 4:37,13.6
7/31/2024 4:47,13.6
7/31/2024 4:57,13.6
7/31/2024 5:07,13.64
7/31/2024 5:17,13.6
7/31/2024 5:27,13.6
7/31/2024 5:37,13.55
7/31/2024 5:47,13.6
7/31/2024 5:57,13.55
7/31/2024 6:07,13.55
7/31/2024 6:17,13.55
7/31/2024 6:27,13.55
7/31/2024 6:37,13.55
7/31/2024 6:47,13.55
7/31/2024 6:57,13.51
7/31/2024 7:07,13.51
7/31/2024 7:17,13.55
7/31/2024 7:27,13.6
7/31/2024 7:37,13.6
7/31/2024 7:47,13.6
7/31/2024 7:57,13.6
7/31/2024 8:07,13.6
7/31/2024 8:17,13.64
7/31/2024 8:27,13.68
7/31/2024 8:37,13.73
7/31/2024 8:47,13.73
7/31/2024 8:57,13.77
7/31/2024 9:07,13.81
7/31/2024 9:17,13.77
7/31/2024 9:27,13.81
7/31/2024 9:37,13.85
7/31/2024 9:47,13.9
7/31/2024 9:57,13.94
7/31/2024 10:07,14.03
7/31/2024 10:17,14.07
7/31/2024 10:27,14.11
7/31/2024 10:37,14.2
7/31/2024 10:47,14.24
7/31/2024 10:57,14.33
7/31/2024 11:07,14.41
7/31/2024 11:17,14.41
7/31/2024 11:27,14.5
7/31/2024 11:37,14.54
7/31/2024 11:47,14.58
7/31/2024 11:57,14.58
7/31/2024 12:07,14.67
7/31/2024 12:17,14.71
7/31/2024 12:27,14.75
7/31/2024 12:37,14.88
7/31/2024 12:47,14.84
7/31/2024 12:57,14.8
7/31/2024 13:07,14.84
7/31/2024 13:17,14.93
7/31/2024 13:27,14.93
7/31/2024 13:37,14.93
7/31/2024 13:47,14.93
7/31/2024 13:57,15.01
7/31/2024 14:07,14.97
7/31/2024 14:17,15.01
7/31/2024 14:27,15.01
7/31/2024 14:37,15.1
7/31/2024 14:47,15.14
7/31/2024 14:57,15.14
7/31/2024 15:07,15.1
7/31/2024 15:17,15.14
7/31/2024 15:27,15.14
7/31/2024 15:37,15.18
7/31/2024 15:47,15.18
7/31/2024 15:57,15.18
7/31/2024 16:07,15.18
7/31/2024 16:17,15.18
7/31/2024 16:27,15.23
7/31/2024 16:37,15.23
7/31/2024 16:47,15.18
7/31/2024 16:57,15.18
7/31/2024 17:07,15.18
7/31/2024 17:17,15.18
7/31/2024 17:27,15.14
7/31/2024 17:37,15.14
7/31/2024 17:47,15.14
7/31/2024 17:57,15.14
7/31/2024 18:07,15.06
7/31/2024 18:17,15.06
7/31/2024 18:27,15.06
7/31/2024 18:37,15.01
7/31/2024 18:47,14.97
7/31/2024 18:57,14.88
7/31/2024 19:07,14.84
7/31/2024 19:17,14.84
7/31/2024 19:27,14.75
7/31/2024 19:37,14.71
7/31/2024 19:47,14.71
7/31/2024 19:57,14.63
7/31/2024 20:07,14.58
7/31/2024 20:17,14.58
7/31/2024 20:27,14.5
7/31/2024 20:37,14.5
7/31/2024 20:47,14.45
7/31/2024 20:57,14.45
7/31/2024 21:07,14.37
7/31/2024 21:17,14.37
7/31/2024 21:27,14.37
7/31/2024 21:37,14.33
7/31/2024 21:47,14.28
7/31/2024 21:57,14.28
7/31/2024 22:07,14.24
7/31/2024 22:17,14.2
7/31/2024 22:27,14.2
7/31/2024 22:37,14.24
7/31/2024 22:47,14.2
7/31/2024 22:57,14.15
7/31/2024 23:07,14.11
7/31/2024 23:17,14.07
7/31/2024 23:27,14.03
7/31/2024 23:37,14.07
7/31/2024 23:47,14.03
7/31/2024 23:57,14.03
8/1/2024 0:07,13.94
8/1/2024 0:17,13.98
8/1/2024 0:27,13.94
8/1/2024 0:37,13.94
8/1/2024 0:47,13.94
8/1/2024 0:57,13.85
8/1/2024 1:07,13.9
8/1/2024 1:17,13.85
8/1/2024 1:27,13.85
8/1/2024 1:37,13.81
8/1/2024 1:47,13.81
8/1/2024 1:57,13.81
8/1/2024 2:07,13.73
8/1/2024 2:17,13.77
8/1/2024 2:27,13.73
8/1/2024 2:37,13.68
8/1/2024 2:47,13.68
8/1/2024 2:57,13.64
8/1/2024 3:07,13.68
8/1/2024 3:17,13.64
8/1/2024 3:27,13.64
8/1/2024 3:37,13.6
8/1/2024 3:47,13.6
8/1/2024 3:57,13.55
8/1/2024 4:07,13.55
8/1/2024 4:17,13.55
8/1/2024 4:27,13.51
8/1/2024 4:37,13.47
8/1/2024 4:47,13.47
8/1/2024 4:57,13.47
8/1/2024 5:07,13.51
8/1/2024 5:17,13.43
8/1/2024 5:27,13.43
8/1/2024 5:37,13.43
8/1/2024 5:47,13.47
8/1/2024 5:57,13.38
8/1/2024 6:07,13.43
8/1/2024 6:17,13.47
8/1/2024 6:27,13.43
8/1/2024 6:37,13.47
8/1/2024 6:47,13.43
8/1/2024 6:57,13.47
8/1/2024 7:07,13.47
8/1/2024 7:17,13.47
8/1/2024 7:27,13.51
8/1/2024 7:37,13.55
8/1/2024 7:47,13.55
8/1/2024 7:57,13.55
8/1/2024 8:07,13.6
8/1/2024 8:17,13.6
8/1/2024 8:27,13.64
8/1/2024 8:37,13.64
8/1/2024 8:47,13.73
8/1/2024 8:57,13.77
8/1/2024 9:07,13.81
8/1/2024 9:17,13.85
8/1/2024 9:27,13.94
8/1/2024 9:37,13.98
8/1/2024 9:47,13.98
8/1/2024 9:57,14.07
8/1/2024 10:07,14.15
8/1/2024 10:17,14.2
8/1/2024 10:27,14.24
8/1/2024 10:37,14.28
8/1/2024 10:47,14.33
8/1/2024 10:57,14.45
8/1/2024 11:07,14.5
8/1/2024 11:17,14.54
8/1/2024 11:27,14.58
8/1/2024 11:37,14.67
8/1/2024 11:47,14.8
8/1/2024 11:57,14.88
8/1/2024 12:07,15.06
8/1/2024 12:17,15.14
8/1/2024 12:27,15.23
8/1/2024 12:37,15.4
8/1/2024 12:47,15.48
8/1/2024 12:57,15.61
8/1/2024 13:07,15.74
8/1/2024 13:17,15.78
8/1/2024 13:27,15.87
8/1/2024 13:37,15.91
8/1/2024 13:47,16
8/1/2024 13:57,16
8/1/2024 14:07,16
8/1/2024 14:17,16
8/1/2024 14:27,16
8/1/2024 14:37,16.04
8/1/2024 14:47,16.04
8/1/2024 14:57,16
8/1/2024 15:07,16.04
8/1/2024 15:17,16.04
8/1/2024 15:27,16
8/1/2024 15:37,16.04
8/1/2024 15:47,16.04
8/1/2024 15:57,16
8/1/2024 16:07,16
8/1/2024 16:17,16
8/1/2024 16:27,15.96
8/1/2024 16:37,15.96
8/1/2024 16:47,15.96
8/1/2024 16:57,15.91
8/1/2024 17:07,15.91
8/1/2024 17:17,15.87
8/1/2024 17:27,15.91
8/1/2024 17:37,15.87
8/1/2024 17:47,15.83
8/1/2024 17:57,15.83
8/1/2024 18:07,15.83
8/1/2024 18:17,15.87
8/1/2024 18:27,15.87
8/1/2024 18:37,15.87
8/1/2024 18:47,15.87
8/1/2024 18:57,15.83
8/1/2024 19:07,15.83
8/1/2024 19:17,15.83
8/1/2024 19:27,15.83
8/1/2024 19:37,15.87
8/1/2024 19:47,15.78
8/1/2024 19:57,15.78
8/1/2024 20:07,15.74
8/1/2024 20:17,15.74
8/1/2024 20:27,15.7
8/1/2024 20:37,15.74
8/1/2024 20:47,15.7
8/1/2024 20:57,15.7
8/1/2024 21:07,15.7
8/1/2024 21:17,15.7
8/1/2024 21:27,15.66
8/1/2024 21:37,15.61
8/1/2024 21:47,15.61
8/1/2024 21:57,15.57
8/1/2024 22:07,15.53
8/1/2024 22:17,15.53
8/1/2024 22:27,15.53
8/1/2024 22:37,15.48
8/1/2024 22:47,15.44
8/1/2024 22:57,15.4
8/1/2024 23:07,15.44
8/1/2024 23:17,15.48
8/1/2024 23:27,15.44
8/1/2024 23:37,15.44
8/1/2024 23:47,15.48
8/1/2024 23:57,15.44
8/2/2024 0:07,15.44
8/2/2024 0:17,15.44
8/2/2024 0:27,15.44
8/2/2024 0:37,15.48
8/2/2024 0:47,15.53
8/2/2024 0:57,15.53
8/2/2024 1:07,15.48
8/2/2024 1:17,15.53
8/2/2024 1:27,15.53
8/2/2024 1:37,15.53
8/2/2024 1:47,15.48
8/2/2024 1:57,15.53
8/2/2024 2:07,15.48
8/2/2024 2:17,15.57
8/2/2024 2:27,15.53
8/2/2024 2:37,15.53
8/2/2024 2:47,15.48
8/2/2024 2:57,15.48
8/2/2024 3:07,15.53
8/2/2024 3:17,15.57
8/2/2024 3:27,15.53
8/2/2024 3:37,15.53
8/2/2024 3:47,15.57
8/2/2024 3:57,15.57
8/2/2024 4:07,15.61
8/2/2024 4:17,15.61
8/2/2024 4:27,15.57
8/2/2024 4:37,15.66
8/2/2024 4:47,15.61
8/2/2024 4:57,15.61
8/2/2024 5:07,15.66
8/2/2024 5:17,15.7
8/2/2024 5:27,15.7
8/2/2024 5:37,15.74
8/2/2024 5:47,15.83
8/2/2024 5:57,15.78
8/2/2024 6:07,15.87
8/2/2024 6:17,15.91
8/2/2024 6:27,16
8/2/2024 6:37,16
8/2/2024 6:47,16
8/2/2024 6:57,16.04
8/2/2024 7:07,16.13
8/2/2024 7:17,16.13
8/2/2024 7:27,16.21
8/2/2024 7:37,16.21
8/2/2024 7:47,16.26
8/2/2024 7:57,16.26
8/2/2024 8:07,16.34
8/2/2024 8:17,16.39
8/2/2024 8:27,16.47
8/2/2024 8:37,16.51
8/2/2024 8:47,16.47
8/2/2024 8:57,16.56
8/2/2024 9:07,16.6
8/2/2024 9:17,16.64
8/2/2024 9:27,16.69
8/2/2024 9:37,16.73
8/2/2024 9:47,16.77
8/2/2024 9:57,16.81
8/2/2024 10:07,16.9
8/2/2024 10:17,16.94
8/2/2024 10:27,17.03
8/2/2024 10:37,17.11
8/2/2024 10:47,17.16
8/2/2024 10:57,17.2
8/2/2024 11:07,17.29
8/2/2024 11:17,17.33
8/2/2024 11:27,17.41
8/2/2024 11:37,17.41
8/2/2024 11:47,17.46
8/2/2024 11:57,17.5
8/2/2024 12:07,17.54
8/2/2024 12:17,17.59
8/2/2024 12:27,17.63
8/2/2024 12:37,17.67
8/2/2024 12:47,17.67
8/2/2024 12:57,17.72
8/2/2024 13:07,17.76
8/2/2024 13:17,17.76
8/2/2024 13:27,17.8
8/2/2024 13:37,17.8
8/2/2024 13:47,17.8
8/2/2024 13:57,17.84
8/2/2024 14:07,17.89
8/2/2024 14:17,17.84
8/2/2024 14:27,17.89
8/2/2024 14:37,17.89
8/2/2024 14:47,17.89
8/2/2024 14:57,17.89
8/2/2024 15:07,17.89
8/2/2024 15:17,17.89
8/2/2024 15:27,17.89
8/2/2024 15:37,17.84
8/2/2024 15:47,17.89
8/2/2024 15:57,17.84
8/2/2024 16:07,17.89
8/2/2024 16:17,17.84
8/2/2024 16:27,17.84
8/2/2024 16:37,17.84
8/2/2024 16:47,17.89
8/2/2024 16:57,17.89
8/2/2024 17:07,17.84
8/2/2024 17:17,17.8
8/2/2024 17:27,17.8
8/2/2024 17:37,17.8
8/2/2024 17:47,17.8
8/2/2024 17:57,17.8
8/2/2024 18:07,17.72
8/2/2024 18:17,17.72
8/2/2024 18:27,17.67
8/2/2024 18:37,17.67
8/2/2024 18:47,17.63
8/2/2024 18:57,17.59
8/2/2024 19:07,17.54
8/2/2024 19:17,17.54
8/2/2024 19:27,17.54
8/2/2024 19:37,17.5
8/2/2024 19:47,17.46
8/2/2024 19:57,17.41
8/2/2024 20:07,17.41
8/2/2024 20:17,17.33
8/2/2024 20:27,17.33
8/2/2024 20:37,17.24
8/2/2024 20:47,17.29
8/2/2024 20:57,17.29
8/2/2024 21:07,17.29
8/2/2024 21:17,17.33
8/2/2024 21:27,17.24
8/2/2024 21:37,17.29
8/2/2024 21:47,17.33
8/2/2024 21:57,17.24
8/2/2024 22:07,17.24
8/2/2024 22:17,17.33
8/2/2024 22:27,17.33
8/2/2024 22:37,17.33
8/2/2024 22:47,17.29
8/2/2024 22:57,17.29
8/2/2024 23:07,17.29
8/2/2024 23:17,17.2
8/2/2024 23:27,17.16
8/2/2024 23:37,17.24
8/2/2024 23:47,17.24
8/2/2024 23:57,17.07
8/3/2024 0:07,16.9
8/3/2024 0:17,16.69
8/3/2024 0:27,16.6
8/3/2024 0:37,16.51
8/3/2024 0:47,16.43
8/3/2024 0:57,16.39
8/3/2024 1:07,16.34
8/3/2024 1:17,16.34
8/3/2024 1:27,16.34
8/3/2024 1:37,16.34
8/3/2024 1:47,16.34
8/3/2024 1:57,16.3
8/3/2024 2:07,16.3
8/3/2024 2:17,16.26
8/3/2024 2:27,16.26
8/3/2024 2:37,16.21
8/3/2024 2:47,16.21
8/3/2024 2:57,16.17
8/3/2024 3:07,16.17
8/3/2024 3:17,16.17
8/3/2024 3:27,16.17
8/3/2024 3:37,16.17
8/3/2024 3:47,16.08
8/3/2024 3:57,15.96
8/3/2024 4:07,15.87
8/3/2024 4:17,15.66
8/3/2024 4:27,15.53
8/3/2024 4:37,15.36
8/3/2024 4:47,15.23
8/3/2024 4:57,15.23
8/3/2024 5:07,15.18
8/3/2024 5:17,15.01
8/3/2024 5:27,14.88
8/3/2024 5:37,14.84
8/3/2024 5:47,14.63
8/3/2024 5:57,14.54
8/3/2024 6:07,14.37
8/3/2024 6:17,14.24
8/3/2024 6:27,14.07
8/3/2024 6:37,13.98
8/3/2024 6:47,13.81
8/3/2024 6:57,13.68
8/3/2024 7:07,13.55
8/3/2024 7:17,13.38
8/3/2024 7:27,13.34
8/3/2024 7:37,13.21
8/3/2024 7:47,13.04
8/3/2024 7:57,12.91
8/3/2024 8:07,12.74
8/3/2024 8:17,12.7
8/3/2024 8:27,12.52
8/3/2024 8:37,12.44
8/3/2024 8:47,12.35
8/3/2024 8:57,12.27
8/3/2024 9:07,12.18
8/3/2024 9:17,12.14
8/3/2024 9:27,12.1
8/3/2024 9:37,11.97
8/3/2024 9:47,11.97
8/3/2024 9:57,11.92
8/3/2024 10:07,11.97
8/3/2024 10:17,11.92
8/3/2024 10:27,11.84
8/3/2024 10:37,11.84
8/3/2024 10:47,11.79
8/3/2024 10:57,11.79
8/3/2024 11:07,11.84
8/3/2024 11:17,11.75
8/3/2024 11:27,11.75
8/3/2024 11:37,11.71
8/3/2024 11:47,11.71
8/3/2024 11:57,11.71
8/3/2024 12:07,11.67
8/3/2024 12:17,11.62
8/3/2024 12:27,11.62
8/3/2024 12:37,11.58
8/3/2024 12:47,11.62
8/3/2024 12:57,11.58
8/3/2024 13:07,11.58
8/3/2024 13:17,11.58
8/3/2024 13:27,11.54
8/3/2024 13:37,11.54
8/3/2024 13:47,11.49
8/3/2024 13:57,11.54
8/3/2024 14:07,11.49
8/3/2024 14:17,11.49
8/3/2024 14:27,11.49
8/3/2024 14:37,11.49
8/3/2024 14:47,11.49
8/3/2024 14:57,11.45
8/3/2024 15:07,11.41
8/3/2024 15:17,11.45
8/3/2024 15:27,11.41
8/3/2024 15:37,11.41
8/3/2024 15:47,11.37
8/3/2024 15:57,11.37
8/3/2024 16:07,11.37
8/3/2024 16:17,11.37
8/3/2024 16:27,11.37
8/3/2024 16:37,11.32
8/3/2024 16:47,11.32
8/3/2024 16:57,11.32
8/3/2024 17:07,11.28
8/3/2024 17:17,11.28
8/3/2024 17:27,11.28
8/3/2024 17:37,11.24
8/3/2024 17:47,11.24
8/3/2024 17:57,11.24
8/3/2024 18:07,11.24
8/3/2024 18:17,11.28
8/3/2024 18:27,11.28
8/3/2024 18:37,11.19
8/3/2024 18:47,11.24
8/3/2024 18:57,11.19
8/3/2024 19:07,11.28
8/3/2024 19:17,11.24
8/3/2024 19:27,11.24
8/3/2024 19:37,11.24
8/3/2024 19:47,11.19
8/3/2024 19:57,11.19
8/3/2024 20:07,11.19
8/3/2024 20:17,11.19
8/3/2024 20:27,11.24
8/3/2024 20:37,11.24
8/3/2024 20:47,11.24
8/3/2024 20:57,11.24
8/3/2024 21:07,11.19
8/3/2024 21:17,11.19
8/3/2024 21:27,11.19
8/3/2024 21:37,11.15
8/3/2024 21:47,11.19
8/3/2024 21:57,11.19
8/3/2024 22:07,11.19
8/3/2024 22:17,11.15
8/3/2024 22:27,11.19
8/3/2024 22:37,11.19
8/3/2024 22:47,11.19
8/3/2024 22:57,11.19
8/3/2024 23:07,11.24
8/3/2024 23:17,11.19
8/3/2024 23:27,11.19
8/3/2024 23:37,11.19
8/3/2024 23:47,11.19
8/3/2024 23:57,11.19
8/4/2024 0:07,11.19
8/4/2024 0:17,11.24
8/4/2024 0:27,11.24
8/4/2024 0:37,11.19
8/4/2024 0:47,11.19
8/4/2024 0:57,11.19
8/4/2024 1:07,11.19
8/4/2024 1:17,11.19
8/4/2024 1:27,11.15
8/4/2024 1:37,11.11
8/4/2024 1:47,11.15
8/4/2024 1:57,11.15
8/4/2024 2:07,11.15
8/4/2024 2:17,11.11
8/4/2024 2:27,11.11
8/4/2024 2:37,11.11
8/4/2024 2:47,11.07
8/4/2024 2:57,11.11
8/4/2024 3:07,11.07
8/4/2024 3:17,11.07
8/4/2024 3:27,11.02
8/4/2024 3:37,11.02
8/4/2024 3:47,11.07
8/4/2024 3:57,10.98
8/4/2024 4:07,11.02
8/4/2024 4:17,11.02
8/4/2024 4:27,10.98
8/4/2024 4:37,10.94
8/4/2024 4:47,10.94
8/4/2024 4:57,10.89
8/4/2024 5:07,10.94
8/4/2024 5:17,10.85
8/4/2024 5:27,10.94
8/4/2024 5:37,10.89
8/4/2024 5:47,10.94
8/4/2024 5:57,10.89
8/4/2024 6:07,10.89
8/4/2024 6:17,10.81
8/4/2024 6:27,10.89
8/4/2024 6:37,10.89
8/4/2024 6:47,10.85
8/4/2024 6:57,10.89
8/4/2024 7:07,10.85
8/4/2024 7:17,10.89
8/4/2024 7:27,10.85
8/4/2024 7:37,10.89
8/4/2024 7:47,10.94
8/4/2024 7:57,10.94
8/4/2024 8:07,10.89
8/4/2024 8:17,10.94
8/4/2024 8:27,10.94
8/4/2024 8:37,10.94
8/4/2024 8:47,10.94
8/4/2024 8:57,10.98
8/4/2024 9:07,10.98
8/4/2024 9:17,10.98
8/4/2024 9:27,11.02
8/4/2024 9:37,11.02
8/4/2024 9:47,11.02
8/4/2024 9:57,11.02
8/4/2024 10:07,11.07
8/4/2024 10:17,11.02
8/4/2024 10:27,11.11
8/4/2024 10:37,11.11
8/4/2024 10:47,11.15
8/4/2024 10:57,11.11
8/4/2024 11:07,11.19
8/4/2024 11:17,11.19
8/4/2024 11:27,11.19
8/4/2024 11:37,11.19
8/4/2024 11:47,11.24
8/4/2024 11:57,11.28
8/4/2024 12:07,11.19
8/4/2024 12:17,11.24
8/4/2024 12:27,11.24
8/4/2024 12:37,11.28
8/4/2024 12:47,11.19
8/4/2024 12:57,11.24
8/4/2024 13:07,11.28
8/4/2024 13:17,11.24
8/4/2024 13:27,11.24
8/4/2024 13:37,11.24
8/4/2024 13:47,11.24
8/4/2024 13:57,11.24
8/4/2024 14:07,11.24
8/4/2024 14:17,11.19
8/4/2024 14:27,11.24
8/4/2024 14:37,11.24
8/4/2024 14:47,11.19
8/4/2024 14:57,11.24
8/4/2024 15:07,11.19
8/4/2024 15:17,11.19
8/4/2024 15:27,11.15
8/4/2024 15:37,11.15
8/4/2024 15:47,11.11
8/4/2024 15:57,11.11
8/4/2024 16:07,11.07
8/4/2024 16:17,11.07
8/4/2024 16:27,11.11
8/4/2024 16:37,11.07
8/4/2024 16:47,11.11
8/4/2024 16:57,11.02
8/4/2024 17:07,11.02
8/4/2024 17:17,10.98
8/4/2024 17:27,10.98
8/4/2024 17:37,10.98
8/4/2024 17:47,10.98
8/4/2024 17:57,10.94
8/4/2024 18:07,10.94
8/4/2024 18:17,10.89
8/4/2024 18:27,10.85
8/4/2024 18:37,10.85
8/4/2024 18:47,10.85
8/4/2024 18:57,10.81
8/4/2024 19:07,10.81
8/4/2024 19:17,10.81
8/4/2024 19:27,10.72
8/4/2024 19:37,10.72
8/4/2024 19:47,10.68
8/4/2024 19:57,10.77
8/4/2024 20:07,10.72
8/4/2024 20:17,10.68
8/4/2024 20:27,10.64
8/4/2024 20:37,10.68
8/4/2024 20:47,10.64
8/4/2024 20:57,10.68
8/4/2024 21:07,10.64
8/4/2024 21:17,10.59
8/4/2024 21:27,10.64
8/4/2024 21:37,10.64
8/4/2024 21:47,10.59
8/4/2024 21:57,10.59
8/4/2024 22:07,10.64
8/4/2024 22:17,10.59
8/4/2024 22:27,10.55
8/4/2024 22:37,10.55
8/4/2024 22:47,10.59
8/4/2024 22:57,10.59
8/4/2024 23:07,10.59
8/4/2024 23:17,10.55
8/4/2024 23:27,10.51
8/4/2024 23:37,10.51
8/4/2024 23:47,10.55
8/4/2024 23:57,10.55
8/5/2024 0:07,10.51
8/5/2024 0:17,10.46
8/5/2024 0:27,10.46
8/5/2024 0:37,10.46
8/5/2024 0:47,10.42
8/5/2024 0:57,10.51
8/5/2024 1:07,10.42
8/5/2024 1:17,10.46
8/5/2024 1:27,10.46
8/5/2024 1:37,10.42
8/5/2024 1:47,10.42
8/5/2024 1:57,10.38
8/5/2024 2:07,10.38
8/5/2024 2:17,10.42
8/5/2024 2:27,10.38
8/5/2024 2:37,10.38
8/5/2024 2:47,10.38
8/5/2024 2:57,10.38
8/5/2024 3:07,10.38
8/5/2024 3:17,10.42
8/5/2024 3:27,10.34
8/5/2024 3:37,10.38
8/5/2024 3:47,10.34
8/5/2024 3:57,10.38
8/5/2024 4:07,10.34
8/5/2024 4:17,10.38
8/5/2024 4:27,10.34
8/5/2024 4:37,10.42
8/5/2024 4:47,10.38
8/5/2024 4:57,10.42
8/5/2024 5:07,10.42
8/5/2024 5:17,10.38
8/5/2024 5:27,10.46
8/5/2024 5:37,10.51
8/5/2024 5:47,10.42
8/5/2024 5:57,10.38
8/5/2024 6:07,10.42
8/5/2024 6:17,10.38
8/5/2024 6:27,10.38
8/5/2024 6:37,10.38
8/5/2024 6:47,10.42
8/5/2024 6:57,10.38
8/5/2024 7:07,10.42
8/5/2024 7:17,10.42
8/5/2024 7:27,10.42
8/5/2024 7:37,10.42
8/5/2024 7:47,10.42
8/5/2024 7:57,10.51
8/5/2024 8:07,10.51
8/5/2024 8:17,10.46
8/5/2024 8:27,10.51
8/5/2024 8:37,10.55
8/5/2024 8:47,10.51
8/5/2024 8:57,10.55
8/5/2024 9:07,10.55
8/5/2024 9:17,10.64
8/5/2024 9:27,10.64
8/5/2024 9:37,10.68
8/5/2024 9:47,10.64
8/5/2024 9:57,10.68
8/5/2024 10:07,10.68
8/5/2024 10:17,10.68
8/5/2024 10:27,10.68
8/5/2024 10:37,10.72
8/5/2024 10:47,10.77
8/5/2024 10:57,10.81
8/5/2024 11:07,10.81
8/5/2024 11:17,10.85
8/5/2024 11:27,10.85
8/5/2024 11:37,10.85
8/5/2024 11:47,10.89
8/5/2024 11:57,10.89
8/5/2024 12:07,10.89
8/5/2024 12:17,10.94
8/5/2024 12:27,10.89
8/5/2024 12:37,10.94
8/5/2024 12:47,10.94
8/5/2024 12:57,10.94
8/5/2024 13:07,10.94
8/5/2024 13:17,10.94
8/5/2024 13:27,10.98
8/5/2024 13:37,11.02
8/5/2024 13:47,11.07
8/5/2024 13:57,11.07
8/5/2024 14:07,11.11
8/5/2024 14:17,11.11
8/5/2024 14:27,11.15
8/5/2024 14:37,11.15
8/5/2024 14:47,11.15
8/5/2024 14:57,11.15
8/5/2024 15:07,11.19
8/5/2024 15:17,11.19
8/5/2024 15:27,11.19
8/5/2024 15:37,11.19
8/5/2024 15:47,11.19
8/5/2024 15:57,11.19
8/5/2024 16:07,11.19
8/5/2024 16:17,11.19
8/5/2024 16:27,11.15
8/5/2024 16:37,11.19
8/5/2024 16:47,11.24
8/5/2024 16:57,11.19
8/5/2024 17:07,11.19
8/5/2024 17:17,11.19
8/5/2024 17:27,11.19
8/5/2024 17:37,11.19
8/5/2024 17:47,11.24
8/5/2024 17:57,11.19
8/5/2024 18:07,11.24
8/5/2024 18:17,11.19
8/5/2024 18:27,11.19
8/5/2024 18:37,11.19
8/5/2024 18:47,11.19
8/5/2024 18:57,11.15
8/5/2024 19:07,11.15
8/5/2024 19:17,11.19
8/5/2024 19:27,11.15
8/5/2024 19:37,11.15
8/5/2024 19:47,11.11
8/5/2024 19:57,11.11
8/5/2024 20:07,11.11
8/5/2024 20:17,11.11
8/5/2024 20:27,11.07
8/5/2024 20:37,10.98
8/5/2024 20:47,11.02
8/5/2024 20:57,10.98
8/5/2024 21:07,10.94
8/5/2024 21:17,10.94
8/5/2024 21:27,10.94
8/5/2024 21:37,10.89
8/5/2024 21:47,10.89
8/5/2024 21:57,10.85
8/5/2024 22:07,10.72
8/5/2024 22:17,10.81
8/5/2024 22:27,10.77
8/5/2024 22:37,10.81
8/5/2024 22:47,10.85
8/5/2024 22:57,10.81
8/5/2024 23:07,10.81
8/5/2024 23:17,10.81
8/5/2024 23:27,10.81
8/5/2024 23:37,10.81
8/5/2024 23:47,10.81
8/5/2024 23:57,10.81
8/6/2024 0:07,10.77
8/6/2024 0:17,10.77
8/6/2024 0:27,10.77
8/6/2024 0:37,10.77
8/6/2024 0:47,10.72
8/6/2024 0:57,10.68
8/6/2024 1:07,10.64
8/6/2024 1:17,10.64
8/6/2024 1:27,10.64
8/6/2024 1:37,10.59
8/6/2024 1:47,10.59
8/6/2024 1:57,10.55
8/6/2024 2:07,10.59
8/6/2024 2:17,10.59
8/6/2024 2:27,10.55
8/6/2024 2:37,10.51
8/6/2024 2:47,10.55
8/6/2024 2:57,10.51
8/6/2024 3:07,10.55
8/6/2024 3:17,10.46
8/6/2024 3:27,10.51
8/6/2024 3:37,10.55
8/6/2024 3:47,10.55
8/6/2024 3:57,10.51
8/6/2024 4:07,10.51
8/6/2024 4:17,10.51
8/6/2024 4:27,10.59
8/6/2024 4:37,10.51
8/6/2024 4:47,10.55
8/6/2024 4:57,10.51
8/6/2024 5:07,10.55
8/6/2024 5:17,10.51
8/6/2024 5:27,10.51
8/6/2024 5:37,10.51
8/6/2024 5:47,10.55
8/6/2024 5:57,10.55
8/6/2024 6:07,10.55
8/6/2024 6:17,10.55
8/6/2024 6:27,10.55
8/6/2024 6:37,10.59
8/6/2024 6:47,10.59
8/6/2024 6:57,10.64
8/6/2024 7:07,10.64
8/6/2024 7:17,10.59
8/6/2024 7:27,10.68
8/6/2024 7:37,10.68
8/6/2024 7:47,10.77
8/6/2024 7:57,10.72
8/6/2024 8:07,10.77
8/6/2024 8:17,10.85
8/6/2024 8:27,10.85
8/6/2024 8:37,10.94
8/6/2024 8:47,10.94
8/6/2024 8:57,10.98
8/6/2024 9:07,11.02
8/6/2024 9:17,11.07
8/6/2024 9:27,11.07
8/6/2024 9:37,11.19
8/6/2024 9:47,11.24
8/6/2024 9:57,11.28
8/6/2024 10:07,11.37
8/6/2024 10:17,11.45
8/6/2024 10:27,11.49
8/6/2024 10:37,11.54
8/6/2024 10:47,11.62
8/6/2024 10:57,11.71
8/6/2024 11:07,11.75
8/6/2024 11:17,11.92
8/6/2024 11:27,11.97
8/6/2024 11:37,12.05
8/6/2024 11:47,12.14
8/6/2024 11:57,12.27
8/6/2024 12:07,12.35
8/6/2024 12:17,12.4
8/6/2024 12:27,12.48
8/6/2024 12:37,12.48
8/6/2024 12:47,12.57
8/6/2024 12:57,12.65
8/6/2024 13:07,12.78
8/6/2024 13:17,12.87
8/6/2024 13:27,12.95
8/6/2024 13:37,13
8/6/2024 13:47,13.17
8/6/2024 13:57,13.25
8/6/2024 14:07,13.3
8/6/2024 14:17,13.34
8/6/2024 14:27,13.38
8/6/2024 14:37,13.43
8/6/2024 14:47,13.47
8/6/2024 14:57,13.51
8/6/2024 15:07,13.55
8/6/2024 15:17,13.6
8/6/2024 15:27,13.64
8/6/2024 15:37,13.68
8/6/2024 15:47,13.64
8/6/2024 15:57,13.68
8/6/2024 16:07,13.68
8/6/2024 16:17,13.68
8/6/2024 16:27,13.68
8/6/2024 16:37,13.6
8/6/2024 16:47,13.6
8/6/2024 16:57,13.55
8/6/2024 17:07,13.55
8/6/2024 17:17,13.51
8/6/2024 17:27,13.51
8/6/2024 17:37,13.43
8/6/2024 17:47,13.38
8/6/2024 17:57,13.34
8/6/2024 18:07,13.25
8/6/2024 18:17,13.21
8/6/2024 18:27,13.17
8/6/2024 18:37,13.12
8/6/2024 18:47,13.04
8/6/2024 18:57,13
8/6/2024 19:07,12.95
8/6/2024 19:17,12.82
8/6/2024 19:27,12.87
8/6/2024 19:37,12.78
8/6/2024 19:47,12.74
8/6/2024 19:57,12.65
8/6/2024 20:07,12.61
8/6/2024 20:17,12.52
8/6/2024 20:27,12.48
8/6/2024 20:37,12.48
8/6/2024 20:47,12.4
8/6/2024 20:57,12.4
8/6/2024 21:07,12.31
8/6/2024 21:17,12.27
8/6/2024 21:27,12.22
8/6/2024 21:37,12.18
8/6/2024 21:47,12.14
8/6/2024 21:57,12.14
8/6/2024 22:07,12.05
8/6/2024 22:17,12.05
8/6/2024 22:27,12.05
8/6/2024 22:37,12.01
8/6/2024 22:47,11.92
8/6/2024 22:57,11.92
8/6/2024 23:07,11.88
8/6/2024 23:17,11.88
8/6/2024 23:27,11.88
8/6/2024 23:37,11.84
8/6/2024 23:47,11.79
8/6/2024 23:57,11.79
8/7/2024 0:07,11.75
8/7/2024 0:17,11.75
8/7/2024 0:27,11.71
8/7/2024 0:37,11.71
8/7/2024 0:47,11.67
8/7/2024 0:57,11.67
8/7/2024 1:07,11.67
8/7/2024 1:17,11.67
8/7/2024 1:27,11.62
8/7/2024 1:37,11.58
8/7/2024 1:47,11.62
8/7/2024 1:57,11.54
8/7/2024 2:07,11.58
8/7/2024 2:17,11.49
8/7/2024 2:27,11.49
8/7/2024 2:37,11.45
8/7/2024 2:47,11.49
8/7/2024 2:57,11.45
8/7/2024 3:07,11.45
8/7/2024 3:17,11.45
8/7/2024 3:27,11.45
8/7/2024 3:37,11.37
8/7/2024 3:47,11.37
8/7/2024 3:57,11.37
8/7/2024 4:07,11.37
8/7/2024 4:17,11.32
8/7/2024 4:27,11.28
8/7/2024 4:37,11.37
8/7/2024 4:47,11.32
8/7/2024 4:57,11.32
8/7/2024 5:07,11.32
8/7/2024 5:17,11.24
8/7/2024 5:27,11.28
8/7/2024 5:37,11.28
8/7/2024 5:47,11.28
8/7/2024 5:57,11.24
8/7/2024 6:07,11.28
8/7/2024 6:17,11.24
8/7/2024 6:27,11.28
8/7/2024 6:37,11.28
8/7/2024 6:47,11.32
8/7/2024 6:57,11.32
8/7/2024 7:07,11.32
8/7/2024 7:17,11.37
8/7/2024 7:27,11.41
8/7/2024 7:37,11.45
8/7/2024 7:47,11.49
8/7/2024 7:57,11.58
8/7/2024 8:07,11.67
8/7/2024 8:17,11.75
8/7/2024 8:27,11.79
8/7/2024 8:37,11.88
8/7/2024 8:47,11.92
8/7/2024 8:57,12.05
8/7/2024 9:07,12.1
8/7/2024 9:17,12.18
8/7/2024 9:27,12.22
8/7/2024 9:37,12.27
8/7/2024 9:47,12.44
8/7/2024 9:57,12.48
8/7/2024 10:07,12.61
8/7/2024 10:17,12.74
8/7/2024 10:27,12.91
8/7/2024 10:37,13.04
8/7/2024 10:47,13.12
8/7/2024 10:57,13.25
8/7/2024 11:07,13.43
8/7/2024 11:17,13.47
8/7/2024 11:27,13.55
8/7/2024 11:37,13.73
8/7/2024 11:47,13.81
8/7/2024 11:57,13.9
8/7/2024 12:07,13.98
8/7/2024 12:17,14.03
8/7/2024 12:27,14.11
8/7/2024 12:37,14.24
8/7/2024 12:47,14.33
8/7/2024 12:57,14.41
8/7/2024 13:07,14.5
8/7/2024 13:17,14.5
8/7/2024 13:27,14.54
8/7/2024 13:37,14.5
8/7/2024 13:47,14.54
8/7/2024 13:57,14.58
8/7/2024 14:07,14.71
8/7/2024 14:17,14.75
8/7/2024 14:27,14.84
8/7/2024 14:37,14.84
8/7/2024 14:47,14.88
8/7/2024 14:57,14.88
8/7/2024 15:07,14.88
8/7/2024 15:17,14.88
8/7/2024 15:27,14.93
8/7/2024 15:37,14.97
8/7/2024 15:47,14.97
8/7/2024 15:57,14.97
8/7/2024 16:07,15.06
8/7/2024 16:17,15.01
8/7/2024 16:27,15.01
8/7/2024 16:37,15.06
8/7/2024 16:47,15.01
8/7/2024 16:57,14.93
8/7/2024 17:07,14.93
8/7/2024 17:17,14.88
8/7/2024 17:27,14.88
8/7/2024 17:37,14.84
8/7/2024 17:47,14.84
8/7/2024 17:57,14.75
8/7/2024 18:07,14.75
8/7/2024 18:17,14.71
8/7/2024 18:27,14.67
8/7/2024 18:37,14.63
8/7/2024 18:47,14.54
8/7/2024 18:57,14.5
8/7/2024 19:07,14.45
8/7/2024 19:17,14.37
8/7/2024 19:27,14.37
8/7/2024 19:37,14.28
8/7/2024 19:47,14.24
8/7/2024 19:57,14.2
8/7/2024 20:07,14.15
8/7/2024 20:17,14.11
8/7/2024 20:27,14.07
8/7/2024 20:37,13.98
8/7/2024 20:47,13.94
8/7/2024 20:57,13.94
8/7/2024 21:07,13.85
8/7/2024 21:17,13.85
8/7/2024 21:27,13.81
8/7/2024 21:37,13.68
8/7/2024 21:47,13.68
8/7/2024 21:57,13.64
8/7/2024 22:07,13.6
8/7/2024 22:17,13.55
8/7/2024 22:27,13.55
8/7/2024 22:37,13.47
8/7/2024 22:47,13.47
8/7/2024 22:57,13.43
8/7/2024 23:07,13.38
8/7/2024 23:17,13.34
8/7/2024 23:27,13.38
8/7/2024 23:37,13.3
8/7/2024 23:47,13.3
8/7/2024 23:57,13.21
8/8/2024 0:07,13.25
8/8/2024 0:17,13.21
8/8/2024 0:27,13.12
8/8/2024 0:37,13.12
8/8/2024 0:47,13.12
8/8/2024 0:57,13.12
8/8/2024 1:07,13.04
8/8/2024 1:17,13.08
8/8/2024 1:27,13.08
8/8/2024 1:37,13
8/8/2024 1:47,12.95
8/8/2024 1:57,12.95
8/8/2024 2:07,12.95
8/8/2024 2:17,13
8/8/2024 2:27,12.95
8/8/2024 2:37,12.95
8/8/2024 2:47,12.91
8/8/2024 2:57,12.91
8/8/2024 3:07,12.91
8/8/2024 3:17,12.87
8/8/2024 3:27,12.87
8/8/2024 3:37,12.87
8/8/2024 3:47,12.87
8/8/2024 3:57,12.82
8/8/2024 4:07,12.87
8/8/2024 4:17,12.82
8/8/2024 4:27,12.82
8/8/2024 4:37,12.82
8/8/2024 4:47,12.82
8/8/2024 4:57,12.87
8/8/2024 5:07,12.78
8/8/2024 5:17,12.82
8/8/2024 5:27,12.78
8/8/2024 5:37,12.82
8/8/2024 5:47,12.82
8/8/2024 5:57,12.82
8/8/2024 6:07,12.82
8/8/2024 6:17,12.82
8/8/2024 6:27,12.87
8/8/2024 6:37,12.91
8/8/2024 6:47,12.91
8/8/2024 6:57,12.91
8/8/2024 7:07,12.95
8/8/2024 7:17,12.95
8/8/2024 7:27,12.95
8/8/2024 7:37,13.04
8/8/2024 7:47,13
8/8/2024 7:57,13.04
8/8/2024 8:07,13.08
8/8/2024 8:17,13.12
8/8/2024 8:27,13.12
8/8/2024 8:37,13.21
8/8/2024 8:47,13.21
8/8/2024 8:57,13.25
8/8/2024 9:07,13.3
8/8/2024 9:17,13.34
8/8/2024 9:27,13.34
8/8/2024 9:37,13.43
8/8/2024 9:47,13.47
8/8/2024 9:57,13.55
8/8/2024 10:07,13.64
8/8/2024 10:17,13.73
8/8/2024 10:27,13.81
8/8/2024 10:37,13.85
8/8/2024 10:47,13.85
8/8/2024 10:57,13.98
8/8/2024 11:07,13.98
8/8/2024 11:17,14.07
8/8/2024 11:27,14.11
8/8/2024 11:37,14.15
8/8/2024 11:47,14.15
8/8/2024 11:57,14.24
8/8/2024 12:07,14.28
8/8/2024 12:17,14.24
8/8/2024 12:27,14.33
8/8/2024 12:37,14.37
8/8/2024 12:47,14.37
8/8/2024 12:57,14.41
8/8/2024 13:07,14.5
8/8/2024 13:17,14.5
8/8/2024 13:27,14.54
8/8/2024 13:37,14.54
8/8/2024 13:47,14.58
8/8/2024 13:57,14.63
8/8/2024 14:07,14.63
8/8/2024 14:17,14.67
8/8/2024 14:27,14.75
8/8/2024 14:37,14.8
8/8/2024 14:47,14.84
8/8/2024 14:57,14.88
8/8/2024 15:07,14.97
8/8/2024 15:17,15.06
8/8/2024 15:27,15.01
8/8/2024 15:37,15.1
8/8/2024 15:47,15.06
8/8/2024 15:57,15.14
8/8/2024 16:07,15.14
8/8/2024 16:17,15.14
8/8/2024 16:27,15.14
8/8/2024 16:37,15.14
8/8/2024 16:47,15.14
8/8/2024 16:57,15.14
8/8/2024 17:07,15.14
8/8/2024 17:17,15.14
8/8/2024 17:27,15.1
8/8/2024 17:37,15.1
8/8/2024 17:47,15.06
8/8/2024 17:57,15.06
8/8/2024 18:07,14.93
8/8/2024 18:17,14.97
8/8/2024 18:27,14.88
8/8/2024 18:37,14.88
8/8/2024 18:47,14.84
8/8/2024 18:57,14.84
8/8/2024 19:07,14.75
8/8/2024 19:17,14.75
8/8/2024 19:27,14.75
8/8/2024 19:37,14.71
8/8/2024 19:47,14.71
8/8/2024 19:57,14.67
8/8/2024 20:07,14.63
8/8/2024 20:17,14.58
8/8/2024 20:27,14.5
8/8/2024 20:37,14.54
8/8/2024 20:47,14.54
8/8/2024 20:57,14.5
8/8/2024 21:07,14.45
8/8/2024 21:17,14.45
8/8/2024 21:27,14.41
8/8/2024 21:37,14.41
8/8/2024 21:47,14.41
8/8/2024 21:57,14.41
8/8/2024 22:07,14.37
8/8/2024 22:17,14.33
8/8/2024 22:27,14.33
8/8/2024 22:37,14.28
8/8/2024 22:47,14.28
8/8/2024 22:57,14.28
8/8/2024 23:07,14.2
8/8/2024 23:17,14.28
8/8/2024 23:27,14.24
8/8/2024 23:37,14.2
8/8/2024 23:47,14.2
8/8/2024 23:57,14.2
8/9/2024 0:07,14.2
8/9/2024 0:17,14.15
8/9/2024 0:27,14.15
8/9/2024 0:37,14.2
8/9/2024 0:47,14.2
8/9/2024 0:57,14.15
8/9/2024 1:07,14.2
8/9/2024 1:17,14.2
8/9/2024 1:27,14.2
8/9/2024 1:37,14.15
8/9/2024 1:47,14.15
8/9/2024 1:57,14.15
8/9/2024 2:07,14.2
8/9/2024 2:17,14.2
8/9/2024 2:27,14.11
8/9/2024 2:37,14.15
8/9/2024 2:47,14.15
8/9/2024 2:57,14.15
8/9/2024 3:07,14.15
8/9/2024 3:17,14.11
8/9/2024 3:27,14.15
8/9/2024 3:37,14.11
8/9/2024 3:47,14.11
8/9/2024 3:57,14.11
8/9/2024 4:07,14.15
8/9/2024 4:17,14.15
8/9/2024 4:27,14.15
8/9/2024 4:37,14.15
8/9/2024 4:47,14.15
8/9/2024 4:57,14.15
8/9/2024 5:07,14.15
8/9/2024 5:17,14.15
8/9/2024 5:27,14.15
8/9/2024 5:37,14.15
8/9/2024 5:47,14.11
8/9/2024 5:57,14.11
8/9/2024 6:07,14.11
8/9/2024 6:17,14.11
8/9/2024 6:27,14.11
8/9/2024 6:37,14.11
8/9/2024 6:47,14.11
8/9/2024 6:57,14.11
8/9/2024 7:07,14.11
8/9/2024 7:17,14.15
8/9/2024 7:27,14.2
8/9/2024 7:37,14.11
8/9/2024 7:47,14.2
8/9/2024 7:57,14.2
8/9/2024 8:07,14.2
8/9/2024 8:17,14.24
8/9/2024 8:27,14.24
8/9/2024 8:37,14.28
8/9/2024 8:47,14.28
8/9/2024 8:57,14.33
8/9/2024 9:07,14.33
8/9/2024 9:17,14.33
8/9/2024 9:27,14.37
8/9/2024 9:37,14.41
8/9/2024 9:47,14.37
8/9/2024 9:57,14.5
8/9/2024 10:07,14.5
8/9/2024 10:17,14.5
8/9/2024 10:27,14.54
8/9/2024 10:37,14.54
8/9/2024 10:47,14.58
8/9/2024 10:57,14.63
8/9/2024 11:07,14.63
8/9/2024 11:17,14.67
8/9/2024 11:27,14.71
8/9/2024 11:37,14.71
8/9/2024 11:47,14.71
8/9/2024 11:57,14.84
8/9/2024 12:07,14.84
8/9/2024 12:17,14.97
8/9/2024 12:27,14.97
8/9/2024 12:37,15.1
8/9/2024 12:47,15.23
8/9/2024 12:57,15.31
8/9/2024 13:07,15.36
8/9/2024 13:17,15.4
8/9/2024 13:27,15.48
8/9/2024 13:37,15.48
8/9/2024 13:47,15.53
8/9/2024 13:57,15.48
8/9/2024 14:07,15.53
8/9/2024 14:17,15.61
8/9/2024 14:27,15.66
8/9/2024 14:37,15.61
8/9/2024 14:47,15.66
8/9/2024 14:57,15.7
8/9/2024 15:07,15.74
8/9/2024 15:17,15.7
8/9/2024 15:27,15.74
8/9/2024 15:37,15.74
8/9/2024 15:47,15.78
8/9/2024 15:57,15.78
8/9/2024 16:07,15.78
8/9/2024 16:17,15.83
8/9/2024 16:27,15.83
8/9/2024 16:37,15.87
8/9/2024 16:47,15.87
8/9/2024 16:57,15.87
8/9/2024 17:07,15.91
8/9/2024 17:17,15.87
8/9/2024 17:27,15.91
8/9/2024 17:37,15.91
8/9/2024 17:47,15.91
8/9/2024 17:57,15.83
8/9/2024 18:07,15.91
8/9/2024 18:17,15.87
8/9/2024 18:27,15.83
8/9/2024 18:37,15.83
8/9/2024 18:47,15.78
8/9/2024 18:57,15.74
8/9/2024 19:07,15.7
8/9/2024 19:17,15.66
8/9/2024 19:27,15.66
8/9/2024 19:37,15.61
8/9/2024 19:47,15.61
8/9/2024 19:57,15.57
8/9/2024 20:07,15.53
8/9/2024 20:17,15.48
8/9/2024 20:27,15.44
8/9/2024 20:37,15.4
8/9/2024 20:47,15.36
8/9/2024 20:57,15.27
8/9/2024 21:07,15.23
8/9/2024 21:17,15.23
8/9/2024 21:27,15.18
8/9/2024 21:37,15.14
8/9/2024 21:47,15.14
8/9/2024 21:57,15.06
8/9/2024 22:07,15.06
8/9/2024 22:17,15.01
8/9/2024 22:27,14.97
8/9/2024 22:37,14.93
8/9/2024 22:47,14.88
8/9/2024 22:57,14.88
8/9/2024 23:07,14.8
8/9/2024 23:17,14.84
8/9/2024 23:27,14.8
8/9/2024 23:37,14.71
8/9/2024 23:47,14.71
8/9/2024 23:57,14.67
8/10/2024 0:07,14.67
8/10/2024 0:17,14.63
8/10/2024 0:27,14.63
8/10/2024 0:37,14.58
8/10/2024 0:47,14.54
8/10/2024 0:57,14.54
8/10/2024 1:07,14.54
8/10/2024 1:17,14.54
8/10/2024 1:27,14.45
8/10/2024 1:37,14.45
8/10/2024 1:47,14.45
8/10/2024 1:57,14.41
8/10/2024 2:07,14.41
8/10/2024 2:17,14.41
8/10/2024 2:27,14.37
8/10/2024 2:37,14.37
8/10/2024 2:47,14.28
8/10/2024 2:57,14.28
8/10/2024 3:07,14.28
8/10/2024 3:17,14.2
8/10/2024 3:27,14.2
8/10/2024 3:37,14.2
8/10/2024 3:47,14.2
8/10/2024 3:57,14.15
8/10/2024 4:07,14.15
8/10/2024 4:17,14.15
8/10/2024 4:27,14.11
8/10/2024 4:37,14.07
8/10/2024 4:47,14.03
8/10/2024 4:57,14.07
8/10/2024 5:07,14.03
8/10/2024 5:17,14.03
8/10/2024 5:27,13.94
8/10/2024 5:37,13.98
8/10/2024 5:47,13.94
8/10/2024 5:57,13.94
8/10/2024 6:07,13.94
8/10/2024 6:17,13.9
8/10/2024 6:27,13.9
8/10/2024 6:37,13.85
8/10/2024 6:47,13.9
8/10/2024 6:57,13.85
8/10/2024 7:07,13.85
8/10/2024 7:17,13.85
8/10/2024 7:27,13.85
8/10/2024 7:37,13.85
8/10/2024 7:47,13.85
8/10/2024 7:57,13.85
8/10/2024 8:07,13.85
8/10/2024 8:17,13.81
8/10/2024 8:27,13.81
8/10/2024 8:37,13.9
8/10/2024 8:47,13.85
8/10/2024 8:57,13.85
8/10/2024 9:07,13.85
8/10/2024 9:17,13.85
8/10/2024 9:27,13.94
8/10/2024 9:37,13.9
8/10/2024 9:47,13.9
8/10/2024 9:57,13.94
8/10/2024 10:07,13.98
8/10/2024 10:17,13.98
8/10/2024 10:27,13.98
8/10/2024 10:37,13.98
8/10/2024 10:47,14.03
8/10/2024 10:57,14.03
8/10/2024 11:07,14.07
8/10/2024 11:17,14.11
8/10/2024 11:27,14.15
8/10/2024 11:37,14.15
8/10/2024 11:47,14.11
8/10/2024 11:57,14.2
8/10/2024 12:07,14.15
8/10/2024 12:17,14.2
8/10/2024 12:27,14.24
8/10/2024 12:37,14.2
8/10/2024 12:47,14.2
8/10/2024 12:57,14.24
8/10/2024 13:07,14.24
8/10/2024 13:17,14.24
8/10/2024 13:27,14.24
8/10/2024 13:37,14.24
8/10/2024 13:47,14.24
8/10/2024 13:57,14.28
8/10/2024 14:07,14.28
8/10/2024 14:17,14.28
8/10/2024 14:27,14.24
8/10/2024 14:37,14.28
8/10/2024 14:47,14.24
8/10/2024 14:57,14.24
8/10/2024 15:07,14.28
8/10/2024 15:17,14.28
8/10/2024 15:27,14.24
8/10/2024 15:37,14.2
8/10/2024 15:47,14.24
8/10/2024 15:57,14.2
8/10/2024 16:07,14.15
8/10/2024 16:17,14.15
8/10/2024 16:27,14.15
8/10/2024 16:37,14.15
8/10/2024 16:47,14.11
8/10/2024 16:57,14.15
8/10/2024 17:07,14.11
8/10/2024 17:17,14.07
8/10/2024 17:27,14.07
8/10/2024 17:37,14.07
8/10/2024 17:47,14.03
8/10/2024 17:57,13.98
8/10/2024 18:07,13.98
8/10/2024 18:17,13.9
8/10/2024 18:27,13.94
8/10/2024 18:37,13.85
8/10/2024 18:47,13.9
8/10/2024 18:57,13.85
8/10/2024 19:07,13.81
8/10/2024 19:17,13.81
8/10/2024 19:27,13.77
8/10/2024 19:37,13.73
8/10/2024 19:47,13.68
8/10/2024 19:57,13.73
8/10/2024 20:07,13.68
8/10/2024 20:17,13.68
8/10/2024 20:27,13.64
8/10/2024 20:37,13.6
8/10/2024 20:47,13.55
8/10/2024 20:57,13.6
8/10/2024 21:07,13.51
8/10/2024 21:17,13.51
8/10/2024 21:27,13.47
8/10/2024 21:37,13.43
8/10/2024 21:47,13.43
8/10/2024 21:57,13.43
8/10/2024 22:07,13.38
8/10/2024 22:17,13.38
8/10/2024 22:27,13.34
8/10/2024 22:37,13.34
8/10/2024 22:47,13.38
8/10/2024 22:57,13.34
8/10/2024 23:07,13.34
8/10/2024 23:17,13.3
8/10/2024 23:27,13.3
8/10/2024 23:37,13.25
8/10/2024 23:47,13.25
8/10/2024 23:57,13.21
8/11/2024 0:07,13.21
8/11/2024 0:17,13.21
8/11/2024 0:27,13.21
8/11/2024 0:37,13.17
8/11/2024 0:47,13.17
8/11/2024 0:57,13.12
8/11/2024 1:07,13.17
8/11/2024 1:17,13.17
8/11/2024 1:27,13.12
8/11/2024 1:37,13.12
8/11/2024 1:47,13.12
8/11/2024 1:57,13.08
8/11/2024 2:07,13.08
8/11/2024 2:17,13.08
8/11/2024 2:27,13.04
8/11/2024 2:37,13.04
8/11/2024 2:47,13.04
8/11/2024 2:57,13.04
8/11/2024 3:07,13
8/11/2024 3:17,13
8/11/2024 3:27,13
8/11/2024 3:37,13
8/11/2024 3:47,13
8/11/2024 3:57,13
8/11/2024 4:07,12.91
8/11/2024 4:17,12.95
8/11/2024 4:27,12.95
8/11/2024 4:37,12.91
8/11/2024 4:47,12.91
8/11/2024 4:57,12.87
8/11/2024 5:07,12.87
8/11/2024 5:17,12.87
8/11/2024 5:27,12.87
8/11/2024 5:37,12.91
8/11/2024 5:47,12.87
8/11/2024 5:57,12.91
8/11/2024 6:07,12.87
8/11/2024 6:17,12.91
8/11/2024 6:27,12.87
8/11/2024 6:37,12.87
8/11/2024 6:47,12.87
8/11/2024 6:57,12.82
8/11/2024 7:07,12.87
8/11/2024 7:17,12.82
8/11/2024 7:27,12.87
8/11/2024 7:37,12.87
8/11/2024 7:47,12.91
8/11/2024 7:57,12.95
8/11/2024 8:07,12.91
8/11/2024 8:17,12.91
8/11/2024 8:27,12.91
8/11/2024 8:37,12.95
8/11/2024 8:47,12.95
8/11/2024 8:57,13
8/11/2024 9:07,13
8/11/2024 9:17,13.04
8/11/2024 9:27,13.08
8/11/2024 9:37,13.12
8/11/2024 9:47,13.12
8/11/2024 9:57,13.12
8/11/2024 10:07,13.17
8/11/2024 10:17,13.21
8/11/2024 10:27,13.25
8/11/2024 10:37,13.3
8/11/2024 10:47,13.34
8/11/2024 10:57,13.34
8/11/2024 11:07,13.38
8/11/2024 11:17,13.43
8/11/2024 11:27,13.43
8/11/2024 11:37,13.51
8/11/2024 11:47,13.51
8/11/2024 11:57,13.6
8/11/2024 12:07,13.55
8/11/2024 12:17,13.55
8/11/2024 12:27,13.64
8/11/2024 12:37,13.68
8/11/2024 12:47,13.68
8/11/2024 12:57,13.77
8/11/2024 13:07,13.85
8/11/2024 13:17,13.81
8/11/2024 13:27,13.85
8/11/2024 13:37,13.9
8/11/2024 13:47,13.9
8/11/2024 13:57,13.94
8/11/2024 14:07,13.94
8/11/2024 14:17,13.98
8/11/2024 14:27,13.98
8/11/2024 14:37,13.98
8/11/2024 14:47,14.03
8/11/2024 14:57,14.03
8/11/2024 15:07,13.98
8/11/2024 15:17,14.03
8/11/2024 15:27,14.03
8/11/2024 15:37,14.03
8/11/2024 15:47,13.98
8/11/2024 15:57,14.03
8/11/2024 16:07,14.03
8/11/2024 16:17,14.03
8/11/2024 16:27,14.03
8/11/2024 16:37,13.98
8/11/2024 16:47,13.98
8/11/2024 16:57,13.98
8/11/2024 17:07,13.98
8/11/2024 17:17,13.98
8/11/2024 17:27,13.98
8/11/2024 17:37,13.94
8/11/2024 17:47,13.94
8/11/2024 17:57,13.94
8/11/2024 18:07,13.85
8/11/2024 18:17,13.85
8/11/2024 18:27,13.9
8/11/2024 18:37,13.85
8/11/2024 18:47,13.85
8/11/2024 18:57,13.81
8/11/2024 19:07,13.77
8/11/2024 19:17,13.77
8/11/2024 19:27,13.77
8/11/2024 19:37,13.73
8/11/2024 19:47,13.73
8/11/2024 19:57,13.73
8/11/2024 20:07,13.68
8/11/2024 20:17,13.68
8/11/2024 20:27,13.64
8/11/2024 20:37,13.68
8/11/2024 20:47,13.64
8/11/2024 20:57,13.64
8/11/2024 21:07,13.6
8/11/2024 21:17,13.64
8/11/2024 21:27,13.64
8/11/2024 21:37,13.55
8/11/2024 21:47,13.55
8/11/2024 21:57,13.55
8/11/2024 22:07,13.6
8/11/2024 22:17,13.55
8/11/2024 22:27,13.55
8/11/2024 22:37,13.6
8/11/2024 22:47,13.55
8/11/2024 22:57,13.55
8/11/2024 23:07,13.55
8/11/2024 23:17,13.51
8/11/2024 23:27,13.51
8/11/2024 23:37,13.51
8/11/2024 23:47,13.51
8/11/2024 23:57,13.47
8/12/2024 0:07,13.47
8/12/2024 0:17,13.47
8/12/2024 0:27,13.43
8/12/2024 0:37,13.47
8/12/2024 0:47,13.47
8/12/2024 0:57,13.47
8/12/2024 1:07,13.43
8/12/2024 1:17,13.47
8/12/2024 1:27,13.47
8/12/2024 1:37,13.43
8/12/2024 1:47,13.43
8/12/2024 1:57,13.43
8/12/2024 2:07,13.47
8/12/2024 2:17,13.38
8/12/2024 2:27,13.43
8/12/2024 2:37,13.43
8/12/2024 2:47,13.38
8/12/2024 2:57,13.38
8/12/2024 3:07,13.43
8/12/2024 3:17,13.38
8/12/2024 3:27,13.34
8/12/2024 3:37,13.34
8/12/2024 3:47,13.38
8/12/2024 3:57,13.34
8/12/2024 4:07,13.34
8/12/2024 4:17,13.34
8/12/2024 4:27,13.38
8/12/2024 4:37,13.34
8/12/2024 4:47,13.34
8/12/2024 4:57,13.34
8/12/2024 5:07,13.3
8/12/2024 5:17,13.34
8/12/2024 5:27,13.38
8/12/2024 5:37,13.34
8/12/2024 5:47,13.34
8/12/2024 5:57,13.3
8/12/2024 6:07,13.34
8/12/2024 6:17,13.34
8/12/2024 6:27,13.34
8/12/2024 6:37,13.34
8/12/2024 6:47,13.34
8/12/2024 6:57,13.34
8/12/2024 7:07,13.34
8/12/2024 7:17,13.38
8/12/2024 7:27,13.38
8/12/2024 7:37,13.43
8/12/2024 7:47,13.47
8/12/2024 7:57,13.43
8/12/2024 8:07,13.47
8/12/2024 8:17,13.47
8/12/2024 8:27,13.51
8/12/2024 8:37,13.51
8/12/2024 8:47,13.55
8/12/2024 8:57,13.6
8/12/2024 9:07,13.64
8/12/2024 9:17,13.68
8/12/2024 9:27,13.73
8/12/2024 9:37,13.81
8/12/2024 9:47,13.77
8/12/2024 9:57,13.85
8/12/2024 10:07,13.9
8/12/2024 10:17,13.98
8/12/2024 10:27,13.94
8/12/2024 10:37,14.03
8/12/2024 10:47,14.11
8/12/2024 10:57,14.11
8/12/2024 11:07,14.15
8/12/2024 11:17,14.2
8/12/2024 11:27,14.28
8/12/2024 11:37,14.33
8/12/2024 11:47,14.37
8/12/2024 11:57,14.45
8/12/2024 12:07,14.5
8/12/2024 12:17,14.58
8/12/2024 12:27,14.54
8/12/2024 12:37,14.63
8/12/2024 12:47,14.71
8/12/2024 12:57,14.75
8/12/2024 13:07,14.8
8/12/2024 13:17,14.84
8/12/2024 13:27,14.93
8/12/2024 13:37,15.01
8/12/2024 13:47,15.1
8/12/2024 13:57,15.14
8/12/2024 14:07,15.23
8/12/2024 14:17,15.27
8/12/2024 14:27,15.31
8/12/2024 14:37,15.4
8/12/2024 14:47,15.44
8/12/2024 14:57,15.48
8/12/2024 15:07,15.48
8/12/2024 15:17,15.48
8/12/2024 15:27,15.61
8/12/2024 15:37,15.57
8/12/2024 15:47,15.57
8/12/2024 15:57,15.57
8/12/2024 16:07,15.57
8/12/2024 16:17,15.53
8/12/2024 16:27,15.57
8/12/2024 16:37,15.57
8/12/2024 16:47,15.53
8/12/2024 16:57,15.48
8/12/2024 17:07,15.48
8/12/2024 17:17,15.44
8/12/2024 17:27,15.4
8/12/2024 17:37,15.44
8/12/2024 17:47,15.44
8/12/2024 17:57,15.36
8/12/2024 18:07,15.36
8/12/2024 18:17,15.36
8/12/2024 18:27,15.31
8/12/2024 18:37,15.27
8/12/2024 18:47,15.27
8/12/2024 18:57,15.23
8/12/2024 19:07,15.23
8/12/2024 19:17,15.18
8/12/2024 19:27,15.14
8/12/2024 19:37,15.14
8/12/2024 19:47,15.1
8/12/2024 19:57,15.06
8/12/2024 20:07,15.01
8/12/2024 20:17,15.01
8/12/2024 20:27,14.97
8/12/2024 20:37,14.97
8/12/2024 20:47,14.93
8/12/2024 20:57,14.88
8/12/2024 21:07,14.84
8/12/2024 21:17,14.84
8/12/2024 21:27,14.84
8/12/2024 21:37,14.75
8/12/2024 21:47,14.71
8/12/2024 21:57,14.71
8/12/2024 22:07,14.67
8/12/2024 22:17,14.63
8/12/2024 22:27,14.58
8/12/2024 22:37,14.58
8/12/2024 22:47,14.58
8/12/2024 22:57,14.5
8/12/2024 23:07,14.5
8/12/2024 23:17,14.45
8/12/2024 23:27,14.41
8/12/2024 23:37,14.41
8/12/2024 23:47,14.37
8/12/2024 23:57,14.37
8/13/2024 0:07,14.33
8/13/2024 0:17,14.33
8/13/2024 0:27,14.24
8/13/2024 0:37,14.24
8/13/2024 0:47,14.24
8/13/2024 0:57,14.2
8/13/2024 1:07,14.15
8/13/2024 1:17,14.15
8/13/2024 1:27,14.07
8/13/2024 1:37,14.07
8/13/2024 1:47,14.07
8/13/2024 1:57,14.07
8/13/2024 2:07,13.98
8/13/2024 2:17,14.03
8/13/2024 2:27,13.94
8/13/2024 2:37,13.94
8/13/2024 2:47,13.94
8/13/2024 2:57,13.9
8/13/2024 3:07,13.9
8/13/2024 3:17,13.85
8/13/2024 3:27,13.9
8/13/2024 3:37,13.81
8/13/2024 3:47,13.81
8/13/2024 3:57,13.81
8/13/2024 4:07,13.77
8/13/2024 4:17,13.77
8/13/2024 4:27,13.73
8/13/2024 4:37,13.68
8/13/2024 4:47,13.73
8/13/2024 4:57,13.68
8/13/2024 5:07,13.68
8/13/2024 5:17,13.64
8/13/2024 5:27,13.68
8/13/2024 5:37,13.64
8/13/2024 5:47,13.64
8/13/2024 5:57,13.6
8/13/2024 6:07,13.6
8/13/2024 6:17,13.64
8/13/2024 6:27,13.64
8/13/2024 6:37,13.64
8/13/2024 6:47,13.64
8/13/2024 6:57,13.64
8/13/2024 7:07,13.68
8/13/2024 7:17,13.64
8/13/2024 7:27,13.64
8/13/2024 7:37,13.68
8/13/2024 7:47,13.73
8/13/2024 7:57,13.73
8/13/2024 8:07,13.77
8/13/2024 8:17,13.77
8/13/2024 8:27,13.81
8/13/2024 8:37,13.81
8/13/2024 8:47,13.85
8/13/2024 8:57,13.85
8/13/2024 9:07,13.9
8/13/2024 9:17,13.9
8/13/2024 9:27,13.9
8/13/2024 9:37,13.98
8/13/2024 9:47,13.98
8/13/2024 9:57,13.98
8/13/2024 10:07,14.03
8/13/2024 10:17,14.03
8/13/2024 10:27,14.03
8/13/2024 10:37,14.11
8/13/2024 10:47,14.11
8/13/2024 10:57,14.2
8/13/2024 11:07,14.24
8/13/2024 11:17,14.24
8/13/2024 11:27,14.33
8/13/2024 11:37,14.37
8/13/2024 11:47,14.45
8/13/2024 11:57,14.5
8/13/2024 12:07,14.54
8/13/2024 12:17,14.58
8/13/2024 12:27,14.67
8/13/2024 12:37,14.75
8/13/2024 12:47,14.8
8/13/2024 12:57,14.8
8/13/2024 13:07,14.8
8/13/2024 13:17,14.84
8/13/2024 13:27,14.88
8/13/2024 13:37,14.88
8/13/2024 13:47,14.88
8/13/2024 13:57,14.88
8/13/2024 14:07,14.93
8/13/2024 14:17,14.97
8/13/2024 14:27,14.88
8/13/2024 14:37,14.97
8/13/2024 14:47,14.97
8/13/2024 14:57,14.97
8/13/2024 15:07,15.01
8/13/2024 15:17,15.06
8/13/2024 15:27,15.1
8/13/2024 15:37,15.06
8/13/2024 15:47,15.01
8/13/2024 15:57,15.06
8/13/2024 16:07,15.06
8/13/2024 16:17,15.06
8/13/2024 16:27,15.1
8/13/2024 16:37,15.06
8/13/2024 16:47,15.06
8/13/2024 16:57,15.06
8/13/2024 17:07,15.06
8/13/2024 17:17,15.01
8/13/2024 17:27,15.06
8/13/2024 17:37,15.06
8/13/2024 17:47,15.06
8/13/2024 17:57,15.06
8/13/2024 18:07,15.06
8/13/2024 18:17,15.01
8/13/2024 18:27,14.97
8/13/2024 18:37,15.01
8/13/2024 18:47,14.97
8/13/2024 18:57,14.97
8/13/2024 19:07,14.97
8/13/2024 19:17,14.93
8/13/2024 19:27,14.97
8/13/2024 19:37,14.93
8/13/2024 19:47,14.88
8/13/2024 19:57,14.93
8/13/2024 20:07,14.88
8/13/2024 20:17,14.88
8/13/2024 20:27,14.84
8/13/2024 20:37,14.84
8/13/2024 20:47,14.8
8/13/2024 20:57,14.8
8/13/2024 21:07,14.75
8/13/2024 21:17,14.71
8/13/2024 21:27,14.71
8/13/2024 21:37,14.71
8/13/2024 21:47,14.67
8/13/2024 21:57,14.63
8/13/2024 22:07,14.67
8/13/2024 22:17,14.67
8/13/2024 22:27,14.58
8/13/2024 22:37,14.63
8/13/2024 22:47,14.63
8/13/2024 22:57,14.63
8/13/2024 23:07,14.58
8/13/2024 23:17,14.54
8/13/2024 23:27,14.58
8/13/2024 23:37,14.54
8/13/2024 23:47,14.5
8/13/2024 23:57,14.54
8/14/2024 0:07,14.5
8/14/2024 0:17,14.45
8/14/2024 0:27,14.45
8/14/2024 0:37,14.45
8/14/2024 0:47,14.41
8/14/2024 0:57,14.45
8/14/2024 1:07,14.45
8/14/2024 1:17,14.37
8/14/2024 1:27,14.37
8/14/2024 1:37,14.33
8/14/2024 1:47,14.33
8/14/2024 1:57,14.33
8/14/2024 2:07,14.33
8/14/2024 2:17,14.37
8/14/2024 2:27,14.33
8/14/2024 2:37,14.28
8/14/2024 2:47,14.28
8/14/2024 2:57,14.28
8/14/2024 3:07,14.24
8/14/2024 3:17,14.24
8/14/2024 3:27,14.2
8/14/2024 3:37,14.2
8/14/2024 3:47,14.2
8/14/2024 3:57,14.15
8/14/2024 4:07,14.15
8/14/2024 4:17,14.2
8/14/2024 4:27,14.15
8/14/2024 4:37,14.24
8/14/2024 4:47,14.15
8/14/2024 4:57,14.15
8/14/2024 5:07,14.11
8/14/2024 5:17,14.07
8/14/2024 5:27,14.07
8/14/2024 5:37,14.07
8/14/2024 5:47,14.11
8/14/2024 5:57,14.11
8/14/2024 6:07,14.07
8/14/2024 6:17,14.07
8/14/2024 6:27,14.11
8/14/2024 6:37,14.07
8/14/2024 6:47,14.07
8/14/2024 6:57,14.07
8/14/2024 7:07,14.07
8/14/2024 7:17,14.03
8/14/2024 7:27,14.03
8/14/2024 7:37,14.03
8/14/2024 7:47,14.07
8/14/2024 7:57,14.07
8/14/2024 8:07,14.03
8/14/2024 8:17,14.03
8/14/2024 8:27,14.03
8/14/2024 8:37,14.03
8/14/2024 8:47,14.07
8/14/2024 8:57,14.07
8/14/2024 9:07,14.07
8/14/2024 9:17,14.07
8/14/2024 9:27,14.15
8/14/2024 9:37,14.11
8/14/2024 9:47,14.15
8/14/2024 9:57,14.2
8/14/2024 10:07,14.2
8/14/2024 10:17,14.2
8/14/2024 10:27,14.2
8/14/2024 10:37,14.24
8/14/2024 10:47,14.24
8/14/2024 10:57,14.28
8/14/2024 11:07,14.28
8/14/2024 11:17,14.33
8/14/2024 11:27,14.33
8/14/2024 11:37,14.33
8/14/2024 11:47,14.33
8/14/2024 11:57,14.37
8/14/2024 12:07,14.41
8/14/2024 12:17,14.37
8/14/2024 12:27,14.41
8/14/2024 12:37,14.45
8/14/2024 12:47,14.45
8/14/2024 12:57,14.41
8/14/2024 13:07,14.41
8/14/2024 13:17,14.45
8/14/2024 13:27,14.5
8/14/2024 13:37,14.5
8/14/2024 13:47,14.54
8/14/2024 13:57,14.54
8/14/2024 14:07,14.58
8/14/2024 14:17,14.58
8/14/2024 14:27,14.63
8/14/2024 14:37,14.63
8/14/2024 14:47,14.63
8/14/2024 14:57,14.63
8/14/2024 15:07,14.67
8/14/2024 15:17,14.63
8/14/2024 15:27,14.67
8/14/2024 15:37,14.67
8/14/2024 15:47,14.67
8/14/2024 15:57,14.67
8/14/2024 16:07,14.67
8/14/2024 16:17,14.67
8/14/2024 16:27,14.58
8/14/2024 16:37,14.63
8/14/2024 16:47,14.63
8/14/2024 16:57,14.63
8/14/2024 17:07,14.58
8/14/2024 17:17,14.58
8/14/2024 17:27,14.58
8/14/2024 17:37,14.54
8/14/2024 17:47,14.54
8/14/2024 17:57,14.5
8/14/2024 18:07,14.45
8/14/2024 18:17,14.5
8/14/2024 18:27,14.45
8/14/2024 18:37,14.37
8/14/2024 18:47,14.37
8/14/2024 18:57,14.37
8/14/2024 19:07,14.37
8/14/2024 19:17,14.33
8/14/2024 19:27,14.33
8/14/2024 19:37,14.33
8/14/2024 19:47,14.28
8/14/2024 19:57,14.24
8/14/2024 20:07,14.28
8/14/2024 20:17,14.28
8/14/2024 20:27,14.2
8/14/2024 20:37,14.24
8/14/2024 20:47,14.24
8/14/2024 20:57,14.15
8/14/2024 21:07,14.2
8/14/2024 21:17,14.11
8/14/2024 21:27,14.11
8/14/2024 21:37,14.11
8/14/2024 21:47,14.11
8/14/2024 21:57,14.07
8/14/2024 22:07,14.07
8/14/2024 22:17,14.03
8/14/2024 22:27,14.03
8/14/2024 22:37,13.98
8/14/2024 22:47,14.03
8/14/2024 22:57,14.03
8/14/2024 23:07,13.98
8/14/2024 23:17,13.98
8/14/2024 23:27,13.94
8/14/2024 23:37,13.94
8/14/2024 23:47,13.98
8/14/2024 23:57,13.94
8/15/2024 0:07,13.94
8/15/2024 0:17,13.94
8/15/2024 0:27,13.9
8/15/2024 0:37,13.85
8/15/2024 0:47,13.94
8/15/2024 0:57,13.9
8/15/2024 1:07,13.85
8/15/2024 1:17,13.85
8/15/2024 1:27,13.81
8/15/2024 1:37,13.81
8/15/2024 1:47,13.81
8/15/2024 1:57,13.77
8/15/2024 2:07,13.77
8/15/2024 2:17,13.77
8/15/2024 2:27,13.77
8/15/2024 2:37,13.77
8/15/2024 2:47,13.73
8/15/2024 2:57,13.77
8/15/2024 3:07,13.77
8/15/2024 3:17,13.68
8/15/2024 3:27,13.68
8/15/2024 3:37,13.68
8/15/2024 3:47,13.68
8/15/2024 3:57,13.73
8/15/2024 4:07,13.68
8/15/2024 4:17,13.64
8/15/2024 4:27,13.64
8/15/2024 4:37,13.55
8/15/2024 4:47,13.6
8/15/2024 4:57,13.6
8/15/2024 5:07,13.6
8/15/2024 5:17,13.6
8/15/2024 5:27,13.55
8/15/2024 5:37,13.6
8/15/2024 5:47,13.55
8/15/2024 5:57,13.47
8/15/2024 6:07,13.51
8/15/2024 6:17,13.55
8/15/2024 6:27,13.51
8/15/2024 6:37,13.55
8/15/2024 6:47,13.55
8/15/2024 6:57,13.55
8/15/2024 7:07,13.6
8/15/2024 7:17,13.6
8/15/2024 7:27,13.6
8/15/2024 7:37,13.64
8/15/2024 7:47,13.64
8/15/2024 7:57,13.68
8/15/2024 8:07,13.68
8/15/2024 8:17,13.73
8/15/2024 8:27,13.77
8/15/2024 8:37,13.81
8/15/2024 8:47,13.9
8/15/2024 8:57,13.9
8/15/2024 9:07,13.94
8/15/2024 9:17,14.07
8/15/2024 9:27,14.07
8/15/2024 9:37,14.15
8/15/2024 9:47,14.2
8/15/2024 9:57,14.28
8/15/2024 10:07,14.33
8/15/2024 10:17,14.37
8/15/2024 10:27,14.5
8/15/2024 10:37,14.45
8/15/2024 10:47,14.58
8/15/2024 10:57,14.63
8/15/2024 11:07,14.71
8/15/2024 11:17,14.84
8/15/2024 11:27,15.01
8/15/2024 11:37,15.01
8/15/2024 11:47,15.18
8/15/2024 11:57,15.36
8/15/2024 12:07,15.48
8/15/2024 12:17,15.61
8/15/2024 12:27,15.74
8/15/2024 12:37,15.83
8/15/2024 12:47,15.96
8/15/2024 12:57,16.04
8/15/2024 13:07,16.13
8/15/2024 13:17,16.21
8/15/2024 13:27,16.26
8/15/2024 13:37,16.3
8/15/2024 13:47,16.3
8/15/2024 13:57,16.43
8/15/2024 14:07,16.47
8/15/2024 14:17,16.51
8/15/2024 14:27,16.56
8/15/2024 14:37,16.64
8/15/2024 14:47,16.64
8/15/2024 14:57,16.69
8/15/2024 15:07,16.73
8/15/2024 15:17,16.73
8/15/2024 15:27,16.77
8/15/2024 15:37,16.77
8/15/2024 15:47,16.77
8/15/2024 15:57,16.73
8/15/2024 16:07,16.77
8/15/2024 16:17,16.77
8/15/2024 16:27,16.77
8/15/2024 16:37,16.69
8/15/2024 16:47,16.69
8/15/2024 16:57,16.73
8/15/2024 17:07,16.69
8/15/2024 17:17,16.6
8/15/2024 17:27,16.6
8/15/2024 17:37,16.56
8/15/2024 17:47,16.56
8/15/2024 17:57,16.47
8/15/2024 18:07,16.43
8/15/2024 18:17,16.39
8/15/2024 18:27,16.3
8/15/2024 18:37,16.26
8/15/2024 18:47,16.26
8/15/2024 18:57,16.17
8/15/2024 19:07,16.13
8/15/2024 19:17,16.08
8/15/2024 19:27,16
8/15/2024 19:37,16
8/15/2024 19:47,15.96
8/15/2024 19:57,15.91
8/15/2024 20:07,15.83
8/15/2024 20:17,15.83
8/15/2024 20:27,15.74
8/15/2024 20:37,15.7
8/15/2024 20:47,15.66
8/15/2024 20:57,15.57
8/15/2024 21:07,15.53
8/15/2024 21:17,15.53
8/15/2024 21:27,15.44
8/15/2024 21:37,15.4
8/15/2024 21:47,15.31
8/15/2024 21:57,15.23
8/15/2024 22:07,15.18
8/15/2024 22:17,15.14
8/15/2024 22:27,15.06
8/15/2024 22:37,15.01
8/15/2024 22:47,15.06
8/15/2024 22:57,14.97
8/15/2024 23:07,14.88
8/15/2024 23:17,14.88
8/15/2024 23:27,14.8
8/15/2024 23:37,14.75
8/15/2024 23:47,14.71
8/15/2024 23:57,14.71
8/16/2024 0:07,14.67
8/16/2024 0:17,14.63
8/16/2024 0:27,14.54
8/16/2024 0:37,14.54
8/16/2024 0:47,14.5
8/16/2024 0:57,14.41
8/16/2024 1:07,14.37
8/16/2024 1:17,14.33
8/16/2024 1:27,14.37
8/16/2024 1:37,14.33
8/16/2024 1:47,14.28
8/16/2024 1:57,14.24
8/16/2024 2:07,14.2
8/16/2024 2:17,14.2
8/16/2024 2:27,14.11
8/16/2024 2:37,14.2
8/16/2024 2:47,14.15
8/16/2024 2:57,14.15
8/16/2024 3:07,14.15
8/16/2024 3:17,14.11
8/16/2024 3:27,14.11
8/16/2024 3:37,14.11
8/16/2024 3:47,14.07
8/16/2024 3:57,14.07
8/16/2024 4:07,14.07
8/16/2024 4:17,14.07
8/16/2024 4:27,14.07
8/16/2024 4:37,14.07
8/16/2024 4:47,13.98
8/16/2024 4:57,14.03
8/16/2024 5:07,13.98
8/16/2024 5:17,14.03
8/16/2024 5:27,13.98
8/16/2024 5:37,13.94
8/16/2024 5:47,13.98
8/16/2024 5:57,13.94
8/16/2024 6:07,13.98
8/16/2024 6:17,13.94
8/16/2024 6:27,13.94
8/16/2024 6:37,13.94
8/16/2024 6:47,13.98
8/16/2024 6:57,13.94
8/16/2024 7:07,13.94
8/16/2024 7:17,13.94
8/16/2024 7:27,13.98
8/16/2024 7:37,13.98
8/16/2024 7:47,14.03
8/16/2024 7:57,14.03
8/16/2024 8:07,14.07
8/16/2024 8:17,14.03
8/16/2024 8:27,14.07
8/16/2024 8:37,14.07
8/16/2024 8:47,14.11
8/16/2024 8:57,14.11
8/16/2024 9:07,14.15
8/16/2024 9:17,14.15
8/16/2024 9:27,14.2
8/16/2024 9:37,14.2
8/16/2024 9:47,14.28
8/16/2024 9:57,14.28
8/16/2024 10:07,14.28
8/16/2024 10:17,14.28
8/16/2024 10:27,14.37
8/16/2024 10:37,14.41
8/16/2024 10:47,14.41
8/16/2024 10:57,14.45
8/16/2024 11:07,14.45
8/16/2024 11:17,14.45
8/16/2024 11:27,14.54
8/16/2024 11:37,14.54
8/16/2024 11:47,14.54
8/16/2024 11:57,14.58
8/16/2024 12:07,14.54
8/16/2024 12:17,14.58
8/16/2024 12:27,14.63
8/16/2024 12:37,14.63
8/16/2024 12:47,14.67
8/16/2024 12:57,14.71
8/16/2024 13:07,14.63
8/16/2024 13:17,14.71
8/16/2024 13:27,14.67
8/16/2024 13:37,14.75
8/16/2024 13:47,14.75
8/16/2024 13:57,14.75
8/16/2024 14:07,14.75
8/16/2024 14:17,14.8
8/16/2024 14:27,14.75
8/16/2024 14:37,14.8
8/16/2024 14:47,14.8
8/16/2024 14:57,14.84
8/16/2024 15:07,14.84
8/16/2024 15:17,14.84
8/16/2024 15:27,14.84
8/16/2024 15:37,14.84
8/16/2024 15:47,14.8
8/16/2024 15:57,14.8
8/16/2024 16:07,14.84
8/16/2024 16:17,14.84
8/16/2024 16:27,14.8
8/16/2024 16:37,14.84
8/16/2024 16:47,14.8
8/16/2024 16:57,14.75
8/16/2024 17:07,14.8
8/16/2024 17:17,14.75
8/16/2024 17:27,14.75
8/16/2024 17:37,14.67
8/16/2024 17:47,14.75
8/16/2024 17:57,14.67
8/16/2024 18:07,14.67
8/16/2024 18:17,14.67
8/16/2024 18:27,14.63
8/16/2024 18:37,14.63
8/16/2024 18:47,14.54
8/16/2024 18:57,14.63
8/16/2024 19:07,14.54
8/16/2024 19:17,14.5
8/16/2024 19:27,14.5
8/16/2024 19:37,14.5
8/16/2024 19:47,14.54
8/16/2024 19:57,14.45
8/16/2024 20:07,14.5
8/16/2024 20:17,14.41
8/16/2024 20:27,14.45
8/16/2024 20:37,14.41
8/16/2024 20:47,14.41
8/16/2024 20:57,14.37
8/16/2024 21:07,14.41
8/16/2024 21:17,14.33
8/16/2024 21:27,14.37
8/16/2024 21:37,14.33
8/16/2024 21:47,14.33
8/16/2024 21:57,14.33
8/16/2024 22:07,14.28
8/16/2024 22:17,14.28
8/16/2024 22:27,14.24
8/16/2024 22:37,14.28
8/16/2024 22:47,14.2
8/16/2024 22:57,14.24
8/16/2024 23:07,14.2
8/16/2024 23:17,14.2
8/16/2024 23:27,14.2
8/16/2024 23:37,14.2
8/16/2024 23:47,14.2
8/16/2024 23:57,14.15
8/17/2024 0:07,14.11
8/17/2024 0:17,14.15
8/17/2024 0:27,14.15
8/17/2024 0:37,14.11
8/17/2024 0:47,14.07
8/17/2024 0:57,14.07
8/17/2024 1:07,14.07
8/17/2024 1:17,14.07
8/17/2024 1:27,14.07
8/17/2024 1:37,14.07
8/17/2024 1:47,14.03
8/17/2024 1:57,14.07
8/17/2024 2:07,13.98
8/17/2024 2:17,14.03
8/17/2024 2:27,13.98
8/17/2024 2:37,13.98
8/17/2024 2:47,14.03
8/17/2024 2:57,13.94
8/17/2024 3:07,13.94
8/17/2024 3:17,13.94
8/17/2024 3:27,13.94
8/17/2024 3:37,13.94
8/17/2024 3:47,13.94
8/17/2024 3:57,13.9
8/17/2024 4:07,13.85
8/17/2024 4:17,13.85
8/17/2024 4:27,13.85
8/17/2024 4:37,13.81
8/17/2024 4:47,13.81
8/17/2024 4:57,13.81
8/17/2024 5:07,13.81
8/17/2024 5:17,13.81
8/17/2024 5:27,13.81
8/17/2024 5:37,13.77
8/17/2024 5:47,13.81
8/17/2024 5:57,13.81
8/17/2024 6:07,13.77
8/17/2024 6:17,13.77
8/17/2024 6:27,13.81
8/17/2024 6:37,13.77
8/17/2024 6:47,13.77
8/17/2024 6:57,13.77
8/17/2024 7:07,13.85
8/17/2024 7:17,13.81
8/17/2024 7:27,13.77
8/17/2024 7:37,13.73
8/17/2024 7:47,13.85
8/17/2024 7:57,13.81
8/17/2024 8:07,13.81
8/17/2024 8:17,13.85
8/17/2024 8:27,13.81
8/17/2024 8:37,13.85
8/17/2024 8:47,13.9
8/17/2024 8:57,13.94
8/17/2024 9:07,13.9
8/17/2024 9:17,13.94
8/17/2024 9:27,14.03
8/17/2024 9:37,14.07
8/17/2024 9:47,14.07
8/17/2024 9:57,14.07
8/17/2024 10:07,14.11
8/17/2024 10:17,14.11
8/17/2024 10:27,14.15
8/17/2024 10:37,14.15
8/17/2024 10:47,14.15
8/17/2024 10:57,14.15
8/17/2024 11:07,14.2
8/17/2024 11:17,14.24
8/17/2024 11:27,14.2
8/17/2024 11:37,14.28
8/17/2024 11:47,14.28
8/17/2024 11:57,14.28
8/17/2024 12:07,14.28
8/17/2024 12:17,14.33
8/17/2024 12:27,14.33
8/17/2024 12:37,14.37
8/17/2024 12:47,14.41
8/17/2024 12:57,14.41
8/17/2024 13:07,14.41
8/17/2024 13:17,14.41
8/17/2024 13:27,14.41
8/17/2024 13:37,14.45
8/17/2024 13:47,14.45
8/17/2024 13:57,14.45
8/17/2024 14:07,14.5
8/17/2024 14:17,14.5
8/17/2024 14:27,14.45
8/17/2024 14:37,14.5
8/17/2024 14:47,14.54
8/17/2024 14:57,14.5
8/17/2024 15:07,14.45
8/17/2024 15:17,14.5
8/17/2024 15:27,14.54
8/17/2024 15:37,14.5
8/17/2024 15:47,14.5
8/17/2024 15:57,14.5
8/17/2024 16:07,14.45
8/17/2024 16:17,14.5
8/17/2024 16:27,14.5
8/17/2024 16:37,14.45
8/17/2024 16:47,14.45
8/17/2024 16:57,14.45
8/17/2024 17:07,14.41
8/17/2024 17:17,14.41
8/17/2024 17:27,14.41
8/17/2024 17:37,14.45
8/17/2024 17:47,14.41
8/17/2024 17:57,14.41
8/17/2024 18:07,14.37
8/17/2024 18:17,14.41
8/17/2024 18:27,14.33
8/17/2024 18:37,14.33
8/17/2024 18:47,14.33
8/17/2024 18:57,14.33
8/17/2024 19:07,14.28
8/17/2024 19:17,14.28
8/17/2024 19:27,14.28
8/17/2024 19:37,14.28
8/17/2024 19:47,14.28
8/17/2024 19:57,14.2
8/17/2024 20:07,14.24
8/17/2024 20:17,14.24
8/17/2024 20:27,14.2
8/17/2024 20:37,14.15
8/17/2024 20:47,14.11
8/17/2024 20:57,14.2
8/17/2024 21:07,14.11
8/17/2024 21:17,14.11
8/17/2024 21:27,14.11
8/17/2024 21:37,14.07
8/17/2024 21:47,14.11
8/17/2024 21:57,14.07
8/17/2024 22:07,14.03
8/17/2024 22:17,14.03
8/17/2024 22:27,14.03
8/17/2024 22:37,13.98
8/17/2024 22:47,13.98
8/17/2024 22:57,13.98
8/17/2024 23:07,14.03
8/17/2024 23:17,13.98
8/17/2024 23:27,13.98
8/17/2024 23:37,13.94
8/17/2024 23:47,13.94
8/17/2024 23:57,13.94
8/18/2024 0:07,13.9
8/18/2024 0:17,13.94
8/18/2024 0:27,13.85
8/18/2024 0:37,13.85
8/18/2024 0:47,13.81
8/18/2024 0:57,13.85
8/18/2024 1:07,13.85
8/18/2024 1:17,13.81
8/18/2024 1:27,13.85
8/18/2024 1:37,13.81
8/18/2024 1:47,13.81
8/18/2024 1:57,13.77
8/18/2024 2:07,13.77
8/18/2024 2:17,13.77
8/18/2024 2:27,13.77
8/18/2024 2:37,13.77
8/18/2024 2:47,13.77
8/18/2024 2:57,13.77
8/18/2024 3:07,13.73
8/18/2024 3:17,13.68
8/18/2024 3:27,13.73
8/18/2024 3:37,13.73
8/18/2024 3:47,13.68
8/18/2024 3:57,13.68
8/18/2024 4:07,13.64
8/18/2024 4:17,13.68
8/18/2024 4:27,13.64
8/18/2024 4:37,13.64
8/18/2024 4:47,13.68
8/18/2024 4:57,13.6
8/18/2024 5:07,13.64
8/18/2024 5:17,13.64
8/18/2024 5:27,13.68
8/18/2024 5:37,13.6
8/18/2024 5:47,13.6
8/18/2024 5:57,13.6
8/18/2024 6:07,13.6
8/18/2024 6:17,13.6
8/18/2024 6:27,13.6
8/18/2024 6:37,13.55
8/18/2024 6:47,13.55
8/18/2024 6:57,13.55
8/18/2024 7:07,13.55
8/18/2024 7:17,13.51
8/18/2024 7:27,13.55
8/18/2024 7:37,13.55
8/18/2024 7:47,13.6
8/18/2024 7:57,13.6
8/18/2024 8:07,13.55
8/18/2024 8:17,13.55
8/18/2024 8:27,13.55
8/18/2024 8:37,13.64
8/18/2024 8:47,13.64
8/18/2024 8:57,13.64
8/18/2024 9:07,13.68
8/18/2024 9:17,13.68
8/18/2024 9:27,13.77
8/18/2024 9:37,13.81
8/18/2024 9:47,13.81
8/18/2024 9:57,13.85
8/18/2024 10:07,13.85
8/18/2024 10:17,13.94
8/18/2024 10:27,13.98
8/18/2024 10:37,13.94
8/18/2024 10:47,14.07
8/18/2024 10:57,14.15
8/18/2024 11:07,14.2
8/18/2024 11:17,14.24
8/18/2024 11:27,14.28
8/18/2024 11:37,14.33
8/18/2024 11:47,14.37
8/18/2024 11:57,14.37
8/18/2024 12:07,14.37
8/18/2024 12:17,14.41
8/18/2024 12:27,14.54
8/18/2024 12:37,14.54
8/18/2024 12:47,14.63
8/18/2024 12:57,14.75
8/18/2024 13:07,14.8
8/18/2024 13:17,14.88
8/18/2024 13:27,14.97
8/18/2024 13:37,15.06
8/18/2024 13:47,15.1
8/18/2024 13:57,15.18
8/18/2024 14:07,15.18
8/18/2024 14:17,15.23
8/18/2024 14:27,15.31
8/18/2024 14:37,15.36
8/18/2024 14:47,15.4
8/18/2024 14:57,15.4
8/18/2024 15:07,15.44
8/18/2024 15:17,15.44
8/18/2024 15:27,15.53
8/18/2024 15:37,15.53
8/18/2024 15:47,15.53
8/18/2024 15:57,15.53
8/18/2024 16:07,15.48
8/18/2024 16:17,15.53
8/18/2024 16:27,15.53
8/18/2024 16:37,15.53
8/18/2024 16:47,15.48
8/18/2024 16:57,15.57
8/18/2024 17:07,15.53
8/18/2024 17:17,15.48
8/18/2024 17:27,15.48
8/18/2024 17:37,15.44
8/18/2024 17:47,15.4
8/18/2024 17:57,15.36
8/18/2024 18:07,15.4
8/18/2024 18:17,15.31
8/18/2024 18:27,15.36
8/18/2024 18:37,15.27
8/18/2024 18:47,15.27
8/18/2024 18:57,15.18
8/18/2024 19:07,15.14
8/18/2024 19:17,15.18
8/18/2024 19:27,15.1
8/18/2024 19:37,15.1
8/18/2024 19:47,15.06
8/18/2024 19:57,15.06
8/18/2024 20:07,15.01
8/18/2024 20:17,14.97
8/18/2024 20:27,14.93
8/18/2024 20:37,14.88
8/18/2024 20:47,14.84
8/18/2024 20:57,14.75
8/18/2024 21:07,14.71
8/18/2024 21:17,14.67
8/18/2024 21:27,14.63
8/18/2024 21:37,14.58
8/18/2024 21:47,14.54
8/18/2024 21:57,14.58
8/18/2024 22:07,14.45
8/18/2024 22:17,14.45
8/18/2024 22:27,14.37
8/18/2024 22:37,14.37
8/18/2024 22:47,14.33
8/18/2024 22:57,14.28
8/18/2024 23:07,14.28
8/18/2024 23:17,14.24
8/18/2024 23:27,14.15
8/18/2024 23:37,14.24
8/18/2024 23:47,14.15
8/18/2024 23:57,14.15
8/19/2024 0:07,14.11
8/19/2024 0:17,14.07
8/19/2024 0:27,14.07
8/19/2024 0:37,14.03
8/19/2024 0:47,14.07
8/19/2024 0:57,14.07
8/19/2024 1:07,13.98
8/19/2024 1:17,13.98
8/19/2024 1:27,13.98
8/19/2024 1:37,13.94
8/19/2024 1:47,13.94
8/19/2024 1:57,13.94
8/19/2024 2:07,13.94
8/19/2024 2:17,13.9
8/19/2024 2:27,13.9
8/19/2024 2:37,13.85
8/19/2024 2:47,13.85
8/19/2024 2:57,13.85
8/19/2024 3:07,13.77
8/19/2024 3:17,13.85
8/19/2024 3:27,13.81
8/19/2024 3:37,13.77
8/19/2024 3:47,13.77
8/19/2024 3:57,13.81
8/19/2024 4:07,13.81
8/19/2024 4:17,13.77
8/19/2024 4:27,13.77
8/19/2024 4:37,13.81
8/19/2024 4:47,13.81
8/19/2024 4:57,13.81
8/19/2024 5:07,13.81
8/19/2024 5:17,13.77
8/19/2024 5:27,13.77
8/19/2024 5:37,13.77
8/19/2024 5:47,13.81
8/19/2024 5:57,13.85
8/19/2024 6:07,13.85
8/19/2024 6:17,13.85
8/19/2024 6:27,13.9
8/19/2024 6:37,13.9
8/19/2024 6:47,13.94
8/19/2024 6:57,13.94
8/19/2024 7:07,13.98
8/19/2024 7:17,14.03
8/19/2024 7:27,14.03
8/19/2024 7:37,14.07
8/19/2024 7:47,14.07
8/19/2024 7:57,14.11
8/19/2024 8:07,14.11
8/19/2024 8:17,14.2
8/19/2024 8:27,14.2
8/19/2024 8:37,14.24
8/19/2024 8:47,14.28
8/19/2024 8:57,14.33
8/19/2024 9:07,14.37
8/19/2024 9:17,14.41
8/19/2024 9:27,14.37
8/19/2024 9:37,14.41
8/19/2024 9:47,14.45
8/19/2024 9:57,14.45
8/19/2024 10:07,14.54
8/19/2024 10:17,14.54
8/19/2024 10:27,14.58
8/19/2024 10:37,14.58
8/19/2024 10:47,14.67
8/19/2024 10:57,14.67
8/19/2024 11:07,14.63
8/19/2024 11:17,14.67
8/19/2024 11:27,14.71
8/19/2024 11:37,14.67
8/19/2024 11:47,14.67
8/19/2024 11:57,14.63
8/19/2024 12:07,14.63
8/19/2024 12:17,14.58
8/19/2024 12:27,14.63
8/19/2024 12:37,14.67
8/19/2024 12:47,14.58
8/19/2024 12:57,14.63
8/19/2024 13:07,14.63
8/19/2024 13:17,14.58
8/19/2024 13:27,14.54
8/19/2024 13:37,14.58
8/19/2024 13:47,14.58
8/19/2024 13:57,14.5
8/19/2024 14:07,14.58
8/19/2024 14:17,14.5
8/19/2024 14:27,14.58
8/19/2024 14:37,14.54
8/19/2024 14:47,14.5
8/19/2024 14:57,14.5
8/19/2024 15:07,14.5
8/19/2024 15:17,14.45
8/19/2024 15:27,14.5
8/19/2024 15:37,14.45
8/19/2024 15:47,14.5
8/19/2024 15:57,14.45
8/19/2024 16:07,14.45
8/19/2024 16:17,14.41
8/19/2024 16:27,14.41
8/19/2024 16:37,14.45
8/19/2024 16:47,14.41
8/19/2024 16:57,14.41
8/19/2024 17:07,14.37
8/19/2024 17:17,14.33
8/19/2024 17:27,14.33
8/19/2024 17:37,14.33
8/19/2024 17:47,14.33
8/19/2024 17:57,14.24
8/19/2024 18:07,14.28
8/19/2024 18:17,14.24
8/19/2024 18:27,14.2
8/19/2024 18:37,14.2
8/19/2024 18:47,14.2
8/19/2024 18:57,14.11
8/19/2024 19:07,14.15
8/19/2024 19:17,14.11
8/19/2024 19:27,14.07
8/19/2024 19:37,14.11
8/19/2024 19:47,14.07
8/19/2024 19:57,14.03
8/19/2024 20:07,14.03
8/19/2024 20:17,13.98
8/19/2024 20:27,13.94
8/19/2024 20:37,13.98
8/19/2024 20:47,13.9
8/19/2024 20:57,13.9
8/19/2024 21:07,13.9
8/19/2024 21:17,13.85
8/19/2024 21:27,13.9
8/19/2024 21:37,13.81
8/19/2024 21:47,13.81
8/19/2024 21:57,13.81
8/19/2024 22:07,13.77
8/19/2024 22:17,13.77
8/19/2024 22:27,13.77
8/19/2024 22:37,13.73
8/19/2024 22:47,13.68
8/19/2024 22:57,13.68
8/19/2024 23:07,13.73
8/19/2024 23:17,13.64
8/19/2024 23:27,13.64
8/19/2024 23:37,13.64
8/19/2024 23:47,13.6
8/19/2024 23:57,13.6
8/20/2024 0:07,13.55
8/20/2024 0:17,13.55
8/20/2024 0:27,13.55
8/20/2024 0:37,13.55
8/20/2024 0:47,13.51
8/20/2024 0:57,13.51
8/20/2024 1:07,13.47
8/20/2024 1:17,13.47
8/20/2024 1:27,13.47
8/20/2024 1:37,13.38
8/20/2024 1:47,13.38
8/20/2024 1:57,13.43
8/20/2024 2:07,13.34
8/20/2024 2:17,13.3
8/20/2024 2:27,13.3
8/20/2024 2:37,13.25
8/20/2024 2:47,13.3
8/20/2024 2:57,13.21
8/20/2024 3:07,13.21
8/20/2024 3:17,13.12
8/20/2024 3:27,13.12
8/20/2024 3:37,13.17
8/20/2024 3:47,13.08
8/20/2024 3:57,13
8/20/2024 4:07,13.04
8/20/2024 4:17,13
8/20/2024 4:27,12.91
8/20/2024 4:37,12.95
8/20/2024 4:47,12.91
8/20/2024 4:57,12.87
8/20/2024 5:07,12.82
8/20/2024 5:17,12.82
8/20/2024 5:27,12.7
8/20/2024 5:37,12.74
8/20/2024 5:47,12.74
8/20/2024 5:57,12.65
8/20/2024 6:07,12.61
8/20/2024 6:17,12.61
8/20/2024 6:27,12.61
8/20/2024 6:37,12.57
8/20/2024 6:47,12.61
8/20/2024 6:57,12.57
8/20/2024 7:07,12.57
8/20/2024 7:17,12.61
8/20/2024 7:27,12.61
8/20/2024 7:37,12.61
8/20/2024 7:47,12.61
8/20/2024 7:57,12.7
8/20/2024 8:07,12.7
8/20/2024 8:17,12.78
8/20/2024 8:27,12.78
8/20/2024 8:37,12.82
8/20/2024 8:47,12.95
8/20/2024 8:57,13
8/20/2024 9:07,13
8/20/2024 9:17,13.08
8/20/2024 9:27,13.12
8/20/2024 9:37,13.17
8/20/2024 9:47,13.25
8/20/2024 9:57,13.38
8/20/2024 10:07,13.43
8/20/2024 10:17,13.55
8/20/2024 10:27,13.64
8/20/2024 10:37,13.77
8/20/2024 10:47,13.85
8/20/2024 10:57,13.94
8/20/2024 11:07,14.07
8/20/2024 11:17,14.2
8/20/2024 11:27,14.37
8/20/2024 11:37,14.45
8/20/2024 11:47,14.63
8/20/2024 11:57,14.75
8/20/2024 12:07,14.88
8/20/2024 12:17,15.01
8/20/2024 12:27,15.1
8/20/2024 12:37,15.23
8/20/2024 12:47,15.31
8/20/2024 12:57,15.4
8/20/2024 13:07,15.44
8/20/2024 13:17,15.57
8/20/2024 13:27,15.61
8/20/2024 13:37,15.57
8/20/2024 13:47,15.61
8/20/2024 13:57,15.7
8/20/2024 14:07,15.7
8/20/2024 14:17,15.78
8/20/2024 14:27,15.74
8/20/2024 14:37,15.83
8/20/2024 14:47,15.83
8/20/2024 14:57,15.87
8/20/2024 15:07,15.87
8/20/2024 15:17,15.87
8/20/2024 15:27,15.91
8/20/2024 15:37,15.87
8/20/2024 15:47,15.91
8/20/2024 15:57,15.87
8/20/2024 16:07,15.87
8/20/2024 16:17,15.87
8/20/2024 16:27,15.83
8/20/2024 16:37,15.78
8/20/2024 16:47,15.78
8/20/2024 16:57,15.74
8/20/2024 17:07,15.66
8/20/2024 17:17,15.66
8/20/2024 17:27,15.57
8/20/2024 17:37,15.57
8/20/2024 17:47,15.53
8/20/2024 17:57,15.48
8/20/2024 18:07,15.44
8/20/2024 18:17,15.36
8/20/2024 18:27,15.31
8/20/2024 18:37,15.23
8/20/2024 18:47,15.18
8/20/2024 18:57,15.1
8/20/2024 19:07,15.01
8/20/2024 19:17,14.97
8/20/2024 19:27,14.88
8/20/2024 19:37,14.84
8/20/2024 19:47,14.71
8/20/2024 19:57,14.67
8/20/2024 20:07,14.58
8/20/2024 20:17,14.5
8/20/2024 20:27,14.41
8/20/2024 20:37,14.37
8/20/2024 20:47,14.24
8/20/2024 20:57,14.2
8/20/2024 21:07,14.11
8/20/2024 21:17,14.07
8/20/2024 21:27,13.94
8/20/2024 21:37,13.85
8/20/2024 21:47,13.77
8/20/2024 21:57,13.68
8/20/2024 22:07,13.68
8/20/2024 22:17,13.51
8/20/2024 22:27,13.43
8/20/2024 22:37,13.43
8/20/2024 22:47,13.38
8/20/2024 22:57,13.3
8/20/2024 23:07,13.21
8/20/2024 23:17,13.12
8/20/2024 23:27,13.04
8/20/2024 23:37,13
8/20/2024 23:47,12.95
8/20/2024 23:57,12.91
8/21/2024 0:07,12.78
8/21/2024 0:17,12.74
8/21/2024 0:27,12.65
8/21/2024 0:37,12.57
8/21/2024 0:47,12.48
8/21/2024 0:57,12.48
8/21/2024 1:07,12.4
8/21/2024 1:17,12.31
8/21/2024 1:27,12.31
8/21/2024 1:37,12.18
8/21/2024 1:47,12.14
8/21/2024 1:57,12.1
8/21/2024 2:07,12.01
8/21/2024 2:17,11.97
8/21/2024 2:27,11.97
8/21/2024 2:37,11.88
8/21/2024 2:47,11.79
8/21/2024 2:57,11.79
8/21/2024 3:07,11.75
8/21/2024 3:17,11.67
8/21/2024 3:27,11.62
8/21/2024 3:37,11.58
8/21/2024 3:47,11.49
8/21/2024 3:57,11.45
8/21/2024 4:07,11.41
8/21/2024 4:17,11.37
8/21/2024 4:27,11.37
8/21/2024 4:37,11.32
8/21/2024 4:47,11.24
8/21/2024 4:57,11.19
8/21/2024 5:07,11.19
8/21/2024 5:17,11.15
8/21/2024 5:27,11.11
8/21/2024 5:37,11.07
8/21/2024 5:47,11.02
8/21/2024 5:57,11.02
8/21/2024 6:07,11.02
8/21/2024 6:17,10.98
8/21/2024 6:27,11.02
8/21/2024 6:37,10.94
8/21/2024 6:47,10.98
8/21/2024 6:57,10.94
8/21/2024 7:07,11.02
8/21/2024 7:17,11.02
8/21/2024 7:27,11.07
8/21/2024 7:37,11.11
8/21/2024 7:47,11.11
8/21/2024 7:57,11.15
8/21/2024 8:07,11.24
8/21/2024 8:17,11.32
8/21/2024 8:27,11.37
8/21/2024 8:37,11.37
8/21/2024 8:47,11.49
8/21/2024 8:57,11.58
8/21/2024 9:07,11.62
8/21/2024 9:17,11.75
8/21/2024 9:27,11.79
8/21/2024 9:37,11.92
8/21/2024 9:47,12.05
8/21/2024 9:57,12.14
8/21/2024 10:07,12.27
8/21/2024 10:17,12.4
8/21/2024 10:27,12.44
8/21/2024 10:37,12.61
8/21/2024 10:47,12.7
8/21/2024 10:57,12.87
8/21/2024 11:07,13.04
8/21/2024 11:17,13.17
8/21/2024 11:27,13.3
8/21/2024 11:37,13.38
8/21/2024 11:47,13.55
8/21/2024 11:57,13.68
8/21/2024 12:07,13.81
8/21/2024 12:17,13.94
8/21/2024 12:27,14.11
8/21/2024 12:37,14.15
8/21/2024 12:47,14.33
8/21/2024 12:57,14.45
8/21/2024 13:07,14.58
8/21/2024 13:17,14.58
8/21/2024 13:27,14.63
8/21/2024 13:37,14.75
8/21/2024 13:47,14.8
8/21/2024 13:57,14.88
8/21/2024 14:07,14.88
8/21/2024 14:17,14.93
8/21/2024 14:27,14.97
8/21/2024 14:37,15.1
8/21/2024 14:47,15.14
8/21/2024 14:57,15.14
8/21/2024 15:07,15.23
8/21/2024 15:17,15.23
8/21/2024 15:27,15.27
8/21/2024 15:37,15.31
8/21/2024 15:47,15.31
8/21/2024 15:57,15.31
8/21/2024 16:07,15.36
8/21/2024 16:17,15.36
8/21/2024 16:27,15.31
8/21/2024 16:37,15.31
8/21/2024 16:47,15.31
8/21/2024 16:57,15.36
8/21/2024 17:07,15.27
8/21/2024 17:17,15.27
8/21/2024 17:27,15.23
8/21/2024 17:37,15.18
8/21/2024 17:47,15.14
8/21/2024 17:57,15.14
8/21/2024 18:07,15.1
8/21/2024 18:17,15.06
8/21/2024 18:27,14.97
8/21/2024 18:37,14.93
8/21/2024 18:47,14.88
8/21/2024 18:57,14.84
8/21/2024 19:07,14.75
8/21/2024 19:17,14.75
8/21/2024 19:27,14.71
8/21/2024 19:37,14.58
8/21/2024 19:47,14.54
8/21/2024 19:57,14.5
8/21/2024 20:07,14.45
8/21/2024 20:17,14.41
8/21/2024 20:27,14.28
8/21/2024 20:37,14.33
8/21/2024 20:47,14.2
8/21/2024 20:57,14.11
8/21/2024 21:07,14.07
8/21/2024 21:17,13.98
8/21/2024 21:27,13.94
8/21/2024 21:37,13.85
8/21/2024 21:47,13.77
8/21/2024 21:57,13.73
8/21/2024 22:07,13.68
8/21/2024 22:17,13.6
8/21/2024 22:27,13.51
8/21/2024 22:37,13.47
8/21/2024 22:47,13.43
8/21/2024 22:57,13.38
8/21/2024 23:07,13.3
8/21/2024 23:17,13.3
8/21/2024 23:27,13.21
8/21/2024 23:37,13.17
8/21/2024 23:47,13.12
8/21/2024 23:57,13.08
8/22/2024 0:07,13
8/22/2024 0:17,13
8/22/2024 0:27,13
8/22/2024 0:37,13
8/22/2024 0:47,12.95
8/22/2024 0:57,12.91
8/22/2024 1:07,12.91
8/22/2024 1:17,12.91
8/22/2024 1:27,12.87
8/22/2024 1:37,12.87
8/22/2024 1:47,12.87
8/22/2024 1:57,12.87
8/22/2024 2:07,12.87
8/22/2024 2:17,12.91
8/22/2024 2:27,12.87
8/22/2024 2:37,12.91
8/22/2024 2:47,12.95
8/22/2024 2:57,13
8/22/2024 3:07,13
8/22/2024 3:17,13
8/22/2024 3:27,12.95
8/22/2024 3:37,13.04
8/22/2024 3:47,13.08
8/22/2024 3:57,13.12
8/22/2024 4:07,13.12
8/22/2024 4:17,13.21
8/22/2024 4:27,13.21
8/22/2024 4:37,13.21
8/22/2024 4:47,13.21
8/22/2024 4:57,13.3
8/22/2024 5:07,13.25
8/22/2024 5:17,13.3
8/22/2024 5:27,13.38
8/22/2024 5:37,13.43
8/22/2024 5:47,13.43
8/22/2024 5:57,13.43
8/22/2024 6:07,13.47
8/22/2024 6:17,13.51
8/22/2024 6:27,13.51
8/22/2024 6:37,13.51
8/22/2024 6:47,13.55
8/22/2024 6:57,13.6
8/22/2024 7:07,13.64
8/22/2024 7:17,13.6
8/22/2024 7:27,13.68
8/22/2024 7:37,13.73
8/22/2024 7:47,13.77
8/22/2024 7:57,13.85
8/22/2024 8:07,13.85
8/22/2024 8:17,13.9
8/22/2024 8:27,13.94
8/22/2024 8:37,14.07
8/22/2024 8:47,14.07
8/22/2024 8:57,14.15
8/22/2024 9:07,14.15
8/22/2024 9:17,14.2
8/22/2024 9:27,14.28
8/22/2024 9:37,14.41
8/22/2024 9:47,14.45
8/22/2024 9:57,14.54
8/22/2024 10:07,14.63
8/22/2024 10:17,14.67
8/22/2024 10:27,14.75
8/22/2024 10:37,14.84
8/22/2024 10:47,15.01
8/22/2024 10:57,15.1
8/22/2024 11:07,15.18
8/22/2024 11:17,15.23
8/22/2024 11:27,15.31
8/22/2024 11:37,15.36
8/22/2024 11:47,15.4
8/22/2024 11:57,15.48
8/22/2024 12:07,15.53
8/22/2024 12:17,15.57
8/22/2024 12:27,15.57
8/22/2024 12:37,15.61
8/22/2024 12:47,15.66
8/22/2024 12:57,15.7
8/22/2024 13:07,15.74
8/22/2024 13:17,15.78
8/22/2024 13:27,15.78
8/22/2024 13:37,15.87
8/22/2024 13:47,15.87
8/22/2024 13:57,15.87
8/22/2024 14:07,15.91
8/22/2024 14:17,15.87
8/22/2024 14:27,15.91
8/22/2024 14:37,15.91
8/22/2024 14:47,15.96
8/22/2024 14:57,15.96
8/22/2024 15:07,15.91
8/22/2024 15:17,15.91
8/22/2024 15:27,15.91
8/22/2024 15:37,15.91
8/22/2024 15:47,15.87
8/22/2024 15:57,15.91
8/22/2024 16:07,15.91
8/22/2024 16:17,15.91
8/22/2024 16:27,15.87
8/22/2024 16:37,15.83
8/22/2024 16:47,15.87
8/22/2024 16:57,15.83
8/22/2024 17:07,15.78
8/22/2024 17:17,15.74
8/22/2024 17:27,15.78
8/22/2024 17:37,15.74
8/22/2024 17:47,15.74
8/22/2024 17:57,15.7
8/22/2024 18:07,15.66
8/22/2024 18:17,15.66
8/22/2024 18:27,15.66
8/22/2024 18:37,15.66
8/22/2024 18:47,15.57
8/22/2024 18:57,15.53
8/22/2024 19:07,15.53
8/22/2024 19:17,15.53
8/22/2024 19:27,15.48
8/22/2024 19:37,15.48
8/22/2024 19:47,15.4
8/22/2024 19:57,15.4
8/22/2024 20:07,15.36
8/22/2024 20:17,15.36
8/22/2024 20:27,15.31
8/22/2024 20:37,15.31
8/22/2024 20:47,15.27
8/22/2024 20:57,15.23
8/22/2024 21:07,15.14
8/22/2024 21:17,15.23
8/22/2024 21:27,15.14
8/22/2024 21:37,15.14
8/22/2024 21:47,15.1
8/22/2024 21:57,15.06
8/22/2024 22:07,15.06
8/22/2024 22:17,15.06
8/22/2024 22:27,15.01
8/22/2024 22:37,14.97
8/22/2024 22:47,14.97
8/22/2024 22:57,14.97
8/22/2024 23:07,14.88
8/22/2024 23:17,14.93
8/22/2024 23:27,14.88
8/22/2024 23:37,14.84
8/22/2024 23:47,14.84
8/22/2024 23:57,14.88
8/23/2024 0:07,14.84
8/23/2024 0:17,14.84
8/23/2024 0:27,14.8
8/23/2024 0:37,14.8
8/23/2024 0:47,14.84
8/23/2024 0:57,14.8
8/23/2024 1:07,14.8
8/23/2024 1:17,14.8
8/23/2024 1:27,14.8
8/23/2024 1:37,14.8
8/23/2024 1:47,14.75
8/23/2024 1:57,14.75
8/23/2024 2:07,14.75
8/23/2024 2:17,14.75
8/23/2024 2:27,14.71
8/23/2024 2:37,14.71
8/23/2024 2:47,14.71
8/23/2024 2:57,14.75
8/23/2024 3:07,14.75
8/23/2024 3:17,14.75
8/23/2024 3:27,14.8
8/23/2024 3:37,14.84
8/23/2024 3:47,14.84
8/23/2024 3:57,14.88
8/23/2024 4:07,14.88
8/23/2024 4:17,14.97
8/23/2024 4:27,15.01
8/23/2024 4:37,15.1
8/23/2024 4:47,15.14
8/23/2024 4:57,15.23
8/23/2024 5:07,15.27
8/23/2024 5:17,15.4
8/23/2024 5:27,15.44
8/23/2024 5:37,15.48
8/23/2024 5:47,15.57
8/23/2024 5:57,15.61
8/23/2024 6:07,15.66
8/23/2024 6:17,15.7
8/23/2024 6:27,15.78
8/23/2024 6:37,15.83
8/23/2024 6:47,15.91
8/23/2024 6:57,15.96
8/23/2024 7:07,16.04
8/23/2024 7:17,16.04
8/23/2024 7:27,16.08
8/23/2024 7:37,16.13
8/23/2024 7:47,16.17
8/23/2024 7:57,16.26
8/23/2024 8:07,16.3
8/23/2024 8:17,16.34
8/23/2024 8:27,16.43
8/23/2024 8:37,16.47
8/23/2024 8:47,16.56
8/23/2024 8:57,16.6
8/23/2024 9:07,16.64
8/23/2024 9:17,16.77
8/23/2024 9:27,16.81
8/23/2024 9:37,16.94
8/23/2024 9:47,16.99
8/23/2024 9:57,17.03
8/23/2024 10:07,17.11
8/23/2024 10:17,17.11
8/23/2024 10:27,17.2
8/23/2024 10:37,17.29
8/23/2024 10:47,17.33
8/23/2024 10:57,17.37
8/23/2024 11:07,17.46
8/23/2024 11:17,17.5
8/23/2024 11:27,17.54
8/23/2024 11:37,17.59
8/23/2024 11:47,17.59
8/23/2024 11:57,17.63
8/23/2024 12:07,17.67
8/23/2024 12:17,17.72
8/23/2024 12:27,17.76
8/23/2024 12:37,17.8
8/23/2024 12:47,17.76
8/23/2024 12:57,17.89
8/23/2024 13:07,17.84
8/23/2024 13:17,17.89
8/23/2024 13:27,17.93
8/23/2024 13:37,17.89
8/23/2024 13:47,17.93
8/23/2024 13:57,17.93
8/23/2024 14:07,18.02
8/23/2024 14:17,17.93
8/23/2024 14:27,17.97
8/23/2024 14:37,17.97
8/23/2024 14:47,17.97
8/23/2024 14:57,18.02
8/23/2024 15:07,18.1
8/23/2024 15:17,18.06
8/23/2024 15:27,18.06
8/23/2024 15:37,18.14
8/23/2024 15:47,18.19
8/23/2024 15:57,18.23
8/23/2024 16:07,18.23
8/23/2024 16:17,18.23
8/23/2024 16:27,18.27
8/23/2024 16:37,18.32
8/23/2024 16:47,18.32
8/23/2024 16:57,18.32
8/23/2024 17:07,18.36
8/23/2024 17:17,18.4
8/23/2024 17:27,18.32
8/23/2024 17:37,18.32
8/23/2024 17:47,18.36
8/23/2024 17:57,18.32
8/23/2024 18:07,18.32
8/23/2024 18:17,18.27
8/23/2024 18:27,18.27
8/23/2024 18:37,18.27
8/23/2024 18:47,18.27
8/23/2024 18:57,18.32
8/23/2024 19:07,18.32
8/23/2024 19:17,18.32
8/23/2024 19:27,18.4
8/23/2024 19:37,18.4
8/23/2024 19:47,18.4
8/23/2024 19:57,18.4
8/23/2024 20:07,18.36
8/23/2024 20:17,18.32
8/23/2024 20:27,18.32
8/23/2024 20:37,18.32
8/23/2024 20:47,18.32
8/23/2024 20:57,18.32
8/23/2024 21:07,18.27
8/23/2024 21:17,18.27
8/23/2024 21:27,18.23
8/23/2024 21:37,18.23
8/23/2024 21:47,18.19
8/23/2024 21:57,18.23
8/23/2024 22:07,18.23
8/23/2024 22:17,18.14
8/23/2024 22:27,18.27
8/23/2024 22:37,18.32
8/23/2024 22:47,18.4
8/23/2024 22:57,18.7
8/23/2024 23:07,18.83
8/23/2024 23:17,18.7
8/23/2024 23:27,18.57
8/23/2024 23:37,18.49
8/23/2024 23:47,18.36
8/23/2024 23:57,18.19
8/24/2024 0:07,17.89
8/24/2024 0:17,17.63
8/24/2024 0:27,17.5
8/24/2024 0:37,17.33
8/24/2024 0:47,17.2
8/24/2024 0:57,17.03
8/24/2024 1:07,16.86
8/24/2024 1:17,16.64
8/24/2024 1:27,16.39
8/24/2024 1:37,16.21
8/24/2024 1:47,16.04
8/24/2024 1:57,15.83
8/24/2024 2:07,15.66
8/24/2024 2:17,15.48
8/24/2024 2:27,15.27
8/24/2024 2:37,15.14
8/24/2024 2:47,15.01
8/24/2024 2:57,14.8
8/24/2024 3:07,14.67
8/24/2024 3:17,14.5
8/24/2024 3:27,14.37
8/24/2024 3:37,14.24
8/24/2024 3:47,14.11
8/24/2024 3:57,13.98
8/24/2024 4:07,13.81
8/24/2024 4:17,13.68
8/24/2024 4:27,13.55
8/24/2024 4:37,13.43
8/24/2024 4:47,13.34
8/24/2024 4:57,13.25
8/24/2024 5:07,13.12
8/24/2024 5:17,13.08
8/24/2024 5:27,13
8/24/2024 5:37,13
8/24/2024 5:47,12.95
8/24/2024 5:57,12.87
8/24/2024 6:07,12.82
8/24/2024 6:17,12.82
8/24/2024 6:27,12.74
8/24/2024 6:37,12.74
8/24/2024 6:47,12.74
8/24/2024 6:57,12.74
8/24/2024 7:07,12.7
8/24/2024 7:17,12.7
8/24/2024 7:27,12.65
8/24/2024 7:37,12.7
8/24/2024 7:47,12.7
8/24/2024 7:57,12.65
8/24/2024 8:07,12.61
8/24/2024 8:17,12.65
8/24/2024 8:27,12.65
8/24/2024 8:37,12.65
8/24/2024 8:47,12.65
8/24/2024 8:57,12.61
8/24/2024 9:07,12.61
8/24/2024 9:17,12.65
8/24/2024 9:27,12.65
8/24/2024 9:37,12.65
8/24/2024 9:47,12.61
8/24/2024 9:57,12.65
8/24/2024 10:07,12.61
8/24/2024 10:17,12.65
8/24/2024 10:27,12.65
8/24/2024 10:37,12.65
8/24/2024 10:47,12.7
8/24/2024 10:57,12.7
8/24/2024 11:07,12.78
8/24/2024 11:17,12.78
8/24/2024 11:27,12.78
8/24/2024 11:37,12.87
8/24/2024 11:47,12.91
8/24/2024 11:57,12.87
8/24/2024 12:07,12.91
8/24/2024 12:17,12.95
8/24/2024 12:27,12.95
8/24/2024 12:37,13
8/24/2024 12:47,13.04
8/24/2024 12:57,13.08
8/24/2024 13:07,13.17
8/24/2024 13:17,13.17
8/24/2024 13:27,13.17
8/24/2024 13:37,13.21
8/24/2024 13:47,13.25
8/24/2024 13:57,13.25
8/24/2024 14:07,13.3
8/24/2024 14:17,13.3
8/24/2024 14:27,13.38
8/24/2024 14:37,13.3
8/24/2024 14:47,13.34
8/24/2024 14:57,13.25
8/24/2024 15:07,13.21
8/24/2024 15:17,13.21
8/24/2024 15:27,13.17
8/24/2024 15:37,13.08
8/24/2024 15:47,13.08
8/24/2024 15:57,13.04
8/24/2024 16:07,13
8/24/2024 16:17,12.95
8/24/2024 16:27,12.91
8/24/2024 16:37,12.91
8/24/2024 16:47,12.87
8/24/2024 16:57,12.78
8/24/2024 17:07,12.74
8/24/2024 17:17,12.65
8/24/2024 17:27,12.61
8/24/2024 17:37,12.52
8/24/2024 17:47,12.44
8/24/2024 17:57,12.44
8/24/2024 18:07,12.31
8/24/2024 18:17,12.31
8/24/2024 18:27,12.22
8/24/2024 18:37,12.14
8/24/2024 18:47,12.1
8/24/2024 18:57,12.05
8/24/2024 19:07,12.01
8/24/2024 19:17,11.97
8/24/2024 19:27,11.88
8/24/2024 19:37,11.84
8/24/2024 19:47,11.84
8/24/2024 19:57,11.84
8/24/2024 20:07,11.84
8/24/2024 20:17,11.84
8/24/2024 20:27,11.75
8/24/2024 20:37,11.71
8/24/2024 20:47,11.67
8/24/2024 20:57,11.62
8/24/2024 21:07,11.58
8/24/2024 21:17,11.58
8/24/2024 21:27,11.54
8/24/2024 21:37,11.54
8/24/2024 21:47,11.49
8/24/2024 21:57,11.45
8/24/2024 22:07,11.45
8/24/2024 22:17,11.45
8/24/2024 22:27,11.45
8/24/2024 22:37,11.41
8/24/2024 22:47,11.41
8/24/2024 22:57,11.41
8/24/2024 23:07,11.41
8/24/2024 23:17,11.41
8/24/2024 23:27,11.41
8/24/2024 23:37,11.37
8/24/2024 23:47,11.32
8/24/2024 23:57,11.32
8/25/2024 0:07,11.28
8/25/2024 0:17,11.28
8/25/2024 0:27,11.24
8/25/2024 0:37,11.28
8/25/2024 0:47,11.24
8/25/2024 0:57,11.28
8/25/2024 1:07,11.28
8/25/2024 1:17,11.24
8/25/2024 1:27,11.24
8/25/2024 1:37,11.19
8/25/2024 1:47,11.19
8/25/2024 1:57,11.19
8/25/2024 2:07,11.15
8/25/2024 2:17,11.15
8/25/2024 2:27,11.11
8/25/2024 2:37,11.11
8/25/2024 2:47,11.11
8/25/2024 2:57,11.15
8/25/2024 3:07,11.15
8/25/2024 3:17,11.11
8/25/2024 3:27,11.15
8/25/2024 3:37,11.15
8/25/2024 3:47,11.15
8/25/2024 3:57,11.15
8/25/2024 4:07,11.07
8/25/2024 4:17,11.07
8/25/2024 4:27,11.11
8/25/2024 4:37,11.11
8/25/2024 4:47,11.11
8/25/2024 4:57,11.07
8/25/2024 5:07,11.11
8/25/2024 5:17,11.07
8/25/2024 5:27,11.07
8/25/2024 5:37,11.02
8/25/2024 5:47,10.98
8/25/2024 5:57,10.98
8/25/2024 6:07,11.02
8/25/2024 6:17,10.98
8/25/2024 6:27,11.02
8/25/2024 6:37,11.02
8/25/2024 6:47,11.02
8/25/2024 6:57,11.07
8/25/2024 7:07,11.07
8/25/2024 7:17,11.02
8/25/2024 7:27,11.11
8/25/2024 7:37,11.15
8/25/2024 7:47,11.15
8/25/2024 7:57,11.24
8/25/2024 8:07,11.24
8/25/2024 8:17,11.28
8/25/2024 8:27,11.32
8/25/2024 8:37,11.37
8/25/2024 8:47,11.45
8/25/2024 8:57,11.45
8/25/2024 9:07,11.58
8/25/2024 9:17,11.62
8/25/2024 9:27,11.67
8/25/2024 9:37,11.67
8/25/2024 9:47,11.79
8/25/2024 9:57,11.88
8/25/2024 10:07,12.01
8/25/2024 10:17,11.97
8/25/2024 10:27,11.97
8/25/2024 10:37,12.01
8/25/2024 10:47,12.14
8/25/2024 10:57,12.18
8/25/2024 11:07,12.22
8/25/2024 11:17,12.31
8/25/2024 11:27,12.35
8/25/2024 11:37,12.44
8/25/2024 11:47,12.48
8/25/2024 11:57,12.48
8/25/2024 12:07,12.44
8/25/2024 12:17,12.48
8/25/2024 12:27,12.52
8/25/2024 12:37,12.57
8/25/2024 12:47,12.61
8/25/2024 12:57,12.65
8/25/2024 13:07,12.65
8/25/2024 13:17,12.7
8/25/2024 13:27,12.7
8/25/2024 13:37,12.7
8/25/2024 13:47,12.7
8/25/2024 13:57,12.74
8/25/2024 14:07,12.78
8/25/2024 14:17,12.74
8/25/2024 14:27,12.78
8/25/2024 14:37,12.78
8/25/2024 14:47,12.78
8/25/2024 14:57,12.78
8/25/2024 15:07,12.74
8/25/2024 15:17,12.78
8/25/2024 15:27,12.82
8/25/2024 15:37,12.82
8/25/2024 15:47,12.91
8/25/2024 15:57,12.91
8/25/2024 16:07,12.95
8/25/2024 16:17,12.95
8/25/2024 16:27,12.95
8/25/2024 16:37,12.91
8/25/2024 16:47,13
8/25/2024 16:57,12.95
8/25/2024 17:07,12.95
8/25/2024 17:17,12.95
8/25/2024 17:27,12.87
8/25/2024 17:37,12.91
8/25/2024 17:47,12.82
8/25/2024 17:57,12.82
8/25/2024 18:07,12.82
8/25/2024 18:17,12.82
8/25/2024 18:27,12.78
8/25/2024 18:37,12.7
8/25/2024 18:47,12.7
8/25/2024 18:57,12.7
8/25/2024 19:07,12.65
8/25/2024 19:17,12.61
8/25/2024 19:27,12.57
8/25/2024 19:37,12.52
8/25/2024 19:47,12.52
8/25/2024 19:57,12.48
8/25/2024 20:07,12.44
8/25/2024 20:17,12.44
8/25/2024 20:27,12.4
8/25/2024 20:37,12.31
8/25/2024 20:47,12.31
8/25/2024 20:57,12.27
8/25/2024 21:07,12.22
8/25/2024 21:17,12.14
8/25/2024 21:27,12.14
8/25/2024 21:37,12.05
8/25/2024 21:47,12.01
8/25/2024 21:57,11.97
8/25/2024 22:07,12.01
8/25/2024 22:17,11.97
8/25/2024 22:27,11.97
8/25/2024 22:37,11.97
8/25/2024 22:47,11.88
8/25/2024 22:57,11.92
8/25/2024 23:07,11.97
8/25/2024 23:17,11.92
8/25/2024 23:27,11.84
8/25/2024 23:37,11.84
8/25/2024 23:47,11.79
8/25/2024 23:57,11.79
8/26/2024 0:07,11.79
8/26/2024 0:17,11.79
8/26/2024 0:27,11.71
8/26/2024 0:37,11.67
8/26/2024 0:47,11.67
8/26/2024 0:57,11.67
8/26/2024 1:07,11.62
8/26/2024 1:17,11.58
8/26/2024 1:27,11.58
8/26/2024 1:37,11.58
8/26/2024 1:47,11.54
8/26/2024 1:57,11.54
8/26/2024 2:07,11.58
8/26/2024 2:17,11.54
8/26/2024 2:27,11.54
8/26/2024 2:37,11.49
8/26/2024 2:47,11.49
8/26/2024 2:57,11.45
8/26/2024 3:07,11.45
8/26/2024 3:17,11.41
8/26/2024 3:27,11.41
8/26/2024 3:37,11.41
8/26/2024 3:47,11.45
8/26/2024 3:57,11.45
8/26/2024 4:07,11.45
8/26/2024 4:17,11.45
8/26/2024 4:27,11.45
8/26/2024 4:37,11.45
8/26/2024 4:47,11.41
8/26/2024 4:57,11.41
8/26/2024 5:07,11.41
8/26/2024 5:17,11.41
8/26/2024 5:27,11.41
8/26/2024 5:37,11.41
8/26/2024 5:47,11.45
8/26/2024 5:57,11.45
8/26/2024 6:07,11.45
8/26/2024 6:17,11.45
8/26/2024 6:27,11.45
8/26/2024 6:37,11.45
8/26/2024 6:47,11.45
8/26/2024 6:57,11.45
8/26/2024 7:07,11.41
8/26/2024 7:17,11.45
8/26/2024 7:27,11.49
8/26/2024 7:37,11.45
8/26/2024 7:47,11.49
8/26/2024 7:57,11.49
8/26/2024 8:07,11.49
8/26/2024 8:17,11.49
8/26/2024 8:27,11.54
8/26/2024 8:37,11.58
8/26/2024 8:47,11.54
8/26/2024 8:57,11.58
8/26/2024 9:07,11.58
8/26/2024 9:17,11.62
8/26/2024 9:27,11.67
8/26/2024 9:37,11.67
8/26/2024 9:47,11.67
8/26/2024 9:57,11.71
8/26/2024 10:07,11.75
8/26/2024 10:17,11.79
8/26/2024 10:27,11.84
8/26/2024 10:37,11.84
8/26/2024 10:47,11.88
8/26/2024 10:57,11.92
8/26/2024 11:07,11.97
8/26/2024 11:17,12.1
8/26/2024 11:27,12.1
8/26/2024 11:37,12.18
8/26/2024 11:47,12.14
8/26/2024 11:57,12.22
8/26/2024 12:07,12.27
8/26/2024 12:17,12.31
8/26/2024 12:27,12.35
8/26/2024 12:37,12.48
8/26/2024 12:47,12.57
8/26/2024 12:57,12.57
8/26/2024 13:07,12.74
8/26/2024 13:17,12.82
8/26/2024 13:27,12.91
8/26/2024 13:37,13.04
8/26/2024 13:47,13.12
8/26/2024 13:57,13.21
8/26/2024 14:07,13.25
8/26/2024 14:17,13.34
8/26/2024 14:27,13.38
8/26/2024 14:37,13.51
8/26/2024 14:47,13.55
8/26/2024 14:57,13.6
8/26/2024 15:07,13.68
8/26/2024 15:17,13.68
8/26/2024 15:27,13.68
8/26/2024 15:37,13.77
8/26/2024 15:47,13.81
8/26/2024 15:57,13.85
8/26/2024 16:07,13.94
8/26/2024 16:17,13.94
8/26/2024 16:27,13.94
8/26/2024 16:37,13.94
8/26/2024 16:47,13.98
8/26/2024 16:57,13.98
8/26/2024 17:07,13.98
8/26/2024 17:17,13.98
8/26/2024 17:27,13.98
8/26/2024 17:37,13.94
8/26/2024 17:47,13.98
8/26/2024 17:57,13.94
8/26/2024 18:07,13.94
8/26/2024 18:17,13.94
8/26/2024 18:27,13.9
8/26/2024 18:37,13.85
8/26/2024 18:47,13.85
8/26/2024 18:57,13.81
8/26/2024 19:07,13.77
8/26/2024 19:17,13.73
8/26/2024 19:27,13.73
8/26/2024 19:37,13.68
8/26/2024 19:47,13.64
8/26/2024 19:57,13.6
8/26/2024 20:07,13.55
8/26/2024 20:17,13.51
8/26/2024 20:27,13.51
8/26/2024 20:37,13.47
8/26/2024 20:47,13.47
8/26/2024 20:57,13.43
8/26/2024 21:07,13.34
8/26/2024 21:17,13.3
8/26/2024 21:27,13.25
8/26/2024 21:37,13.21
8/26/2024 21:47,13.21
8/26/2024 21:57,13.17
8/26/2024 22:07,13.12
8/26/2024 22:17,13.12
8/26/2024 22:27,13.12
8/26/2024 22:37,13.04
8/26/2024 22:47,13.04
8/26/2024 22:57,13
8/26/2024 23:07,12.95
8/26/2024 23:17,12.91
8/26/2024 23:27,12.95
8/26/2024 23:37,12.87
8/26/2024 23:47,12.87
8/26/2024 23:57,12.87
8/27/2024 0:07,12.82
8/27/2024 0:17,12.82
8/27/2024 0:27,12.78
8/27/2024 0:37,12.74
8/27/2024 0:47,12.74
8/27/2024 0:57,12.7
8/27/2024 1:07,12.7
8/27/2024 1:17,12.74
8/27/2024 1:27,12.61
8/27/2024 1:37,12.65
8/27/2024 1:47,12.61
8/27/2024 1:57,12.61
8/27/2024 2:07,12.61
8/27/2024 2:17,12.57
8/27/2024 2:27,12.57
8/27/2024 2:37,12.57
8/27/2024 2:47,12.57
8/27/2024 2:57,12.52
8/27/2024 3:07,12.57
8/27/2024 3:17,12.48
8/27/2024 3:27,12.48
8/27/2024 3:37,12.48
8/27/2024 3:47,12.48
8/27/2024 3:57,12.48
8/27/2024 4:07,12.44
8/27/2024 4:17,12.44
8/27/2024 4:27,12.44
8/27/2024 4:37,12.35
8/27/2024 4:47,12.4
8/27/2024 4:57,12.4
8/27/2024 5:07,12.44
8/27/2024 5:17,12.44
8/27/2024 5:27,12.48
8/27/2024 5:37,12.48
8/27/2024 5:47,12.52
8/27/2024 5:57,12.57
8/27/2024 6:07,12.61
8/27/2024 6:17,12.61
8/27/2024 6:27,12.65
8/27/2024 6:37,12.65
8/27/2024 6:47,12.61
8/27/2024 6:57,12.65
8/27/2024 7:07,12.61
8/27/2024 7:17,12.7
8/27/2024 7:27,12.7
8/27/2024 7:37,12.7
8/27/2024 7:47,12.7
8/27/2024 7:57,12.7
8/27/2024 8:07,13
8/27/2024 8:17,13.43
8/27/2024 8:27,13.47
8/27/2024 8:37,13.55
8/27/2024 8:47,13.51
8/27/2024 8:57,13.6
8/27/2024 9:07,13.6
8/27/2024 9:17,13.64
8/27/2024 9:27,13.6
8/27/2024 9:37,13.6
8/27/2024 9:47,13.64
8/27/2024 9:57,13.64
8/27/2024 10:07,13.64
8/27/2024 10:17,13.68
8/27/2024 10:27,13.77
8/27/2024 10:37,13.81
8/27/2024 10:47,13.77
8/27/2024 10:57,13.9
8/27/2024 11:07,13.85
8/27/2024 11:17,13.85
8/27/2024 11:27,13.9
8/27/2024 11:37,13.9
8/27/2024 11:47,13.85
8/27/2024 11:57,13.85
8/27/2024 12:07,13.85
8/27/2024 12:17,13.81
8/27/2024 12:27,13.9
8/27/2024 12:37,13.9
8/27/2024 12:47,13.85
8/27/2024 12:57,13.85
8/27/2024 13:07,13.9
8/27/2024 13:17,13.85
8/27/2024 13:27,13.85
8/27/2024 13:37,13.81
8/27/2024 13:47,13.85
8/27/2024 13:57,13.81
8/27/2024 14:07,13.77
8/27/2024 14:17,13.68
8/27/2024 14:27,13.68
8/27/2024 14:37,13.64
8/27/2024 14:47,13.6
8/27/2024 14:57,13.64
8/27/2024 15:07,13.6
8/27/2024 15:17,13.51
8/27/2024 15:27,13.47
8/27/2024 15:37,13.47
8/27/2024 15:47,13.38
8/27/2024 15:57,13.34
8/27/2024 16:07,13.25
8/27/2024 16:17,13.21
8/27/2024 16:27,13.17
8/27/2024 16:37,13.12
8/27/2024 16:47,13.04
8/27/2024 16:57,12.95
8/27/2024 17:07,12.91
8/27/2024 17:17,12.87
8/27/2024 17:27,12.78
8/27/2024 17:37,12.87
8/27/2024 17:47,12.78
8/27/2024 17:57,12.74
8/27/2024 18:07,12.7
8/27/2024 18:17,12.65
8/27/2024 18:27,12.57
8/27/2024 18:37,12.4
8/27/2024 18:47,12.31
8/27/2024 18:57,12.18
8/27/2024 19:07,12.18
8/27/2024 19:17,12.14
8/27/2024 19:27,12.1
8/27/2024 19:37,12.1
8/27/2024 19:47,12.05
8/27/2024 19:57,12.01
8/27/2024 20:07,12.01
8/27/2024 20:17,12.01
8/27/2024 20:27,11.92
8/27/2024 20:37,11.92
8/27/2024 20:47,11.88
8/27/2024 20:57,11.88
8/27/2024 21:07,11.84
8/27/2024 21:17,11.84
8/27/2024 21:27,11.84
8/27/2024 21:37,11.84
8/27/2024 21:47,11.75
8/27/2024 21:57,11.75
8/27/2024 22:07,11.79
8/27/2024 22:17,11.75
8/27/2024 22:27,11.75
8/27/2024 22:37,11.71
8/27/2024 22:47,11.67
8/27/2024 22:57,11.67
8/27/2024 23:07,11.62
8/27/2024 23:17,11.67
8/27/2024 23:27,11.67
8/27/2024 23:37,11.62
8/27/2024 23:47,11.62
8/27/2024 23:57,11.58
8/28/2024 0:07,11.62
8/28/2024 0:17,11.62
8/28/2024 0:27,11.62
8/28/2024 0:37,11.62
8/28/2024 0:47,11.62
8/28/2024 0:57,11.58
8/28/2024 1:07,11.58
8/28/2024 1:17,11.58
8/28/2024 1:27,11.54
8/28/2024 1:37,11.54
8/28/2024 1:47,11.54
8/28/2024 1:57,11.49
8/28/2024 2:07,11.49
8/28/2024 2:17,11.49
8/28/2024 2:27,11.49
8/28/2024 2:37,11.49
8/28/2024 2:47,11.45
8/28/2024 2:57,11.49
8/28/2024 3:07,11.41
8/28/2024 3:17,11.45
8/28/2024 3:27,11.41
8/28/2024 3:37,11.41
8/28/2024 3:47,11.41
8/28/2024 3:57,11.41
8/28/2024 4:07,11.37
8/28/2024 4:17,11.37
8/28/2024 4:27,11.41
8/28/2024 4:37,11.32
8/28/2024 4:47,11.41
8/28/2024 4:57,11.37
8/28/2024 5:07,11.37
8/28/2024 5:17,11.32
8/28/2024 5:27,11.37
8/28/2024 5:37,11.32
8/28/2024 5:47,11.28
8/28/2024 5:57,11.32
8/28/2024 6:07,11.28
8/28/2024 6:17,11.28
8/28/2024 6:27,11.32
8/28/2024 6:37,11.28
8/28/2024 6:47,11.32
8/28/2024 6:57,11.32
8/28/2024 7:07,11.28
8/28/2024 7:17,11.32
8/28/2024 7:27,11.28
8/28/2024 7:37,11.32
8/28/2024 7:47,11.37
8/28/2024 7:57,11.32
8/28/2024 8:07,11.37
8/28/2024 8:17,11.37
8/28/2024 8:27,11.37
8/28/2024 8:37,11.41
8/28/2024 8:47,11.41
8/28/2024 8:57,11.41
8/28/2024 9:07,11.45
8/28/2024 9:17,11.45
8/28/2024 9:27,11.49
8/28/2024 9:37,11.54
8/28/2024 9:47,11.58
8/28/2024 9:57,11.62
8/28/2024 10:07,11.62
8/28/2024 10:17,11.67
8/28/2024 10:27,11.71
8/28/2024 10:37,11.79
8/28/2024 10:47,11.84
8/28/2024 10:57,11.88
8/28/2024 11:07,11.92
8/28/2024 11:17,11.97
8/28/2024 11:27,12.01
8/28/2024 11:37,12.05
8/28/2024 11:47,12.14
8/28/2024 11:57,12.14
8/28/2024 12:07,12.22
8/28/2024 12:17,12.31
8/28/2024 12:27,12.35
8/28/2024 12:37,12.44
8/28/2024 12:47,12.52
8/28/2024 12:57,12.48
8/28/2024 13:07,12.48
8/28/2024 13:17,12.48
8/28/2024 13:27,12.48
8/28/2024 13:37,12.48
8/28/2024 13:47,12.48
8/28/2024 13:57,12.52
8/28/2024 14:07,12.48
8/28/2024 14:17,12.48
8/28/2024 14:27,12.44
8/28/2024 14:37,12.52
8/28/2024 14:47,12.57
8/28/2024 14:57,12.61
8/28/2024 15:07,12.57
8/28/2024 15:17,12.65
8/28/2024 15:27,12.65
8/28/2024 15:37,12.7
8/28/2024 15:47,12.7
8/28/2024 15:57,12.7
8/28/2024 16:07,12.7
8/28/2024 16:17,12.74
8/28/2024 16:27,12.78
8/28/2024 16:37,12.78
8/28/2024 16:47,12.78
8/28/2024 16:57,12.74
8/28/2024 17:07,12.78
8/28/2024 17:17,12.78
8/28/2024 17:27,12.74
8/28/2024 17:37,12.7
8/28/2024 17:47,12.7
8/28/2024 17:57,12.65
8/28/2024 18:07,12.61
8/28/2024 18:17,12.57
8/28/2024 18:27,12.57
8/28/2024 18:37,12.57
8/28/2024 18:47,12.48
8/28/2024 18:57,12.44
8/28/2024 19:07,12.44
8/28/2024 19:17,12.4
8/28/2024 19:27,12.35
8/28/2024 19:37,12.27
8/28/2024 19:47,12.27
8/28/2024 19:57,12.18
8/28/2024 20:07,12.18
8/28/2024 20:17,12.1
8/28/2024 20:27,12.1
8/28/2024 20:37,12.1
8/28/2024 20:47,11.97
8/28/2024 20:57,12.01
8/28/2024 21:07,11.97
8/28/2024 21:17,11.97
8/28/2024 21:27,11.88
8/28/2024 21:37,11.84
8/28/2024 21:47,11.79
8/28/2024 21:57,11.79
8/28/2024 22:07,11.75
8/28/2024 22:17,11.75
8/28/2024 22:27,11.67
8/28/2024 22:37,11.67
8/28/2024 22:47,11.62
8/28/2024 22:57,11.49
8/28/2024 23:07,11.49
8/28/2024 23:17,11.41
8/28/2024 23:27,11.41
8/28/2024 23:37,11.45
8/28/2024 23:47,11.37
8/28/2024 23:57,11.32
8/29/2024 0:07,11.28
8/29/2024 0:17,11.28
8/29/2024 0:27,11.19
8/29/2024 0:37,11.24
8/29/2024 0:47,11.19
8/29/2024 0:57,11.19
8/29/2024 1:07,11.15
8/29/2024 1:17,11.15
8/29/2024 1:27,11.11
8/29/2024 1:37,11.15
8/29/2024 1:47,11.07
8/29/2024 1:57,11.11
8/29/2024 2:07,11.07
8/29/2024 2:17,11.02
8/29/2024 2:27,11.02
8/29/2024 2:37,11.02
8/29/2024 2:47,10.98
8/29/2024 2:57,10.98
8/29/2024 3:07,10.98
8/29/2024 3:17,10.94
8/29/2024 3:27,10.94
8/29/2024 3:37,10.98
8/29/2024 3:47,10.94
8/29/2024 3:57,10.94
8/29/2024 4:07,10.94
8/29/2024 4:17,10.85
8/29/2024 4:27,10.94
8/29/2024 4:37,10.89
8/29/2024 4:47,10.89
8/29/2024 4:57,10.89
8/29/2024 5:07,10.89
8/29/2024 5:17,10.85
8/29/2024 5:27,10.85
8/29/2024 5:37,10.85
8/29/2024 5:47,10.85
8/29/2024 5:57,10.81
8/29/2024 6:07,10.85
8/29/2024 6:17,10.85
8/29/2024 6:27,10.89
8/29/2024 6:37,10.85
8/29/2024 6:47,10.94
8/29/2024 6:57,10.85
8/29/2024 7:07,10.89
8/29/2024 7:17,10.89
8/29/2024 7:27,10.94
8/29/2024 7:37,10.98
8/29/2024 7:47,10.98
8/29/2024 7:57,10.98
8/29/2024 8:07,11.07
8/29/2024 8:17,11.11
8/29/2024 8:27,11.15
8/29/2024 8:37,11.15
8/29/2024 8:47,11.24
8/29/2024 8:57,11.28
8/29/2024 9:07,11.37
8/29/2024 9:17,11.45
8/29/2024 9:27,11.49
8/29/2024 9:37,11.62
8/29/2024 9:47,11.67
8/29/2024 9:57,11.75
8/29/2024 10:07,11.79
8/29/2024 10:17,11.84
8/29/2024 10:27,11.84
8/29/2024 10:37,11.88
8/29/2024 10:47,12.01
8/29/2024 10:57,12.01
8/29/2024 11:07,12.1
8/29/2024 11:17,12.1
8/29/2024 11:27,12.18
8/29/2024 11:37,12.27
8/29/2024 11:47,12.35
8/29/2024 11:57,12.48
8/29/2024 12:07,12.57
8/29/2024 12:17,12.65
8/29/2024 12:27,12.74
8/29/2024 12:37,12.82
8/29/2024 12:47,13
8/29/2024 12:57,13.08
8/29/2024 13:07,13.17
8/29/2024 13:17,13.25
8/29/2024 13:27,13.3
8/29/2024 13:37,13.38
8/29/2024 13:47,13.47
8/29/2024 13:57,13.51
8/29/2024 14:07,13.51
8/29/2024 14:17,13.47
8/29/2024 14:27,13.51
8/29/2024 14:37,13.6
8/29/2024 14:47,13.64
8/29/2024 14:57,13.6
8/29/2024 15:07,13.6
8/29/2024 15:17,13.55
8/29/2024 15:27,13.6
8/29/2024 15:37,13.64
8/29/2024 15:47,13.64
8/29/2024 15:57,13.64
8/29/2024 16:07,13.6
8/29/2024 16:17,13.64
8/29/2024 16:27,13.55
8/29/2024 16:37,13.55
8/29/2024 16:47,13.51
8/29/2024 16:57,13.51
8/29/2024 17:07,13.47
8/29/2024 17:17,13.43
8/29/2024 17:27,13.34
8/29/2024 17:37,13.38
8/29/2024 17:47,13.3
8/29/2024 17:57,13.25
8/29/2024 18:07,13.21
8/29/2024 18:17,13.12
8/29/2024 18:27,13.08
8/29/2024 18:37,13.04
8/29/2024 18:47,13
8/29/2024 18:57,13
8/29/2024 19:07,12.91
8/29/2024 19:17,12.87
8/29/2024 19:27,12.82
8/29/2024 19:37,12.78
8/29/2024 19:47,12.74
8/29/2024 19:57,12.7
8/29/2024 20:07,12.65
8/29/2024 20:17,12.61
8/29/2024 20:27,12.61
8/29/2024 20:37,12.52
8/29/2024 20:47,12.48
8/29/2024 20:57,12.48
8/29/2024 21:07,12.4
8/29/2024 21:17,12.35
8/29/2024 21:27,12.35
8/29/2024 21:37,12.35
8/29/2024 21:47,12.31
8/29/2024 21:57,12.31
8/29/2024 22:07,12.27
8/29/2024 22:17,12.22
8/29/2024 22:27,12.18
8/29/2024 22:37,12.14
8/29/2024 22:47,12.14
8/29/2024 22:57,12.1
8/29/2024 23:07,12.14
8/29/2024 23:17,12.1
8/29/2024 23:27,12.05
8/29/2024 23:37,12.05
8/29/2024 23:47,12.01
8/29/2024 23:57,11.97
8/30/2024 0:07,11.92
8/30/2024 0:17,11.97
8/30/2024 0:27,11.88
8/30/2024 0:37,11.88
8/30/2024 0:47,11.84
8/30/2024 0:57,11.79
8/30/2024 1:07,11.79
8/30/2024 1:17,11.79
8/30/2024 1:27,11.79
8/30/2024 1:37,11.71
8/30/2024 1:47,11.75
8/30/2024 1:57,11.79
8/30/2024 2:07,11.75
8/30/2024 2:17,11.71
8/30/2024 2:27,11.67
8/30/2024 2:37,11.71
8/30/2024 2:47,11.67
8/30/2024 2:57,11.67
8/30/2024 3:07,11.67
8/30/2024 3:17,11.67
8/30/2024 3:27,11.58
8/30/2024 3:37,11.62
8/30/2024 3:47,11.58
8/30/2024 3:57,11.54
8/30/2024 4:07,11.58
8/30/2024 4:17,11.58
8/30/2024 4:27,11.54
8/30/2024 4:37,11.49
8/30/2024 4:47,11.54
8/30/2024 4:57,11.49
8/30/2024 5:07,11.54
8/30/2024 5:17,11.54
8/30/2024 5:27,11.54
8/30/2024 5:37,11.45
8/30/2024 5:47,11.49
8/30/2024 5:57,11.49
8/30/2024 6:07,11.49
8/30/2024 6:17,11.49
8/30/2024 6:27,11.49
8/30/2024 6:37,11.49
8/30/2024 6:47,11.54
8/30/2024 6:57,11.49
8/30/2024 7:07,11.49
8/30/2024 7:17,11.54
8/30/2024 7:27,11.58
8/30/2024 7:37,11.58
8/30/2024 7:47,11.67
8/30/2024 7:57,11.62
8/30/2024 8:07,11.67
8/30/2024 8:17,11.75
8/30/2024 8:27,11.79
8/30/2024 8:37,11.84
8/30/2024 8:47,11.88
8/30/2024 8:57,11.92
8/30/2024 9:07,11.97
8/30/2024 9:17,12.05
8/30/2024 9:27,12.05
8/30/2024 9:37,12.22
8/30/2024 9:47,12.27
8/30/2024 9:57,12.4
8/30/2024 10:07,12.48
8/30/2024 10:17,12.65
8/30/2024 10:27,12.78
8/30/2024 10:37,12.78
8/30/2024 10:47,12.82
8/30/2024 10:57,12.91
8/30/2024 11:07,13
8/30/2024 11:17,13.04
8/30/2024 11:27,13.25
8/30/2024 11:37,13.3
8/30/2024 11:47,13.38
8/30/2024 11:57,13.51
8/30/2024 12:07,13.55
8/30/2024 12:17,13.55
8/30/2024 12:27,13.64
8/30/2024 12:37,13.73
8/30/2024 12:47,13.81
8/30/2024 12:57,14.03
8/30/2024 13:07,14.15
8/30/2024 13:17,14.28
8/30/2024 13:27,14.28
8/30/2024 13:37,14.41
8/30/2024 13:47,14.45
8/30/2024 13:57,14.54
8/30/2024 14:07,14.63
8/30/2024 14:17,14.67
8/30/2024 14:27,14.8
8/30/2024 14:37,14.8
8/30/2024 14:47,14.84
8/30/2024 14:57,14.93
8/30/2024 15:07,14.97
8/30/2024 15:17,14.97
8/30/2024 15:27,15.01
8/30/2024 15:37,15.01
8/30/2024 15:47,15.01
8/30/2024 15:57,15.01
8/30/2024 16:07,14.97
8/30/2024 16:17,15.01
8/30/2024 16:27,14.97
8/30/2024 16:37,15.01
8/30/2024 16:47,14.97
8/30/2024 16:57,14.97
8/30/2024 17:07,14.97
8/30/2024 17:17,14.93
8/30/2024 17:27,14.88
8/30/2024 17:37,14.8
8/30/2024 17:47,14.8
8/30/2024 17:57,14.71
8/30/2024 18:07,14.71
8/30/2024 18:17,14.63
8/30/2024 18:27,14.58
8/30/2024 18:37,14.54
8/30/2024 18:47,14.54
8/30/2024 18:57,14.45
8/30/2024 19:07,14.41
8/30/2024 19:17,14.37
8/30/2024 19:27,14.28
8/30/2024 19:37,14.24
8/30/2024 19:47,14.2
8/30/2024 19:57,14.15
8/30/2024 20:07,14.11
8/30/2024 20:17,14.07
8/30/2024 20:27,13.98
8/30/2024 20:37,13.94
8/30/2024 20:47,13.94
8/30/2024 20:57,13.9
8/30/2024 21:07,13.81
8/30/2024 21:17,13.77
8/30/2024 21:27,13.73
8/30/2024 21:37,13.68
8/30/2024 21:47,13.68
8/30/2024 21:57,13.6
8/30/2024 22:07,13.6
8/30/2024 22:17,13.55
8/30/2024 22:27,13.47
8/30/2024 22:37,13.47
8/30/2024 22:47,13.38
8/30/2024 22:57,13.38
8/30/2024 23:07,13.34
8/30/2024 23:17,13.3
8/30/2024 23:27,13.3
8/30/2024 23:37,13.25
8/30/2024 23:47,13.21
8/30/2024 23:57,13.21
8/31/2024 0:07,13.17
8/31/2024 0:17,13.17
8/31/2024 0:27,13.17
8/31/2024 0:37,13.08
8/31/2024 0:47,13.08
8/31/2024 0:57,13.08
8/31/2024 1:07,13.04
8/31/2024 1:17,13
8/31/2024 1:27,13
8/31/2024 1:37,13.04
8/31/2024 1:47,13.04
8/31/2024 1:57,12.95
8/31/2024 2:07,13
8/31/2024 2:17,13
8/31/2024 2:27,12.95
8/31/2024 2:37,12.95
8/31/2024 2:47,12.91
8/31/2024 2:57,12.95
8/31/2024 3:07,12.87
8/31/2024 3:17,12.87
8/31/2024 3:27,12.95
8/31/2024 3:37,12.87
8/31/2024 3:47,12.91
8/31/2024 3:57,12.87
8/31/2024 4:07,12.87
8/31/2024 4:17,12.87
8/31/2024 4:27,12.91
8/31/2024 4:37,12.91
8/31/2024 4:47,12.82
8/31/2024 4:57,12.91
8/31/2024 5:07,12.91
8/31/2024 5:17,12.95
8/31/2024 5:27,13
8/31/2024 5:37,13
8/31/2024 5:47,13
8/31/2024 5:57,13.04
8/31/2024 6:07,13
8/31/2024 6:17,13
8/31/2024 6:27,12.95
8/31/2024 6:37,12.91
8/31/2024 6:47,12.95
8/31/2024 6:57,13
8/31/2024 7:07,13
8/31/2024 7:17,13.04
8/31/2024 7:27,13.08
8/31/2024 7:37,13
8/31/2024 7:47,13.04
8/31/2024 7:57,13.08
8/31/2024 8:07,13.08
8/31/2024 8:17,13.12
8/31/2024 8:27,13.17
8/31/2024 8:37,13.17
8/31/2024 8:47,13.17
8/31/2024 8:57,13.17
8/31/2024 9:07,13.21
8/31/2024 9:17,13.21
8/31/2024 9:27,13.21
8/31/2024 9:37,13.25
8/31/2024 9:47,13.25
8/31/2024 9:57,13.3
8/31/2024 10:07,13.34
8/31/2024 10:17,13.34
8/31/2024 10:27,13.38
8/31/2024 10:37,13.38
8/31/2024 10:47,13.38
8/31/2024 10:57,13.43
8/31/2024 11:07,13.47
8/31/2024 11:17,13.47
8/31/2024 11:27,13.51
8/31/2024 11:37,13.64
8/31/2024 11:47,13.77
8/31/2024 11:57,13.81
8/31/2024 12:07,13.81
8/31/2024 12:17,13.9
8/31/2024 12:27,13.94
8/31/2024 12:37,14.15
8/31/2024 12:47,14.28
8/31/2024 12:57,14.37
8/31/2024 13:07,14.45
8/31/2024 13:17,14.45
8/31/2024 13:27,14.5
8/31/2024 13:37,14.58
8/31/2024 13:47,14.63
8/31/2024 13:57,14.63
8/31/2024 14:07,14.67
8/31/2024 14:17,14.71
8/31/2024 14:27,14.71
8/31/2024 14:37,14.75
8/31/2024 14:47,14.84
8/31/2024 14:57,14.84
8/31/2024 15:07,14.84
8/31/2024 15:17,14.93
8/31/2024 15:27,14.97
8/31/2024 15:37,14.97
8/31/2024 15:47,15.01
8/31/2024 15:57,15.01
8/31/2024 16:07,15.01
8/31/2024 16:17,15.01
8/31/2024 16:27,15.06
8/31/2024 16:37,15.06
8/31/2024 16:47,15.06
8/31/2024 16:57,15.06
8/31/2024 17:07,15.01
8/31/2024 17:17,15.1
8/31/2024 17:27,15.1
8/31/2024 17:37,15.06
8/31/2024 17:47,15.1
8/31/2024 17:57,15.06
8/31/2024 18:07,15.06
8/31/2024 18:17,15.06
8/31/2024 18:27,15.1
8/31/2024 18:37,15.01
8/31/2024 18:47,15.01
8/31/2024 18:57,15.01
8/31/2024 19:07,15.01
8/31/2024 19:17,14.97
8/31/2024 19:27,14.97
8/31/2024 19:37,14.93
8/31/2024 19:47,14.93
8/31/2024 19:57,14.8
8/31/2024 20:07,14.88
8/31/2024 20:17,14.8
8/31/2024 20:27,14.84
8/31/2024 20:37,14.75
8/31/2024 20:47,14.75
8/31/2024 20:57,14.75
8/31/2024 21:07,14.75
8/31/2024 21:17,14.71
8/31/2024 21:27,14.71
8/31/2024 21:37,14.71
8/31/2024 21:47,14.67
8/31/2024 21:57,14.71
8/31/2024 22:07,14.63
8/31/2024 22:17,14.67
8/31/2024 22:27,14.67
8/31/2024 22:37,14.67
8/31/2024 22:47,14.63
8/31/2024 22:57,14.63
8/31/2024 23:07,14.63
8/31/2024 23:17,14.63
8/31/2024 23:27,14.63
8/31/2024 23:37,14.63
8/31/2024 23:47,14.58
8/31/2024 23:57,14.63
9/1/2024 0:07,14.58
9/1/2024 0:17,14.54
9/1/2024 0:27,14.54
9/1/2024 0:37,14.54
9/1/2024 0:47,14.5
9/1/2024 0:57,14.5
9/1/2024 1:07,14.5
9/1/2024 1:17,14.45
9/1/2024 1:27,14.41
9/1/2024 1:37,14.41
9/1/2024 1:47,14.37
9/1/2024 1:57,14.33
9/1/2024 2:07,14.33
9/1/2024 2:17,14.33
9/1/2024 2:27,14.28
9/1/2024 2:37,14.24
9/1/2024 2:47,14.24
9/1/2024 2:57,14.24
9/1/2024 3:07,14.24
9/1/2024 3:17,14.2
9/1/2024 3:27,14.11
9/1/2024 3:37,14.11
9/1/2024 3:47,14.11
9/1/2024 3:57,14.11
9/1/2024 4:07,14.11
9/1/2024 4:17,14.11
9/1/2024 4:27,14.07
9/1/2024 4:37,14.03
9/1/2024 4:47,14.03
9/1/2024 4:57,13.98
9/1/2024 5:07,13.98
9/1/2024 5:17,13.98
9/1/2024 5:27,13.94
9/1/2024 5:37,13.9
9/1/2024 5:47,13.9
9/1/2024 5:57,13.9
9/1/2024 6:07,13.9
9/1/2024 6:17,13.85
9/1/2024 6:27,13.85
9/1/2024 6:37,13.85
9/1/2024 6:47,13.85
9/1/2024 6:57,13.81
9/1/2024 7:07,13.85
9/1/2024 7:17,13.85
9/1/2024 7:27,13.85
9/1/2024 7:37,13.85
9/1/2024 7:47,13.85
9/1/2024 7:57,13.85
9/1/2024 8:07,13.94
9/1/2024 8:17,13.9
9/1/2024 8:27,13.94
9/1/2024 8:37,13.94
9/1/2024 8:47,13.94
9/1/2024 8:57,13.98
9/1/2024 9:07,14.03
9/1/2024 9:17,14.07
9/1/2024 9:27,14.11
9/1/2024 9:37,14.15
9/1/2024 9:47,14.24
9/1/2024 9:57,14.28
9/1/2024 10:07,14.33
9/1/2024 10:17,14.41
9/1/2024 10:27,14.5
9/1/2024 10:37,14.58
9/1/2024 10:47,14.71
9/1/2024 10:57,14.71
9/1/2024 11:07,14.84
9/1/2024 11:17,14.88
9/1/2024 11:27,14.93
9/1/2024 11:37,15.01
9/1/2024 11:47,15.1
9/1/2024 11:57,15.14
9/1/2024 12:07,15.23
9/1/2024 12:17,15.23
9/1/2024 12:27,15.27
9/1/2024 12:37,15.36
9/1/2024 12:47,15.4
9/1/2024 12:57,15.48
9/1/2024 13:07,15.61
9/1/2024 13:17,15.66
9/1/2024 13:27,15.74
9/1/2024 13:37,15.78
9/1/2024 13:47,15.74
9/1/2024 13:57,15.87
9/1/2024 14:07,15.87
9/1/2024 14:17,15.91
9/1/2024 14:27,15.87
9/1/2024 14:37,16
9/1/2024 14:47,16
9/1/2024 14:57,16.04
9/1/2024 15:07,16.04
9/1/2024 15:17,16.08
9/1/2024 15:27,16.08
9/1/2024 15:37,16.13
9/1/2024 15:47,16.13
9/1/2024 15:57,16.13
9/1/2024 16:07,16.13
9/1/2024 16:17,16.13
9/1/2024 16:27,16.17
9/1/2024 16:37,16.13
9/1/2024 16:47,16.13
9/1/2024 16:57,16.13
9/1/2024 17:07,16.13
9/1/2024 17:17,16.08
9/1/2024 17:27,16.13
9/1/2024 17:37,16.08
9/1/2024 17:47,16.04
9/1/2024 17:57,16
9/1/2024 18:07,16
9/1/2024 18:17,15.96
9/1/2024 18:27,15.96
9/1/2024 18:37,15.91
9/1/2024 18:47,15.91
9/1/2024 18:57,15.91
9/1/2024 19:07,15.83
9/1/2024 19:17,15.83
9/1/2024 19:27,15.78
9/1/2024 19:37,15.78
9/1/2024 19:47,15.7
9/1/2024 19:57,15.7
9/1/2024 20:07,15.66
9/1/2024 20:17,15.66
9/1/2024 20:27,15.57
9/1/2024 20:37,15.61
9/1/2024 20:47,15.53
9/1/2024 20:57,15.48
9/1/2024 21:07,15.48
9/1/2024 21:17,15.44
9/1/2024 21:27,15.44
9/1/2024 21:37,15.36
9/1/2024 21:47,15.4
9/1/2024 21:57,15.4
9/1/2024 22:07,15.36
9/1/2024 22:17,15.31
9/1/2024 22:27,15.27
9/1/2024 22:37,15.27
9/1/2024 22:47,15.31
9/1/2024 22:57,15.23
9/1/2024 23:07,15.18
9/1/2024 23:17,15.18
9/1/2024 23:27,15.18
9/1/2024 23:37,15.14
9/1/2024 23:47,15.14
9/1/2024 23:57,15.1
9/2/2024 0:07,15.1
9/2/2024 0:17,15.06
9/2/2024 0:27,15.01
9/2/2024 0:37,15.06
9/2/2024 0:47,15.01
9/2/2024 0:57,14.97
9/2/2024 1:07,14.97
9/2/2024 1:17,14.93
9/2/2024 1:27,14.88
9/2/2024 1:37,14.88
9/2/2024 1:47,14.93
9/2/2024 1:57,14.88
9/2/2024 2:07,14.8
9/2/2024 2:17,14.84
9/2/2024 2:27,14.8
9/2/2024 2:37,14.8
9/2/2024 2:47,14.75
9/2/2024 2:57,14.8
9/2/2024 3:07,14.75
9/2/2024 3:17,14.8
9/2/2024 3:27,14.75
9/2/2024 3:37,14.71
9/2/2024 3:47,14.71
9/2/2024 3:57,14.63
9/2/2024 4:07,14.67
9/2/2024 4:17,14.63
9/2/2024 4:27,14.63
9/2/2024 4:37,14.58
9/2/2024 4:47,14.58
9/2/2024 4:57,14.63
9/2/2024 5:07,14.54
9/2/2024 5:17,14.58
9/2/2024 5:27,14.54
9/2/2024 5:37,14.54
9/2/2024 5:47,14.5
9/2/2024 5:57,14.41
9/2/2024 6:07,14.37
9/2/2024 6:17,14.41
9/2/2024 6:27,14.33
9/2/2024 6:37,14.33
9/2/2024 6:47,14.33
9/2/2024 6:57,14.28
9/2/2024 7:07,14.24
9/2/2024 7:17,14.28
9/2/2024 7:27,14.2
9/2/2024 7:37,14.28
9/2/2024 7:47,14.24
9/2/2024 7:57,14.24
9/2/2024 8:07,14.24
9/2/2024 8:17,14.24
9/2/2024 8:27,14.24
9/2/2024 8:37,14.24
9/2/2024 8:47,14.24
9/2/2024 8:57,14.24
9/2/2024 9:07,14.24
9/2/2024 9:17,14.24
9/2/2024 9:27,14.28
9/2/2024 9:37,14.33
9/2/2024 9:47,14.33
9/2/2024 9:57,14.37
9/2/2024 10:07,14.37
9/2/2024 10:17,14.41
9/2/2024 10:27,14.41
9/2/2024 10:37,14.5
9/2/2024 10:47,14.5
9/2/2024 10:57,14.5
9/2/2024 11:07,14.54
9/2/2024 11:17,14.54
9/2/2024 11:27,14.54
9/2/2024 11:37,14.54
9/2/2024 11:47,14.5
9/2/2024 11:57,14.54
9/2/2024 12:07,14.54
9/2/2024 12:17,14.54
9/2/2024 12:27,14.58
9/2/2024 12:37,14.63
9/2/2024 12:47,14.67
9/2/2024 12:57,14.67
9/2/2024 13:07,14.67
9/2/2024 13:17,14.71
9/2/2024 13:27,14.71
9/2/2024 13:37,14.71
9/2/2024 13:47,14.75
9/2/2024 13:57,14.71
9/2/2024 14:07,14.71
9/2/2024 14:17,14.8
9/2/2024 14:27,14.84
9/2/2024 14:37,14.84
9/2/2024 14:47,14.88
9/2/2024 14:57,14.88
9/2/2024 15:07,14.93
9/2/2024 15:17,14.93
9/2/2024 15:27,14.97
9/2/2024 15:37,14.97
9/2/2024 15:47,15.01
9/2/2024 15:57,15.01
9/2/2024 16:07,15.06
9/2/2024 16:17,15.01
9/2/2024 16:27,15.06
9/2/2024 16:37,15.01
9/2/2024 16:47,15.1
9/2/2024 16:57,15.06
9/2/2024 17:07,15.06
9/2/2024 17:17,15.06
9/2/2024 17:27,15.01
9/2/2024 17:37,14.97
9/2/2024 17:47,14.97
9/2/2024 17:57,14.93
9/2/2024 18:07,14.93
9/2/2024 18:17,14.93
9/2/2024 18:27,14.93
9/2/2024 18:37,14.84
9/2/2024 18:47,14.84
9/2/2024 18:57,14.84
9/2/2024 19:07,14.8
9/2/2024 19:17,14.75
9/2/2024 19:27,14.75
9/2/2024 19:37,14.8
9/2/2024 19:47,14.71
9/2/2024 19:57,14.67
9/2/2024 20:07,14.67
9/2/2024 20:17,14.63
9/2/2024 20:27,14.58
9/2/2024 20:37,14.54
9/2/2024 20:47,14.5
9/2/2024 20:57,14.45
9/2/2024 21:07,14.45
9/2/2024 21:17,14.37
9/2/2024 21:27,14.33
9/2/2024 21:37,14.33
9/2/2024 21:47,14.24
9/2/2024 21:57,14.24
9/2/2024 22:07,14.15
9/2/2024 22:17,14.15
9/2/2024 22:27,14.11
9/2/2024 22:37,14.07
9/2/2024 22:47,14.03
9/2/2024 22:57,14.03
9/2/2024 23:07,13.98
9/2/2024 23:17,13.85
9/2/2024 23:27,13.85
9/2/2024 23:37,13.81
9/2/2024 23:47,13.77
9/2/2024 23:57,13.77
9/3/2024 0:07,13.73
9/3/2024 0:17,13.68
9/3/2024 0:27,13.68
9/3/2024 0:37,13.6
9/3/2024 0:47,13.6
9/3/2024 0:57,13.55
9/3/2024 1:07,13.6
9/3/2024 1:17,13.51
9/3/2024 1:27,13.55
9/3/2024 1:37,13.47
9/3/2024 1:47,13.47
9/3/2024 1:57,13.43
9/3/2024 2:07,13.43
9/3/2024 2:17,13.34
9/3/2024 2:27,13.34
9/3/2024 2:37,13.34
9/3/2024 2:47,13.34
9/3/2024 2:57,13.3
9/3/2024 3:07,13.21
9/3/2024 3:17,13.21
9/3/2024 3:27,13.21
9/3/2024 3:37,13.21
9/3/2024 3:47,13.21
9/3/2024 3:57,13.12
9/3/2024 4:07,13.08
9/3/2024 4:17,13.08
9/3/2024 4:27,13.08
9/3/2024 4:37,13.04
9/3/2024 4:47,13
9/3/2024 4:57,13
9/3/2024 5:07,12.95
9/3/2024 5:17,12.95
9/3/2024 5:27,12.91
9/3/2024 5:37,12.87
9/3/2024 5:47,12.87
9/3/2024 5:57,12.82
9/3/2024 6:07,12.82
9/3/2024 6:17,12.82
9/3/2024 6:27,12.78
9/3/2024 6:37,12.74
9/3/2024 6:47,12.74
9/3/2024 6:57,12.74
9/3/2024 7:07,12.74
9/3/2024 7:17,12.74
9/3/2024 7:27,12.7
9/3/2024 7:37,12.78
9/3/2024 7:47,12.78
9/3/2024 7:57,12.78
9/3/2024 8:07,12.78
9/3/2024 8:17,12.78
9/3/2024 8:27,12.87
9/3/2024 8:37,12.91
9/3/2024 8:47,12.95
9/3/2024 8:57,12.95
9/3/2024 9:07,13
9/3/2024 9:17,13.04
9/3/2024 9:27,13.12
9/3/2024 9:37,13.17
9/3/2024 9:47,13.21
9/3/2024 9:57,13.3
9/3/2024 10:07,13.34
9/3/2024 10:17,13.43
9/3/2024 10:27,13.47
9/3/2024 10:37,13.6
9/3/2024 10:47,13.68
9/3/2024 10:57,13.77
9/3/2024 11:07,13.77
9/3/2024 11:17,13.98
9/3/2024 11:27,14.07
9/3/2024 11:37,14.15
9/3/2024 11:47,14.24
9/3/2024 11:57,14.37
9/3/2024 12:07,14.45
9/3/2024 12:17,14.5
9/3/2024 12:27,14.58
9/3/2024 12:37,14.75
9/3/2024 12:47,14.84
9/3/2024 12:57,14.88
9/3/2024 13:07,14.93
9/3/2024 13:17,15.06
9/3/2024 13:27,15.1
9/3/2024 13:37,15.14
9/3/2024 13:47,15.27
9/3/2024 13:57,15.31
9/3/2024 14:07,15.31
9/3/2024 14:17,15.4
9/3/2024 14:27,15.44
9/3/2024 14:37,15.48
9/3/2024 14:47,15.57
9/3/2024 14:57,15.57
9/3/2024 15:07,15.61
9/3/2024 15:17,15.66
9/3/2024 15:27,15.66
9/3/2024 15:37,15.7
9/3/2024 15:47,15.78
9/3/2024 15:57,15.78
9/3/2024 16:07,15.78
9/3/2024 16:17,15.74
9/3/2024 16:27,15.74
9/3/2024 16:37,15.74
9/3/2024 16:47,15.74
9/3/2024 16:57,15.74
9/3/2024 17:07,15.7
9/3/2024 17:17,15.7
9/3/2024 17:27,15.7
9/3/2024 17:37,15.7
9/3/2024 17:47,15.7
9/3/2024 17:57,15.66
9/3/2024 18:07,15.57
9/3/2024 18:17,15.61
9/3/2024 18:27,15.61
9/3/2024 18:37,15.53
9/3/2024 18:47,15.57
9/3/2024 18:57,15.48
9/3/2024 19:07,15.44
9/3/2024 19:17,15.44
9/3/2024 19:27,15.44
9/3/2024 19:37,15.4
9/3/2024 19:47,15.31
9/3/2024 19:57,15.27
9/3/2024 20:07,15.27
9/3/2024 20:17,15.18
9/3/2024 20:27,15.14
9/3/2024 20:37,15.1
9/3/2024 20:47,15.06
9/3/2024 20:57,15.01
9/3/2024 21:07,14.97
9/3/2024 21:17,14.93
9/3/2024 21:27,14.88
9/3/2024 21:37,14.84
9/3/2024 21:47,14.75
9/3/2024 21:57,14.71
9/3/2024 22:07,14.67
9/3/2024 22:17,14.63
9/3/2024 22:27,14.58
9/3/2024 22:37,14.54
9/3/2024 22:47,14.45
9/3/2024 22:57,14.5
9/3/2024 23:07,14.37
9/3/2024 23:17,14.37
9/3/2024 23:27,14.33
9/3/2024 23:37,14.28
9/3/2024 23:47,14.28
9/3/2024 23:57,14.15
9/4/2024 0:07,14.2
9/4/2024 0:17,14.15
9/4/2024 0:27,14.07
9/4/2024 0:37,14.03
9/4/2024 0:47,13.98
9/4/2024 0:57,13.98
9/4/2024 1:07,13.94
9/4/2024 1:17,13.85
9/4/2024 1:27,13.85
9/4/2024 1:37,13.81
9/4/2024 1:47,13.77
9/4/2024 1:57,13.73
9/4/2024 2:07,13.73
9/4/2024 2:17,13.68
9/4/2024 2:27,13.64
9/4/2024 2:37,13.6
9/4/2024 2:47,13.64
9/4/2024 2:57,13.55
9/4/2024 3:07,13.55
9/4/2024 3:17,13.51
9/4/2024 3:27,13.47
9/4/2024 3:37,13.47
9/4/2024 3:47,13.47
9/4/2024 3:57,13.43
9/4/2024 4:07,13.38
9/4/2024 4:17,13.34
9/4/2024 4:27,13.34
9/4/2024 4:37,13.3
9/4/2024 4:47,13.3
9/4/2024 4:57,13.25
9/4/2024 5:07,13.25
9/4/2024 5:17,13.17
9/4/2024 5:27,13.21
9/4/2024 5:37,13.17
9/4/2024 5:47,13.21
9/4/2024 5:57,13.21
9/4/2024 6:07,13.17
9/4/2024 6:17,13.12
9/4/2024 6:27,13.12
9/4/2024 6:37,13.08
9/4/2024 6:47,13.08
9/4/2024 6:57,13.12
9/4/2024 7:07,13.08
9/4/2024 7:17,13.08
9/4/2024 7:27,13.12
9/4/2024 7:37,13.08
9/4/2024 7:47,13.12
9/4/2024 7:57,13.12
9/4/2024 8:07,13.17
9/4/2024 8:17,13.25
9/4/2024 8:27,13.34
9/4/2024 8:37,13.34
9/4/2024 8:47,13.43
9/4/2024 8:57,13.51
9/4/2024 9:07,13.64
9/4/2024 9:17,13.68
9/4/2024 9:27,13.77
9/4/2024 9:37,13.85
9/4/2024 9:47,13.94
9/4/2024 9:57,14.03
9/4/2024 10:07,14.11
9/4/2024 10:17,14.2
9/4/2024 10:27,14.33
9/4/2024 10:37,14.45
9/4/2024 10:47,14.58
9/4/2024 10:57,14.71
9/4/2024 11:07,14.84
9/4/2024 11:17,14.97
9/4/2024 11:27,15.14
9/4/2024 11:37,15.23
9/4/2024 11:47,15.36
9/4/2024 11:57,15.44
9/4/2024 12:07,15.53
9/4/2024 12:17,15.66
9/4/2024 12:27,15.74
9/4/2024 12:37,15.87
9/4/2024 12:47,15.91
9/4/2024 12:57,16
9/4/2024 13:07,16.08
9/4/2024 13:17,16.08
9/4/2024 13:27,16.13
9/4/2024 13:37,16.17
9/4/2024 13:47,16.21
9/4/2024 13:57,16.26
9/4/2024 14:07,16.26
9/4/2024 14:17,16.26
9/4/2024 14:27,16.34
9/4/2024 14:37,16.34
9/4/2024 14:47,16.3
9/4/2024 14:57,16.43
9/4/2024 15:07,16.39
9/4/2024 15:17,16.39
9/4/2024 15:27,16.43
9/4/2024 15:37,16.39
9/4/2024 15:47,16.43
9/4/2024 15:57,16.34
9/4/2024 16:07,16.34
9/4/2024 16:17,16.26
9/4/2024 16:27,16.26
9/4/2024 16:37,16.26
9/4/2024 16:47,16.17
9/4/2024 16:57,16.17
9/4/2024 17:07,16.13
9/4/2024 17:17,16.08
9/4/2024 17:27,16.08
9/4/2024 17:37,16
9/4/2024 17:47,15.96
9/4/2024 17:57,15.91
9/4/2024 18:07,15.87
9/4/2024 18:17,15.83
9/4/2024 18:27,15.7
9/4/2024 18:37,15.74
9/4/2024 18:47,15.61
9/4/2024 18:57,15.61
9/4/2024 19:07,15.48
9/4/2024 19:17,15.48
9/4/2024 19:27,15.44
9/4/2024 19:37,15.36
9/4/2024 19:47,15.27
9/4/2024 19:57,15.27
9/4/2024 20:07,15.18
9/4/2024 20:17,15.06
9/4/2024 20:27,15.06
9/4/2024 20:37,14.97
9/4/2024 20:47,14.88
9/4/2024 20:57,14.84
9/4/2024 21:07,14.75
9/4/2024 21:17,14.67
9/4/2024 21:27,14.67
9/4/2024 21:37,14.58
9/4/2024 21:47,14.5
9/4/2024 21:57,14.45
9/4/2024 22:07,14.41
9/4/2024 22:17,14.28
9/4/2024 22:27,14.28
9/4/2024 22:37,14.24
9/4/2024 22:47,14.2
9/4/2024 22:57,14.11
9/4/2024 23:07,14.11
9/4/2024 23:17,14.07
9/4/2024 23:27,13.94
9/4/2024 23:37,13.94
9/4/2024 23:47,13.85
9/4/2024 23:57,13.85
9/5/2024 0:07,13.81
9/5/2024 0:17,13.73
9/5/2024 0:27,13.77
9/5/2024 0:37,13.73
9/5/2024 0:47,13.64
9/5/2024 0:57,13.64
9/5/2024 1:07,13.55
9/5/2024 1:17,13.51
9/5/2024 1:27,13.51
9/5/2024 1:37,13.43
9/5/2024 1:47,13.43
9/5/2024 1:57,13.38
9/5/2024 2:07,13.34
9/5/2024 2:17,13.3
9/5/2024 2:27,13.25
9/5/2024 2:37,13.3
9/5/2024 2:47,13.25
9/5/2024 2:57,13.3
9/5/2024 3:07,13.21
9/5/2024 3:17,13.21
9/5/2024 3:27,13.21
9/5/2024 3:37,13.21
9/5/2024 3:47,13.21
9/5/2024 3:57,13.17
9/5/2024 4:07,13.17
9/5/2024 4:17,13.17
9/5/2024 4:27,13.12
9/5/2024 4:37,13.17
9/5/2024 4:47,13.17
9/5/2024 4:57,13.17
9/5/2024 5:07,13.17
9/5/2024 5:17,13.21
9/5/2024 5:27,13.21
9/5/2024 5:37,13.25
9/5/2024 5:47,13.21
9/5/2024 5:57,13.25
9/5/2024 6:07,13.25
9/5/2024 6:17,13.3
9/5/2024 6:27,13.25
9/5/2024 6:37,13.38
9/5/2024 6:47,13.3
9/5/2024 6:57,13.34
9/5/2024 7:07,13.43
9/5/2024 7:17,13.47
9/5/2024 7:27,13.47
9/5/2024 7:37,13.51
9/5/2024 7:47,13.55
9/5/2024 7:57,13.64
9/5/2024 8:07,13.68
9/5/2024 8:17,13.73
9/5/2024 8:27,13.73
9/5/2024 8:37,13.77
9/5/2024 8:47,13.81
9/5/2024 8:57,13.85
9/5/2024 9:07,13.85
9/5/2024 9:17,13.94
9/5/2024 9:27,13.94
9/5/2024 9:37,13.9
9/5/2024 9:47,13.98
9/5/2024 9:57,14.03
9/5/2024 10:07,14.07
9/5/2024 10:17,14.11
9/5/2024 10:27,14.11
9/5/2024 10:37,14.07
9/5/2024 10:47,14.2
9/5/2024 10:57,14.15
9/5/2024 11:07,14.2
9/5/2024 11:17,14.28
9/5/2024 11:27,14.28
9/5/2024 11:37,14.33
9/5/2024 11:47,14.33
9/5/2024 11:57,14.41
9/5/2024 12:07,14.41
9/5/2024 12:17,14.5
9/5/2024 12:27,14.54
9/5/2024 12:37,14.54
9/5/2024 12:47,14.63
9/5/2024 12:57,14.67
9/5/2024 13:07,14.75
9/5/2024 13:17,14.84
9/5/2024 13:27,14.84
9/5/2024 13:37,14.97
9/5/2024 13:47,15.01
9/5/2024 13:57,15.06
9/5/2024 14:07,15.06
9/5/2024 14:17,15.14
9/5/2024 14:27,15.18
9/5/2024 14:37,15.23
9/5/2024 14:47,15.27
9/5/2024 14:57,15.31
9/5/2024 15:07,15.31
9/5/2024 15:17,15.36
9/5/2024 15:27,15.36
9/5/2024 15:37,15.36
9/5/2024 15:47,15.36
9/5/2024 15:57,15.44
9/5/2024 16:07,15.44
9/5/2024 16:17,15.44
9/5/2024 16:27,15.48
9/5/2024 16:37,15.48
9/5/2024 16:47,15.53
9/5/2024 16:57,15.53
9/5/2024 17:07,15.53
9/5/2024 17:17,15.53
9/5/2024 17:27,15.53
9/5/2024 17:37,15.53
9/5/2024 17:47,15.48
9/5/2024 17:57,15.48
9/5/2024 18:07,15.53
9/5/2024 18:17,15.48
9/5/2024 18:27,15.53
9/5/2024 18:37,15.48
9/5/2024 18:47,15.48
9/5/2024 18:57,15.4
9/5/2024 19:07,15.48
9/5/2024 19:17,15.44
9/5/2024 19:27,15.4
9/5/2024 19:37,15.44
9/5/2024 19:47,15.4
9/5/2024 19:57,15.44
9/5/2024 20:07,15.44
9/5/2024 20:17,15.44
9/5/2024 20:27,15.4
9/5/2024 20:37,15.4
9/5/2024 20:47,15.31
9/5/2024 20:57,15.31
9/5/2024 21:07,15.31
9/5/2024 21:17,15.36
9/5/2024 21:27,15.27
9/5/2024 21:37,15.27
9/5/2024 21:47,15.23
9/5/2024 21:57,15.14
9/5/2024 22:07,15.27
9/5/2024 22:17,15.23
9/5/2024 22:27,15.23
9/5/2024 22:37,15.31
9/5/2024 22:47,15.36
9/5/2024 22:57,15.44
9/5/2024 23:07,15.44
9/5/2024 23:17,15.53
9/5/2024 23:27,15.57
9/5/2024 23:37,15.57
9/5/2024 23:47,15.57
9/5/2024 23:57,15.61
9/6/2024 0:07,15.61
9/6/2024 0:17,15.53
9/6/2024 0:27,15.48
9/6/2024 0:37,15.48
9/6/2024 0:47,15.4
9/6/2024 0:57,15.31
9/6/2024 1:07,15.23
9/6/2024 1:17,15.23
9/6/2024 1:27,15.14
9/6/2024 1:37,15.18
9/6/2024 1:47,15.14
9/6/2024 1:57,15.18
9/6/2024 2:07,15.14
9/6/2024 2:17,15.14
9/6/2024 2:27,15.14
9/6/2024 2:37,15.14
9/6/2024 2:47,15.1
9/6/2024 2:57,15.01
9/6/2024 3:07,15.01
9/6/2024 3:17,14.93
9/6/2024 3:27,14.84
9/6/2024 3:37,14.84
9/6/2024 3:47,14.8
9/6/2024 3:57,14.71
9/6/2024 4:07,14.63
9/6/2024 4:17,14.63
9/6/2024 4:27,14.54
9/6/2024 4:37,14.5
9/6/2024 4:47,14.37
9/6/2024 4:57,14.33
9/6/2024 5:07,14.24
9/6/2024 5:17,14.2
9/6/2024 5:27,14.15
9/6/2024 5:37,14.03
9/6/2024 5:47,13.98
9/6/2024 5:57,13.9
9/6/2024 6:07,13.81
9/6/2024 6:17,13.73
9/6/2024 6:27,13.64
9/6/2024 6:37,13.55
9/6/2024 6:47,13.51
9/6/2024 6:57,13.47
9/6/2024 7:07,13.38
9/6/2024 7:17,13.34
9/6/2024 7:27,13.3
9/6/2024 7:37,13.25
9/6/2024 7:47,13.25
9/6/2024 7:57,13.21
9/6/2024 8:07,13.21
9/6/2024 8:17,13.17
9/6/2024 8:27,13.17
9/6/2024 8:37,13.12
9/6/2024 8:47,13.12
9/6/2024 8:57,13.12
9/6/2024 9:07,13.12
9/6/2024 9:17,13.12
9/6/2024 9:27,13.12
9/6/2024 9:37,13.21
9/6/2024 9:47,13.17
9/6/2024 9:57,13.21
9/6/2024 10:07,13.21
9/6/2024 10:17,13.25
9/6/2024 10:27,13.34
9/6/2024 10:37,13.38
9/6/2024 10:47,13.47
9/6/2024 10:57,13.47
9/6/2024 11:07,13.6
9/6/2024 11:17,13.64
9/6/2024 11:27,13.68
9/6/2024 11:37,13.68
9/6/2024 11:47,13.81
9/6/2024 11:57,13.85
9/6/2024 12:07,13.94
9/6/2024 12:17,13.94
9/6/2024 12:27,13.98
9/6/2024 12:37,14.07
9/6/2024 12:47,14.07
9/6/2024 12:57,14.15
9/6/2024 13:07,14.11
9/6/2024 13:17,14.2
9/6/2024 13:27,14.24
9/6/2024 13:37,14.24
9/6/2024 13:47,14.24
9/6/2024 13:57,14.33
9/6/2024 14:07,14.28
9/6/2024 14:17,14.28
9/6/2024 14:27,14.24
9/6/2024 14:37,14.24
9/6/2024 14:47,14.24
9/6/2024 14:57,14.24
9/6/2024 15:07,14.24
9/6/2024 15:17,14.2
9/6/2024 15:27,14.2
9/6/2024 15:37,14.15
9/6/2024 15:47,14.11
9/6/2024 15:57,14.11
9/6/2024 16:07,14.03
9/6/2024 16:17,13.98
9/6/2024 16:27,13.94
9/6/2024 16:37,13.85
9/6/2024 16:47,13.81
9/6/2024 16:57,13.77
9/6/2024 17:07,13.68
9/6/2024 17:17,13.6
9/6/2024 17:27,13.51
9/6/2024 17:37,13.38
9/6/2024 17:47,13.34
9/6/2024 17:57,13.3
9/6/2024 18:07,13.25
9/6/2024 18:17,13.21
9/6/2024 18:27,13.12
9/6/2024 18:37,13.04
9/6/2024 18:47,12.95
9/6/2024 18:57,12.91
9/6/2024 19:07,12.82
9/6/2024 19:17,12.74
9/6/2024 19:27,12.74
9/6/2024 19:37,12.7
9/6/2024 19:47,12.65
9/6/2024 19:57,12.57
9/6/2024 20:07,12.57
9/6/2024 20:17,12.52
9/6/2024 20:27,12.48
9/6/2024 20:37,12.44
9/6/2024 20:47,12.4
9/6/2024 20:57,12.35
9/6/2024 21:07,12.31
9/6/2024 21:17,12.35
9/6/2024 21:27,12.27
9/6/2024 21:37,12.27
9/6/2024 21:47,12.22
9/6/2024 21:57,12.27
9/6/2024 22:07,12.18
9/6/2024 22:17,12.14
9/6/2024 22:27,12.14
9/6/2024 22:37,12.05
9/6/2024 22:47,12.1
9/6/2024 22:57,12.1
9/6/2024 23:07,12.05
9/6/2024 23:17,12.05
9/6/2024 23:27,12.05
9/6/2024 23:37,12.01
9/6/2024 23:47,12.01
9/6/2024 23:57,12.01
9/7/2024 0:07,11.97
9/7/2024 0:17,11.97
9/7/2024 0:27,11.92
9/7/2024 0:37,12.01
9/7/2024 0:47,11.92
9/7/2024 0:57,11.92
9/7/2024 1:07,11.92
9/7/2024 1:17,11.92
9/7/2024 1:27,11.88
9/7/2024 1:37,11.92
9/7/2024 1:47,11.88
9/7/2024 1:57,11.79
9/7/2024 2:07,11.84
9/7/2024 2:17,11.88
9/7/2024 2:27,11.84
9/7/2024 2:37,11.84
9/7/2024 2:47,11.79
9/7/2024 2:57,11.79
9/7/2024 3:07,11.75
9/7/2024 3:17,11.75
9/7/2024 3:27,11.79
9/7/2024 3:37,11.75
9/7/2024 3:47,11.75
9/7/2024 3:57,11.75
9/7/2024 4:07,11.79
9/7/2024 4:17,11.79
9/7/2024 4:27,11.79
9/7/2024 4:37,11.79
9/7/2024 4:47,11.79
9/7/2024 4:57,11.79
9/7/2024 5:07,11.84
9/7/2024 5:17,11.79
9/7/2024 5:27,11.79
9/7/2024 5:37,11.79
9/7/2024 5:47,11.84
9/7/2024 5:57,11.84
9/7/2024 6:07,11.88
9/7/2024 6:17,11.84
9/7/2024 6:27,11.92
9/7/2024 6:37,11.92
9/7/2024 6:47,11.97
9/7/2024 6:57,12.01
9/7/2024 7:07,12.01
9/7/2024 7:17,12.01
9/7/2024 7:27,12.14
9/7/2024 7:37,12.14
9/7/2024 7:47,12.22
9/7/2024 7:57,12.22
9/7/2024 8:07,12.31
9/7/2024 8:17,12.35
9/7/2024 8:27,12.4
9/7/2024 8:37,12.48
9/7/2024 8:47,12.48
9/7/2024 8:57,12.57
9/7/2024 9:07,12.57
9/7/2024 9:17,12.65
9/7/2024 9:27,12.82
9/7/2024 9:37,12.82
9/7/2024 9:47,12.82
9/7/2024 9:57,12.91
9/7/2024 10:07,13
9/7/2024 10:17,13.21
9/7/2024 10:27,13.25
9/7/2024 10:37,13.38
9/7/2024 10:47,13.47
9/7/2024 10:57,13.55
9/7/2024 11:07,13.64
9/7/2024 11:17,13.77
9/7/2024 11:27,13.9
9/7/2024 11:37,14.03
9/7/2024 11:47,14.15
9/7/2024 11:57,14.24
9/7/2024 12:07,14.28
9/7/2024 12:17,14.37
9/7/2024 12:27,14.45
9/7/2024 12:37,14.54
9/7/2024 12:47,14.67
9/7/2024 12:57,14.67
9/7/2024 13:07,14.75
9/7/2024 13:17,14.75
9/7/2024 13:27,14.84
9/7/2024 13:37,14.84
9/7/2024 13:47,14.84
9/7/2024 13:57,14.84
9/7/2024 14:07,14.8
9/7/2024 14:17,14.88
9/7/2024 14:27,14.93
9/7/2024 14:37,14.88
9/7/2024 14:47,14.93
9/7/2024 14:57,14.93
9/7/2024 15:07,14.97
9/7/2024 15:17,14.97
9/7/2024 15:27,14.93
9/7/2024 15:37,14.93
9/7/2024 15:47,14.93
9/7/2024 15:57,14.93
9/7/2024 16:07,14.88
9/7/2024 16:17,14.88
9/7/2024 16:27,14.88
9/7/2024 16:37,14.8
9/7/2024 16:47,14.8
9/7/2024 16:57,14.75
9/7/2024 17:07,14.75
9/7/2024 17:17,14.67
9/7/2024 17:27,14.67
9/7/2024 17:37,14.58
9/7/2024 17:47,14.54
9/7/2024 17:57,14.54
9/7/2024 18:07,14.5
9/7/2024 18:17,14.45
9/7/2024 18:27,14.41
9/7/2024 18:37,14.33
9/7/2024 18:47,14.33
9/7/2024 18:57,14.2
9/7/2024 19:07,14.15
9/7/2024 19:17,14.15
9/7/2024 19:27,14.07
9/7/2024 19:37,14.03
9/7/2024 19:47,14.03
9/7/2024 19:57,13.94
9/7/2024 20:07,13.9
9/7/2024 20:17,13.85
9/7/2024 20:27,13.85
9/7/2024 20:37,13.85
9/7/2024 20:47,13.77
9/7/2024 20:57,13.77
9/7/2024 21:07,13.81
9/7/2024 21:17,13.73
9/7/2024 21:27,13.68
9/7/2024 21:37,13.64
9/7/2024 21:47,13.6
9/7/2024 21:57,13.6
9/7/2024 22:07,13.55
9/7/2024 22:17,13.55
9/7/2024 22:27,13.51
9/7/2024 22:37,13.55
9/7/2024 22:47,13.51
9/7/2024 22:57,13.51
9/7/2024 23:07,13.43
9/7/2024 23:17,13.51
9/7/2024 23:27,13.38
9/7/2024 23:37,13.38
9/7/2024 23:47,13.43
9/7/2024 23:57,13.38
9/8/2024 0:07,13.38
9/8/2024 0:17,13.34
9/8/2024 0:27,13.34
9/8/2024 0:37,13.34
9/8/2024 0:47,13.34
9/8/2024 0:57,13.34
9/8/2024 1:07,13.3
9/8/2024 1:17,13.3
9/8/2024 1:27,13.3
9/8/2024 1:37,13.3
9/8/2024 1:47,13.25
9/8/2024 1:57,13.34
9/8/2024 2:07,13.3
9/8/2024 2:17,13.25
9/8/2024 2:27,13.25
9/8/2024 2:37,13.25
9/8/2024 2:47,13.3
9/8/2024 2:57,13.25
9/8/2024 3:07,13.25
9/8/2024 3:17,13.25
9/8/2024 3:27,13.21
9/8/2024 3:37,13.25
9/8/2024 3:47,13.17
9/8/2024 3:57,13.17
9/8/2024 4:07,13.17
9/8/2024 4:17,13.12
9/8/2024 4:27,13.12
9/8/2024 4:37,13.12
9/8/2024 4:47,13.08
9/8/2024 4:57,13.04
9/8/2024 5:07,13.08
9/8/2024 5:17,13.04
9/8/2024 5:27,13.04
9/8/2024 5:37,13.04
9/8/2024 5:47,13
9/8/2024 5:57,12.95
9/8/2024 6:07,12.91
9/8/2024 6:17,12.91
9/8/2024 6:27,12.91
9/8/2024 6:37,12.91
9/8/2024 6:47,12.87
9/8/2024 6:57,12.82
9/8/2024 7:07,12.82
9/8/2024 7:17,12.82
9/8/2024 7:27,12.78
9/8/2024 7:37,12.82
9/8/2024 7:47,12.82
9/8/2024 7:57,12.82
9/8/2024 8:07,12.91
9/8/2024 8:17,12.91
9/8/2024 8:27,12.95
9/8/2024 8:37,13.04
9/8/2024 8:47,13.04
9/8/2024 8:57,13.04
9/8/2024 9:07,13.08
9/8/2024 9:17,13.17
9/8/2024 9:27,13.25
9/8/2024 9:37,13.34
9/8/2024 9:47,13.34
9/8/2024 9:57,13.47
9/8/2024 10:07,13.55
9/8/2024 10:17,13.64
9/8/2024 10:27,13.77
9/8/2024 10:37,13.85
9/8/2024 10:47,13.9
9/8/2024 10:57,14.07
9/8/2024 11:07,14.11
9/8/2024 11:17,14.24
9/8/2024 11:27,14.28
9/8/2024 11:37,14.37
9/8/2024 11:47,14.41
9/8/2024 11:57,14.54
9/8/2024 12:07,14.58
9/8/2024 12:17,14.63
9/8/2024 12:27,14.75
9/8/2024 12:37,14.75
9/8/2024 12:47,14.84
9/8/2024 12:57,14.93
9/8/2024 13:07,15.01
9/8/2024 13:17,15.06
9/8/2024 13:27,15.14
9/8/2024 13:37,15.18
9/8/2024 13:47,15.18
9/8/2024 13:57,15.23
9/8/2024 14:07,15.27
9/8/2024 14:17,15.31
9/8/2024 14:27,15.31
9/8/2024 14:37,15.31
9/8/2024 14:47,15.36
9/8/2024 14:57,15.4
9/8/2024 15:07,15.4
9/8/2024 15:17,15.48
9/8/2024 15:27,15.48
9/8/2024 15:37,15.44
9/8/2024 15:47,15.44
9/8/2024 15:57,15.44
9/8/2024 16:07,15.44
9/8/2024 16:17,15.44
9/8/2024 16:27,15.4
9/8/2024 16:37,15.44
9/8/2024 16:47,15.36
9/8/2024 16:57,15.36
9/8/2024 17:07,15.27
9/8/2024 17:17,15.27
9/8/2024 17:27,15.23
9/8/2024 17:37,15.18
9/8/2024 17:47,15.18
9/8/2024 17:57,15.14
9/8/2024 18:07,15.1
9/8/2024 18:17,15.06
9/8/2024 18:27,15.01
9/8/2024 18:37,15.01
9/8/2024 18:47,14.93
9/8/2024 18:57,14.93
9/8/2024 19:07,14.88
9/8/2024 19:17,14.84
9/8/2024 19:27,14.8
9/8/2024 19:37,14.8
9/8/2024 19:47,14.75
9/8/2024 19:57,14.71
9/8/2024 20:07,14.67
9/8/2024 20:17,14.63
9/8/2024 20:27,14.63
9/8/2024 20:37,14.54
9/8/2024 20:47,14.63
9/8/2024 20:57,14.63
9/8/2024 21:07,14.71
9/8/2024 21:17,14.71
9/8/2024 21:27,14.63
9/8/2024 21:37,14.54
9/8/2024 21:47,14.5
9/8/2024 21:57,14.41
9/8/2024 22:07,14.33
9/8/2024 22:17,14.33
9/8/2024 22:27,14.33
9/8/2024 22:37,14.33
9/8/2024 22:47,14.24
9/8/2024 22:57,14.24
9/8/2024 23:07,14.2
9/8/2024 23:17,14.15
9/8/2024 23:27,14.07
9/8/2024 23:37,14.07
9/8/2024 23:47,14.03
9/8/2024 23:57,14.03
9/9/2024 0:07,13.98
9/9/2024 0:17,13.94
9/9/2024 0:27,13.9
9/9/2024 0:37,13.9
9/9/2024 0:47,13.85
9/9/2024 0:57,13.85
9/9/2024 1:07,13.85
9/9/2024 1:17,13.81
9/9/2024 1:27,13.77
9/9/2024 1:37,13.77
9/9/2024 1:47,13.73
9/9/2024 1:57,13.68
9/9/2024 2:07,13.64
9/9/2024 2:17,13.6
9/9/2024 2:27,13.6
9/9/2024 2:37,13.55
9/9/2024 2:47,13.47
9/9/2024 2:57,13.43
9/9/2024 3:07,13.43
9/9/2024 3:17,13.38
9/9/2024 3:27,13.34
9/9/2024 3:37,13.25
9/9/2024 3:47,13.25
9/9/2024 3:57,13.21
9/9/2024 4:07,13.12
9/9/2024 4:17,13.08
9/9/2024 4:27,13.04
9/9/2024 4:37,13
9/9/2024 4:47,12.95
9/9/2024 4:57,12.91
9/9/2024 5:07,12.82
9/9/2024 5:17,12.74
9/9/2024 5:27,12.74
9/9/2024 5:37,12.7
9/9/2024 5:47,12.61
9/9/2024 5:57,12.57
9/9/2024 6:07,12.48
9/9/2024 6:17,12.48
9/9/2024 6:27,12.44
9/9/2024 6:37,12.4
9/9/2024 6:47,12.4
9/9/2024 6:57,12.31
9/9/2024 7:07,12.31
9/9/2024 7:17,12.27
9/9/2024 7:27,12.22
9/9/2024 7:37,12.18
9/9/2024 7:47,12.22
9/9/2024 7:57,12.22
9/9/2024 8:07,12.22
9/9/2024 8:17,12.27
9/9/2024 8:27,12.22
9/9/2024 8:37,12.18
9/9/2024 8:47,12.27
9/9/2024 8:57,12.27
9/9/2024 9:07,12.31
9/9/2024 9:17,12.35
9/9/2024 9:27,12.35
9/9/2024 9:37,12.44
9/9/2024 9:47,12.48
9/9/2024 9:57,12.48
9/9/2024 10:07,12.57
9/9/2024 10:17,12.65
9/9/2024 10:27,12.7
9/9/2024 10:37,12.74
9/9/2024 10:47,12.87
9/9/2024 10:57,13
9/9/2024 11:07,13.04
9/9/2024 11:17,13.12
9/9/2024 11:27,13.21
9/9/2024 11:37,13.34
9/9/2024 11:47,13.43
9/9/2024 11:57,13.43
9/9/2024 12:07,13.51
9/9/2024 12:17,13.68
9/9/2024 12:27,13.68
9/9/2024 12:37,13.81
9/9/2024 12:47,13.9
9/9/2024 12:57,13.9
9/9/2024 13:07,14.03
9/9/2024 13:17,14.07
9/9/2024 13:27,14.11
9/9/2024 13:37,14.2
9/9/2024 13:47,14.24
9/9/2024 13:57,14.2
9/9/2024 14:07,14.33
9/9/2024 14:17,14.33
9/9/2024 14:27,14.37
9/9/2024 14:37,14.45
9/9/2024 14:47,14.45
9/9/2024 14:57,14.45
9/9/2024 15:07,14.45
9/9/2024 15:17,14.45
9/9/2024 15:27,14.45
9/9/2024 15:37,14.5
9/9/2024 15:47,14.5
9/9/2024 15:57,14.5
9/9/2024 16:07,14.54
9/9/2024 16:17,14.58
9/9/2024 16:27,14.54
9/9/2024 16:37,14.5
9/9/2024 16:47,14.54
9/9/2024 16:57,14.5
9/9/2024 17:07,14.45
9/9/2024 17:17,14.41
9/9/2024 17:27,14.41
9/9/2024 17:37,14.37
9/9/2024 17:47,14.33
9/9/2024 17:57,14.28
9/9/2024 18:07,14.24
9/9/2024 18:17,14.24
9/9/2024 18:27,14.15
9/9/2024 18:37,14.11
9/9/2024 18:47,14.07
9/9/2024 18:57,13.98
9/9/2024 19:07,13.98
9/9/2024 19:17,13.85
9/9/2024 19:27,13.81
9/9/2024 19:37,13.81
9/9/2024 19:47,13.73
9/9/2024 19:57,13.6
9/9/2024 20:07,13.55
9/9/2024 20:17,13.51
9/9/2024 20:27,13.43
9/9/2024 20:37,13.38
9/9/2024 20:47,13.3
9/9/2024 20:57,13.25
9/9/2024 21:07,13.21
9/9/2024 21:17,13.12
9/9/2024 21:27,13.04
9/9/2024 21:37,13
9/9/2024 21:47,12.95
9/9/2024 21:57,12.87
9/9/2024 22:07,12.82
9/9/2024 22:17,12.78
9/9/2024 22:27,12.74
9/9/2024 22:37,12.65
9/9/2024 22:47,12.61
9/9/2024 22:57,12.52
9/9/2024 23:07,12.48
9/9/2024 23:17,12.4
9/9/2024 23:27,12.4
9/9/2024 23:37,12.27
9/9/2024 23:47,12.27
9/9/2024 23:57,12.18
9/10/2024 0:07,12.1
9/10/2024 0:17,12.1
9/10/2024 0:27,12.01
9/10/2024 0:37,11.97
9/10/2024 0:47,11.92
9/10/2024 0:57,11.88
9/10/2024 1:07,11.84
9/10/2024 1:17,11.79
9/10/2024 1:27,11.71
9/10/2024 1:37,11.67
9/10/2024 1:47,11.62
9/10/2024 1:57,11.58
9/10/2024 2:07,11.49
9/10/2024 2:17,11.45
9/10/2024 2:27,11.41
9/10/2024 2:37,11.37
9/10/2024 2:47,11.37
9/10/2024 2:57,11.32
9/10/2024 3:07,11.28
9/10/2024 3:17,11.19
9/10/2024 3:27,11.15
9/10/2024 3:37,11.15
9/10/2024 3:47,11.15
9/10/2024 3:57,11.11
9/10/2024 4:07,11.07
9/10/2024 4:17,10.98
9/10/2024 4:27,10.98
9/10/2024 4:37,10.98
9/10/2024 4:47,10.94
9/10/2024 4:57,10.89
9/10/2024 5:07,10.85
9/10/2024 5:17,10.81
9/10/2024 5:27,10.85
9/10/2024 5:37,10.81
9/10/2024 5:47,10.77
9/10/2024 5:57,10.81
9/10/2024 6:07,10.77
9/10/2024 6:17,10.72
9/10/2024 6:27,10.77
9/10/2024 6:37,10.77
9/10/2024 6:47,10.77
9/10/2024 6:57,10.77
9/10/2024 7:07,10.81
9/10/2024 7:17,10.81
9/10/2024 7:27,10.85
9/10/2024 7:37,10.85
9/10/2024 7:47,10.89
9/10/2024 7:57,10.89
9/10/2024 8:07,10.98
9/10/2024 8:17,11.02
9/10/2024 8:27,10.98
9/10/2024 8:37,11.11
9/10/2024 8:47,11.15
9/10/2024 8:57,11.24
9/10/2024 9:07,11.32
9/10/2024 9:17,11.41
9/10/2024 9:27,11.45
9/10/2024 9:37,11.54
9/10/2024 9:47,11.67
9/10/2024 9:57,11.75
9/10/2024 10:07,11.88
9/10/2024 10:17,12.01
9/10/2024 10:27,12.1
9/10/2024 10:37,12.27
9/10/2024 10:47,12.4
9/10/2024 10:57,12.52
9/10/2024 11:07,12.65
9/10/2024 11:17,12.74
9/10/2024 11:27,12.87
9/10/2024 11:37,12.95
9/10/2024 11:47,13.12
9/10/2024 11:57,13.21
9/10/2024 12:07,13.3
9/10/2024 12:17,13.38
9/10/2024 12:27,13.43
9/10/2024 12:37,13.55
9/10/2024 12:47,13.64
9/10/2024 12:57,13.73
9/10/2024 13:07,13.77
9/10/2024 13:17,13.81
9/10/2024 13:27,13.85
9/10/2024 13:37,13.94
9/10/2024 13:47,13.94
9/10/2024 13:57,14.03
9/10/2024 14:07,14.07
9/10/2024 14:17,14.11
9/10/2024 14:27,14.11
9/10/2024 14:37,14.15
9/10/2024 14:47,14.2
9/10/2024 14:57,14.2
9/10/2024 15:07,14.28
9/10/2024 15:17,14.37
9/10/2024 15:27,14.37
9/10/2024 15:37,14.41
9/10/2024 15:47,14.45
9/10/2024 15:57,14.5
9/10/2024 16:07,14.54
9/10/2024 16:17,14.58
9/10/2024 16:27,14.63
9/10/2024 16:37,14.58
9/10/2024 16:47,14.63
9/10/2024 16:57,14.67
9/10/2024 17:07,14.71
9/10/2024 17:17,14.71
9/10/2024 17:27,14.75
9/10/2024 17:37,14.75
9/10/2024 17:47,14.75
9/10/2024 17:57,14.8
9/10/2024 18:07,14.8
9/10/2024 18:17,14.8
9/10/2024 18:27,14.88
9/10/2024 18:37,14.88
9/10/2024 18:47,14.93
9/10/2024 18:57,14.93
9/10/2024 19:07,14.93
9/10/2024 19:17,14.93
9/10/2024 19:27,14.97
9/10/2024 19:37,15.01
9/10/2024 19:47,15.01
9/10/2024 19:57,15.01
9/10/2024 20:07,15.01
9/10/2024 20:17,15.06
9/10/2024 20:27,15.1
9/10/2024 20:37,15.1
9/10/2024 20:47,15.14
9/10/2024 20:57,15.14
9/10/2024 21:07,15.18
9/10/2024 21:17,15.14
9/10/2024 21:27,15.23
9/10/2024 21:37,15.18
9/10/2024 21:47,15.18
9/10/2024 21:57,15.23
9/10/2024 22:07,15.23
9/10/2024 22:17,15.23
9/10/2024 22:27,15.27
9/10/2024 22:37,15.31
9/10/2024 22:47,15.36
9/10/2024 22:57,15.4
9/10/2024 23:07,15.44
9/10/2024 23:17,15.44
9/10/2024 23:27,15.53
9/10/2024 23:37,15.53
9/10/2024 23:47,15.53
9/10/2024 23:57,15.57
9/11/2024 0:07,15.53
9/11/2024 0:17,15.53
9/11/2024 0:27,15.44
9/11/2024 0:37,15.44
9/11/2024 0:47,15.44
9/11/2024 0:57,15.53
9/11/2024 1:07,15.57
9/11/2024 1:17,15.61
9/11/2024 1:27,15.57
9/11/2024 1:37,15.57
9/11/2024 1:47,15.53
9/11/2024 1:57,15.48
9/11/2024 2:07,15.48
9/11/2024 2:17,15.44
9/11/2024 2:27,15.44
9/11/2024 2:37,15.4
9/11/2024 2:47,15.36
9/11/2024 2:57,15.31
9/11/2024 3:07,15.31
9/11/2024 3:17,15.27
9/11/2024 3:27,15.27
9/11/2024 3:37,15.27
9/11/2024 3:47,15.23
9/11/2024 3:57,15.23
9/11/2024 4:07,15.18
9/11/2024 4:17,15.14
9/11/2024 4:27,15.14
9/11/2024 4:37,15.14
9/11/2024 4:47,15.06
9/11/2024 4:57,15.1
9/11/2024 5:07,15.06
9/11/2024 5:17,14.97
9/11/2024 5:27,14.97
9/11/2024 5:37,14.93
9/11/2024 5:47,14.93
9/11/2024 5:57,14.93
9/11/2024 6:07,14.84
9/11/2024 6:17,14.8
9/11/2024 6:27,14.8
9/11/2024 6:37,14.8
9/11/2024 6:47,14.75
9/11/2024 6:57,14.71
9/11/2024 7:07,14.71
9/11/2024 7:17,14.67
9/11/2024 7:27,14.67
9/11/2024 7:37,14.67
9/11/2024 7:47,14.63
9/11/2024 7:57,14.63
9/11/2024 8:07,14.58
9/11/2024 8:17,14.58
9/11/2024 8:27,14.58
9/11/2024 8:37,14.63
9/11/2024 8:47,14.67
9/11/2024 8:57,14.67
9/11/2024 9:07,14.63
9/11/2024 9:17,14.67
9/11/2024 9:27,14.67
9/11/2024 9:37,14.75
9/11/2024 9:47,14.75
9/11/2024 9:57,14.8
9/11/2024 10:07,14.84
9/11/2024 10:17,14.93
9/11/2024 10:27,15.06
9/11/2024 10:37,15.06
9/11/2024 10:47,15.14
9/11/2024 10:57,15.23
9/11/2024 11:07,15.31
9/11/2024 11:17,15.4
9/11/2024 11:27,15.44
9/11/2024 11:37,15.61
9/11/2024 11:47,15.66
9/11/2024 11:57,15.7
9/11/2024 12:07,15.78
9/11/2024 12:17,15.87
9/11/2024 12:27,15.91
9/11/2024 12:37,16
9/11/2024 12:47,16.04
9/11/2024 12:57,16.13
9/11/2024 13:07,16.13
9/11/2024 13:17,16.17
9/11/2024 13:27,16.17
9/11/2024 13:37,16.21
9/11/2024 13:47,16.21
9/11/2024 13:57,16.26
9/11/2024 14:07,16.26
9/11/2024 14:17,16.26
9/11/2024 14:27,16.21
9/11/2024 14:37,16.26
9/11/2024 14:47,16.21
9/11/2024 14:57,16.3
9/11/2024 15:07,16.26
9/11/2024 15:17,16.26
9/11/2024 15:27,16.21
9/11/2024 15:37,16.17
9/11/2024 15:47,16.21
9/11/2024 15:57,16.17
9/11/2024 16:07,16.08
9/11/2024 16:17,16.08
9/11/2024 16:27,16.04
9/11/2024 16:37,16
9/11/2024 16:47,15.96
9/11/2024 16:57,15.91
9/11/2024 17:07,15.87
9/11/2024 17:17,15.87
9/11/2024 17:27,15.83
9/11/2024 17:37,15.74
9/11/2024 17:47,15.78
9/11/2024 17:57,15.7
9/11/2024 18:07,15.61
9/11/2024 18:17,15.61
9/11/2024 18:27,15.53
9/11/2024 18:37,15.48
9/11/2024 18:47,15.44
9/11/2024 18:57,15.44
9/11/2024 19:07,15.36
9/11/2024 19:17,15.31
9/11/2024 19:27,15.27
9/11/2024 19:37,15.18
9/11/2024 19:47,15.1
9/11/2024 19:57,15.06
9/11/2024 20:07,15.01
9/11/2024 20:17,14.97
9/11/2024 20:27,14.93
9/11/2024 20:37,14.88
9/11/2024 20:47,14.84
9/11/2024 20:57,14.8
9/11/2024 21:07,14.75
9/11/2024 21:17,14.71
9/11/2024 21:27,14.63
9/11/2024 21:37,14.67
9/11/2024 21:47,14.58
9/11/2024 21:57,14.54
9/11/2024 22:07,14.54
9/11/2024 22:17,14.5
9/11/2024 22:27,14.45
9/11/2024 22:37,14.41
9/11/2024 22:47,14.37
9/11/2024 22:57,14.37
9/11/2024 23:07,14.33
9/11/2024 23:17,14.28
9/11/2024 23:27,14.28
9/11/2024 23:37,14.24
9/11/2024 23:47,14.24
9/11/2024 23:57,14.2
9/12/2024 0:07,14.15
9/12/2024 0:17,14.15
9/12/2024 0:27,14.11
9/12/2024 0:37,14.07
9/12/2024 0:47,14.11
9/12/2024 0:57,14.07
9/12/2024 1:07,14.03
9/12/2024 1:17,14.03
9/12/2024 1:27,14.03
9/12/2024 1:37,13.98
9/12/2024 1:47,13.98
9/12/2024 1:57,13.98
9/12/2024 2:07,13.9
9/12/2024 2:17,13.9
9/12/2024 2:27,13.9
9/12/2024 2:37,13.9
9/12/2024 2:47,13.94
9/12/2024 2:57,13.85
9/12/2024 3:07,13.85
9/12/2024 3:17,13.85
9/12/2024 3:27,13.77
9/12/2024 3:37,13.77
9/12/2024 3:47,13.73
9/12/2024 3:57,13.73
9/12/2024 4:07,13.73
9/12/2024 4:17,13.73
9/12/2024 4:27,13.64
9/12/2024 4:37,13.6
9/12/2024 4:47,13.64
9/12/2024 4:57,13.55
9/12/2024 5:07,13.55
9/12/2024 5:17,13.47
9/12/2024 5:27,13.51
9/12/2024 5:37,13.51
9/12/2024 5:47,13.47
9/12/2024 5:57,13.47
9/12/2024 6:07,13.43
9/12/2024 6:17,13.38
9/12/2024 6:27,13.38
9/12/2024 6:37,13.34
9/12/2024 6:47,13.3
9/12/2024 6:57,13.3
9/12/2024 7:07,13.3
9/12/2024 7:17,13.3
9/12/2024 7:27,13.34
9/12/2024 7:37,13.25
9/12/2024 7:47,13.3
9/12/2024 7:57,13.3
9/12/2024 8:07,13.3
9/12/2024 8:17,13.38
9/12/2024 8:27,13.38
9/12/2024 8:37,13.38
9/12/2024 8:47,13.43
9/12/2024 8:57,13.51
9/12/2024 9:07,13.51
9/12/2024 9:17,13.6
9/12/2024 9:27,13.64
9/12/2024 9:37,13.68
9/12/2024 9:47,13.81
9/12/2024 9:57,13.85
9/12/2024 10:07,13.94
9/12/2024 10:17,13.94
9/12/2024 10:27,14.03
9/12/2024 10:37,14.11
9/12/2024 10:47,14.24
9/12/2024 10:57,14.33
9/12/2024 11:07,14.5
9/12/2024 11:17,14.54
9/12/2024 11:27,14.67
9/12/2024 11:37,14.71
9/12/2024 11:47,14.88
9/12/2024 11:57,14.93
9/12/2024 12:07,15.01
9/12/2024 12:17,15.1
9/12/2024 12:27,15.18
9/12/2024 12:37,15.27
9/12/2024 12:47,15.36
9/12/2024 12:57,15.4
9/12/2024 13:07,15.48
9/12/2024 13:17,15.53
9/12/2024 13:27,15.57
9/12/2024 13:37,15.66
9/12/2024 13:47,15.66
9/12/2024 13:57,15.66
9/12/2024 14:07,15.7
9/12/2024 14:17,15.7
9/12/2024 14:27,15.7
9/12/2024 14:37,15.74
9/12/2024 14:47,15.74
9/12/2024 14:57,15.78
9/12/2024 15:07,15.7
9/12/2024 15:17,15.74
9/12/2024 15:27,15.74
9/12/2024 15:37,15.74
9/12/2024 15:47,15.74
9/12/2024 15:57,15.7
9/12/2024 16:07,15.7
9/12/2024 16:17,15.7
9/12/2024 16:27,15.66
9/12/2024 16:37,15.66
9/12/2024 16:47,15.61
9/12/2024 16:57,15.57
9/12/2024 17:07,15.57
9/12/2024 17:17,15.53
9/12/2024 17:27,15.53
9/12/2024 17:37,15.48
9/12/2024 17:47,15.48
9/12/2024 17:57,15.44
9/12/2024 18:07,15.4
9/12/2024 18:17,15.36
9/12/2024 18:27,15.36
9/12/2024 18:37,15.31
9/12/2024 18:47,15.27
9/12/2024 18:57,15.27
9/12/2024 19:07,15.23
9/12/2024 19:17,15.18
9/12/2024 19:27,15.14
9/12/2024 19:37,15.06
9/12/2024 19:47,15.06
9/12/2024 19:57,15.01
9/12/2024 20:07,14.97
9/12/2024 20:17,14.97
9/12/2024 20:27,14.93
9/12/2024 20:37,14.88
9/12/2024 20:47,14.88
9/12/2024 20:57,14.84
9/12/2024 21:07,14.84
9/12/2024 21:17,14.75
9/12/2024 21:27,14.75
9/12/2024 21:37,14.67
9/12/2024 21:47,14.67
9/12/2024 21:57,14.67
9/12/2024 22:07,14.67
9/12/2024 22:17,14.58
9/12/2024 22:27,14.63
9/12/2024 22:37,14.58
9/12/2024 22:47,14.54
9/12/2024 22:57,14.5
9/12/2024 23:07,14.5
9/12/2024 23:17,14.5
9/12/2024 23:27,14.5
9/12/2024 23:37,14.41
9/12/2024 23:47,14.41
9/12/2024 23:57,14.41
9/13/2024 0:07,14.41
9/13/2024 0:17,14.41
9/13/2024 0:27,14.33
9/13/2024 0:37,14.37
9/13/2024 0:47,14.33
9/13/2024 0:57,14.33
9/13/2024 1:07,14.33
9/13/2024 1:17,14.28
9/13/2024 1:27,14.24
9/13/2024 1:37,14.24
9/13/2024 1:47,14.24
9/13/2024 1:57,14.24
9/13/2024 2:07,14.24
9/13/2024 2:17,14.2
9/13/2024 2:27,14.2
9/13/2024 2:37,14.2
9/13/2024 2:47,14.15
9/13/2024 2:57,14.15
9/13/2024 3:07,14.11
9/13/2024 3:17,14.15
9/13/2024 3:27,14.11
9/13/2024 3:37,14.07
9/13/2024 3:47,14.07
9/13/2024 3:57,14.07
9/13/2024 4:07,14.03
9/13/2024 4:17,14.03
9/13/2024 4:27,13.98
9/13/2024 4:37,13.94
9/13/2024 4:47,13.98
9/13/2024 4:57,13.94
9/13/2024 5:07,13.94
9/13/2024 5:17,13.9
9/13/2024 5:27,13.94
9/13/2024 5:37,13.9
9/13/2024 5:47,13.85
9/13/2024 5:57,13.85
9/13/2024 6:07,13.81
9/13/2024 6:17,13.81
9/13/2024 6:27,13.81
9/13/2024 6:37,13.77
9/13/2024 6:47,13.81
9/13/2024 6:57,13.77
9/13/2024 7:07,13.81
9/13/2024 7:17,13.81
9/13/2024 7:27,13.81
9/13/2024 7:37,13.85
9/13/2024 7:47,13.81
9/13/2024 7:57,13.85
9/13/2024 8:07,13.85
9/13/2024 8:17,13.9
9/13/2024 8:27,13.94
9/13/2024 8:37,13.98
9/13/2024 8:47,14.03
9/13/2024 8:57,14.03
9/13/2024 9:07,14.11
9/13/2024 9:17,14.15
9/13/2024 9:27,14.2
9/13/2024 9:37,14.2
9/13/2024 9:47,14.24
9/13/2024 9:57,14.24
9/13/2024 10:07,14.24
9/13/2024 10:17,14.28
9/13/2024 10:27,14.24
9/13/2024 10:37,14.28
9/13/2024 10:47,14.2
9/13/2024 10:57,14.24
9/13/2024 11:07,14.24
9/13/2024 11:17,14.24
9/13/2024 11:27,14.24
9/13/2024 11:37,14.24
9/13/2024 11:47,14.2
9/13/2024 11:57,14.2
9/13/2024 12:07,14.2
9/13/2024 12:17,14.15
9/13/2024 12:27,14.15
9/13/2024 12:37,14.15
9/13/2024 12:47,14.11
9/13/2024 12:57,14.11
9/13/2024 13:07,14.11
9/13/2024 13:17,14.07
9/13/2024 13:27,14.07
9/13/2024 13:37,14.03
9/13/2024 13:47,14.03
9/13/2024 13:57,13.98
9/13/2024 14:07,13.94
9/13/2024 14:17,13.94
9/13/2024 14:27,13.9
9/13/2024 14:37,13.85
9/13/2024 14:47,13.85
9/13/2024 14:57,13.85
9/13/2024 15:07,13.85
9/13/2024 15:17,13.81
9/13/2024 15:27,13.77
9/13/2024 15:37,13.73
9/13/2024 15:47,13.77
9/13/2024 15:57,13.77
9/13/2024 16:07,13.73
9/13/2024 16:17,13.68
9/13/2024 16:27,13.68
9/13/2024 16:37,13.64
9/13/2024 16:47,13.64
9/13/2024 16:57,13.6
9/13/2024 17:07,13.55
9/13/2024 17:17,13.47
9/13/2024 17:27,13.47
9/13/2024 17:37,13.38
9/13/2024 17:47,13.38
9/13/2024 17:57,13.25
9/13/2024 18:07,13.25
9/13/2024 18:17,13.21
9/13/2024 18:27,13.12
9/13/2024 18:37,13.04
9/13/2024 18:47,13
9/13/2024 18:57,12.91
9/13/2024 19:07,12.91
9/13/2024 19:17,12.78
9/13/2024 19:27,12.7
9/13/2024 19:37,12.65
9/13/2024 19:47,12.61
9/13/2024 19:57,12.52
9/13/2024 20:07,12.48
9/13/2024 20:17,12.4
9/13/2024 20:27,12.4
9/13/2024 20:37,12.27
9/13/2024 20:47,12.22
9/13/2024 20:57,12.14
9/13/2024 21:07,12.05
9/13/2024 21:17,12.05
9/13/2024 21:27,11.92
9/13/2024 21:37,11.84
9/13/2024 21:47,11.75
9/13/2024 21:57,11.71
9/13/2024 22:07,11.67
9/13/2024 22:17,11.58
9/13/2024 22:27,11.54
9/13/2024 22:37,11.49
9/13/2024 22:47,11.45
9/13/2024 22:57,11.32
9/13/2024 23:07,11.28
9/13/2024 23:17,11.24
9/13/2024 23:27,11.11
9/13/2024 23:37,11.11
9/13/2024 23:47,11.07
9/13/2024 23:57,10.98
9/14/2024 0:07,10.94
9/14/2024 0:17,10.89
9/14/2024 0:27,10.85
9/14/2024 0:37,10.77
9/14/2024 0:47,10.68
9/14/2024 0:57,10.64
9/14/2024 1:07,10.51
9/14/2024 1:17,10.55
9/14/2024 1:27,10.46
9/14/2024 1:37,10.42
9/14/2024 1:47,10.38
9/14/2024 1:57,10.34
9/14/2024 2:07,10.25
9/14/2024 2:17,10.16
9/14/2024 2:27,10.16
9/14/2024 2:37,10.12
9/14/2024 2:47,10.08
9/14/2024 2:57,10.04
9/14/2024 3:07,9.95
9/14/2024 3:17,9.91
9/14/2024 3:27,9.86
9/14/2024 3:37,9.82
9/14/2024 3:47,9.78
9/14/2024 3:57,9.74
9/14/2024 4:07,9.74
9/14/2024 4:17,9.65
9/14/2024 4:27,9.61
9/14/2024 4:37,9.56
9/14/2024 4:47,9.56
9/14/2024 4:57,9.52
9/14/2024 5:07,9.48
9/14/2024 5:17,9.44
9/14/2024 5:27,9.39
9/14/2024 5:37,9.35
9/14/2024 5:47,9.31
9/14/2024 5:57,9.31
9/14/2024 6:07,9.26
9/14/2024 6:17,9.26
9/14/2024 6:27,9.14
9/14/2024 6:37,9.18
9/14/2024 6:47,9.18
9/14/2024 6:57,9.18
9/14/2024 7:07,9.18
9/14/2024 7:17,9.18
9/14/2024 7:27,9.18
9/14/2024 7:37,9.22
9/14/2024 7:47,9.22
9/14/2024 7:57,9.31
9/14/2024 8:07,9.31
9/14/2024 8:17,9.35
9/14/2024 8:27,9.39
9/14/2024 8:37,9.44
9/14/2024 8:47,9.52
9/14/2024 8:57,9.61
9/14/2024 9:07,9.69
9/14/2024 9:17,9.78
9/14/2024 9:27,9.86
9/14/2024 9:37,9.95
9/14/2024 9:47,10.08
9/14/2024 9:57,10.12
9/14/2024 10:07,10.21
9/14/2024 10:17,10.29
9/14/2024 10:27,10.42
9/14/2024 10:37,10.55
9/14/2024 10:47,10.59
9/14/2024 10:57,10.68
9/14/2024 11:07,10.81
9/14/2024 11:17,10.89
9/14/2024 11:27,10.94
9/14/2024 11:37,11.07
9/14/2024 11:47,11.11
9/14/2024 11:57,11.15
9/14/2024 12:07,11.32
9/14/2024 12:17,11.37
9/14/2024 12:27,11.41
9/14/2024 12:37,11.54
9/14/2024 12:47,11.58
9/14/2024 12:57,11.62
9/14/2024 13:07,11.71
9/14/2024 13:17,11.79
9/14/2024 13:27,11.92
9/14/2024 13:37,12.01
9/14/2024 13:47,12.05
9/14/2024 13:57,12.14
9/14/2024 14:07,12.14
9/14/2024 14:17,12.18
9/14/2024 14:27,12.22
9/14/2024 14:37,12.27
9/14/2024 14:47,12.27
9/14/2024 14:57,12.31
9/14/2024 15:07,12.35
9/14/2024 15:17,12.4
9/14/2024 15:27,12.4
9/14/2024 15:37,12.4
9/14/2024 15:47,12.4
9/14/2024 15:57,12.4
9/14/2024 16:07,12.44
9/14/2024 16:17,12.44
9/14/2024 16:27,12.44
9/14/2024 16:37,12.4
9/14/2024 16:47,12.44
9/14/2024 16:57,12.44
9/14/2024 17:07,12.44
9/14/2024 17:17,12.44
9/14/2024 17:27,12.44
9/14/2024 17:37,12.4
9/14/2024 17:47,12.4
9/14/2024 17:57,12.4
9/14/2024 18:07,12.4
9/14/2024 18:17,12.4
9/14/2024 18:27,12.35
9/14/2024 18:37,12.35
9/14/2024 18:47,12.31
9/14/2024 18:57,12.31
9/14/2024 19:07,12.31
9/14/2024 19:17,12.27
9/14/2024 19:27,12.31
9/14/2024 19:37,12.31
9/14/2024 19:47,12.31
9/14/2024 19:57,12.27
9/14/2024 20:07,12.18
9/14/2024 20:17,12.22
9/14/2024 20:27,12.18
9/14/2024 20:37,12.18
9/14/2024 20:47,12.14
9/14/2024 20:57,12.1
9/14/2024 21:07,12.1
9/14/2024 21:17,12.05
9/14/2024 21:27,12.1
9/14/2024 21:37,12.1
9/14/2024 21:47,12.05
9/14/2024 21:57,12.01
9/14/2024 22:07,12.01
9/14/2024 22:17,12.01
9/14/2024 22:27,11.97
9/14/2024 22:37,11.97
9/14/2024 22:47,11.92
9/14/2024 22:57,11.92
9/14/2024 23:07,11.92
9/14/2024 23:17,11.88
9/14/2024 23:27,11.88
9/14/2024 23:37,11.84
9/14/2024 23:47,11.84
9/14/2024 23:57,11.79
9/15/2024 0:07,11.75
9/15/2024 0:17,11.75
9/15/2024 0:27,11.75
9/15/2024 0:37,11.71
9/15/2024 0:47,11.67
9/15/2024 0:57,11.71
9/15/2024 1:07,11.62
9/15/2024 1:17,11.67
9/15/2024 1:27,11.62
9/15/2024 1:37,11.62
9/15/2024 1:47,11.58
9/15/2024 1:57,11.62
9/15/2024 2:07,11.54
9/15/2024 2:17,11.54
9/15/2024 2:27,11.54
9/15/2024 2:37,11.54
9/15/2024 2:47,11.49
9/15/2024 2:57,11.49
9/15/2024 3:07,11.45
9/15/2024 3:17,11.45
9/15/2024 3:27,11.45
9/15/2024 3:37,11.45
9/15/2024 3:47,11.49
9/15/2024 3:57,11.45
9/15/2024 4:07,11.41
9/15/2024 4:17,11.41
9/15/2024 4:27,11.41
9/15/2024 4:37,11.37
9/15/2024 4:47,11.37
9/15/2024 4:57,11.37
9/15/2024 5:07,11.32
9/15/2024 5:17,11.37
9/15/2024 5:27,11.37
9/15/2024 5:37,11.37
9/15/2024 5:47,11.32
9/15/2024 5:57,11.37
9/15/2024 6:07,11.32
9/15/2024 6:17,11.32
9/15/2024 6:27,11.32
9/15/2024 6:37,11.32
9/15/2024 6:47,11.32
9/15/2024 6:57,11.37
9/15/2024 7:07,11.37
9/15/2024 7:17,11.37
9/15/2024 7:27,11.41
9/15/2024 7:37,11.37
9/15/2024 7:47,11.37
9/15/2024 7:57,11.41
9/15/2024 8:07,11.45
9/15/2024 8:17,11.45
9/15/2024 8:27,11.41
9/15/2024 8:37,11.49
9/15/2024 8:47,11.54
9/15/2024 8:57,11.54
9/15/2024 9:07,11.54
9/15/2024 9:17,11.58
9/15/2024 9:27,11.62
9/15/2024 9:37,11.62
9/15/2024 9:47,11.71
9/15/2024 9:57,11.79
9/15/2024 10:07,11.84
9/15/2024 10:17,11.88
9/15/2024 10:27,11.97
9/15/2024 10:37,12.05
9/15/2024 10:47,12.14
9/15/2024 10:57,12.18
9/15/2024 11:07,12.31
9/15/2024 11:17,12.4
9/15/2024 11:27,12.52
9/15/2024 11:37,12.57
9/15/2024 11:47,12.65
9/15/2024 11:57,12.74
9/15/2024 12:07,12.82
9/15/2024 12:17,12.91
9/15/2024 12:27,13
9/15/2024 12:37,13.12
9/15/2024 12:47,13.21
9/15/2024 12:57,13.25
9/15/2024 13:07,13.34
9/15/2024 13:17,13.38
9/15/2024 13:27,13.43
9/15/2024 13:37,13.51
9/15/2024 13:47,13.47
9/15/2024 13:57,13.55
9/15/2024 14:07,13.51
9/15/2024 14:17,13.55
9/15/2024 14:27,13.6
9/15/2024 14:37,13.6
9/15/2024 14:47,13.64
9/15/2024 14:57,13.64
9/15/2024 15:07,13.68
9/15/2024 15:17,13.6
9/15/2024 15:27,13.64
9/15/2024 15:37,13.68
9/15/2024 15:47,13.68
9/15/2024 15:57,13.64
9/15/2024 16:07,13.6
9/15/2024 16:17,13.6
9/15/2024 16:27,13.6
9/15/2024 16:37,13.51
9/15/2024 16:47,13.55
9/15/2024 16:57,13.51
9/15/2024 17:07,13.43
9/15/2024 17:17,13.38
9/15/2024 17:27,13.38
9/15/2024 17:37,13.34
9/15/2024 17:47,13.3
9/15/2024 17:57,13.21
9/15/2024 18:07,13.21
9/15/2024 18:17,13.17
9/15/2024 18:27,13.12
9/15/2024 18:37,13.12
9/15/2024 18:47,13.04
9/15/2024 18:57,13
9/15/2024 19:07,12.95
9/15/2024 19:17,12.95
9/15/2024 19:27,12.87
9/15/2024 19:37,12.82
9/15/2024 19:47,12.78
9/15/2024 19:57,12.7
9/15/2024 20:07,12.65
9/15/2024 20:17,12.57
9/15/2024 20:27,12.52
9/15/2024 20:37,12.44
9/15/2024 20:47,12.44
9/15/2024 20:57,12.31
9/15/2024 21:07,12.31
9/15/2024 21:17,12.22
9/15/2024 21:27,12.14
9/15/2024 21:37,12.1
9/15/2024 21:47,12.01
9/15/2024 21:57,11.97
9/15/2024 22:07,11.92
9/15/2024 22:17,11.84
9/15/2024 22:27,11.75
9/15/2024 22:37,11.71
9/15/2024 22:47,11.67
9/15/2024 22:57,11.62
9/15/2024 23:07,11.54
9/15/2024 23:17,11.49
9/15/2024 23:27,11.41
9/15/2024 23:37,11.37
9/15/2024 23:47,11.32
9/15/2024 23:57,11.24
9/16/2024 0:07,11.19
9/16/2024 0:17,11.11
9/16/2024 0:27,11.11
9/16/2024 0:37,11.02
9/16/2024 0:47,10.98
9/16/2024 0:57,10.94
9/16/2024 1:07,10.85
9/16/2024 1:17,10.85
9/16/2024 1:27,10.77
9/16/2024 1:37,10.77
9/16/2024 1:47,10.68
9/16/2024 1:57,10.64
9/16/2024 2:07,10.64
9/16/2024 2:17,10.55
9/16/2024 2:27,10.46
9/16/2024 2:37,10.46
9/16/2024 2:47,10.46
9/16/2024 2:57,10.42
9/16/2024 3:07,10.38
9/16/2024 3:17,10.34
9/16/2024 3:27,10.25
9/16/2024 3:37,10.25
9/16/2024 3:47,10.21
9/16/2024 3:57,10.16
9/16/2024 4:07,10.16
9/16/2024 4:17,10.12
9/16/2024 4:27,10.08
9/16/2024 4:37,9.99
9/16/2024 4:47,9.99
9/16/2024 4:57,9.99
9/16/2024 5:07,9.95
9/16/2024 5:17,9.95
9/16/2024 5:27,9.86
9/16/2024 5:37,9.86
9/16/2024 5:47,9.86
9/16/2024 5:57,9.82
9/16/2024 6:07,9.78
9/16/2024 6:17,9.78
9/16/2024 6:27,9.74
9/16/2024 6:37,9.78
9/16/2024 6:47,9.74
9/16/2024 6:57,9.78
9/16/2024 7:07,9.74
9/16/2024 7:17,9.74
9/16/2024 7:27,9.74
9/16/2024 7:37,9.74
9/16/2024 7:47,9.78
9/16/2024 7:57,9.82
9/16/2024 8:07,9.86
9/16/2024 8:17,9.91
9/16/2024 8:27,9.91
9/16/2024 8:37,9.99
9/16/2024 8:47,10.08
9/16/2024 8:57,10.12
9/16/2024 9:07,10.21
9/16/2024 9:17,10.25
9/16/2024 9:27,10.34
9/16/2024 9:37,10.42
9/16/2024 9:47,10.51
9/16/2024 9:57,10.59
9/16/2024 10:07,10.68
9/16/2024 10:17,10.77
9/16/2024 10:27,10.85
9/16/2024 10:37,11.02
9/16/2024 10:47,11.11
9/16/2024 10:57,11.28
9/16/2024 11:07,11.32
9/16/2024 11:17,11.54
9/16/2024 11:27,11.62
9/16/2024 11:37,11.75
9/16/2024 11:47,11.84
9/16/2024 11:57,11.88
9/16/2024 12:07,11.92
9/16/2024 12:17,12.01
9/16/2024 12:27,12.1
9/16/2024 12:37,12.14
9/16/2024 12:47,12.18
9/16/2024 12:57,12.27
9/16/2024 13:07,12.31
9/16/2024 13:17,12.4
9/16/2024 13:27,12.44
9/16/2024 13:37,12.52
9/16/2024 13:47,12.61
9/16/2024 13:57,12.61
9/16/2024 14:07,12.7
9/16/2024 14:17,12.82
9/16/2024 14:27,12.78
9/16/2024 14:37,12.82
9/16/2024 14:47,12.91
9/16/2024 14:57,12.91
9/16/2024 15:07,12.95
9/16/2024 15:17,12.95
9/16/2024 15:27,12.95
9/16/2024 15:37,13.04
9/16/2024 15:47,12.95
9/16/2024 15:57,13.04
9/16/2024 16:07,13.04
9/16/2024 16:17,13
9/16/2024 16:27,13
9/16/2024 16:37,13.04
9/16/2024 16:47,13
9/16/2024 16:57,13
9/16/2024 17:07,13
9/16/2024 17:17,13
9/16/2024 17:27,13
9/16/2024 17:37,13
9/16/2024 17:47,13
9/16/2024 17:57,13
9/16/2024 18:07,13
9/16/2024 18:17,12.95
9/16/2024 18:27,13
9/16/2024 18:37,12.95
9/16/2024 18:47,12.91
9/16/2024 18:57,12.91
9/16/2024 19:07,12.91
9/16/2024 19:17,12.87
9/16/2024 19:27,12.82
9/16/2024 19:37,12.78
9/16/2024 19:47,12.82
9/16/2024 19:57,12.78
9/16/2024 20:07,12.78
9/16/2024 20:17,12.7
9/16/2024 20:27,12.7
9/16/2024 20:37,12.7
9/16/2024 20:47,12.65
9/16/2024 20:57,12.61
9/16/2024 21:07,12.57
9/16/2024 21:17,12.57
9/16/2024 21:27,12.52
9/16/2024 21:37,12.52
9/16/2024 21:47,12.52
9/16/2024 21:57,12.48
9/16/2024 22:07,12.4
9/16/2024 22:17,12.4
9/16/2024 22:27,12.35
9/16/2024 22:37,12.31
9/16/2024 22:47,12.35
9/16/2024 22:57,12.31
9/16/2024 23:07,12.27
9/16/2024 23:17,12.22
9/16/2024 23:27,12.22
9/16/2024 23:37,12.18
9/16/2024 23:47,12.18
9/16/2024 23:57,12.14
9/17/2024 0:07,12.14
9/17/2024 0:17,12.1
9/17/2024 0:27,12.1
9/17/2024 0:37,12.1
9/17/2024 0:47,12.05
9/17/2024 0:57,12.05
9/17/2024 1:07,12.01
9/17/2024 1:17,12.05
9/17/2024 1:27,12.05
9/17/2024 1:37,12.05
9/17/2024 1:47,12.01
9/17/2024 1:57,12.05
9/17/2024 2:07,12.01
9/17/2024 2:17,12.01
9/17/2024 2:27,12.01
9/17/2024 2:37,12.05
9/17/2024 2:47,12.05
9/17/2024 2:57,12.05
9/17/2024 3:07,12.05
9/17/2024 3:17,12.1
9/17/2024 3:27,12.1
9/17/2024 3:37,12.05
9/17/2024 3:47,12.1
9/17/2024 3:57,12.1
9/17/2024 4:07,12.14
9/17/2024 4:17,12.14
9/17/2024 4:27,12.14
9/17/2024 4:37,12.14
9/17/2024 4:47,12.14
9/17/2024 4:57,12.18
9/17/2024 5:07,12.14
9/17/2024 5:17,12.14
9/17/2024 5:27,12.14
9/17/2024 5:37,12.14
9/17/2024 5:47,12.18
9/17/2024 5:57,12.18
9/17/2024 6:07,12.18
9/17/2024 6:17,12.18
9/17/2024 6:27,12.27
9/17/2024 6:37,12.22
9/17/2024 6:47,12.27
9/17/2024 6:57,12.27
9/17/2024 7:07,12.35
9/17/2024 7:17,12.35
9/17/2024 7:27,12.4
9/17/2024 7:37,12.44
9/17/2024 7:47,12.48
9/17/2024 7:57,12.44
9/17/2024 8:07,12.48
9/17/2024 8:17,12.52
9/17/2024 8:27,12.52
9/17/2024 8:37,12.61
9/17/2024 8:47,12.61
9/17/2024 8:57,12.7
9/17/2024 9:07,12.74
9/17/2024 9:17,12.78
9/17/2024 9:27,12.82
9/17/2024 9:37,12.91
9/17/2024 9:47,12.91
9/17/2024 9:57,13
9/17/2024 10:07,13.04
9/17/2024 10:17,13.08
9/17/2024 10:27,13.08
9/17/2024 10:37,13.17
9/17/2024 10:47,13.25
9/17/2024 10:57,13.3
9/17/2024 11:07,13.34
9/17/2024 11:17,13.38
9/17/2024 11:27,13.51
9/17/2024 11:37,13.6
9/17/2024 11:47,13.77
9/17/2024 11:57,13.85
9/17/2024 12:07,13.94
9/17/2024 12:17,14.03
9/17/2024 12:27,14.11
9/17/2024 12:37,14.11
9/17/2024 12:47,14.11
9/17/2024 12:57,14.15
9/17/2024 13:07,14.28
9/17/2024 13:17,14.33
9/17/2024 13:27,14.45
9/17/2024 13:37,14.5
9/17/2024 13:47,14.58
9/17/2024 13:57,14.63
9/17/2024 14:07,14.67
9/17/2024 14:17,14.71
9/17/2024 14:27,14.75
9/17/2024 14:37,14.8
9/17/2024 14:47,14.88
9/17/2024 14:57,14.84
9/17/2024 15:07,14.88
9/17/2024 15:17,14.8
9/17/2024 15:27,14.75
9/17/2024 15:37,14.75
9/17/2024 15:47,14.75
9/17/2024 15:57,14.8
9/17/2024 16:07,14.71
9/17/2024 16:17,14.71
9/17/2024 16:27,14.67
9/17/2024 16:37,14.67
9/17/2024 16:47,14.63
9/17/2024 16:57,14.63
9/17/2024 17:07,14.63
9/17/2024 17:17,14.54
9/17/2024 17:27,14.5
9/17/2024 17:37,14.5
9/17/2024 17:47,14.45
9/17/2024 17:57,14.37
9/17/2024 18:07,14.37
9/17/2024 18:17,14.33
9/17/2024 18:27,14.28
9/17/2024 18:37,14.2
9/17/2024 18:47,14.2
9/17/2024 18:57,14.15
9/17/2024 19:07,14.07
9/17/2024 19:17,14.11
9/17/2024 19:27,14.03
9/17/2024 19:37,13.98
9/17/2024 19:47,13.9
9/17/2024 19:57,13.9
9/17/2024 20:07,13.85
9/17/2024 20:17,13.77
9/17/2024 20:27,13.77
9/17/2024 20:37,13.81
9/17/2024 20:47,13.77
9/17/2024 20:57,13.77
9/17/2024 21:07,13.68
9/17/2024 21:17,13.68
9/17/2024 21:27,13.73
9/17/2024 21:37,13.64
9/17/2024 21:47,13.68
9/17/2024 21:57,13.68
9/17/2024 22:07,13.64
9/17/2024 22:17,13.64
9/17/2024 22:27,13.6
9/17/2024 22:37,13.55
9/17/2024 22:47,13.55
9/17/2024 22:57,13.55
9/17/2024 23:07,13.6
9/17/2024 23:17,13.51
9/17/2024 23:27,13.51
9/17/2024 23:37,13.51
9/17/2024 23:47,13.51
9/17/2024 23:57,13.43
9/18/2024 0:07,13.38
9/18/2024 0:17,13.38
9/18/2024 0:27,13.38
9/18/2024 0:37,13.38
9/18/2024 0:47,13.34
9/18/2024 0:57,13.3
9/18/2024 1:07,13.34
9/18/2024 1:17,13.34
9/18/2024 1:27,13.25
9/18/2024 1:37,13.25
9/18/2024 1:47,13.25
9/18/2024 1:57,13.21
9/18/2024 2:07,13.17
9/18/2024 2:17,13.17
9/18/2024 2:27,13.12
9/18/2024 2:37,13.12
9/18/2024 2:47,13.04
9/18/2024 2:57,13.08
9/18/2024 3:07,13.04
9/18/2024 3:17,13.04
9/18/2024 3:27,13
9/18/2024 3:37,12.95
9/18/2024 3:47,12.95
9/18/2024 3:57,12.91
9/18/2024 4:07,12.91
9/18/2024 4:17,12.87
9/18/2024 4:27,12.82
9/18/2024 4:37,12.78
9/18/2024 4:47,12.78
9/18/2024 4:57,12.74
9/18/2024 5:07,12.65
9/18/2024 5:17,12.7
9/18/2024 5:27,12.65
9/18/2024 5:37,12.61
9/18/2024 5:47,12.57
9/18/2024 5:57,12.57
9/18/2024 6:07,12.48
9/18/2024 6:17,12.48
9/18/2024 6:27,12.44
9/18/2024 6:37,12.4
9/18/2024 6:47,12.4
9/18/2024 6:57,12.4
9/18/2024 7:07,12.35
9/18/2024 7:17,12.35
9/18/2024 7:27,12.35
9/18/2024 7:37,12.35
9/18/2024 7:47,12.35
9/18/2024 7:57,12.35
9/18/2024 8:07,12.35
9/18/2024 8:17,12.44
9/18/2024 8:27,12.44
9/18/2024 8:37,12.48
9/18/2024 8:47,12.44
9/18/2024 8:57,12.48
9/18/2024 9:07,12.61
9/18/2024 9:17,12.65
9/18/2024 9:27,12.7
9/18/2024 9:37,12.78
9/18/2024 9:47,12.87
9/18/2024 9:57,12.91
9/18/2024 10:07,12.95
9/18/2024 10:17,13.08
9/18/2024 10:27,13.17
9/18/2024 10:37,13.21
9/18/2024 10:47,13.3
9/18/2024 10:57,13.43
9/18/2024 11:07,13.51
9/18/2024 11:17,13.73
9/18/2024 11:27,13.73
9/18/2024 11:37,13.9
9/18/2024 11:47,13.9
9/18/2024 11:57,14.03
9/18/2024 12:07,14.11
9/18/2024 12:17,14.24
9/18/2024 12:27,14.28
9/18/2024 12:37,14.37
9/18/2024 12:47,14.45
9/18/2024 12:57,14.54
9/18/2024 13:07,14.54
9/18/2024 13:17,14.63
9/18/2024 13:27,14.67
9/18/2024 13:37,14.71
9/18/2024 13:47,14.8
9/18/2024 13:57,14.75
9/18/2024 14:07,14.75
9/18/2024 14:17,14.8
9/18/2024 14:27,14.8
9/18/2024 14:37,14.8
9/18/2024 14:47,14.84
9/18/2024 14:57,14.84
9/18/2024 15:07,14.84
9/18/2024 15:17,14.84
9/18/2024 15:27,14.84
9/18/2024 15:37,14.84
9/18/2024 15:47,14.88
9/18/2024 15:57,14.84
9/18/2024 16:07,14.88
9/18/2024 16:17,14.88
9/18/2024 16:27,14.84
9/18/2024 16:37,14.8
9/18/2024 16:47,14.8
9/18/2024 16:57,14.75
9/18/2024 17:07,14.71
9/18/2024 17:17,14.63
9/18/2024 17:27,14.63
9/18/2024 17:37,14.58
9/18/2024 17:47,14.58
9/18/2024 17:57,14.54
9/18/2024 18:07,14.54
9/18/2024 18:17,14.54
9/18/2024 18:27,14.45
9/18/2024 18:37,14.5
9/18/2024 18:47,14.45
9/18/2024 18:57,14.41
9/18/2024 19:07,14.37
9/18/2024 19:17,14.33
9/18/2024 19:27,14.28
9/18/2024 19:37,14.28
9/18/2024 19:47,14.24
9/18/2024 19:57,14.24
9/18/2024 20:07,14.24
9/18/2024 20:17,14.15
9/18/2024 20:27,14.11
9/18/2024 20:37,14.15
9/18/2024 20:47,14.11
9/18/2024 20:57,14.11
9/18/2024 21:07,14.07
9/18/2024 21:17,14.03
9/18/2024 21:27,14.03
9/18/2024 21:37,13.98
9/18/2024 21:47,14.03
9/18/2024 21:57,14.03
9/18/2024 22:07,13.94
9/18/2024 22:17,13.94
9/18/2024 22:27,13.98
9/18/2024 22:37,13.9
9/18/2024 22:47,13.85
9/18/2024 22:57,13.81
9/18/2024 23:07,13.81
9/18/2024 23:17,13.77
9/18/2024 23:27,13.85
9/18/2024 23:37,13.81
9/18/2024 23:47,13.77
9/18/2024 23:57,13.81
9/19/2024 0:07,13.77
9/19/2024 0:17,13.81
9/19/2024 0:27,13.77
9/19/2024 0:37,13.77
9/19/2024 0:47,13.73
9/19/2024 0:57,13.68
9/19/2024 1:07,13.77
9/19/2024 1:17,13.68
9/19/2024 1:27,13.64
9/19/2024 1:37,13.64
9/19/2024 1:47,13.64
9/19/2024 1:57,13.6
9/19/2024 2:07,13.6
9/19/2024 2:17,13.51
9/19/2024 2:27,13.55
9/19/2024 2:37,13.51
9/19/2024 2:47,13.47
9/19/2024 2:57,13.43
9/19/2024 3:07,13.43
9/19/2024 3:17,13.43
9/19/2024 3:27,13.34
9/19/2024 3:37,13.34
9/19/2024 3:47,13.3
9/19/2024 3:57,13.25
9/19/2024 4:07,13.25
9/19/2024 4:17,13.21
9/19/2024 4:27,13.17
9/19/2024 4:37,13.21
9/19/2024 4:47,13.12
9/19/2024 4:57,13.08
9/19/2024 5:07,13.08
9/19/2024 5:17,13.04
9/19/2024 5:27,13.04
9/19/2024 5:37,13
9/19/2024 5:47,12.95
9/19/2024 5:57,12.95
9/19/2024 6:07,12.95
9/19/2024 6:17,12.91
9/19/2024 6:27,12.87
9/19/2024 6:37,12.82
9/19/2024 6:47,12.78
9/19/2024 6:57,12.82
9/19/2024 7:07,12.78
9/19/2024 7:17,12.78
9/19/2024 7:27,12.74
9/19/2024 7:37,12.74
9/19/2024 7:47,12.7
9/19/2024 7:57,12.65
9/19/2024 8:07,12.74
9/19/2024 8:17,12.74
9/19/2024 8:27,12.74
9/19/2024 8:37,12.78
9/19/2024 8:47,12.78
9/19/2024 8:57,12.78
9/19/2024 9:07,12.78
9/19/2024 9:17,12.78
9/19/2024 9:27,12.82
