Time,Temperature
7/5/2024 16:20,18.337
7/5/2024 16:30,18.273
7/5/2024 16:40,18.273
7/5/2024 16:50,18.284
7/5/2024 17:00,18.251
7/5/2024 17:10,18.23
7/5/2024 17:20,18.208
7/5/2024 17:30,18.219
7/5/2024 17:40,18.198
7/5/2024 17:50,18.187
7/5/2024 18:00,18.155
7/5/2024 18:10,18.123
7/5/2024 18:20,18.09
7/5/2024 18:30,18.08
7/5/2024 18:40,18.037
7/5/2024 18:50,18.026
7/5/2024 19:00,17.972
7/5/2024 19:10,17.962
7/5/2024 19:20,17.919
7/5/2024 19:30,17.887
7/5/2024 19:40,17.844
7/5/2024 19:50,17.822
7/5/2024 20:00,17.801
7/5/2024 20:10,17.737
7/5/2024 20:20,17.704
7/5/2024 20:30,17.661
7/5/2024 20:40,17.629
7/5/2024 20:50,17.576
7/5/2024 21:00,17.543
7/5/2024 21:10,17.511
7/5/2024 21:20,17.479
7/5/2024 21:30,17.436
7/5/2024 21:40,17.404
7/5/2024 21:50,17.35
7/5/2024 22:00,17.34
7/5/2024 22:10,17.275
7/5/2024 22:20,17.243
7/5/2024 22:30,17.222
7/5/2024 22:40,17.168
7/5/2024 22:50,17.125
7/5/2024 23:00,17.114
7/5/2024 23:10,17.05
7/5/2024 23:20,17.018
7/5/2024 23:30,16.997
7/5/2024 23:40,16.954
7/5/2024 23:50,16.9
7/6/2024 0:00,16.857
7/6/2024 0:10,16.825
7/6/2024 0:20,16.771
7/6/2024 0:30,16.739
7/6/2024 0:40,16.707
7/6/2024 0:50,16.653
7/6/2024 1:00,16.621
7/6/2024 1:10,16.568
7/6/2024 1:20,16.535
7/6/2024 1:30,16.492
7/6/2024 1:40,16.45
7/6/2024 1:50,16.396
7/6/2024 2:00,16.364
7/6/2024 2:10,16.321
7/6/2024 2:20,16.256
7/6/2024 2:30,16.256
7/6/2024 2:40,16.214
7/6/2024 2:50,16.149
7/6/2024 3:00,16.117
7/6/2024 3:10,16.074
7/6/2024 3:20,16.042
7/6/2024 3:30,15.999
7/6/2024 3:40,15.956
7/6/2024 3:50,15.924
7/6/2024 4:00,15.892
7/6/2024 4:10,15.849
7/6/2024 4:20,15.785
7/6/2024 4:30,15.806
7/6/2024 4:40,15.731
7/6/2024 4:50,15.731
7/6/2024 5:00,15.656
7/6/2024 5:10,15.624
7/6/2024 5:20,15.602
7/6/2024 5:30,15.581
7/6/2024 5:40,15.549
7/6/2024 5:50,15.516
7/6/2024 6:00,15.484
7/6/2024 6:10,15.452
7/6/2024 6:20,15.452
7/6/2024 6:30,15.42
7/6/2024 6:40,15.409
7/6/2024 6:50,15.409
7/6/2024 7:00,15.377
7/6/2024 7:10,15.366
7/6/2024 7:20,15.409
7/6/2024 7:30,15.398
7/6/2024 7:40,15.409
7/6/2024 7:50,15.452
7/6/2024 8:00,15.474
7/6/2024 8:10,15.463
7/6/2024 8:20,15.474
7/6/2024 8:30,15.527
7/6/2024 8:40,15.549
7/6/2024 8:50,15.634
7/6/2024 9:00,15.624
7/6/2024 9:10,15.656
7/6/2024 9:20,15.688
7/6/2024 9:30,15.688
7/6/2024 9:40,15.742
7/6/2024 9:50,15.752
7/6/2024 10:00,15.795
7/6/2024 10:10,15.881
7/6/2024 10:20,15.945
7/6/2024 10:30,15.988
7/6/2024 10:40,16.031
7/6/2024 10:50,16.042
7/6/2024 11:00,16.096
7/6/2024 11:10,16.117
7/6/2024 11:20,16.149
7/6/2024 11:30,16.171
7/6/2024 11:40,16.203
7/6/2024 11:50,16.192
7/6/2024 12:00,16.181
7/6/2024 12:10,16.181
7/6/2024 12:20,16.181
7/6/2024 12:30,16.192
7/6/2024 12:40,16.203
7/6/2024 12:50,16.192
7/6/2024 13:00,16.203
7/6/2024 13:10,16.235
7/6/2024 13:20,16.203
7/6/2024 13:30,16.224
7/6/2024 13:40,16.235
7/6/2024 13:50,16.235
7/6/2024 14:00,16.246
7/6/2024 14:10,16.278
7/6/2024 14:20,16.278
7/6/2024 14:30,16.289
7/6/2024 14:40,16.321
7/6/2024 14:50,16.342
7/6/2024 15:00,16.385
7/6/2024 15:10,16.428
7/6/2024 15:20,16.417
7/6/2024 15:30,16.482
7/6/2024 15:40,16.482
7/6/2024 15:50,16.503
7/6/2024 16:00,16.525
7/6/2024 16:10,16.525
7/6/2024 16:20,16.525
7/6/2024 16:30,16.535
7/6/2024 16:40,16.546
7/6/2024 16:50,16.535
7/6/2024 17:00,16.492
7/6/2024 17:10,16.492
7/6/2024 17:20,16.45
7/6/2024 17:30,16.428
7/6/2024 17:40,16.407
7/6/2024 17:50,16.396
7/6/2024 18:00,16.364
7/6/2024 18:10,16.364
7/6/2024 18:20,16.299
7/6/2024 18:30,16.299
7/6/2024 18:40,16.278
7/6/2024 18:50,16.256
7/6/2024 19:00,16.235
7/6/2024 19:10,16.203
7/6/2024 19:20,16.181
7/6/2024 19:30,16.149
7/6/2024 19:40,16.149
7/6/2024 19:50,16.117
7/6/2024 20:00,16.096
7/6/2024 20:10,16.074
7/6/2024 20:20,16.042
7/6/2024 20:30,16.021
7/6/2024 20:40,15.978
7/6/2024 20:50,15.988
7/6/2024 21:00,15.956
7/6/2024 21:10,15.935
7/6/2024 21:20,15.924
7/6/2024 21:30,15.87
7/6/2024 21:40,15.86
7/6/2024 21:50,15.86
7/6/2024 22:00,15.806
7/6/2024 22:10,15.806
7/6/2024 22:20,15.763
7/6/2024 22:30,15.774
7/6/2024 22:40,15.731
7/6/2024 22:50,15.72
7/6/2024 23:00,15.699
7/6/2024 23:10,15.688
7/6/2024 23:20,15.656
7/6/2024 23:30,15.634
7/6/2024 23:40,15.592
7/6/2024 23:50,15.57
7/7/2024 0:00,15.549
7/7/2024 0:10,15.538
7/7/2024 0:20,15.506
7/7/2024 0:30,15.484
7/7/2024 0:40,15.474
7/7/2024 0:50,15.431
7/7/2024 1:00,15.431
7/7/2024 1:10,15.409
7/7/2024 1:20,15.356
7/7/2024 1:30,15.345
7/7/2024 1:40,15.323
7/7/2024 1:50,15.313
7/7/2024 2:00,15.28
7/7/2024 2:10,15.27
7/7/2024 2:20,15.238
7/7/2024 2:30,15.238
7/7/2024 2:40,15.205
7/7/2024 2:50,15.195
7/7/2024 3:00,15.184
7/7/2024 3:10,15.152
7/7/2024 3:20,15.152
7/7/2024 3:30,15.12
7/7/2024 3:40,15.087
7/7/2024 3:50,15.077
7/7/2024 4:00,15.066
7/7/2024 4:10,15.045
7/7/2024 4:20,15.002
7/7/2024 4:30,15.012
7/7/2024 4:40,14.98
7/7/2024 4:50,14.959
7/7/2024 5:00,14.98
7/7/2024 5:10,14.927
7/7/2024 5:20,14.937
7/7/2024 5:30,14.916
7/7/2024 5:40,14.927
7/7/2024 5:50,14.894
7/7/2024 6:00,14.884
7/7/2024 6:10,14.873
7/7/2024 6:20,14.851
7/7/2024 6:30,14.841
7/7/2024 6:40,14.851
7/7/2024 6:50,14.83
7/7/2024 7:00,14.83
7/7/2024 7:10,14.841
7/7/2024 7:20,14.841
7/7/2024 7:30,14.819
7/7/2024 7:40,14.787
7/7/2024 7:50,14.819
7/7/2024 8:00,14.83
7/7/2024 8:10,14.798
7/7/2024 8:20,14.809
7/7/2024 8:30,14.776
7/7/2024 8:40,14.798
7/7/2024 8:50,14.819
7/7/2024 9:00,14.798
7/7/2024 9:10,14.83
7/7/2024 9:20,14.841
7/7/2024 9:30,14.841
7/7/2024 9:40,14.83
7/7/2024 9:50,14.841
7/7/2024 10:00,14.841
7/7/2024 10:10,14.841
7/7/2024 10:20,14.862
7/7/2024 10:30,14.862
7/7/2024 10:40,14.873
7/7/2024 10:50,14.905
7/7/2024 11:00,14.894
7/7/2024 11:10,14.894
7/7/2024 11:20,14.937
7/7/2024 11:30,14.969
7/7/2024 11:40,14.98
7/7/2024 11:50,14.991
7/7/2024 12:00,15.002
7/7/2024 12:10,15.012
7/7/2024 12:20,15.034
7/7/2024 12:30,15.055
7/7/2024 12:40,15.066
7/7/2024 12:50,15.098
7/7/2024 13:00,15.152
7/7/2024 13:10,15.163
7/7/2024 13:20,15.184
7/7/2024 13:30,15.238
7/7/2024 13:40,15.27
7/7/2024 13:50,15.302
7/7/2024 14:00,15.334
7/7/2024 14:10,15.345
7/7/2024 14:20,15.377
7/7/2024 14:30,15.398
7/7/2024 14:40,15.409
7/7/2024 14:50,15.42
7/7/2024 15:00,15.42
7/7/2024 15:10,15.441
7/7/2024 15:20,15.441
7/7/2024 15:30,15.452
7/7/2024 15:40,15.452
7/7/2024 15:50,15.463
7/7/2024 16:00,15.463
7/7/2024 16:10,15.441
7/7/2024 16:20,15.463
7/7/2024 16:30,15.463
7/7/2024 16:40,15.463
7/7/2024 16:50,15.452
7/7/2024 17:00,15.463
7/7/2024 17:10,15.463
7/7/2024 17:20,15.452
7/7/2024 17:30,15.463
7/7/2024 17:40,15.431
7/7/2024 17:50,15.452
7/7/2024 18:00,15.431
7/7/2024 18:10,15.431
7/7/2024 18:20,15.398
7/7/2024 18:30,15.388
7/7/2024 18:40,15.366
7/7/2024 18:50,15.377
7/7/2024 19:00,15.366
7/7/2024 19:10,15.345
7/7/2024 19:20,15.313
7/7/2024 19:30,15.291
7/7/2024 19:40,15.28
7/7/2024 19:50,15.28
7/7/2024 20:00,15.238
7/7/2024 20:10,15.238
7/7/2024 20:20,15.227
7/7/2024 20:30,15.205
7/7/2024 20:40,15.184
7/7/2024 20:50,15.152
7/7/2024 21:00,15.13
7/7/2024 21:10,15.109
7/7/2024 21:20,15.087
7/7/2024 21:30,15.087
7/7/2024 21:40,15.055
7/7/2024 21:50,15.023
7/7/2024 22:00,15.002
7/7/2024 22:10,14.969
7/7/2024 22:20,14.98
7/7/2024 22:30,14.927
7/7/2024 22:40,14.894
7/7/2024 22:50,14.873
7/7/2024 23:00,14.841
7/7/2024 23:10,14.83
7/7/2024 23:20,14.787
7/7/2024 23:30,14.766
7/7/2024 23:40,14.723
7/7/2024 23:50,14.701
7/8/2024 0:00,14.669
7/8/2024 0:10,14.648
7/8/2024 0:20,14.637
7/8/2024 0:30,14.573
7/8/2024 0:40,14.551
7/8/2024 0:50,14.508
7/8/2024 1:00,14.487
7/8/2024 1:10,14.465
7/8/2024 1:20,14.433
7/8/2024 1:30,14.38
7/8/2024 1:40,14.358
7/8/2024 1:50,14.337
7/8/2024 2:00,14.315
7/8/2024 2:10,14.294
7/8/2024 2:20,14.272
7/8/2024 2:30,14.229
7/8/2024 2:40,14.208
7/8/2024 2:50,14.165
7/8/2024 3:00,14.165
7/8/2024 3:10,14.111
7/8/2024 3:20,14.079
7/8/2024 3:30,14.047
7/8/2024 3:40,14.004
7/8/2024 3:50,13.983
7/8/2024 4:00,13.961
7/8/2024 4:10,13.918
7/8/2024 4:20,13.908
7/8/2024 4:30,13.833
7/8/2024 4:40,13.822
7/8/2024 4:50,13.79
7/8/2024 5:00,13.736
7/8/2024 5:10,13.704
7/8/2024 5:20,13.693
7/8/2024 5:30,13.661
7/8/2024 5:40,13.629
7/8/2024 5:50,13.597
7/8/2024 6:00,13.575
7/8/2024 6:10,13.543
7/8/2024 6:20,13.532
7/8/2024 6:30,13.511
7/8/2024 6:40,13.5
7/8/2024 6:50,13.489
7/8/2024 7:00,13.446
7/8/2024 7:10,13.425
7/8/2024 7:20,13.457
7/8/2024 7:30,13.446
7/8/2024 7:40,13.457
7/8/2024 7:50,13.436
7/8/2024 8:00,13.468
7/8/2024 8:10,13.479
7/8/2024 8:20,13.5
7/8/2024 8:30,13.489
7/8/2024 8:40,13.489
7/8/2024 8:50,13.489
7/8/2024 9:00,13.522
7/8/2024 9:10,13.511
7/8/2024 9:20,13.532
7/8/2024 9:30,13.522
7/8/2024 9:40,13.554
7/8/2024 9:50,13.554
7/8/2024 10:00,13.564
7/8/2024 10:10,13.607
7/8/2024 10:20,13.607
7/8/2024 10:30,13.629
7/8/2024 10:40,13.65
7/8/2024 10:50,13.682
7/8/2024 11:00,13.693
7/8/2024 11:10,13.693
7/8/2024 11:20,13.725
7/8/2024 11:30,13.725
7/8/2024 11:40,13.736
7/8/2024 11:50,13.747
7/8/2024 12:00,13.79
7/8/2024 12:10,13.8
7/8/2024 12:20,13.8
7/8/2024 12:30,13.822
7/8/2024 12:40,13.833
7/8/2024 12:50,13.854
7/8/2024 13:00,13.876
7/8/2024 13:10,13.886
7/8/2024 13:20,13.897
7/8/2024 13:30,13.886
7/8/2024 13:40,13.918
7/8/2024 13:50,13.897
7/8/2024 14:00,13.918
7/8/2024 14:10,13.918
7/8/2024 14:20,13.918
7/8/2024 14:30,13.951
7/8/2024 14:40,13.951
7/8/2024 14:50,13.961
7/8/2024 15:00,13.972
7/8/2024 15:10,13.961
7/8/2024 15:20,13.961
7/8/2024 15:30,13.961
7/8/2024 15:40,13.972
7/8/2024 15:50,13.983
7/8/2024 16:00,13.972
7/8/2024 16:10,13.983
7/8/2024 16:20,13.983
7/8/2024 16:30,13.972
7/8/2024 16:40,13.983
7/8/2024 16:50,13.972
7/8/2024 17:00,13.951
7/8/2024 17:10,13.94
7/8/2024 17:20,13.94
7/8/2024 17:30,13.929
7/8/2024 17:40,13.929
7/8/2024 17:50,13.929
7/8/2024 18:00,13.918
7/8/2024 18:10,13.918
7/8/2024 18:20,13.918
7/8/2024 18:30,13.908
7/8/2024 18:40,13.876
7/8/2024 18:50,13.876
7/8/2024 19:00,13.854
7/8/2024 19:10,13.865
7/8/2024 19:20,13.822
7/8/2024 19:30,13.822
7/8/2024 19:40,13.8
7/8/2024 19:50,13.811
7/8/2024 20:00,13.779
7/8/2024 20:10,13.779
7/8/2024 20:20,13.768
7/8/2024 20:30,13.747
7/8/2024 20:40,13.736
7/8/2024 20:50,13.715
7/8/2024 21:00,13.715
7/8/2024 21:10,13.682
7/8/2024 21:20,13.672
7/8/2024 21:30,13.661
7/8/2024 21:40,13.661
7/8/2024 21:50,13.629
7/8/2024 22:00,13.629
7/8/2024 22:10,13.618
7/8/2024 22:20,13.607
7/8/2024 22:30,13.597
7/8/2024 22:40,13.575
7/8/2024 22:50,13.564
7/8/2024 23:00,13.564
7/8/2024 23:10,13.543
7/8/2024 23:20,13.554
7/8/2024 23:30,13.532
7/8/2024 23:40,13.522
7/8/2024 23:50,13.511
7/9/2024 0:00,13.511
7/9/2024 0:10,13.5
7/9/2024 0:20,13.5
7/9/2024 0:30,13.479
7/9/2024 0:40,13.457
7/9/2024 0:50,13.457
7/9/2024 1:00,13.436
7/9/2024 1:10,13.436
7/9/2024 1:20,13.425
7/9/2024 1:30,13.436
7/9/2024 1:40,13.425
7/9/2024 1:50,13.414
7/9/2024 2:00,13.393
7/9/2024 2:10,13.382
7/9/2024 2:20,13.35
7/9/2024 2:30,13.361
7/9/2024 2:40,13.371
7/9/2024 2:50,13.339
7/9/2024 3:00,13.35
7/9/2024 3:10,13.329
7/9/2024 3:20,13.339
7/9/2024 3:30,13.339
7/9/2024 3:40,13.318
7/9/2024 3:50,13.339
7/9/2024 4:00,13.307
7/9/2024 4:10,13.296
7/9/2024 4:20,13.296
7/9/2024 4:30,13.286
7/9/2024 4:40,13.275
7/9/2024 4:50,13.275
7/9/2024 5:00,13.286
7/9/2024 5:10,13.253
7/9/2024 5:20,13.296
7/9/2024 5:30,13.275
7/9/2024 5:40,13.286
7/9/2024 5:50,13.286
7/9/2024 6:00,13.286
7/9/2024 6:10,13.296
7/9/2024 6:20,13.275
7/9/2024 6:30,13.275
7/9/2024 6:40,13.286
7/9/2024 6:50,13.296
7/9/2024 7:00,13.296
7/9/2024 7:10,13.296
7/9/2024 7:20,13.296
7/9/2024 7:30,13.318
7/9/2024 7:40,13.339
7/9/2024 7:50,13.339
7/9/2024 8:00,13.35
7/9/2024 8:10,13.382
7/9/2024 8:20,13.393
7/9/2024 8:30,13.382
7/9/2024 8:40,13.436
7/9/2024 8:50,13.446
7/9/2024 9:00,13.489
7/9/2024 9:10,13.489
7/9/2024 9:20,13.522
7/9/2024 9:30,13.564
7/9/2024 9:40,13.586
7/9/2024 9:50,13.64
7/9/2024 10:00,13.65
7/9/2024 10:10,13.715
7/9/2024 10:20,13.768
7/9/2024 10:30,13.8
7/9/2024 10:40,13.854
7/9/2024 10:50,13.908
7/9/2024 11:00,13.94
7/9/2024 11:10,13.983
7/9/2024 11:20,14.036
7/9/2024 11:30,14.101
7/9/2024 11:40,14.133
7/9/2024 11:50,14.197
7/9/2024 12:00,14.262
7/9/2024 12:10,14.283
7/9/2024 12:20,14.326
7/9/2024 12:30,14.347
7/9/2024 12:40,14.39
7/9/2024 12:50,14.401
7/9/2024 13:00,14.401
7/9/2024 13:10,14.455
7/9/2024 13:20,14.465
7/9/2024 13:30,14.508
7/9/2024 13:40,14.508
7/9/2024 13:50,14.53
7/9/2024 14:00,14.583
7/9/2024 14:10,14.583
7/9/2024 14:20,14.616
7/9/2024 14:30,14.637
7/9/2024 14:40,14.648
7/9/2024 14:50,14.691
7/9/2024 15:00,14.712
7/9/2024 15:10,14.755
7/9/2024 15:20,14.776
7/9/2024 15:30,14.787
7/9/2024 15:40,14.819
7/9/2024 15:50,14.841
7/9/2024 16:00,14.851
7/9/2024 16:10,14.884
7/9/2024 16:20,14.905
7/9/2024 16:30,14.916
7/9/2024 16:40,14.937
7/9/2024 16:50,14.937
7/9/2024 17:00,14.916
7/9/2024 17:10,14.905
7/9/2024 17:20,14.916
7/9/2024 17:30,14.927
7/9/2024 17:40,14.916
7/9/2024 17:50,14.894
7/9/2024 18:00,14.894
7/9/2024 18:10,14.862
7/9/2024 18:20,14.884
7/9/2024 18:30,14.841
7/9/2024 18:40,14.819
7/9/2024 18:50,14.809
7/9/2024 19:00,14.809
7/9/2024 19:10,14.755
7/9/2024 19:20,14.744
7/9/2024 19:30,14.723
7/9/2024 19:40,14.701
7/9/2024 19:50,14.669
7/9/2024 20:00,14.658
7/9/2024 20:10,14.626
7/9/2024 20:20,14.605
7/9/2024 20:30,14.605
7/9/2024 20:40,14.573
7/9/2024 20:50,14.551
7/9/2024 21:00,14.508
7/9/2024 21:10,14.508
7/9/2024 21:20,14.465
7/9/2024 21:30,14.465
7/9/2024 21:40,14.433
7/9/2024 21:50,14.422
7/9/2024 22:00,14.412
7/9/2024 22:10,14.358
7/9/2024 22:20,14.358
7/9/2024 22:30,14.326
7/9/2024 22:40,14.326
7/9/2024 22:50,14.315
7/9/2024 23:00,14.294
7/9/2024 23:10,14.272
7/9/2024 23:20,14.24
7/9/2024 23:30,14.262
7/9/2024 23:40,14.219
7/9/2024 23:50,14.229
7/10/2024 0:00,14.176
7/10/2024 0:10,14.176
7/10/2024 0:20,14.144
7/10/2024 0:30,14.144
7/10/2024 0:40,14.133
7/10/2024 0:50,14.122
7/10/2024 1:00,14.122
7/10/2024 1:10,14.079
7/10/2024 1:20,14.069
7/10/2024 1:30,14.047
7/10/2024 1:40,14.047
7/10/2024 1:50,14.026
7/10/2024 2:00,14.015
7/10/2024 2:10,13.993
7/10/2024 2:20,13.972
7/10/2024 2:30,13.951
7/10/2024 2:40,13.951
7/10/2024 2:50,13.929
7/10/2024 3:00,13.929
7/10/2024 3:10,13.908
7/10/2024 3:20,13.918
7/10/2024 3:30,13.918
7/10/2024 3:40,13.897
7/10/2024 3:50,13.897
7/10/2024 4:00,13.854
7/10/2024 4:10,13.876
7/10/2024 4:20,13.843
7/10/2024 4:30,13.843
7/10/2024 4:40,13.833
7/10/2024 4:50,13.811
7/10/2024 5:00,13.822
7/10/2024 5:10,13.822
7/10/2024 5:20,13.8
7/10/2024 5:30,13.8
7/10/2024 5:40,13.79
7/10/2024 5:50,13.79
7/10/2024 6:00,13.779
7/10/2024 6:10,13.779
7/10/2024 6:20,13.779
7/10/2024 6:30,13.79
7/10/2024 6:40,13.811
7/10/2024 6:50,13.811
7/10/2024 7:00,13.833
7/10/2024 7:10,13.854
7/10/2024 7:20,13.843
7/10/2024 7:30,13.876
7/10/2024 7:40,13.897
7/10/2024 7:50,13.908
7/10/2024 8:00,13.918
7/10/2024 8:10,13.961
7/10/2024 8:20,13.951
7/10/2024 8:30,13.983
7/10/2024 8:40,13.972
7/10/2024 8:50,13.972
7/10/2024 9:00,13.972
7/10/2024 9:10,13.993
7/10/2024 9:20,14.026
7/10/2024 9:30,14.058
7/10/2024 9:40,14.069
7/10/2024 9:50,14.09
7/10/2024 10:00,14.111
7/10/2024 10:10,14.144
7/10/2024 10:20,14.165
7/10/2024 10:30,14.208
7/10/2024 10:40,14.219
7/10/2024 10:50,14.294
7/10/2024 11:00,14.358
7/10/2024 11:10,14.38
7/10/2024 11:20,14.476
7/10/2024 11:30,14.53
7/10/2024 11:40,14.562
7/10/2024 11:50,14.616
7/10/2024 12:00,14.701
7/10/2024 12:10,14.776
7/10/2024 12:20,14.862
7/10/2024 12:30,14.969
7/10/2024 12:40,15.066
7/10/2024 12:50,15.163
7/10/2024 13:00,15.238
7/10/2024 13:10,15.313
7/10/2024 13:20,15.388
7/10/2024 13:30,15.452
7/10/2024 13:40,15.538
7/10/2024 13:50,15.602
7/10/2024 14:00,15.688
7/10/2024 14:10,15.742
7/10/2024 14:20,15.817
7/10/2024 14:30,15.892
7/10/2024 14:40,15.967
7/10/2024 14:50,16.031
7/10/2024 15:00,16.074
7/10/2024 15:10,16.128
7/10/2024 15:20,16.171
7/10/2024 15:30,16.181
7/10/2024 15:40,16.224
7/10/2024 15:50,16.256
7/10/2024 16:00,16.299
7/10/2024 16:10,16.278
7/10/2024 16:20,16.31
7/10/2024 16:30,16.321
7/10/2024 16:40,16.31
7/10/2024 16:50,16.321
7/10/2024 17:00,16.321
7/10/2024 17:10,16.256
7/10/2024 17:20,16.267
7/10/2024 17:30,16.235
7/10/2024 17:40,16.235
7/10/2024 17:50,16.214
7/10/2024 18:00,16.181
7/10/2024 18:10,16.16
7/10/2024 18:20,16.138
7/10/2024 18:30,16.106
7/10/2024 18:40,16.074
7/10/2024 18:50,16.042
7/10/2024 19:00,16.031
7/10/2024 19:10,15.988
7/10/2024 19:20,15.945
7/10/2024 19:30,15.924
7/10/2024 19:40,15.87
7/10/2024 19:50,15.849
7/10/2024 20:00,15.817
7/10/2024 20:10,15.785
7/10/2024 20:20,15.774
7/10/2024 20:30,15.731
7/10/2024 20:40,15.688
7/10/2024 20:50,15.677
7/10/2024 21:00,15.613
7/10/2024 21:10,15.613
7/10/2024 21:20,15.57
7/10/2024 21:30,15.549
7/10/2024 21:40,15.516
7/10/2024 21:50,15.474
7/10/2024 22:00,15.42
7/10/2024 22:10,15.409
7/10/2024 22:20,15.377
7/10/2024 22:30,15.323
7/10/2024 22:40,15.313
7/10/2024 22:50,15.28
7/10/2024 23:00,15.238
7/10/2024 23:10,15.205
7/10/2024 23:20,15.163
7/10/2024 23:30,15.12
7/10/2024 23:40,15.087
7/10/2024 23:50,15.045
7/11/2024 0:00,15.002
7/11/2024 0:10,14.959
7/11/2024 0:20,14.937
7/11/2024 0:30,14.894
7/11/2024 0:40,14.841
7/11/2024 0:50,14.776
7/11/2024 1:00,14.766
7/11/2024 1:10,14.723
7/11/2024 1:20,14.669
7/11/2024 1:30,14.637
7/11/2024 1:40,14.583
7/11/2024 1:50,14.53
7/11/2024 2:00,14.487
7/11/2024 2:10,14.412
7/11/2024 2:20,14.39
7/11/2024 2:30,14.358
7/11/2024 2:40,14.283
7/11/2024 2:50,14.229
7/11/2024 3:00,14.219
7/11/2024 3:10,14.165
7/11/2024 3:20,14.101
7/11/2024 3:30,14.069
7/11/2024 3:40,14.026
7/11/2024 3:50,13.983
7/11/2024 4:00,13.929
7/11/2024 4:10,13.876
7/11/2024 4:20,13.843
7/11/2024 4:30,13.8
7/11/2024 4:40,13.779
7/11/2024 4:50,13.715
7/11/2024 5:00,13.65
7/11/2024 5:10,13.64
7/11/2024 5:20,13.564
7/11/2024 5:30,13.575
7/11/2024 5:40,13.554
7/11/2024 5:50,13.522
7/11/2024 6:00,13.522
7/11/2024 6:10,13.479
7/11/2024 6:20,13.489
7/11/2024 6:30,13.489
7/11/2024 6:40,13.479
7/11/2024 6:50,13.457
7/11/2024 7:00,13.479
7/11/2024 7:10,13.457
7/11/2024 7:20,13.468
7/11/2024 7:30,13.489
7/11/2024 7:40,13.468
7/11/2024 7:50,13.489
7/11/2024 8:00,13.532
7/11/2024 8:10,13.554
7/11/2024 8:20,13.586
7/11/2024 8:30,13.629
7/11/2024 8:40,13.661
7/11/2024 8:50,13.747
7/11/2024 9:00,13.8
7/11/2024 9:10,13.865
7/11/2024 9:20,13.908
7/11/2024 9:30,13.983
7/11/2024 9:40,14.015
7/11/2024 9:50,14.09
7/11/2024 10:00,14.187
7/11/2024 10:10,14.262
7/11/2024 10:20,14.369
7/11/2024 10:30,14.455
7/11/2024 10:40,14.53
7/11/2024 10:50,14.648
7/11/2024 11:00,14.744
7/11/2024 11:10,14.851
7/11/2024 11:20,14.959
7/11/2024 11:30,15.055
7/11/2024 11:40,15.141
7/11/2024 11:50,15.195
7/11/2024 12:00,15.27
7/11/2024 12:10,15.323
7/11/2024 12:20,15.366
7/11/2024 12:30,15.474
7/11/2024 12:40,15.549
7/11/2024 12:50,15.634
7/11/2024 13:00,15.677
7/11/2024 13:10,15.709
7/11/2024 13:20,15.752
7/11/2024 13:30,15.817
7/11/2024 13:40,15.838
7/11/2024 13:50,15.87
7/11/2024 14:00,15.86
7/11/2024 14:10,15.86
7/11/2024 14:20,15.86
7/11/2024 14:30,15.849
7/11/2024 14:40,15.86
7/11/2024 14:50,15.86
7/11/2024 15:00,15.87
7/11/2024 15:10,15.935
7/11/2024 15:20,15.967
7/11/2024 15:30,15.978
7/11/2024 15:40,15.999
7/11/2024 15:50,16.053
7/11/2024 16:00,16.063
7/11/2024 16:10,16.074
7/11/2024 16:20,16.096
7/11/2024 16:30,16.096
7/11/2024 16:40,16.085
7/11/2024 16:50,16.074
7/11/2024 17:00,16.085
7/11/2024 17:10,16.074
7/11/2024 17:20,16.085
7/11/2024 17:30,16.053
7/11/2024 17:40,16.053
7/11/2024 17:50,16.042
7/11/2024 18:00,16.053
7/11/2024 18:10,16.01
7/11/2024 18:20,15.999
7/11/2024 18:30,15.978
7/11/2024 18:40,15.967
7/11/2024 18:50,15.935
7/11/2024 19:00,15.913
7/11/2024 19:10,15.881
7/11/2024 19:20,15.881
7/11/2024 19:30,15.849
7/11/2024 19:40,15.795
7/11/2024 19:50,15.763
7/11/2024 20:00,15.752
7/11/2024 20:10,15.709
7/11/2024 20:20,15.688
7/11/2024 20:30,15.645
7/11/2024 20:40,15.602
7/11/2024 20:50,15.57
7/11/2024 21:00,15.549
7/11/2024 21:10,15.516
7/11/2024 21:20,15.474
7/11/2024 21:30,15.452
7/11/2024 21:40,15.409
7/11/2024 21:50,15.366
7/11/2024 22:00,15.356
7/11/2024 22:10,15.323
7/11/2024 22:20,15.302
7/11/2024 22:30,15.28
7/11/2024 22:40,15.248
7/11/2024 22:50,15.205
7/11/2024 23:00,15.184
7/11/2024 23:10,15.141
7/11/2024 23:20,15.12
7/11/2024 23:30,15.109
7/11/2024 23:40,15.055
7/11/2024 23:50,15.023
7/12/2024 0:00,15.002
7/12/2024 0:10,14.969
7/12/2024 0:20,14.937
7/12/2024 0:30,14.937
7/12/2024 0:40,14.894
7/12/2024 0:50,14.851
7/12/2024 1:00,14.841
7/12/2024 1:10,14.809
7/12/2024 1:20,14.776
7/12/2024 1:30,14.755
7/12/2024 1:40,14.701
7/12/2024 1:50,14.691
7/12/2024 2:00,14.658
7/12/2024 2:10,14.648
7/12/2024 2:20,14.594
7/12/2024 2:30,14.583
7/12/2024 2:40,14.54
7/12/2024 2:50,14.53
7/12/2024 3:00,14.498
7/12/2024 3:10,14.465
7/12/2024 3:20,14.444
7/12/2024 3:30,14.433
7/12/2024 3:40,14.38
7/12/2024 3:50,14.369
7/12/2024 4:00,14.347
7/12/2024 4:10,14.315
7/12/2024 4:20,14.283
7/12/2024 4:30,14.262
7/12/2024 4:40,14.251
7/12/2024 4:50,14.24
7/12/2024 5:00,14.208
7/12/2024 5:10,14.154
7/12/2024 5:20,14.176
7/12/2024 5:30,14.133
7/12/2024 5:40,14.133
7/12/2024 5:50,14.122
7/12/2024 6:00,14.09
7/12/2024 6:10,14.111
7/12/2024 6:20,14.069
7/12/2024 6:30,14.058
7/12/2024 6:40,14.026
7/12/2024 6:50,14.026
7/12/2024 7:00,14.004
7/12/2024 7:10,13.983
7/12/2024 7:20,13.993
7/12/2024 7:30,13.983
7/12/2024 7:40,13.972
7/12/2024 7:50,13.983
7/12/2024 8:00,13.961
7/12/2024 8:10,13.972
7/12/2024 8:20,13.972
7/12/2024 8:30,13.972
7/12/2024 8:40,13.961
7/12/2024 8:50,13.983
7/12/2024 9:00,13.983
7/12/2024 9:10,14.015
7/12/2024 9:20,14.015
7/12/2024 9:30,14.026
7/12/2024 9:40,14.026
7/12/2024 9:50,14.058
7/12/2024 10:00,14.036
7/12/2024 10:10,14.079
7/12/2024 10:20,14.069
7/12/2024 10:30,14.069
7/12/2024 10:40,14.079
7/12/2024 10:50,14.09
7/12/2024 11:00,14.111
7/12/2024 11:10,14.101
7/12/2024 11:20,14.122
7/12/2024 11:30,14.154
7/12/2024 11:40,14.197
7/12/2024 11:50,14.251
7/12/2024 12:00,14.283
7/12/2024 12:10,14.315
7/12/2024 12:20,14.358
7/12/2024 12:30,14.38
7/12/2024 12:40,14.39
7/12/2024 12:50,14.433
7/12/2024 13:00,14.476
7/12/2024 13:10,14.519
7/12/2024 13:20,14.53
7/12/2024 13:30,14.583
7/12/2024 13:40,14.594
7/12/2024 13:50,14.658
7/12/2024 14:00,14.734
7/12/2024 14:10,14.798
7/12/2024 14:20,14.841
7/12/2024 14:30,14.884
7/12/2024 14:40,14.927
7/12/2024 14:50,15.002
7/12/2024 15:00,15.012
7/12/2024 15:10,15.055
7/12/2024 15:20,15.12
7/12/2024 15:30,15.152
7/12/2024 15:40,15.163
7/12/2024 15:50,15.205
7/12/2024 16:00,15.238
7/12/2024 16:10,15.238
7/12/2024 16:20,15.291
7/12/2024 16:30,15.291
7/12/2024 16:40,15.323
7/12/2024 16:50,15.323
7/12/2024 17:00,15.323
7/12/2024 17:10,15.356
7/12/2024 17:20,15.345
7/12/2024 17:30,15.356
7/12/2024 17:40,15.366
7/12/2024 17:50,15.377
7/12/2024 18:00,15.366
7/12/2024 18:10,15.377
7/12/2024 18:20,15.356
7/12/2024 18:30,15.366
7/12/2024 18:40,15.366
7/12/2024 18:50,15.345
7/12/2024 19:00,15.345
7/12/2024 19:10,15.334
7/12/2024 19:20,15.334
7/12/2024 19:30,15.323
7/12/2024 19:40,15.323
7/12/2024 19:50,15.28
7/12/2024 20:00,15.302
7/12/2024 20:10,15.259
7/12/2024 20:20,15.248
7/12/2024 20:30,15.216
7/12/2024 20:40,15.216
7/12/2024 20:50,15.184
7/12/2024 21:00,15.184
7/12/2024 21:10,15.141
7/12/2024 21:20,15.12
7/12/2024 21:30,15.12
7/12/2024 21:40,15.098
7/12/2024 21:50,15.055
7/12/2024 22:00,15.023
7/12/2024 22:10,15.034
7/12/2024 22:20,15.002
7/12/2024 22:30,14.969
7/12/2024 22:40,14.937
7/12/2024 22:50,14.948
7/12/2024 23:00,14.905
7/12/2024 23:10,14.862
7/12/2024 23:20,14.841
7/12/2024 23:30,14.809
7/12/2024 23:40,14.798
7/12/2024 23:50,14.766
7/13/2024 0:00,14.776
7/13/2024 0:10,14.734
7/13/2024 0:20,14.691
7/13/2024 0:30,14.691
7/13/2024 0:40,14.658
7/13/2024 0:50,14.648
7/13/2024 1:00,14.616
7/13/2024 1:10,14.594
7/13/2024 1:20,14.562
7/13/2024 1:30,14.562
7/13/2024 1:40,14.53
7/13/2024 1:50,14.498
7/13/2024 2:00,14.498
7/13/2024 2:10,14.476
7/13/2024 2:20,14.455
7/13/2024 2:30,14.433
7/13/2024 2:40,14.412
7/13/2024 2:50,14.39
7/13/2024 3:00,14.369
7/13/2024 3:10,14.347
7/13/2024 3:20,14.337
7/13/2024 3:30,14.326
7/13/2024 3:40,14.272
7/13/2024 3:50,14.305
7/13/2024 4:00,14.283
7/13/2024 4:10,14.24
7/13/2024 4:20,14.24
7/13/2024 4:30,14.208
7/13/2024 4:40,14.197
7/13/2024 4:50,14.176
7/13/2024 5:00,14.144
7/13/2024 5:10,14.176
7/13/2024 5:20,14.111
7/13/2024 5:30,14.122
7/13/2024 5:40,14.101
7/13/2024 5:50,14.069
7/13/2024 6:00,14.09
7/13/2024 6:10,14.069
7/13/2024 6:20,14.058
7/13/2024 6:30,14.047
7/13/2024 6:40,14.026
7/13/2024 6:50,14.026
7/13/2024 7:00,14.026
7/13/2024 7:10,14.026
7/13/2024 7:20,14.004
7/13/2024 7:30,14.015
7/13/2024 7:40,14.036
7/13/2024 7:50,14.026
7/13/2024 8:00,14.026
7/13/2024 8:10,14.036
7/13/2024 8:20,14.047
7/13/2024 8:30,14.101
7/13/2024 8:40,14.09
7/13/2024 8:50,14.111
7/13/2024 9:00,14.144
7/13/2024 9:10,14.154
7/13/2024 9:20,14.197
7/13/2024 9:30,14.251
7/13/2024 9:40,14.283
7/13/2024 9:50,14.294
7/13/2024 10:00,14.337
7/13/2024 10:10,14.369
7/13/2024 10:20,14.412
7/13/2024 10:30,14.455
7/13/2024 10:40,14.498
7/13/2024 10:50,14.551
7/13/2024 11:00,14.594
7/13/2024 11:10,14.658
7/13/2024 11:20,14.669
7/13/2024 11:30,14.723
7/13/2024 11:40,14.755
7/13/2024 11:50,14.798
7/13/2024 12:00,14.83
7/13/2024 12:10,14.884
7/13/2024 12:20,14.894
7/13/2024 12:30,14.937
7/13/2024 12:40,15.002
7/13/2024 12:50,15.066
7/13/2024 13:00,15.13
7/13/2024 13:10,15.205
7/13/2024 13:20,15.28
7/13/2024 13:30,15.313
7/13/2024 13:40,15.388
7/13/2024 13:50,15.463
7/13/2024 14:00,15.538
7/13/2024 14:10,15.634
7/13/2024 14:20,15.709
7/13/2024 14:30,15.785
7/13/2024 14:40,15.817
7/13/2024 14:50,15.881
7/13/2024 15:00,15.924
7/13/2024 15:10,15.967
7/13/2024 15:20,15.999
7/13/2024 15:30,16.053
7/13/2024 15:40,16.053
7/13/2024 15:50,16.074
7/13/2024 16:00,16.085
7/13/2024 16:10,16.063
7/13/2024 16:20,16.063
7/13/2024 16:30,16.085
7/13/2024 16:40,16.063
7/13/2024 16:50,16.042
7/13/2024 17:00,16.042
7/13/2024 17:10,16.021
7/13/2024 17:20,15.967
7/13/2024 17:30,15.935
7/13/2024 17:40,15.924
7/13/2024 17:50,15.881
7/13/2024 18:00,15.827
7/13/2024 18:10,15.827
7/13/2024 18:20,15.806
7/13/2024 18:30,15.763
7/13/2024 18:40,15.731
7/13/2024 18:50,15.72
7/13/2024 19:00,15.677
7/13/2024 19:10,15.645
7/13/2024 19:20,15.602
7/13/2024 19:30,15.57
7/13/2024 19:40,15.527
7/13/2024 19:50,15.474
7/13/2024 20:00,15.452
7/13/2024 20:10,15.431
7/13/2024 20:20,15.398
7/13/2024 20:30,15.356
7/13/2024 20:40,15.334
7/13/2024 20:50,15.291
7/13/2024 21:00,15.259
7/13/2024 21:10,15.238
7/13/2024 21:20,15.195
7/13/2024 21:30,15.152
7/13/2024 21:40,15.12
7/13/2024 21:50,15.055
7/13/2024 22:00,15.055
7/13/2024 22:10,15.002
7/13/2024 22:20,14.98
7/13/2024 22:30,14.959
7/13/2024 22:40,14.916
7/13/2024 22:50,14.862
7/13/2024 23:00,14.841
7/13/2024 23:10,14.798
7/13/2024 23:20,14.787
7/13/2024 23:30,14.744
7/13/2024 23:40,14.723
7/13/2024 23:50,14.691
7/14/2024 0:00,14.658
7/14/2024 0:10,14.637
7/14/2024 0:20,14.616
7/14/2024 0:30,14.594
7/14/2024 0:40,14.562
7/14/2024 0:50,14.519
7/14/2024 1:00,14.54
7/14/2024 1:10,14.476
7/14/2024 1:20,14.487
7/14/2024 1:30,14.433
7/14/2024 1:40,14.401
7/14/2024 1:50,14.39
7/14/2024 2:00,14.38
7/14/2024 2:10,14.347
7/14/2024 2:20,14.305
7/14/2024 2:30,14.315
7/14/2024 2:40,14.283
7/14/2024 2:50,14.24
7/14/2024 3:00,14.229
7/14/2024 3:10,14.24
7/14/2024 3:20,14.187
7/14/2024 3:30,14.165
7/14/2024 3:40,14.144
7/14/2024 3:50,14.101
7/14/2024 4:00,14.101
7/14/2024 4:10,14.069
7/14/2024 4:20,14.058
7/14/2024 4:30,14.026
7/14/2024 4:40,14.026
7/14/2024 4:50,13.972
7/14/2024 5:00,13.961
7/14/2024 5:10,13.961
7/14/2024 5:20,13.951
7/14/2024 5:30,13.929
7/14/2024 5:40,13.897
7/14/2024 5:50,13.897
7/14/2024 6:00,13.897
7/14/2024 6:10,13.876
7/14/2024 6:20,13.854
7/14/2024 6:30,13.833
7/14/2024 6:40,13.822
7/14/2024 6:50,13.833
7/14/2024 7:00,13.822
7/14/2024 7:10,13.811
7/14/2024 7:20,13.822
7/14/2024 7:30,13.8
7/14/2024 7:40,13.79
7/14/2024 7:50,13.833
7/14/2024 8:00,13.833
7/14/2024 8:10,13.833
7/14/2024 8:20,13.822
7/14/2024 8:30,13.865
7/14/2024 8:40,13.908
7/14/2024 8:50,13.929
7/14/2024 9:00,13.929
7/14/2024 9:10,13.961
7/14/2024 9:20,13.972
7/14/2024 9:30,13.993
7/14/2024 9:40,14.004
7/14/2024 9:50,14.036
7/14/2024 10:00,14.047
7/14/2024 10:10,14.069
7/14/2024 10:20,14.09
7/14/2024 10:30,14.101
7/14/2024 10:40,14.144
7/14/2024 10:50,14.154
7/14/2024 11:00,14.187
7/14/2024 11:10,14.176
7/14/2024 11:20,14.229
7/14/2024 11:30,14.262
7/14/2024 11:40,14.262
7/14/2024 11:50,14.294
7/14/2024 12:00,14.326
7/14/2024 12:10,14.369
7/14/2024 12:20,14.358
7/14/2024 12:30,14.39
7/14/2024 12:40,14.444
7/14/2024 12:50,14.444
7/14/2024 13:00,14.455
7/14/2024 13:10,14.487
7/14/2024 13:20,14.519
7/14/2024 13:30,14.573
7/14/2024 13:40,14.669
7/14/2024 13:50,14.691
7/14/2024 14:00,14.766
7/14/2024 14:10,14.787
7/14/2024 14:20,14.841
7/14/2024 14:30,14.927
7/14/2024 14:40,14.937
7/14/2024 14:50,15.002
7/14/2024 15:00,15.045
7/14/2024 15:10,15.055
7/14/2024 15:20,15.055
7/14/2024 15:30,15.055
7/14/2024 15:40,15.066
7/14/2024 15:50,15.077
7/14/2024 16:00,15.13
7/14/2024 16:10,15.13
7/14/2024 16:20,15.152
7/14/2024 16:30,15.13
7/14/2024 16:40,15.152
7/14/2024 16:50,15.152
7/14/2024 17:00,15.173
7/14/2024 17:10,15.184
7/14/2024 17:20,15.205
7/14/2024 17:30,15.195
7/14/2024 17:40,15.184
7/14/2024 17:50,15.184
7/14/2024 18:00,15.195
7/14/2024 18:10,15.173
7/14/2024 18:20,15.184
7/14/2024 18:30,15.152
7/14/2024 18:40,15.13
7/14/2024 18:50,15.13
7/14/2024 19:00,15.152
7/14/2024 19:10,15.13
7/14/2024 19:20,15.109
7/14/2024 19:30,15.087
7/14/2024 19:40,15.077
7/14/2024 19:50,15.045
7/14/2024 20:00,15.034
7/14/2024 20:10,15.023
7/14/2024 20:20,15.002
7/14/2024 20:30,15.002
7/14/2024 20:40,14.98
7/14/2024 20:50,14.948
7/14/2024 21:00,14.948
7/14/2024 21:10,14.916
7/14/2024 21:20,14.894
7/14/2024 21:30,14.873
7/14/2024 21:40,14.851
7/14/2024 21:50,14.83
7/14/2024 22:00,14.776
7/14/2024 22:10,14.776
7/14/2024 22:20,14.766
7/14/2024 22:30,14.734
7/14/2024 22:40,14.723
7/14/2024 22:50,14.712
7/14/2024 23:00,14.658
7/14/2024 23:10,14.658
7/14/2024 23:20,14.626
7/14/2024 23:30,14.583
7/14/2024 23:40,14.594
7/14/2024 23:50,14.562
7/15/2024 0:00,14.562
7/15/2024 0:10,14.53
7/15/2024 0:20,14.498
7/15/2024 0:30,14.465
7/15/2024 0:40,14.465
7/15/2024 0:50,14.422
7/15/2024 1:00,14.38
7/15/2024 1:10,14.358
7/15/2024 1:20,14.347
7/15/2024 1:30,14.315
7/15/2024 1:40,14.315
7/15/2024 1:50,14.283
7/15/2024 2:00,14.262
7/15/2024 2:10,14.229
7/15/2024 2:20,14.197
7/15/2024 2:30,14.197
7/15/2024 2:40,14.165
7/15/2024 2:50,14.133
7/15/2024 3:00,14.111
7/15/2024 3:10,14.09
7/15/2024 3:20,14.047
7/15/2024 3:30,14.036
7/15/2024 3:40,14.015
7/15/2024 3:50,13.993
7/15/2024 4:00,13.908
7/15/2024 4:10,13.908
7/15/2024 4:20,13.865
7/15/2024 4:30,13.822
7/15/2024 4:40,13.768
7/15/2024 4:50,13.758
7/15/2024 5:00,13.715
7/15/2024 5:10,13.704
7/15/2024 5:20,13.661
7/15/2024 5:30,13.618
7/15/2024 5:40,13.597
7/15/2024 5:50,13.554
7/15/2024 6:00,13.532
7/15/2024 6:10,13.511
7/15/2024 6:20,13.5
7/15/2024 6:30,13.468
7/15/2024 6:40,13.457
7/15/2024 6:50,13.468
7/15/2024 7:00,13.457
7/15/2024 7:10,13.457
7/15/2024 7:20,13.436
7/15/2024 7:30,13.457
7/15/2024 7:40,13.457
7/15/2024 7:50,13.479
7/15/2024 8:00,13.522
7/15/2024 8:10,13.543
7/15/2024 8:20,13.575
7/15/2024 8:30,13.575
7/15/2024 8:40,13.672
7/15/2024 8:50,13.736
7/15/2024 9:00,13.779
7/15/2024 9:10,13.833
7/15/2024 9:20,13.897
7/15/2024 9:30,13.929
7/15/2024 9:40,14.026
7/15/2024 9:50,14.101
7/15/2024 10:00,14.197
7/15/2024 10:10,14.294
7/15/2024 10:20,14.38
7/15/2024 10:30,14.487
7/15/2024 10:40,14.616
7/15/2024 10:50,14.755
7/15/2024 11:00,14.862
7/15/2024 11:10,14.991
7/15/2024 11:20,15.12
7/15/2024 11:30,15.259
7/15/2024 11:40,15.398
7/15/2024 11:50,15.474
7/15/2024 12:00,15.549
7/15/2024 12:10,15.667
7/15/2024 12:20,15.806
7/15/2024 12:30,15.935
7/15/2024 12:40,16.074
7/15/2024 12:50,16.171
7/15/2024 13:00,16.278
7/15/2024 13:10,16.364
7/15/2024 13:20,16.471
7/15/2024 13:30,16.535
7/15/2024 13:40,16.653
7/15/2024 13:50,16.761
7/15/2024 14:00,16.825
7/15/2024 14:10,16.921
7/15/2024 14:20,17.007
7/15/2024 14:30,17.072
7/15/2024 14:40,17.093
7/15/2024 14:50,17.168
7/15/2024 15:00,17.222
7/15/2024 15:10,17.254
7/15/2024 15:20,17.297
7/15/2024 15:30,17.318
7/15/2024 15:40,17.34
7/15/2024 15:50,17.34
7/15/2024 16:00,17.383
7/15/2024 16:10,17.361
7/15/2024 16:20,17.372
7/15/2024 16:30,17.404
7/15/2024 16:40,17.393
7/15/2024 16:50,17.393
7/15/2024 17:00,17.383
7/15/2024 17:10,17.372
7/15/2024 17:20,17.393
7/15/2024 17:30,17.361
7/15/2024 17:40,17.372
7/15/2024 17:50,17.34
7/15/2024 18:00,17.34
7/15/2024 18:10,17.308
7/15/2024 18:20,17.318
7/15/2024 18:30,17.265
7/15/2024 18:40,17.222
7/15/2024 18:50,17.211
7/15/2024 19:00,17.2
7/15/2024 19:10,17.179
7/15/2024 19:20,17.136
7/15/2024 19:30,17.072
7/15/2024 19:40,17.05
7/15/2024 19:50,16.975
7/15/2024 20:00,16.964
7/15/2024 20:10,16.932
7/15/2024 20:20,16.9
7/15/2024 20:30,16.857
7/15/2024 20:40,16.803
7/15/2024 20:50,16.761
7/15/2024 21:00,16.728
7/15/2024 21:10,16.664
7/15/2024 21:20,16.621
7/15/2024 21:30,16.589
7/15/2024 21:40,16.546
7/15/2024 21:50,16.482
7/15/2024 22:00,16.471
7/15/2024 22:10,16.417
7/15/2024 22:20,16.342
7/15/2024 22:30,16.332
7/15/2024 22:40,16.256
7/15/2024 22:50,16.224
7/15/2024 23:00,16.192
7/15/2024 23:10,16.16
7/15/2024 23:20,16.085
7/15/2024 23:30,16.042
7/15/2024 23:40,15.988
7/15/2024 23:50,15.967
7/16/2024 0:00,15.903
7/16/2024 0:10,15.86
7/16/2024 0:20,15.817
7/16/2024 0:30,15.752
7/16/2024 0:40,15.72
7/16/2024 0:50,15.677
7/16/2024 1:00,15.634
7/16/2024 1:10,15.559
7/16/2024 1:20,15.516
7/16/2024 1:30,15.495
7/16/2024 1:40,15.431
7/16/2024 1:50,15.366
7/16/2024 2:00,15.334
7/16/2024 2:10,15.28
7/16/2024 2:20,15.27
7/16/2024 2:30,15.205
7/16/2024 2:40,15.13
7/16/2024 2:50,15.13
7/16/2024 3:00,15.045
7/16/2024 3:10,15.023
7/16/2024 3:20,14.959
7/16/2024 3:30,14.937
7/16/2024 3:40,14.862
7/16/2024 3:50,14.819
7/16/2024 4:00,14.744
7/16/2024 4:10,14.734
7/16/2024 4:20,14.669
7/16/2024 4:30,14.637
7/16/2024 4:40,14.594
7/16/2024 4:50,14.54
7/16/2024 5:00,14.498
7/16/2024 5:10,14.455
7/16/2024 5:20,14.422
7/16/2024 5:30,14.39
7/16/2024 5:40,14.337
7/16/2024 5:50,14.326
7/16/2024 6:00,14.315
7/16/2024 6:10,14.283
7/16/2024 6:20,14.262
7/16/2024 6:30,14.229
7/16/2024 6:40,14.24
7/16/2024 6:50,14.229
7/16/2024 7:00,14.219
7/16/2024 7:10,14.208
7/16/2024 7:20,14.229
7/16/2024 7:30,14.219
7/16/2024 7:40,14.229
7/16/2024 7:50,14.24
7/16/2024 8:00,14.272
7/16/2024 8:10,14.337
7/16/2024 8:20,14.347
7/16/2024 8:30,14.369
7/16/2024 8:40,14.444
7/16/2024 8:50,14.54
7/16/2024 9:00,14.594
7/16/2024 9:10,14.68
7/16/2024 9:20,14.701
7/16/2024 9:30,14.776
7/16/2024 9:40,14.862
7/16/2024 9:50,14.927
7/16/2024 10:00,15.023
7/16/2024 10:10,15.077
7/16/2024 10:20,15.173
7/16/2024 10:30,15.28
7/16/2024 10:40,15.409
7/16/2024 10:50,15.474
7/16/2024 11:00,15.592
7/16/2024 11:10,15.688
7/16/2024 11:20,15.785
7/16/2024 11:30,15.903
7/16/2024 11:40,15.999
7/16/2024 11:50,16.096
7/16/2024 12:00,16.171
7/16/2024 12:10,16.289
7/16/2024 12:20,16.407
7/16/2024 12:30,16.546
7/16/2024 12:40,16.653
7/16/2024 12:50,16.761
7/16/2024 13:00,16.857
7/16/2024 13:10,16.954
7/16/2024 13:20,17.082
7/16/2024 13:30,17.168
7/16/2024 13:40,17.275
7/16/2024 13:50,17.372
7/16/2024 14:00,17.501
7/16/2024 14:10,17.543
7/16/2024 14:20,17.651
7/16/2024 14:30,17.715
7/16/2024 14:40,17.801
7/16/2024 14:50,17.865
7/16/2024 15:00,17.919
7/16/2024 15:10,18.015
7/16/2024 15:20,18.026
7/16/2024 15:30,18.069
7/16/2024 15:40,18.123
7/16/2024 15:50,18.144
7/16/2024 16:00,18.198
7/16/2024 16:10,18.219
7/16/2024 16:20,18.23
7/16/2024 16:30,18.251
7/16/2024 16:40,18.284
7/16/2024 16:50,18.294
7/16/2024 17:00,18.316
7/16/2024 17:10,18.326
7/16/2024 17:20,18.316
7/16/2024 17:30,18.359
7/16/2024 17:40,18.359
7/16/2024 17:50,18.348
7/16/2024 18:00,18.337
7/16/2024 18:10,18.359
7/16/2024 18:20,18.326
7/16/2024 18:30,18.294
7/16/2024 18:40,18.273
7/16/2024 18:50,18.251
7/16/2024 19:00,18.251
7/16/2024 19:10,18.208
7/16/2024 19:20,18.198
7/16/2024 19:30,18.176
7/16/2024 19:40,18.133
7/16/2024 19:50,18.112
7/16/2024 20:00,18.08
7/16/2024 20:10,18.069
7/16/2024 20:20,18.037
7/16/2024 20:30,18.005
7/16/2024 20:40,17.983
7/16/2024 20:50,17.972
7/16/2024 21:00,17.94
7/16/2024 21:10,17.897
7/16/2024 21:20,17.876
7/16/2024 21:30,17.855
7/16/2024 21:40,17.822
7/16/2024 21:50,17.79
7/16/2024 22:00,17.779
7/16/2024 22:10,17.747
7/16/2024 22:20,17.715
7/16/2024 22:30,17.704
7/16/2024 22:40,17.672
7/16/2024 22:50,17.661
7/16/2024 23:00,17.64
7/16/2024 23:10,17.608
7/16/2024 23:20,17.576
7/16/2024 23:30,17.533
7/16/2024 23:40,17.543
7/16/2024 23:50,17.501
7/17/2024 0:00,17.49
7/17/2024 0:10,17.458
7/17/2024 0:20,17.426
7/17/2024 0:30,17.393
7/17/2024 0:40,17.383
7/17/2024 0:50,17.34
7/17/2024 1:00,17.34
7/17/2024 1:10,17.308
7/17/2024 1:20,17.286
7/17/2024 1:30,17.265
7/17/2024 1:40,17.254
7/17/2024 1:50,17.243
7/17/2024 2:00,17.232
7/17/2024 2:10,17.2
7/17/2024 2:20,17.179
7/17/2024 2:30,17.168
7/17/2024 2:40,17.168
7/17/2024 2:50,17.147
7/17/2024 3:00,17.125
7/17/2024 3:10,17.082
7/17/2024 3:20,17.093
7/17/2024 3:30,17.072
7/17/2024 3:40,17.05
7/17/2024 3:50,17.039
7/17/2024 4:00,17.029
7/17/2024 4:10,17.029
7/17/2024 4:20,17.007
7/17/2024 4:30,16.975
7/17/2024 4:40,16.975
7/17/2024 4:50,16.986
7/17/2024 5:00,16.954
7/17/2024 5:10,16.943
7/17/2024 5:20,16.954
7/17/2024 5:30,16.932
7/17/2024 5:40,16.9
7/17/2024 5:50,16.921
7/17/2024 6:00,16.911
7/17/2024 6:10,16.889
7/17/2024 6:20,16.879
7/17/2024 6:30,16.879
7/17/2024 6:40,16.889
7/17/2024 6:50,16.879
7/17/2024 7:00,16.868
7/17/2024 7:10,16.879
7/17/2024 7:20,16.9
7/17/2024 7:30,16.879
7/17/2024 7:40,16.911
7/17/2024 7:50,16.943
7/17/2024 8:00,16.954
7/17/2024 8:10,16.975
7/17/2024 8:20,16.997
7/17/2024 8:30,17.029
7/17/2024 8:40,17.082
7/17/2024 8:50,17.157
7/17/2024 9:00,17.211
7/17/2024 9:10,17.254
7/17/2024 9:20,17.286
7/17/2024 9:30,17.361
7/17/2024 9:40,17.426
7/17/2024 9:50,17.49
7/17/2024 10:00,17.576
7/17/2024 10:10,17.683
7/17/2024 10:20,17.737
7/17/2024 10:30,17.833
7/17/2024 10:40,17.951
7/17/2024 10:50,18.037
7/17/2024 11:00,18.112
7/17/2024 11:10,18.198
7/17/2024 11:20,18.294
7/17/2024 11:30,18.359
7/17/2024 11:40,18.466
7/17/2024 11:50,18.573
7/17/2024 12:00,18.659
7/17/2024 12:10,18.777
7/17/2024 12:20,18.884
7/17/2024 12:30,18.959
7/17/2024 12:40,19.077
7/17/2024 12:50,19.163
7/17/2024 13:00,19.26
7/17/2024 13:10,19.367
7/17/2024 13:20,19.453
7/17/2024 13:30,19.56
7/17/2024 13:40,19.656
7/17/2024 13:50,19.742
7/17/2024 14:00,19.806
7/17/2024 14:10,19.903
7/17/2024 14:20,19.957
7/17/2024 14:30,19.989
7/17/2024 14:40,20.021
7/17/2024 14:50,20.085
7/17/2024 15:00,20.128
7/17/2024 15:10,20.182
7/17/2024 15:20,20.193
7/17/2024 15:30,20.235
7/17/2024 15:40,20.203
7/17/2024 15:50,20.225
7/17/2024 16:00,20.257
7/17/2024 16:10,20.246
7/17/2024 16:20,20.257
7/17/2024 16:30,20.235
7/17/2024 16:40,20.246
7/17/2024 16:50,20.214
7/17/2024 17:00,20.225
7/17/2024 17:10,20.235
7/17/2024 17:20,20.193
7/17/2024 17:30,20.171
7/17/2024 17:40,20.171
7/17/2024 17:50,20.128
7/17/2024 18:00,20.107
7/17/2024 18:10,20.075
7/17/2024 18:20,20.032
7/17/2024 18:30,20.01
7/17/2024 18:40,19.978
7/17/2024 18:50,19.957
7/17/2024 19:00,19.914
7/17/2024 19:10,19.86
7/17/2024 19:20,19.817
7/17/2024 19:30,19.774
7/17/2024 19:40,19.731
7/17/2024 19:50,19.678
7/17/2024 20:00,19.635
7/17/2024 20:10,19.592
7/17/2024 20:20,19.571
7/17/2024 20:30,19.495
7/17/2024 20:40,19.453
7/17/2024 20:50,19.42
7/17/2024 21:00,19.377
7/17/2024 21:10,19.324
7/17/2024 21:20,19.26
7/17/2024 21:30,19.227
7/17/2024 21:40,19.163
7/17/2024 21:50,19.152
7/17/2024 22:00,19.077
7/17/2024 22:10,19.045
7/17/2024 22:20,18.991
7/17/2024 22:30,18.938
7/17/2024 22:40,18.906
7/17/2024 22:50,18.852
7/17/2024 23:00,18.809
7/17/2024 23:10,18.745
7/17/2024 23:20,18.691
7/17/2024 23:30,18.648
7/17/2024 23:40,18.616
7/17/2024 23:50,18.519
7/18/2024 0:00,18.477
7/18/2024 0:10,18.444
7/18/2024 0:20,18.412
7/18/2024 0:30,18.337
7/18/2024 0:40,18.316
7/18/2024 0:50,18.273
7/18/2024 1:00,18.219
7/18/2024 1:10,18.176
7/18/2024 1:20,18.112
7/18/2024 1:30,18.058
7/18/2024 1:40,18.048
7/18/2024 1:50,18.005
7/18/2024 2:00,17.962
7/18/2024 2:10,17.897
7/18/2024 2:20,17.855
7/18/2024 2:30,17.812
7/18/2024 2:40,17.758
7/18/2024 2:50,17.726
7/18/2024 3:00,17.683
7/18/2024 3:10,17.629
7/18/2024 3:20,17.597
7/18/2024 3:30,17.576
7/18/2024 3:40,17.543
7/18/2024 3:50,17.49
7/18/2024 4:00,17.479
7/18/2024 4:10,17.415
7/18/2024 4:20,17.415
7/18/2024 4:30,17.372
7/18/2024 4:40,17.34
7/18/2024 4:50,17.329
7/18/2024 5:00,17.275
7/18/2024 5:10,17.265
7/18/2024 5:20,17.211
7/18/2024 5:30,17.211
7/18/2024 5:40,17.211
7/18/2024 5:50,17.179
7/18/2024 6:00,17.147
7/18/2024 6:10,17.104
7/18/2024 6:20,17.093
7/18/2024 6:30,17.093
7/18/2024 6:40,17.061
7/18/2024 6:50,17.072
7/18/2024 7:00,17.039
7/18/2024 7:10,17.029
7/18/2024 7:20,17.029
7/18/2024 7:30,16.997
7/18/2024 7:40,16.997
7/18/2024 7:50,17.007
7/18/2024 8:00,16.986
7/18/2024 8:10,16.986
7/18/2024 8:20,16.986
7/18/2024 8:30,16.986
7/18/2024 8:40,16.986
7/18/2024 8:50,16.997
7/18/2024 9:00,16.975
7/18/2024 9:10,16.975
7/18/2024 9:20,16.997
7/18/2024 9:30,17.018
7/18/2024 9:40,17.007
7/18/2024 9:50,17.018
7/18/2024 10:00,17.039
7/18/2024 10:10,17.072
7/18/2024 10:20,17.104
7/18/2024 10:30,17.136
7/18/2024 10:40,17.19
7/18/2024 10:50,17.243
7/18/2024 11:00,17.297
7/18/2024 11:10,17.393
7/18/2024 11:20,17.479
7/18/2024 11:30,17.565
7/18/2024 11:40,17.629
7/18/2024 11:50,17.758
7/18/2024 12:00,17.844
7/18/2024 12:10,17.93
7/18/2024 12:20,18.048
7/18/2024 12:30,18.133
7/18/2024 12:40,18.23
7/18/2024 12:50,18.348
7/18/2024 13:00,18.455
7/18/2024 13:10,18.552
7/18/2024 13:20,18.648
7/18/2024 13:30,18.734
7/18/2024 13:40,18.83
7/18/2024 13:50,18.906
7/18/2024 14:00,18.959
7/18/2024 14:10,19.066
7/18/2024 14:20,19.099
7/18/2024 14:30,19.152
7/18/2024 14:40,19.206
7/18/2024 14:50,19.27
7/18/2024 15:00,19.313
7/18/2024 15:10,19.313
7/18/2024 15:20,19.367
7/18/2024 15:30,19.377
7/18/2024 15:40,19.41
7/18/2024 15:50,19.41
7/18/2024 16:00,19.42
7/18/2024 16:10,19.41
7/18/2024 16:20,19.431
7/18/2024 16:30,19.41
7/18/2024 16:40,19.42
7/18/2024 16:50,19.399
7/18/2024 17:00,19.399
7/18/2024 17:10,19.377
7/18/2024 17:20,19.356
7/18/2024 17:30,19.324
7/18/2024 17:40,19.313
7/18/2024 17:50,19.292
7/18/2024 18:00,19.26
7/18/2024 18:10,19.206
7/18/2024 18:20,19.163
7/18/2024 18:30,19.142
7/18/2024 18:40,19.109
7/18/2024 18:50,19.066
7/18/2024 19:00,19.002
7/18/2024 19:10,18.991
7/18/2024 19:20,18.938
7/18/2024 19:30,18.895
7/18/2024 19:40,18.852
7/18/2024 19:50,18.809
7/18/2024 20:00,18.766
7/18/2024 20:10,18.734
7/18/2024 20:20,18.691
7/18/2024 20:30,18.637
7/18/2024 20:40,18.616
7/18/2024 20:50,18.562
7/18/2024 21:00,18.552
7/18/2024 21:10,18.498
7/18/2024 21:20,18.455
7/18/2024 21:30,18.423
7/18/2024 21:40,18.38
7/18/2024 21:50,18.348
7/18/2024 22:00,18.326
7/18/2024 22:10,18.294
7/18/2024 22:20,18.241
7/18/2024 22:30,18.251
7/18/2024 22:40,18.187
7/18/2024 22:50,18.176
7/18/2024 23:00,18.155
7/18/2024 23:10,18.112
7/18/2024 23:20,18.069
7/18/2024 23:30,18.058
7/18/2024 23:40,18.026
7/18/2024 23:50,17.983
7/19/2024 0:00,17.962
7/19/2024 0:10,17.93
7/19/2024 0:20,17.919
7/19/2024 0:30,17.876
7/19/2024 0:40,17.855
7/19/2024 0:50,17.812
7/19/2024 1:00,17.758
7/19/2024 1:10,17.758
7/19/2024 1:20,17.715
7/19/2024 1:30,17.694
7/19/2024 1:40,17.651
7/19/2024 1:50,17.651
7/19/2024 2:00,17.597
7/19/2024 2:10,17.565
7/19/2024 2:20,17.576
7/19/2024 2:30,17.511
7/19/2024 2:40,17.501
7/19/2024 2:50,17.468
7/19/2024 3:00,17.447
7/19/2024 3:10,17.404
7/19/2024 3:20,17.383
7/19/2024 3:30,17.35
7/19/2024 3:40,17.318
7/19/2024 3:50,17.286
7/19/2024 4:00,17.265
7/19/2024 4:10,17.243
7/19/2024 4:20,17.211
7/19/2024 4:30,17.179
7/19/2024 4:40,17.168
7/19/2024 4:50,17.125
7/19/2024 5:00,17.114
7/19/2024 5:10,17.072
7/19/2024 5:20,17.082
7/19/2024 5:30,17.05
7/19/2024 5:40,17.029
7/19/2024 5:50,17.029
7/19/2024 6:00,16.986
7/19/2024 6:10,16.975
7/19/2024 6:20,16.964
7/19/2024 6:30,16.943
7/19/2024 6:40,16.921
7/19/2024 6:50,16.943
7/19/2024 7:00,16.921
7/19/2024 7:10,16.921
7/19/2024 7:20,16.921
7/19/2024 7:30,16.9
7/19/2024 7:40,16.879
7/19/2024 7:50,16.857
7/19/2024 8:00,16.889
7/19/2024 8:10,16.889
7/19/2024 8:20,16.868
7/19/2024 8:30,16.911
7/19/2024 8:40,16.889
7/19/2024 8:50,16.9
7/19/2024 9:00,16.9
7/19/2024 9:10,16.932
7/19/2024 9:20,16.932
7/19/2024 9:30,16.997
7/19/2024 9:40,16.986
7/19/2024 9:50,17.018
7/19/2024 10:00,17.072
7/19/2024 10:10,17.125
7/19/2024 10:20,17.147
7/19/2024 10:30,17.2
7/19/2024 10:40,17.232
7/19/2024 10:50,17.297
7/19/2024 11:00,17.329
7/19/2024 11:10,17.372
7/19/2024 11:20,17.458
7/19/2024 11:30,17.501
7/19/2024 11:40,17.565
7/19/2024 11:50,17.619
7/19/2024 12:00,17.672
7/19/2024 12:10,17.726
7/19/2024 12:20,17.758
7/19/2024 12:30,17.801
7/19/2024 12:40,17.844
7/19/2024 12:50,17.887
7/19/2024 13:00,17.919
7/19/2024 13:10,17.972
7/19/2024 13:20,17.994
7/19/2024 13:30,18.015
7/19/2024 13:40,18.026
7/19/2024 13:50,18.058
7/19/2024 14:00,18.069
7/19/2024 14:10,18.069
7/19/2024 14:20,18.09
7/19/2024 14:30,18.058
7/19/2024 14:40,18.123
7/19/2024 14:50,18.101
7/19/2024 15:00,18.123
7/19/2024 15:10,18.112
7/19/2024 15:20,18.123
7/19/2024 15:30,18.123
7/19/2024 15:40,18.133
7/19/2024 15:50,18.133
7/19/2024 16:00,18.123
7/19/2024 16:10,18.123
7/19/2024 16:20,18.123
7/19/2024 16:30,18.112
7/19/2024 16:40,18.123
7/19/2024 16:50,18.09
7/19/2024 17:00,18.133
7/19/2024 17:10,18.08
7/19/2024 17:20,18.069
7/19/2024 17:30,18.058
7/19/2024 17:40,18.048
7/19/2024 17:50,18.048
7/19/2024 18:00,18.058
7/19/2024 18:10,18.037
7/19/2024 18:20,18.026
7/19/2024 18:30,18.015
7/19/2024 18:40,18.005
7/19/2024 18:50,18.005
7/19/2024 19:00,17.983
7/19/2024 19:10,17.983
7/19/2024 19:20,17.962
7/19/2024 19:30,17.951
7/19/2024 19:40,17.93
7/19/2024 19:50,17.908
7/19/2024 20:00,17.93
7/19/2024 20:10,17.876
7/19/2024 20:20,17.897
7/19/2024 20:30,17.865
7/19/2024 20:40,17.844
7/19/2024 20:50,17.844
7/19/2024 21:00,17.812
7/19/2024 21:10,17.844
7/19/2024 21:20,17.822
7/19/2024 21:30,17.779
7/19/2024 21:40,17.779
7/19/2024 21:50,17.769
7/19/2024 22:00,17.726
7/19/2024 22:10,17.726
7/19/2024 22:20,17.704
7/19/2024 22:30,17.661
7/19/2024 22:40,17.672
7/19/2024 22:50,17.629
7/19/2024 23:00,17.619
7/19/2024 23:10,17.597
7/19/2024 23:20,17.576
7/19/2024 23:30,17.554
7/19/2024 23:40,17.543
7/19/2024 23:50,17.511
7/20/2024 0:00,17.522
7/20/2024 0:10,17.511
7/20/2024 0:20,17.479
7/20/2024 0:30,17.501
7/20/2024 0:40,17.511
7/20/2024 0:50,17.479
7/20/2024 1:00,17.479
7/20/2024 1:10,17.468
7/20/2024 1:20,17.501
7/20/2024 1:30,17.49
7/20/2024 1:40,17.501
7/20/2024 1:50,17.501
7/20/2024 2:00,17.49
7/20/2024 2:10,17.501
7/20/2024 2:20,17.49
7/20/2024 2:30,17.501
7/20/2024 2:40,17.479
7/20/2024 2:50,17.49
7/20/2024 3:00,17.49
7/20/2024 3:10,17.49
7/20/2024 3:20,17.49
7/20/2024 3:30,17.511
7/20/2024 3:40,17.511
7/20/2024 3:50,17.49
7/20/2024 4:00,17.49
7/20/2024 4:10,17.49
7/20/2024 4:20,17.501
7/20/2024 4:30,17.511
7/20/2024 4:40,17.479
7/20/2024 4:50,17.479
7/20/2024 5:00,17.49
7/20/2024 5:10,17.49
7/20/2024 5:20,17.501
7/20/2024 5:30,17.49
7/20/2024 5:40,17.522
7/20/2024 5:50,17.511
7/20/2024 6:00,17.522
7/20/2024 6:10,17.533
7/20/2024 6:20,17.543
7/20/2024 6:30,17.533
7/20/2024 6:40,17.565
7/20/2024 6:50,17.576
7/20/2024 7:00,17.576
7/20/2024 7:10,17.597
7/20/2024 7:20,17.608
7/20/2024 7:30,17.629
7/20/2024 7:40,17.651
7/20/2024 7:50,17.64
7/20/2024 8:00,17.661
7/20/2024 8:10,17.694
7/20/2024 8:20,17.683
7/20/2024 8:30,17.726
7/20/2024 8:40,17.737
7/20/2024 8:50,17.758
7/20/2024 9:00,17.79
7/20/2024 9:10,17.79
7/20/2024 9:20,17.801
7/20/2024 9:30,17.812
7/20/2024 9:40,17.844
7/20/2024 9:50,17.855
7/20/2024 10:00,17.876
7/20/2024 10:10,17.897
7/20/2024 10:20,17.897
7/20/2024 10:30,17.919
7/20/2024 10:40,17.951
7/20/2024 10:50,18.005
7/20/2024 11:00,18.026
7/20/2024 11:10,18.069
7/20/2024 11:20,18.069
7/20/2024 11:30,18.112
7/20/2024 11:40,18.133
7/20/2024 11:50,18.187
7/20/2024 12:00,18.208
7/20/2024 12:10,18.262
7/20/2024 12:20,18.294
7/20/2024 12:30,18.326
7/20/2024 12:40,18.38
7/20/2024 12:50,18.412
7/20/2024 13:00,18.477
7/20/2024 13:10,18.498
7/20/2024 13:20,18.541
7/20/2024 13:30,18.584
7/20/2024 13:40,18.605
7/20/2024 13:50,18.659
7/20/2024 14:00,18.659
7/20/2024 14:10,18.723
7/20/2024 14:20,18.766
7/20/2024 14:30,18.809
7/20/2024 14:40,18.83
7/20/2024 14:50,18.895
7/20/2024 15:00,18.938
7/20/2024 15:10,18.981
7/20/2024 15:20,19.056
7/20/2024 15:30,19.066
7/20/2024 15:40,19.152
7/20/2024 15:50,19.184
7/20/2024 16:00,19.227
7/20/2024 16:10,19.27
7/20/2024 16:20,19.302
7/20/2024 16:30,19.335
7/20/2024 16:40,19.367
7/20/2024 16:50,19.377
7/20/2024 17:00,19.42
7/20/2024 17:10,19.42
7/20/2024 17:20,19.442
7/20/2024 17:30,19.463
7/20/2024 17:40,19.463
7/20/2024 17:50,19.463
7/20/2024 18:00,19.495
7/20/2024 18:10,19.485
7/20/2024 18:20,19.495
7/20/2024 18:30,19.495
7/20/2024 18:40,19.485
7/20/2024 18:50,19.485
7/20/2024 19:00,19.485
7/20/2024 19:10,19.463
7/20/2024 19:20,19.453
7/20/2024 19:30,19.453
7/20/2024 19:40,19.442
7/20/2024 19:50,19.42
7/20/2024 20:00,19.431
7/20/2024 20:10,19.41
7/20/2024 20:20,19.388
7/20/2024 20:30,19.388
7/20/2024 20:40,19.367
7/20/2024 20:50,19.367
7/20/2024 21:00,19.324
7/20/2024 21:10,19.313
7/20/2024 21:20,19.324
7/20/2024 21:30,19.302
7/20/2024 21:40,19.292
7/20/2024 21:50,19.27
7/20/2024 22:00,19.26
7/20/2024 22:10,19.238
7/20/2024 22:20,19.249
7/20/2024 22:30,19.206
7/20/2024 22:40,19.195
7/20/2024 22:50,19.206
7/20/2024 23:00,19.174
7/20/2024 23:10,19.152
7/20/2024 23:20,19.152
7/20/2024 23:30,19.12
7/20/2024 23:40,19.099
7/20/2024 23:50,19.077
7/21/2024 0:00,19.066
7/21/2024 0:10,19.066
7/21/2024 0:20,19.045
7/21/2024 0:30,19.034
7/21/2024 0:40,19.013
7/21/2024 0:50,18.97
7/21/2024 1:00,18.991
7/21/2024 1:10,18.948
7/21/2024 1:20,18.948
7/21/2024 1:30,18.906
7/21/2024 1:40,18.906
7/21/2024 1:50,18.906
7/21/2024 2:00,18.873
7/21/2024 2:10,18.863
7/21/2024 2:20,18.83
7/21/2024 2:30,18.83
7/21/2024 2:40,18.82
7/21/2024 2:50,18.788
7/21/2024 3:00,18.798
7/21/2024 3:10,18.788
7/21/2024 3:20,18.766
7/21/2024 3:30,18.755
7/21/2024 3:40,18.755
7/21/2024 3:50,18.734
7/21/2024 4:00,18.713
7/21/2024 4:10,18.745
7/21/2024 4:20,18.713
7/21/2024 4:30,18.702
7/21/2024 4:40,18.68
7/21/2024 4:50,18.67
7/21/2024 5:00,18.702
7/21/2024 5:10,18.68
7/21/2024 5:20,18.68
7/21/2024 5:30,18.648
7/21/2024 5:40,18.637
7/21/2024 5:50,18.648
7/21/2024 6:00,18.648
7/21/2024 6:10,18.637
7/21/2024 6:20,18.637
7/21/2024 6:30,18.648
7/21/2024 6:40,18.648
7/21/2024 6:50,18.648
7/21/2024 7:00,18.648
7/21/2024 7:10,18.659
7/21/2024 7:20,18.659
7/21/2024 7:30,18.68
7/21/2024 7:40,18.68
7/21/2024 7:50,18.68
7/21/2024 8:00,18.702
7/21/2024 8:10,18.745
7/21/2024 8:20,18.777
7/21/2024 8:30,18.798
7/21/2024 8:40,18.83
7/21/2024 8:50,18.863
7/21/2024 9:00,18.863
7/21/2024 9:10,18.906
7/21/2024 9:20,18.948
7/21/2024 9:30,18.97
7/21/2024 9:40,19.013
7/21/2024 9:50,19.056
7/21/2024 10:00,19.066
7/21/2024 10:10,19.12
7/21/2024 10:20,19.174
7/21/2024 10:30,19.217
7/21/2024 10:40,19.27
7/21/2024 10:50,19.324
7/21/2024 11:00,19.367
7/21/2024 11:10,19.41
7/21/2024 11:20,19.474
7/21/2024 11:30,19.549
7/21/2024 11:40,19.581
7/21/2024 11:50,19.646
7/21/2024 12:00,19.721
7/21/2024 12:10,19.753
7/21/2024 12:20,19.796
7/21/2024 12:30,19.839
7/21/2024 12:40,19.871
7/21/2024 12:50,19.871
7/21/2024 13:00,19.924
7/21/2024 13:10,19.924
7/21/2024 13:20,19.957
7/21/2024 13:30,19.957
7/21/2024 13:40,19.989
7/21/2024 13:50,19.978
7/21/2024 14:00,20
7/21/2024 14:10,20
7/21/2024 14:20,19.989
7/21/2024 14:30,20
7/21/2024 14:40,20
7/21/2024 14:50,20
7/21/2024 15:00,20.01
7/21/2024 15:10,20.021
7/21/2024 15:20,20
7/21/2024 15:30,20.01
7/21/2024 15:40,20.01
7/21/2024 15:50,19.989
7/21/2024 16:00,19.978
7/21/2024 16:10,19.978
7/21/2024 16:20,19.957
7/21/2024 16:30,19.957
7/21/2024 16:40,19.957
7/21/2024 16:50,19.935
7/21/2024 17:00,19.935
7/21/2024 17:10,19.924
7/21/2024 17:20,19.892
7/21/2024 17:30,19.871
7/21/2024 17:40,19.86
7/21/2024 17:50,19.828
7/21/2024 18:00,19.849
7/21/2024 18:10,19.817
7/21/2024 18:20,19.817
7/21/2024 18:30,19.785
7/21/2024 18:40,19.753
7/21/2024 18:50,19.721
7/21/2024 19:00,19.721
7/21/2024 19:10,19.699
7/21/2024 19:20,19.689
7/21/2024 19:30,19.635
7/21/2024 19:40,19.635
7/21/2024 19:50,19.613
7/21/2024 20:00,19.571
7/21/2024 20:10,19.56
7/21/2024 20:20,19.517
7/21/2024 20:30,19.528
7/21/2024 20:40,19.485
7/21/2024 20:50,19.474
7/21/2024 21:00,19.442
7/21/2024 21:10,19.377
7/21/2024 21:20,19.388
7/21/2024 21:30,19.367
7/21/2024 21:40,19.356
7/21/2024 21:50,19.302
7/21/2024 22:00,19.313
7/21/2024 22:10,19.27
7/21/2024 22:20,19.249
7/21/2024 22:30,19.238
7/21/2024 22:40,19.206
7/21/2024 22:50,19.174
7/21/2024 23:00,19.163
7/21/2024 23:10,19.131
7/21/2024 23:20,19.109
7/21/2024 23:30,19.066
7/21/2024 23:40,19.066
7/21/2024 23:50,19.013
7/22/2024 0:00,19.002
7/22/2024 0:10,18.981
7/22/2024 0:20,18.948
7/22/2024 0:30,18.927
7/22/2024 0:40,18.906
7/22/2024 0:50,18.863
7/22/2024 1:00,18.841
7/22/2024 1:10,18.82
7/22/2024 1:20,18.798
7/22/2024 1:30,18.755
7/22/2024 1:40,18.755
7/22/2024 1:50,18.723
7/22/2024 2:00,18.702
7/22/2024 2:10,18.702
7/22/2024 2:20,18.648
7/22/2024 2:30,18.659
7/22/2024 2:40,18.605
7/22/2024 2:50,18.605
7/22/2024 3:00,18.595
7/22/2024 3:10,18.605
7/22/2024 3:20,18.595
7/22/2024 3:30,18.584
7/22/2024 3:40,18.584
7/22/2024 3:50,18.605
7/22/2024 4:00,18.595
7/22/2024 4:10,18.605
7/22/2024 4:20,18.627
7/22/2024 4:30,18.648
7/22/2024 4:40,18.659
7/22/2024 4:50,18.648
7/22/2024 5:00,18.659
7/22/2024 5:10,18.68
7/22/2024 5:20,18.68
7/22/2024 5:30,18.68
7/22/2024 5:40,18.67
7/22/2024 5:50,18.68
7/22/2024 6:00,18.691
7/22/2024 6:10,18.68
7/22/2024 6:20,18.67
7/22/2024 6:30,18.659
7/22/2024 6:40,18.648
7/22/2024 6:50,18.637
7/22/2024 7:00,18.648
7/22/2024 7:10,18.648
7/22/2024 7:20,18.648
7/22/2024 7:30,18.605
7/22/2024 7:40,18.573
7/22/2024 7:50,18.562
7/22/2024 8:00,18.552
7/22/2024 8:10,18.53
7/22/2024 8:20,18.509
7/22/2024 8:30,18.477
7/22/2024 8:40,18.455
7/22/2024 8:50,18.444
7/22/2024 9:00,18.38
7/22/2024 9:10,18.412
7/22/2024 9:20,18.38
7/22/2024 9:30,18.391
7/22/2024 9:40,18.38
7/22/2024 9:50,18.391
7/22/2024 10:00,18.391
7/22/2024 10:10,18.412
7/22/2024 10:20,18.423
7/22/2024 10:30,18.423
7/22/2024 10:40,18.444
7/22/2024 10:50,18.466
7/22/2024 11:00,18.444
7/22/2024 11:10,18.444
7/22/2024 11:20,18.509
7/22/2024 11:30,18.53
7/22/2024 11:40,18.552
7/22/2024 11:50,18.552
7/22/2024 12:00,18.584
7/22/2024 12:10,18.616
7/22/2024 12:20,18.648
7/22/2024 12:30,18.691
7/22/2024 12:40,18.734
7/22/2024 12:50,18.809
7/22/2024 13:00,18.83
7/22/2024 13:10,18.873
7/22/2024 13:20,18.906
7/22/2024 13:30,18.948
7/22/2024 13:40,18.97
7/22/2024 13:50,19.024
7/22/2024 14:00,19.066
7/22/2024 14:10,19.099
7/22/2024 14:20,19.12
7/22/2024 14:30,19.142
7/22/2024 14:40,19.195
7/22/2024 14:50,19.206
7/22/2024 15:00,19.281
7/22/2024 15:10,19.324
7/22/2024 15:20,19.345
7/22/2024 15:30,19.388
7/22/2024 15:40,19.41
7/22/2024 15:50,19.42
7/22/2024 16:00,19.431
7/22/2024 16:10,19.42
7/22/2024 16:20,19.42
7/22/2024 16:30,19.42
7/22/2024 16:40,19.431
7/22/2024 16:50,19.463
7/22/2024 17:00,19.431
7/22/2024 17:10,19.453
7/22/2024 17:20,19.442
7/22/2024 17:30,19.431
7/22/2024 17:40,19.442
7/22/2024 17:50,19.42
7/22/2024 18:00,19.42
7/22/2024 18:10,19.388
7/22/2024 18:20,19.367
7/22/2024 18:30,19.388
7/22/2024 18:40,19.356
7/22/2024 18:50,19.324
7/22/2024 19:00,19.302
7/22/2024 19:10,19.292
7/22/2024 19:20,19.281
7/22/2024 19:30,19.249
7/22/2024 19:40,19.227
7/22/2024 19:50,19.195
7/22/2024 20:00,19.195
7/22/2024 20:10,19.184
7/22/2024 20:20,19.184
7/22/2024 20:30,19.142
7/22/2024 20:40,19.109
7/22/2024 20:50,19.131
7/22/2024 21:00,19.109
7/22/2024 21:10,19.077
7/22/2024 21:20,19.077
7/22/2024 21:30,19.034
7/22/2024 21:40,19.034
7/22/2024 21:50,18.991
7/22/2024 22:00,19.002
7/22/2024 22:10,18.981
7/22/2024 22:20,18.959
7/22/2024 22:30,18.97
7/22/2024 22:40,18.938
7/22/2024 22:50,18.927
7/22/2024 23:00,18.938
7/22/2024 23:10,18.916
7/22/2024 23:20,18.927
7/22/2024 23:30,18.906
7/22/2024 23:40,18.906
7/22/2024 23:50,18.895
7/23/2024 0:00,18.863
7/23/2024 0:10,18.895
7/23/2024 0:20,18.863
7/23/2024 0:30,18.863
7/23/2024 0:40,18.841
7/23/2024 0:50,18.863
7/23/2024 1:00,18.841
7/23/2024 1:10,18.83
7/23/2024 1:20,18.82
7/23/2024 1:30,18.82
7/23/2024 1:40,18.788
7/23/2024 1:50,18.798
7/23/2024 2:00,18.809
7/23/2024 2:10,18.788
7/23/2024 2:20,18.766
7/23/2024 2:30,18.755
7/23/2024 2:40,18.745
7/23/2024 2:50,18.755
7/23/2024 3:00,18.734
7/23/2024 3:10,18.734
7/23/2024 3:20,18.734
7/23/2024 3:30,18.734
7/23/2024 3:40,18.713
7/23/2024 3:50,18.713
7/23/2024 4:00,18.691
7/23/2024 4:10,18.702
7/23/2024 4:20,18.691
7/23/2024 4:30,18.68
7/23/2024 4:40,18.67
7/23/2024 4:50,18.68
7/23/2024 5:00,18.659
7/23/2024 5:10,18.637
7/23/2024 5:20,18.659
7/23/2024 5:30,18.627
7/23/2024 5:40,18.616
7/23/2024 5:50,18.584
7/23/2024 6:00,18.595
7/23/2024 6:10,18.595
7/23/2024 6:20,18.595
7/23/2024 6:30,18.584
7/23/2024 6:40,18.573
7/23/2024 6:50,18.562
7/23/2024 7:00,18.562
7/23/2024 7:10,18.541
7/23/2024 7:20,18.552
7/23/2024 7:30,18.562
7/23/2024 7:40,18.541
7/23/2024 7:50,18.562
7/23/2024 8:00,18.53
7/23/2024 8:10,18.552
7/23/2024 8:20,18.552
7/23/2024 8:30,18.562
7/23/2024 8:40,18.562
7/23/2024 8:50,18.584
7/23/2024 9:00,18.584
7/23/2024 9:10,18.605
7/23/2024 9:20,18.616
7/23/2024 9:30,18.659
7/23/2024 9:40,18.659
7/23/2024 9:50,18.691
7/23/2024 10:00,18.734
7/23/2024 10:10,18.755
7/23/2024 10:20,18.798
7/23/2024 10:30,18.863
7/23/2024 10:40,18.906
7/23/2024 10:50,18.959
7/23/2024 11:00,18.991
7/23/2024 11:10,19.066
7/23/2024 11:20,19.12
7/23/2024 11:30,19.174
7/23/2024 11:40,19.238
7/23/2024 11:50,19.302
7/23/2024 12:00,19.356
7/23/2024 12:10,19.388
7/23/2024 12:20,19.474
7/23/2024 12:30,19.528
7/23/2024 12:40,19.549
7/23/2024 12:50,19.613
7/23/2024 13:00,19.667
7/23/2024 13:10,19.71
7/23/2024 13:20,19.753
7/23/2024 13:30,19.764
7/23/2024 13:40,19.785
7/23/2024 13:50,19.828
7/23/2024 14:00,19.839
7/23/2024 14:10,19.871
7/23/2024 14:20,19.892
7/23/2024 14:30,19.924
7/23/2024 14:40,19.946
7/23/2024 14:50,19.978
7/23/2024 15:00,19.978
7/23/2024 15:10,19.989
7/23/2024 15:20,20.01
7/23/2024 15:30,19.989
7/23/2024 15:40,20.01
7/23/2024 15:50,19.978
7/23/2024 16:00,19.989
7/23/2024 16:10,19.967
7/23/2024 16:20,19.957
7/23/2024 16:30,19.957
7/23/2024 16:40,19.924
7/23/2024 16:50,19.924
7/23/2024 17:00,19.914
7/23/2024 17:10,19.903
7/23/2024 17:20,19.871
7/23/2024 17:30,19.871
7/23/2024 17:40,19.871
7/23/2024 17:50,19.849
7/23/2024 18:00,19.828
7/23/2024 18:10,19.817
7/23/2024 18:20,19.796
7/23/2024 18:30,19.785
7/23/2024 18:40,19.764
7/23/2024 18:50,19.753
7/23/2024 19:00,19.742
7/23/2024 19:10,19.699
7/23/2024 19:20,19.656
7/23/2024 19:30,19.678
7/23/2024 19:40,19.635
7/23/2024 19:50,19.592
7/23/2024 20:00,19.592
7/23/2024 20:10,19.56
7/23/2024 20:20,19.528
7/23/2024 20:30,19.495
7/23/2024 20:40,19.485
7/23/2024 20:50,19.442
7/23/2024 21:00,19.442
7/23/2024 21:10,19.399
7/23/2024 21:20,19.377
7/23/2024 21:30,19.324
7/23/2024 21:40,19.345
7/23/2024 21:50,19.27
7/23/2024 22:00,19.27
7/23/2024 22:10,19.249
7/23/2024 22:20,19.206
7/23/2024 22:30,19.206
7/23/2024 22:40,19.174
7/23/2024 22:50,19.142
7/23/2024 23:00,19.12
7/23/2024 23:10,19.109
7/23/2024 23:20,19.088
7/23/2024 23:30,19.056
7/23/2024 23:40,19.034
7/23/2024 23:50,18.97
7/24/2024 0:00,18.959
7/24/2024 0:10,18.927
7/24/2024 0:20,18.906
7/24/2024 0:30,18.852
7/24/2024 0:40,18.83
7/24/2024 0:50,18.788
7/24/2024 1:00,18.755
7/24/2024 1:10,18.68
7/24/2024 1:20,18.637
7/24/2024 1:30,18.584
7/24/2024 1:40,18.519
7/24/2024 1:50,18.466
7/24/2024 2:00,18.369
7/24/2024 2:10,18.305
7/24/2024 2:20,18.219
7/24/2024 2:30,18.133
7/24/2024 2:40,18.069
7/24/2024 2:50,18.005
7/24/2024 3:00,17.94
7/24/2024 3:10,17.855
7/24/2024 3:20,17.801
7/24/2024 3:30,17.758
7/24/2024 3:40,17.672
7/24/2024 3:50,17.608
7/24/2024 4:00,17.565
7/24/2024 4:10,17.501
7/24/2024 4:20,17.436
7/24/2024 4:30,17.383
7/24/2024 4:40,17.361
7/24/2024 4:50,17.297
7/24/2024 5:00,17.254
7/24/2024 5:10,17.254
7/24/2024 5:20,17.2
7/24/2024 5:30,17.168
7/24/2024 5:40,17.136
7/24/2024 5:50,17.082
7/24/2024 6:00,17.072
7/24/2024 6:10,17.029
7/24/2024 6:20,17.018
7/24/2024 6:30,16.986
7/24/2024 6:40,16.975
7/24/2024 6:50,16.975
7/24/2024 7:00,16.932
7/24/2024 7:10,16.911
7/24/2024 7:20,16.9
7/24/2024 7:30,16.911
7/24/2024 7:40,16.9
7/24/2024 7:50,16.868
7/24/2024 8:00,16.889
7/24/2024 8:10,16.889
7/24/2024 8:20,16.943
7/24/2024 8:30,16.943
7/24/2024 8:40,16.975
7/24/2024 8:50,16.997
7/24/2024 9:00,17.029
7/24/2024 9:10,17.082
7/24/2024 9:20,17.157
7/24/2024 9:30,17.179
7/24/2024 9:40,17.254
7/24/2024 9:50,17.308
7/24/2024 10:00,17.383
7/24/2024 10:10,17.458
7/24/2024 10:20,17.511
7/24/2024 10:30,17.608
7/24/2024 10:40,17.672
7/24/2024 10:50,17.758
7/24/2024 11:00,17.844
7/24/2024 11:10,17.93
7/24/2024 11:20,18.026
7/24/2024 11:30,18.133
7/24/2024 11:40,18.262
7/24/2024 11:50,18.348
7/24/2024 12:00,18.455
7/24/2024 12:10,18.541
7/24/2024 12:20,18.659
7/24/2024 12:30,18.766
7/24/2024 12:40,18.863
7/24/2024 12:50,18.959
7/24/2024 13:00,19.024
7/24/2024 13:10,19.142
7/24/2024 13:20,19.195
7/24/2024 13:30,19.26
7/24/2024 13:40,19.345
7/24/2024 13:50,19.345
7/24/2024 14:00,19.41
7/24/2024 14:10,19.41
7/24/2024 14:20,19.453
7/24/2024 14:30,19.485
7/24/2024 14:40,19.517
7/24/2024 14:50,19.506
7/24/2024 15:00,19.538
7/24/2024 15:10,19.506
7/24/2024 15:20,19.517
7/24/2024 15:30,19.495
7/24/2024 15:40,19.485
7/24/2024 15:50,19.431
7/24/2024 16:00,19.442
7/24/2024 16:10,19.399
7/24/2024 16:20,19.345
7/24/2024 16:30,19.302
7/24/2024 16:40,19.281
7/24/2024 16:50,19.195
7/24/2024 17:00,19.152
7/24/2024 17:10,19.109
7/24/2024 17:20,19.045
7/24/2024 17:30,18.97
7/24/2024 17:40,18.916
7/24/2024 17:50,18.863
7/24/2024 18:00,18.798
7/24/2024 18:10,18.755
7/24/2024 18:20,18.691
7/24/2024 18:30,18.648
7/24/2024 18:40,18.584
7/24/2024 18:50,18.541
7/24/2024 19:00,18.498
7/24/2024 19:10,18.444
7/24/2024 19:20,18.38
7/24/2024 19:30,18.326
7/24/2024 19:40,18.294
7/24/2024 19:50,18.241
7/24/2024 20:00,18.176
7/24/2024 20:10,18.133
7/24/2024 20:20,18.069
7/24/2024 20:30,18.015
7/24/2024 20:40,17.972
7/24/2024 20:50,17.908
7/24/2024 21:00,17.865
7/24/2024 21:10,17.812
7/24/2024 21:20,17.747
7/24/2024 21:30,17.704
7/24/2024 21:40,17.619
7/24/2024 21:50,17.597
7/24/2024 22:00,17.511
7/24/2024 22:10,17.479
7/24/2024 22:20,17.426
7/24/2024 22:30,17.372
7/24/2024 22:40,17.286
7/24/2024 22:50,17.243
7/24/2024 23:00,17.19
7/24/2024 23:10,17.136
7/24/2024 23:20,17.082
7/24/2024 23:30,17.039
7/24/2024 23:40,16.986
7/24/2024 23:50,16.932
7/25/2024 0:00,16.889
7/25/2024 0:10,16.846
7/25/2024 0:20,16.793
7/25/2024 0:30,16.739
7/25/2024 0:40,16.728
7/25/2024 0:50,16.675
7/25/2024 1:00,16.632
7/25/2024 1:10,16.6
7/25/2024 1:20,16.557
7/25/2024 1:30,16.525
7/25/2024 1:40,16.471
7/25/2024 1:50,16.45
7/25/2024 2:00,16.407
7/25/2024 2:10,16.364
7/25/2024 2:20,16.364
7/25/2024 2:30,16.321
7/25/2024 2:40,16.278
7/25/2024 2:50,16.278
7/25/2024 3:00,16.214
7/25/2024 3:10,16.192
7/25/2024 3:20,16.16
7/25/2024 3:30,16.16
7/25/2024 3:40,16.106
7/25/2024 3:50,16.096
7/25/2024 4:00,16.074
7/25/2024 4:10,16.042
7/25/2024 4:20,16.01
7/25/2024 4:30,15.978
7/25/2024 4:40,15.956
7/25/2024 4:50,15.945
7/25/2024 5:00,15.913
7/25/2024 5:10,15.924
7/25/2024 5:20,15.849
7/25/2024 5:30,15.86
7/25/2024 5:40,15.838
7/25/2024 5:50,15.827
7/25/2024 6:00,15.795
7/25/2024 6:10,15.774
7/25/2024 6:20,15.774
7/25/2024 6:30,15.774
7/25/2024 6:40,15.785
7/25/2024 6:50,15.785
7/25/2024 7:00,15.763
7/25/2024 7:10,15.763
7/25/2024 7:20,15.774
7/25/2024 7:30,15.785
7/25/2024 7:40,15.785
7/25/2024 7:50,15.795
7/25/2024 8:00,15.838
7/25/2024 8:10,15.849
7/25/2024 8:20,15.903
7/25/2024 8:30,15.913
7/25/2024 8:40,15.945
7/25/2024 8:50,15.999
7/25/2024 9:00,16.063
7/25/2024 9:10,16.096
7/25/2024 9:20,16.138
7/25/2024 9:30,16.171
7/25/2024 9:40,16.256
7/25/2024 9:50,16.278
7/25/2024 10:00,16.31
7/25/2024 10:10,16.353
7/25/2024 10:20,16.417
7/25/2024 10:30,16.482
7/25/2024 10:40,16.568
7/25/2024 10:50,16.632
7/25/2024 11:00,16.728
7/25/2024 11:10,16.761
7/25/2024 11:20,16.836
7/25/2024 11:30,16.932
7/25/2024 11:40,16.964
7/25/2024 11:50,17.072
7/25/2024 12:00,17.157
7/25/2024 12:10,17.254
7/25/2024 12:20,17.361
7/25/2024 12:30,17.468
7/25/2024 12:40,17.533
7/25/2024 12:50,17.619
7/25/2024 13:00,17.715
7/25/2024 13:10,17.79
7/25/2024 13:20,17.887
7/25/2024 13:30,17.919
7/25/2024 13:40,17.972
7/25/2024 13:50,18.015
7/25/2024 14:00,18.015
7/25/2024 14:10,18.048
7/25/2024 14:20,18.069
7/25/2024 14:30,18.09
7/25/2024 14:40,18.101
7/25/2024 14:50,18.133
7/25/2024 15:00,18.133
7/25/2024 15:10,18.166
7/25/2024 15:20,18.198
7/25/2024 15:30,18.176
7/25/2024 15:40,18.187
7/25/2024 15:50,18.176
7/25/2024 16:00,18.155
7/25/2024 16:10,18.155
7/25/2024 16:20,18.155
7/25/2024 16:30,18.155
7/25/2024 16:40,18.155
7/25/2024 16:50,18.123
7/25/2024 17:00,18.101
7/25/2024 17:10,18.08
7/25/2024 17:20,18.058
7/25/2024 17:30,18.048
7/25/2024 17:40,18.015
7/25/2024 17:50,17.994
7/25/2024 18:00,17.951
7/25/2024 18:10,17.94
7/25/2024 18:20,17.919
7/25/2024 18:30,17.876
7/25/2024 18:40,17.844
7/25/2024 18:50,17.812
7/25/2024 19:00,17.769
7/25/2024 19:10,17.737
7/25/2024 19:20,17.704
7/25/2024 19:30,17.64
7/25/2024 19:40,17.608
7/25/2024 19:50,17.565
7/25/2024 20:00,17.522
7/25/2024 20:10,17.501
7/25/2024 20:20,17.426
7/25/2024 20:30,17.393
7/25/2024 20:40,17.383
7/25/2024 20:50,17.34
7/25/2024 21:00,17.275
7/25/2024 21:10,17.222
7/25/2024 21:20,17.2
7/25/2024 21:30,17.157
7/25/2024 21:40,17.114
7/25/2024 21:50,17.072
7/25/2024 22:00,17.039
7/25/2024 22:10,16.986
7/25/2024 22:20,16.954
7/25/2024 22:30,16.911
7/25/2024 22:40,16.857
7/25/2024 22:50,16.825
7/25/2024 23:00,16.771
7/25/2024 23:10,16.75
7/25/2024 23:20,16.696
7/25/2024 23:30,16.664
7/25/2024 23:40,16.621
7/25/2024 23:50,16.6
7/26/2024 0:00,16.535
7/26/2024 0:10,16.492
7/26/2024 0:20,16.45
7/26/2024 0:30,16.407
7/26/2024 0:40,16.407
7/26/2024 0:50,16.353
7/26/2024 1:00,16.31
7/26/2024 1:10,16.278
7/26/2024 1:20,16.214
7/26/2024 1:30,16.181
7/26/2024 1:40,16.171
7/26/2024 1:50,16.117
7/26/2024 2:00,16.074
7/26/2024 2:10,16.042
7/26/2024 2:20,16.01
7/26/2024 2:30,15.988
7/26/2024 2:40,15.924
7/26/2024 2:50,15.881
7/26/2024 3:00,15.849
7/26/2024 3:10,15.827
7/26/2024 3:20,15.795
7/26/2024 3:30,15.742
7/26/2024 3:40,15.699
7/26/2024 3:50,15.667
7/26/2024 4:00,15.645
7/26/2024 4:10,15.613
7/26/2024 4:20,15.57
7/26/2024 4:30,15.549
7/26/2024 4:40,15.527
7/26/2024 4:50,15.495
7/26/2024 5:00,15.463
7/26/2024 5:10,15.42
7/26/2024 5:20,15.42
7/26/2024 5:30,15.388
7/26/2024 5:40,15.366
7/26/2024 5:50,15.345
7/26/2024 6:00,15.334
7/26/2024 6:10,15.323
7/26/2024 6:20,15.28
7/26/2024 6:30,15.291
7/26/2024 6:40,15.28
7/26/2024 6:50,15.248
7/26/2024 7:00,15.259
7/26/2024 7:10,15.227
7/26/2024 7:20,15.238
7/26/2024 7:30,15.238
7/26/2024 7:40,15.205
7/26/2024 7:50,15.205
7/26/2024 8:00,15.216
7/26/2024 8:10,15.195
7/26/2024 8:20,15.216
7/26/2024 8:30,15.205
7/26/2024 8:40,15.195
7/26/2024 8:50,15.195
7/26/2024 9:00,15.195
7/26/2024 9:10,15.216
7/26/2024 9:20,15.195
7/26/2024 9:30,15.205
7/26/2024 9:40,15.238
7/26/2024 9:50,15.248
7/26/2024 10:00,15.27
7/26/2024 10:10,15.291
7/26/2024 10:20,15.323
7/26/2024 10:30,15.334
7/26/2024 10:40,15.366
7/26/2024 10:50,15.398
7/26/2024 11:00,15.441
7/26/2024 11:10,15.495
7/26/2024 11:20,15.559
7/26/2024 11:30,15.613
7/26/2024 11:40,15.645
7/26/2024 11:50,15.709
7/26/2024 12:00,15.72
7/26/2024 12:10,15.763
7/26/2024 12:20,15.795
7/26/2024 12:30,15.817
7/26/2024 12:40,15.86
7/26/2024 12:50,15.881
7/26/2024 13:00,15.903
7/26/2024 13:10,15.913
7/26/2024 13:20,15.967
7/26/2024 13:30,15.988
7/26/2024 13:40,16.031
7/26/2024 13:50,16.053
7/26/2024 14:00,16.096
7/26/2024 14:10,16.106
7/26/2024 14:20,16.128
7/26/2024 14:30,16.149
7/26/2024 14:40,16.181
7/26/2024 14:50,16.192
7/26/2024 15:00,16.214
7/26/2024 15:10,16.224
7/26/2024 15:20,16.235
7/26/2024 15:30,16.235
7/26/2024 15:40,16.246
7/26/2024 15:50,16.224
7/26/2024 16:00,16.203
7/26/2024 16:10,16.192
7/26/2024 16:20,16.203
7/26/2024 16:30,16.192
7/26/2024 16:40,16.171
7/26/2024 16:50,16.171
7/26/2024 17:00,16.16
7/26/2024 17:10,16.171
7/26/2024 17:20,16.138
7/26/2024 17:30,16.128
7/26/2024 17:40,16.096
7/26/2024 17:50,16.085
7/26/2024 18:00,16.074
7/26/2024 18:10,16.053
7/26/2024 18:20,16.031
7/26/2024 18:30,16.021
7/26/2024 18:40,15.999
7/26/2024 18:50,15.956
7/26/2024 19:00,15.956
7/26/2024 19:10,15.924
7/26/2024 19:20,15.913
7/26/2024 19:30,15.86
7/26/2024 19:40,15.838
7/26/2024 19:50,15.817
7/26/2024 20:00,15.806
7/26/2024 20:10,15.774
7/26/2024 20:20,15.763
7/26/2024 20:30,15.72
7/26/2024 20:40,15.699
7/26/2024 20:50,15.656
7/26/2024 21:00,15.645
7/26/2024 21:10,15.634
7/26/2024 21:20,15.592
7/26/2024 21:30,15.57
7/26/2024 21:40,15.549
7/26/2024 21:50,15.506
7/26/2024 22:00,15.495
7/26/2024 22:10,15.474
7/26/2024 22:20,15.42
7/26/2024 22:30,15.398
7/26/2024 22:40,15.366
7/26/2024 22:50,15.334
7/26/2024 23:00,15.302
7/26/2024 23:10,15.259
7/26/2024 23:20,15.227
7/26/2024 23:30,15.195
7/26/2024 23:40,15.173
7/26/2024 23:50,15.13
7/27/2024 0:00,15.087
7/27/2024 0:10,15.055
7/27/2024 0:20,15.023
7/27/2024 0:30,15.002
7/27/2024 0:40,14.948
7/27/2024 0:50,14.905
7/27/2024 1:00,14.851
7/27/2024 1:10,14.83
7/27/2024 1:20,14.776
7/27/2024 1:30,14.755
7/27/2024 1:40,14.701
7/27/2024 1:50,14.691
7/27/2024 2:00,14.626
7/27/2024 2:10,14.594
7/27/2024 2:20,14.551
7/27/2024 2:30,14.519
7/27/2024 2:40,14.476
7/27/2024 2:50,14.444
7/27/2024 3:00,14.39
7/27/2024 3:10,14.369
7/27/2024 3:20,14.369
7/27/2024 3:30,14.283
7/27/2024 3:40,14.294
7/27/2024 3:50,14.24
7/27/2024 4:00,14.229
7/27/2024 4:10,14.197
7/27/2024 4:20,14.133
7/27/2024 4:30,14.133
7/27/2024 4:40,14.101
7/27/2024 4:50,14.069
7/27/2024 5:00,14.058
7/27/2024 5:10,14.015
7/27/2024 5:20,14.004
7/27/2024 5:30,14.004
7/27/2024 5:40,13.972
7/27/2024 5:50,13.951
7/27/2024 6:00,13.961
7/27/2024 6:10,13.951
7/27/2024 6:20,13.951
7/27/2024 6:30,13.961
7/27/2024 6:40,13.94
7/27/2024 6:50,13.951
7/27/2024 7:00,13.961
7/27/2024 7:10,13.983
7/27/2024 7:20,14.015
7/27/2024 7:30,14.026
7/27/2024 7:40,14.026
7/27/2024 7:50,14.069
7/27/2024 8:00,14.09
7/27/2024 8:10,14.122
7/27/2024 8:20,14.176
7/27/2024 8:30,14.197
7/27/2024 8:40,14.229
7/27/2024 8:50,14.283
7/27/2024 9:00,14.337
7/27/2024 9:10,14.412
7/27/2024 9:20,14.444
7/27/2024 9:30,14.519
7/27/2024 9:40,14.583
7/27/2024 9:50,14.637
7/27/2024 10:00,14.744
7/27/2024 10:10,14.798
7/27/2024 10:20,14.905
7/27/2024 10:30,15.023
7/27/2024 10:40,15.152
7/27/2024 10:50,15.259
7/27/2024 11:00,15.366
7/27/2024 11:10,15.484
7/27/2024 11:20,15.602
7/27/2024 11:30,15.72
7/27/2024 11:40,15.87
7/27/2024 11:50,16.042
7/27/2024 12:00,16.171
7/27/2024 12:10,16.299
7/27/2024 12:20,16.439
7/27/2024 12:30,16.578
7/27/2024 12:40,16.696
7/27/2024 12:50,16.836
7/27/2024 13:00,16.964
7/27/2024 13:10,17.082
7/27/2024 13:20,17.211
7/27/2024 13:30,17.297
7/27/2024 13:40,17.372
7/27/2024 13:50,17.436
7/27/2024 14:00,17.479
7/27/2024 14:10,17.565
7/27/2024 14:20,17.64
7/27/2024 14:30,17.672
7/27/2024 14:40,17.758
7/27/2024 14:50,17.769
7/27/2024 15:00,17.833
7/27/2024 15:10,17.844
7/27/2024 15:20,17.897
7/27/2024 15:30,17.919
7/27/2024 15:40,17.951
7/27/2024 15:50,17.972
7/27/2024 16:00,18.015
7/27/2024 16:10,18.048
7/27/2024 16:20,18.048
7/27/2024 16:30,18.08
7/27/2024 16:40,18.069
7/27/2024 16:50,18.09
7/27/2024 17:00,18.101
7/27/2024 17:10,18.09
7/27/2024 17:20,18.09
7/27/2024 17:30,18.069
7/27/2024 17:40,18.058
7/27/2024 17:50,18.037
7/27/2024 18:00,18.015
7/27/2024 18:10,18.015
7/27/2024 18:20,17.972
7/27/2024 18:30,17.962
7/27/2024 18:40,17.951
7/27/2024 18:50,17.93
7/27/2024 19:00,17.897
7/27/2024 19:10,17.865
7/27/2024 19:20,17.855
7/27/2024 19:30,17.822
7/27/2024 19:40,17.801
7/27/2024 19:50,17.747
7/27/2024 20:00,17.747
7/27/2024 20:10,17.704
7/27/2024 20:20,17.683
7/27/2024 20:30,17.661
7/27/2024 20:40,17.629
7/27/2024 20:50,17.576
7/27/2024 21:00,17.576
7/27/2024 21:10,17.511
7/27/2024 21:20,17.49
7/27/2024 21:30,17.468
7/27/2024 21:40,17.415
7/27/2024 21:50,17.426
7/27/2024 22:00,17.372
7/27/2024 22:10,17.35
7/27/2024 22:20,17.329
7/27/2024 22:30,17.275
7/27/2024 22:40,17.254
7/27/2024 22:50,17.222
7/27/2024 23:00,17.2
7/27/2024 23:10,17.147
7/27/2024 23:20,17.147
7/27/2024 23:30,17.082
7/27/2024 23:40,17.072
7/27/2024 23:50,17.039
7/28/2024 0:00,16.986
7/28/2024 0:10,16.975
7/28/2024 0:20,16.932
7/28/2024 0:30,16.921
7/28/2024 0:40,16.879
7/28/2024 0:50,16.836
7/28/2024 1:00,16.803
7/28/2024 1:10,16.761
7/28/2024 1:20,16.728
7/28/2024 1:30,16.707
7/28/2024 1:40,16.685
7/28/2024 1:50,16.653
7/28/2024 2:00,16.632
7/28/2024 2:10,16.589
7/28/2024 2:20,16.557
7/28/2024 2:30,16.525
7/28/2024 2:40,16.503
7/28/2024 2:50,16.482
7/28/2024 3:00,16.45
7/28/2024 3:10,16.396
7/28/2024 3:20,16.374
7/28/2024 3:30,16.332
7/28/2024 3:40,16.321
7/28/2024 3:50,16.321
7/28/2024 4:00,16.299
7/28/2024 4:10,16.278
7/28/2024 4:20,16.246
7/28/2024 4:30,16.203
7/28/2024 4:40,16.181
7/28/2024 4:50,16.138
7/28/2024 5:00,16.138
7/28/2024 5:10,16.117
7/28/2024 5:20,16.085
7/28/2024 5:30,16.053
7/28/2024 5:40,16.042
7/28/2024 5:50,16.031
7/28/2024 6:00,16.031
7/28/2024 6:10,15.999
7/28/2024 6:20,15.967
7/28/2024 6:30,15.956
7/28/2024 6:40,15.956
7/28/2024 6:50,15.945
7/28/2024 7:00,15.945
7/28/2024 7:10,15.913
7/28/2024 7:20,15.892
7/28/2024 7:30,15.924
7/28/2024 7:40,15.903
7/28/2024 7:50,15.892
7/28/2024 8:00,15.903
7/28/2024 8:10,15.935
7/28/2024 8:20,15.956
7/28/2024 8:30,15.956
7/28/2024 8:40,15.967
7/28/2024 8:50,15.988
7/28/2024 9:00,16.021
7/28/2024 9:10,16.053
7/28/2024 9:20,16.096
7/28/2024 9:30,16.117
7/28/2024 9:40,16.16
7/28/2024 9:50,16.214
7/28/2024 10:00,16.246
7/28/2024 10:10,16.299
7/28/2024 10:20,16.342
7/28/2024 10:30,16.374
7/28/2024 10:40,16.407
7/28/2024 10:50,16.428
7/28/2024 11:00,16.428
7/28/2024 11:10,16.471
7/28/2024 11:20,16.503
7/28/2024 11:30,16.535
7/28/2024 11:40,16.546
7/28/2024 11:50,16.578
7/28/2024 12:00,16.6
7/28/2024 12:10,16.621
7/28/2024 12:20,16.61
7/28/2024 12:30,16.61
7/28/2024 12:40,16.653
7/28/2024 12:50,16.675
7/28/2024 13:00,16.728
7/28/2024 13:10,16.761
7/28/2024 13:20,16.782
7/28/2024 13:30,16.846
7/28/2024 13:40,16.889
7/28/2024 13:50,16.9
7/28/2024 14:00,16.954
7/28/2024 14:10,16.943
7/28/2024 14:20,16.986
7/28/2024 14:30,16.975
7/28/2024 14:40,16.986
7/28/2024 14:50,17.018
7/28/2024 15:00,17.007
7/28/2024 15:10,17.007
7/28/2024 15:20,17.007
7/28/2024 15:30,17.029
7/28/2024 15:40,16.997
7/28/2024 15:50,16.997
7/28/2024 16:00,17.007
7/28/2024 16:10,17.018
7/28/2024 16:20,17.018
7/28/2024 16:30,17.007
7/28/2024 16:40,17.039
7/28/2024 16:50,17.029
7/28/2024 17:00,17.039
7/28/2024 17:10,17.072
7/28/2024 17:20,17.061
7/28/2024 17:30,17.029
7/28/2024 17:40,17.039
7/28/2024 17:50,17.018
7/28/2024 18:00,17.018
7/28/2024 18:10,16.986
7/28/2024 18:20,17.007
7/28/2024 18:30,16.997
7/28/2024 18:40,16.986
7/28/2024 18:50,16.975
7/28/2024 19:00,16.975
7/28/2024 19:10,16.943
7/28/2024 19:20,16.943
7/28/2024 19:30,16.932
7/28/2024 19:40,16.9
7/28/2024 19:50,16.9
7/28/2024 20:00,16.889
7/28/2024 20:10,16.889
7/28/2024 20:20,16.846
7/28/2024 20:30,16.836
7/28/2024 20:40,16.836
7/28/2024 20:50,16.803
7/28/2024 21:00,16.803
7/28/2024 21:10,16.803
7/28/2024 21:20,16.771
7/28/2024 21:30,16.771
7/28/2024 21:40,16.739
7/28/2024 21:50,16.739
7/28/2024 22:00,16.707
7/28/2024 22:10,16.696
7/28/2024 22:20,16.707
7/28/2024 22:30,16.707
7/28/2024 22:40,16.675
7/28/2024 22:50,16.675
7/28/2024 23:00,16.643
7/28/2024 23:10,16.653
7/28/2024 23:20,16.632
7/28/2024 23:30,16.621
7/28/2024 23:40,16.61
7/28/2024 23:50,16.589
7/29/2024 0:00,16.578
7/29/2024 0:10,16.568
7/29/2024 0:20,16.546
7/29/2024 0:30,16.557
7/29/2024 0:40,16.535
7/29/2024 0:50,16.525
7/29/2024 1:00,16.546
7/29/2024 1:10,16.503
7/29/2024 1:20,16.503
7/29/2024 1:30,16.492
7/29/2024 1:40,16.503
7/29/2024 1:50,16.492
7/29/2024 2:00,16.482
7/29/2024 2:10,16.471
7/29/2024 2:20,16.471
7/29/2024 2:30,16.471
7/29/2024 2:40,16.46
7/29/2024 2:50,16.439
7/29/2024 3:00,16.45
7/29/2024 3:10,16.46
7/29/2024 3:20,16.439
7/29/2024 3:30,16.46
7/29/2024 3:40,16.428
7/29/2024 3:50,16.45
7/29/2024 4:00,16.428
7/29/2024 4:10,16.439
7/29/2024 4:20,16.439
7/29/2024 4:30,16.417
7/29/2024 4:40,16.407
7/29/2024 4:50,16.428
7/29/2024 5:00,16.417
7/29/2024 5:10,16.396
7/29/2024 5:20,16.417
7/29/2024 5:30,16.385
7/29/2024 5:40,16.385
7/29/2024 5:50,16.385
7/29/2024 6:00,16.385
7/29/2024 6:10,16.374
7/29/2024 6:20,16.364
7/29/2024 6:30,16.374
7/29/2024 6:40,16.385
7/29/2024 6:50,16.385
7/29/2024 7:00,16.407
7/29/2024 7:10,16.407
7/29/2024 7:20,16.385
7/29/2024 7:30,16.396
7/29/2024 7:40,16.396
7/29/2024 7:50,16.417
7/29/2024 8:00,16.417
7/29/2024 8:10,16.428
7/29/2024 8:20,16.46
7/29/2024 8:30,16.482
7/29/2024 8:40,16.482
7/29/2024 8:50,16.492
7/29/2024 9:00,16.492
7/29/2024 9:10,16.535
7/29/2024 9:20,16.525
7/29/2024 9:30,16.546
7/29/2024 9:40,16.568
7/29/2024 9:50,16.568
7/29/2024 10:00,16.546
7/29/2024 10:10,16.6
7/29/2024 10:20,16.589
7/29/2024 10:30,16.621
7/29/2024 10:40,16.589
7/29/2024 10:50,16.621
7/29/2024 11:00,16.643
7/29/2024 11:10,16.675
7/29/2024 11:20,16.718
7/29/2024 11:30,16.696
7/29/2024 11:40,16.718
7/29/2024 11:50,16.771
7/29/2024 12:00,16.803
7/29/2024 12:10,16.825
7/29/2024 12:20,16.857
7/29/2024 12:30,16.889
7/29/2024 12:40,16.921
7/29/2024 12:50,16.954
7/29/2024 13:00,16.975
7/29/2024 13:10,17.007
7/29/2024 13:20,17.029
7/29/2024 13:30,17.061
7/29/2024 13:40,17.072
7/29/2024 13:50,17.082
7/29/2024 14:00,17.093
7/29/2024 14:10,17.125
7/29/2024 14:20,17.114
7/29/2024 14:30,17.136
7/29/2024 14:40,17.147
7/29/2024 14:50,17.157
7/29/2024 15:00,17.157
7/29/2024 15:10,17.168
7/29/2024 15:20,17.157
7/29/2024 15:30,17.179
7/29/2024 15:40,17.19
7/29/2024 15:50,17.211
7/29/2024 16:00,17.19
7/29/2024 16:10,17.2
7/29/2024 16:20,17.211
7/29/2024 16:30,17.2
7/29/2024 16:40,17.211
7/29/2024 16:50,17.19
7/29/2024 17:00,17.211
7/29/2024 17:10,17.211
7/29/2024 17:20,17.19
7/29/2024 17:30,17.211
7/29/2024 17:40,17.179
7/29/2024 17:50,17.179
7/29/2024 18:00,17.168
7/29/2024 18:10,17.157
7/29/2024 18:20,17.168
7/29/2024 18:30,17.147
7/29/2024 18:40,17.157
7/29/2024 18:50,17.125
7/29/2024 19:00,17.114
7/29/2024 19:10,17.114
7/29/2024 19:20,17.093
7/29/2024 19:30,17.093
7/29/2024 19:40,17.082
7/29/2024 19:50,17.061
7/29/2024 20:00,17.072
7/29/2024 20:10,17.072
7/29/2024 20:20,17.061
7/29/2024 20:30,17.05
7/29/2024 20:40,17.039
7/29/2024 20:50,17.029
7/29/2024 21:00,17.029
7/29/2024 21:10,17.029
7/29/2024 21:20,16.997
7/29/2024 21:30,17.007
7/29/2024 21:40,16.975
7/29/2024 21:50,16.954
7/29/2024 22:00,16.954
7/29/2024 22:10,16.943
7/29/2024 22:20,16.943
7/29/2024 22:30,16.921
7/29/2024 22:40,16.9
7/29/2024 22:50,16.9
7/29/2024 23:00,16.879
7/29/2024 23:10,16.857
7/29/2024 23:20,16.836
7/29/2024 23:30,16.846
7/29/2024 23:40,16.814
7/29/2024 23:50,16.814
7/30/2024 0:00,16.761
7/30/2024 0:10,16.771
7/30/2024 0:20,16.75
7/30/2024 0:30,16.75
7/30/2024 0:40,16.707
7/30/2024 0:50,16.696
7/30/2024 1:00,16.675
7/30/2024 1:10,16.643
7/30/2024 1:20,16.621
7/30/2024 1:30,16.621
7/30/2024 1:40,16.589
7/30/2024 1:50,16.589
7/30/2024 2:00,16.568
7/30/2024 2:10,16.535
7/30/2024 2:20,16.535
7/30/2024 2:30,16.514
7/30/2024 2:40,16.503
7/30/2024 2:50,16.492
7/30/2024 3:00,16.45
7/30/2024 3:10,16.439
7/30/2024 3:20,16.407
7/30/2024 3:30,16.428
7/30/2024 3:40,16.385
7/30/2024 3:50,16.353
7/30/2024 4:00,16.321
7/30/2024 4:10,16.31
7/30/2024 4:20,16.289
7/30/2024 4:30,16.256
7/30/2024 4:40,16.256
7/30/2024 4:50,16.246
7/30/2024 5:00,16.214
7/30/2024 5:10,16.181
7/30/2024 5:20,16.171
7/30/2024 5:30,16.16
7/30/2024 5:40,16.138
7/30/2024 5:50,16.106
7/30/2024 6:00,16.096
7/30/2024 6:10,16.085
7/30/2024 6:20,16.074
7/30/2024 6:30,16.031
7/30/2024 6:40,15.999
7/30/2024 6:50,16.021
7/30/2024 7:00,15.999
7/30/2024 7:10,15.988
7/30/2024 7:20,15.999
7/30/2024 7:30,15.978
7/30/2024 7:40,15.988
7/30/2024 7:50,15.967
7/30/2024 8:00,15.956
7/30/2024 8:10,15.956
7/30/2024 8:20,15.988
7/30/2024 8:30,15.978
7/30/2024 8:40,15.988
7/30/2024 8:50,15.978
7/30/2024 9:00,15.988
7/30/2024 9:10,15.988
7/30/2024 9:20,15.988
7/30/2024 9:30,16.021
7/30/2024 9:40,16.01
7/30/2024 9:50,16.021
7/30/2024 10:00,16.031
7/30/2024 10:10,16.042
7/30/2024 10:20,16.042
7/30/2024 10:30,16.053
7/30/2024 10:40,16.042
7/30/2024 10:50,16.085
7/30/2024 11:00,16.085
7/30/2024 11:10,16.106
7/30/2024 11:20,16.096
7/30/2024 11:30,16.117
7/30/2024 11:40,16.128
7/30/2024 11:50,16.16
7/30/2024 12:00,16.171
7/30/2024 12:10,16.16
7/30/2024 12:20,16.171
7/30/2024 12:30,16.203
7/30/2024 12:40,16.181
7/30/2024 12:50,16.235
7/30/2024 13:00,16.246
7/30/2024 13:10,16.256
7/30/2024 13:20,16.267
7/30/2024 13:30,16.278
7/30/2024 13:40,16.289
7/30/2024 13:50,16.299
7/30/2024 14:00,16.31
7/30/2024 14:10,16.321
7/30/2024 14:20,16.332
7/30/2024 14:30,16.342
7/30/2024 14:40,16.321
7/30/2024 14:50,16.332
7/30/2024 15:00,16.342
7/30/2024 15:10,16.332
7/30/2024 15:20,16.332
7/30/2024 15:30,16.332
7/30/2024 15:40,16.321
7/30/2024 15:50,16.321
7/30/2024 16:00,16.31
7/30/2024 16:10,16.321
7/30/2024 16:20,16.31
7/30/2024 16:30,16.299
7/30/2024 16:40,16.289
7/30/2024 16:50,16.256
7/30/2024 17:00,16.278
7/30/2024 17:10,16.267
7/30/2024 17:20,16.246
7/30/2024 17:30,16.235
7/30/2024 17:40,16.192
7/30/2024 17:50,16.181
7/30/2024 18:00,16.171
7/30/2024 18:10,16.16
7/30/2024 18:20,16.149
7/30/2024 18:30,16.128
7/30/2024 18:40,16.117
7/30/2024 18:50,16.106
7/30/2024 19:00,16.063
7/30/2024 19:10,16.042
7/30/2024 19:20,16.031
7/30/2024 19:30,16.01
7/30/2024 19:40,15.999
7/30/2024 19:50,15.967
7/30/2024 20:00,15.956
7/30/2024 20:10,15.935
7/30/2024 20:20,15.913
7/30/2024 20:30,15.881
7/30/2024 20:40,15.86
7/30/2024 20:50,15.849
7/30/2024 21:00,15.827
7/30/2024 21:10,15.817
7/30/2024 21:20,15.785
7/30/2024 21:30,15.752
7/30/2024 21:40,15.763
7/30/2024 21:50,15.731
7/30/2024 22:00,15.72
7/30/2024 22:10,15.688
7/30/2024 22:20,15.667
7/30/2024 22:30,15.656
7/30/2024 22:40,15.645
7/30/2024 22:50,15.624
7/30/2024 23:00,15.602
7/30/2024 23:10,15.581
7/30/2024 23:20,15.57
7/30/2024 23:30,15.538
7/30/2024 23:40,15.527
7/30/2024 23:50,15.516
7/31/2024 0:00,15.516
7/31/2024 0:10,15.506
7/31/2024 0:20,15.474
7/31/2024 0:30,15.452
7/31/2024 0:40,15.463
7/31/2024 0:50,15.42
7/31/2024 1:00,15.409
7/31/2024 1:10,15.388
7/31/2024 1:20,15.377
7/31/2024 1:30,15.366
7/31/2024 1:40,15.356
7/31/2024 1:50,15.356
7/31/2024 2:00,15.323
7/31/2024 2:10,15.313
7/31/2024 2:20,15.28
7/31/2024 2:30,15.323
7/31/2024 2:40,15.28
7/31/2024 2:50,15.248
7/31/2024 3:00,15.248
7/31/2024 3:10,15.238
7/31/2024 3:20,15.195
7/31/2024 3:30,15.216
7/31/2024 3:40,15.163
7/31/2024 3:50,15.173
7/31/2024 4:00,15.173
7/31/2024 4:10,15.163
7/31/2024 4:20,15.13
7/31/2024 4:30,15.13
7/31/2024 4:40,15.109
7/31/2024 4:50,15.109
7/31/2024 5:00,15.12
7/31/2024 5:10,15.087
7/31/2024 5:20,15.066
7/31/2024 5:30,15.066
7/31/2024 5:40,15.023
7/31/2024 5:50,15.034
7/31/2024 6:00,15.034
7/31/2024 6:10,15.023
7/31/2024 6:20,15.012
7/31/2024 6:30,15.002
7/31/2024 6:40,15.012
7/31/2024 6:50,15.002
7/31/2024 7:00,15.002
7/31/2024 7:10,14.991
7/31/2024 7:20,15.002
7/31/2024 7:30,15.002
7/31/2024 7:40,15.012
7/31/2024 7:50,15.012
7/31/2024 8:00,15.012
7/31/2024 8:10,15.034
7/31/2024 8:20,15.055
7/31/2024 8:30,15.066
7/31/2024 8:40,15.066
7/31/2024 8:50,15.087
7/31/2024 9:00,15.098
7/31/2024 9:10,15.12
7/31/2024 9:20,15.13
7/31/2024 9:30,15.163
7/31/2024 9:40,15.173
7/31/2024 9:50,15.184
7/31/2024 10:00,15.227
7/31/2024 10:10,15.248
7/31/2024 10:20,15.291
7/31/2024 10:30,15.323
7/31/2024 10:40,15.366
7/31/2024 10:50,15.398
7/31/2024 11:00,15.452
7/31/2024 11:10,15.484
7/31/2024 11:20,15.516
7/31/2024 11:30,15.57
7/31/2024 11:40,15.602
7/31/2024 11:50,15.656
7/31/2024 12:00,15.699
7/31/2024 12:10,15.742
7/31/2024 12:20,15.817
7/31/2024 12:30,15.86
7/31/2024 12:40,15.881
7/31/2024 12:50,15.935
7/31/2024 13:00,15.945
7/31/2024 13:10,15.988
7/31/2024 13:20,16.021
7/31/2024 13:30,16.063
7/31/2024 13:40,16.096
7/31/2024 13:50,16.096
7/31/2024 14:00,16.138
7/31/2024 14:10,16.149
7/31/2024 14:20,16.192
7/31/2024 14:30,16.192
7/31/2024 14:40,16.214
7/31/2024 14:50,16.224
7/31/2024 15:00,16.246
7/31/2024 15:10,16.267
7/31/2024 15:20,16.278
7/31/2024 15:30,16.321
7/31/2024 15:40,16.321
7/31/2024 15:50,16.364
7/31/2024 16:00,16.353
7/31/2024 16:10,16.364
7/31/2024 16:20,16.417
7/31/2024 16:30,16.407
7/31/2024 16:40,16.407
7/31/2024 16:50,16.428
7/31/2024 17:00,16.439
7/31/2024 17:10,16.439
7/31/2024 17:20,16.439
7/31/2024 17:30,16.428
7/31/2024 17:40,16.439
7/31/2024 17:50,16.417
7/31/2024 18:00,16.407
7/31/2024 18:10,16.385
7/31/2024 18:20,16.374
7/31/2024 18:30,16.342
7/31/2024 18:40,16.342
7/31/2024 18:50,16.31
7/31/2024 19:00,16.278
7/31/2024 19:10,16.256
7/31/2024 19:20,16.235
7/31/2024 19:30,16.235
7/31/2024 19:40,16.171
7/31/2024 19:50,16.16
7/31/2024 20:00,16.16
7/31/2024 20:10,16.128
7/31/2024 20:20,16.085
7/31/2024 20:30,16.063
7/31/2024 20:40,16.01
7/31/2024 20:50,15.999
7/31/2024 21:00,15.978
7/31/2024 21:10,15.945
7/31/2024 21:20,15.913
7/31/2024 21:30,15.903
7/31/2024 21:40,15.892
7/31/2024 21:50,15.86
7/31/2024 22:00,15.827
7/31/2024 22:10,15.817
7/31/2024 22:20,15.806
7/31/2024 22:30,15.785
7/31/2024 22:40,15.731
7/31/2024 22:50,15.72
7/31/2024 23:00,15.677
7/31/2024 23:10,15.688
7/31/2024 23:20,15.645
7/31/2024 23:30,15.634
7/31/2024 23:40,15.624
7/31/2024 23:50,15.602
8/1/2024 0:00,15.581
8/1/2024 0:10,15.581
8/1/2024 0:20,15.549
8/1/2024 0:30,15.538
8/1/2024 0:40,15.527
8/1/2024 0:50,15.516
8/1/2024 1:00,15.495
8/1/2024 1:10,15.474
8/1/2024 1:20,15.452
8/1/2024 1:30,15.441
8/1/2024 1:40,15.431
8/1/2024 1:50,15.42
8/1/2024 2:00,15.398
8/1/2024 2:10,15.366
8/1/2024 2:20,15.356
8/1/2024 2:30,15.334
8/1/2024 2:40,15.356
8/1/2024 2:50,15.323
8/1/2024 3:00,15.323
8/1/2024 3:10,15.302
8/1/2024 3:20,15.313
8/1/2024 3:30,15.259
8/1/2024 3:40,15.27
8/1/2024 3:50,15.248
8/1/2024 4:00,15.227
8/1/2024 4:10,15.205
8/1/2024 4:20,15.195
8/1/2024 4:30,15.195
8/1/2024 4:40,15.163
8/1/2024 4:50,15.152
8/1/2024 5:00,15.152
8/1/2024 5:10,15.13
8/1/2024 5:20,15.13
8/1/2024 5:30,15.12
8/1/2024 5:40,15.087
8/1/2024 5:50,15.098
8/1/2024 6:00,15.087
8/1/2024 6:10,15.077
8/1/2024 6:20,15.077
8/1/2024 6:30,15.077
8/1/2024 6:40,15.077
8/1/2024 6:50,15.077
8/1/2024 7:00,15.087
8/1/2024 7:10,15.087
8/1/2024 7:20,15.077
8/1/2024 7:30,15.109
8/1/2024 7:40,15.109
8/1/2024 7:50,15.12
8/1/2024 8:00,15.13
8/1/2024 8:10,15.13
8/1/2024 8:20,15.163
8/1/2024 8:30,15.173
8/1/2024 8:40,15.184
8/1/2024 8:50,15.195
8/1/2024 9:00,15.227
8/1/2024 9:10,15.259
8/1/2024 9:20,15.28
8/1/2024 9:30,15.313
8/1/2024 9:40,15.366
8/1/2024 9:50,15.388
8/1/2024 10:00,15.409
8/1/2024 10:10,15.452
8/1/2024 10:20,15.495
8/1/2024 10:30,15.527
8/1/2024 10:40,15.581
8/1/2024 10:50,15.613
8/1/2024 11:00,15.656
8/1/2024 11:10,15.731
8/1/2024 11:20,15.763
8/1/2024 11:30,15.817
8/1/2024 11:40,15.881
8/1/2024 11:50,15.945
8/1/2024 12:00,16.021
8/1/2024 12:10,16.096
8/1/2024 12:20,16.16
8/1/2024 12:30,16.267
8/1/2024 12:40,16.332
8/1/2024 12:50,16.45
8/1/2024 13:00,16.482
8/1/2024 13:10,16.61
8/1/2024 13:20,16.653
8/1/2024 13:30,16.707
8/1/2024 13:40,16.803
8/1/2024 13:50,16.857
8/1/2024 14:00,16.921
8/1/2024 14:10,16.964
8/1/2024 14:20,17.029
8/1/2024 14:30,17.082
8/1/2024 14:40,17.104
8/1/2024 14:50,17.114
8/1/2024 15:00,17.114
8/1/2024 15:10,17.136
8/1/2024 15:20,17.136
8/1/2024 15:30,17.157
8/1/2024 15:40,17.168
8/1/2024 15:50,17.179
8/1/2024 16:00,17.19
8/1/2024 16:10,17.211
8/1/2024 16:20,17.232
8/1/2024 16:30,17.232
8/1/2024 16:40,17.232
8/1/2024 16:50,17.211
8/1/2024 17:00,17.222
8/1/2024 17:10,17.232
8/1/2024 17:20,17.243
8/1/2024 17:30,17.254
8/1/2024 17:40,17.243
8/1/2024 17:50,17.211
8/1/2024 18:00,17.232
8/1/2024 18:10,17.2
8/1/2024 18:20,17.19
8/1/2024 18:30,17.179
8/1/2024 18:40,17.179
8/1/2024 18:50,17.19
8/1/2024 19:00,17.168
8/1/2024 19:10,17.168
8/1/2024 19:20,17.147
8/1/2024 19:30,17.157
8/1/2024 19:40,17.114
8/1/2024 19:50,17.114
8/1/2024 20:00,17.104
8/1/2024 20:10,17.093
8/1/2024 20:20,17.093
8/1/2024 20:30,17.072
8/1/2024 20:40,17.05
8/1/2024 20:50,17.05
8/1/2024 21:00,17.029
8/1/2024 21:10,17.007
8/1/2024 21:20,17.018
8/1/2024 21:30,16.986
8/1/2024 21:40,16.954
8/1/2024 21:50,16.954
8/1/2024 22:00,16.943
8/1/2024 22:10,16.932
8/1/2024 22:20,16.9
8/1/2024 22:30,16.9
8/1/2024 22:40,16.879
8/1/2024 22:50,16.857
8/1/2024 23:00,16.857
8/1/2024 23:10,16.846
8/1/2024 23:20,16.846
8/1/2024 23:30,16.836
8/1/2024 23:40,16.814
8/1/2024 23:50,16.803
8/2/2024 0:00,16.793
8/2/2024 0:10,16.793
8/2/2024 0:20,16.782
8/2/2024 0:30,16.761
8/2/2024 0:40,16.761
8/2/2024 0:50,16.761
8/2/2024 1:00,16.761
8/2/2024 1:10,16.739
8/2/2024 1:20,16.771
8/2/2024 1:30,16.771
8/2/2024 1:40,16.761
8/2/2024 1:50,16.761
8/2/2024 2:00,16.761
8/2/2024 2:10,16.761
8/2/2024 2:20,16.739
8/2/2024 2:30,16.728
8/2/2024 2:40,16.728
8/2/2024 2:50,16.718
8/2/2024 3:00,16.739
8/2/2024 3:10,16.728
8/2/2024 3:20,16.707
8/2/2024 3:30,16.718
8/2/2024 3:40,16.696
8/2/2024 3:50,16.718
8/2/2024 4:00,16.718
8/2/2024 4:10,16.728
8/2/2024 4:20,16.728
8/2/2024 4:30,16.728
8/2/2024 4:40,16.728
8/2/2024 4:50,16.728
8/2/2024 5:00,16.739
8/2/2024 5:10,16.75
8/2/2024 5:20,16.771
8/2/2024 5:30,16.771
8/2/2024 5:40,16.771
8/2/2024 5:50,16.803
8/2/2024 6:00,16.814
8/2/2024 6:10,16.814
8/2/2024 6:20,16.803
8/2/2024 6:30,16.857
8/2/2024 6:40,16.868
8/2/2024 6:50,16.921
8/2/2024 7:00,16.911
8/2/2024 7:10,16.911
8/2/2024 7:20,16.986
8/2/2024 7:30,17.007
8/2/2024 7:40,17.018
8/2/2024 7:50,17.039
8/2/2024 8:00,17.093
8/2/2024 8:10,17.114
8/2/2024 8:20,17.147
8/2/2024 8:30,17.179
8/2/2024 8:40,17.222
8/2/2024 8:50,17.254
8/2/2024 9:00,17.275
8/2/2024 9:10,17.318
8/2/2024 9:20,17.34
8/2/2024 9:30,17.35
8/2/2024 9:40,17.393
8/2/2024 9:50,17.447
8/2/2024 10:00,17.458
8/2/2024 10:10,17.49
8/2/2024 10:20,17.511
8/2/2024 10:30,17.543
8/2/2024 10:40,17.619
8/2/2024 10:50,17.629
8/2/2024 11:00,17.683
8/2/2024 11:10,17.737
8/2/2024 11:20,17.801
8/2/2024 11:30,17.844
8/2/2024 11:40,17.897
8/2/2024 11:50,17.962
8/2/2024 12:00,17.972
8/2/2024 12:10,18.026
8/2/2024 12:20,18.069
8/2/2024 12:30,18.09
8/2/2024 12:40,18.133
8/2/2024 12:50,18.187
8/2/2024 13:00,18.198
8/2/2024 13:10,18.241
8/2/2024 13:20,18.273
8/2/2024 13:30,18.294
8/2/2024 13:40,18.326
8/2/2024 13:50,18.359
8/2/2024 14:00,18.38
8/2/2024 14:10,18.391
8/2/2024 14:20,18.401
8/2/2024 14:30,18.466
8/2/2024 14:40,18.466
8/2/2024 14:50,18.498
8/2/2024 15:00,18.53
8/2/2024 15:10,18.541
8/2/2024 15:20,18.53
8/2/2024 15:30,18.541
8/2/2024 15:40,18.541
8/2/2024 15:50,18.552
8/2/2024 16:00,18.552
8/2/2024 16:10,18.562
8/2/2024 16:20,18.541
8/2/2024 16:30,18.541
8/2/2024 16:40,18.552
8/2/2024 16:50,18.573
8/2/2024 17:00,18.573
8/2/2024 17:10,18.595
8/2/2024 17:20,18.584
8/2/2024 17:30,18.584
8/2/2024 17:40,18.584
8/2/2024 17:50,18.573
8/2/2024 18:00,18.573
8/2/2024 18:10,18.573
8/2/2024 18:20,18.573
8/2/2024 18:30,18.541
8/2/2024 18:40,18.541
8/2/2024 18:50,18.552
8/2/2024 19:00,18.519
8/2/2024 19:10,18.509
8/2/2024 19:20,18.487
8/2/2024 19:30,18.466
8/2/2024 19:40,18.466
8/2/2024 19:50,18.444
8/2/2024 20:00,18.444
8/2/2024 20:10,18.412
8/2/2024 20:20,18.412
8/2/2024 20:30,18.401
8/2/2024 20:40,18.401
8/2/2024 20:50,18.38
8/2/2024 21:00,18.369
8/2/2024 21:10,18.359
8/2/2024 21:20,18.337
8/2/2024 21:30,18.348
8/2/2024 21:40,18.326
8/2/2024 21:50,18.337
8/2/2024 22:00,18.305
8/2/2024 22:10,18.284
8/2/2024 22:20,18.284
8/2/2024 22:30,18.284
8/2/2024 22:40,18.262
8/2/2024 22:50,18.262
8/2/2024 23:00,18.241
8/2/2024 23:10,18.198
8/2/2024 23:20,18.187
8/2/2024 23:30,18.198
8/2/2024 23:40,18.176
8/2/2024 23:50,18.133
8/3/2024 0:00,18.123
8/3/2024 0:10,18.08
8/3/2024 0:20,18.048
8/3/2024 0:30,17.983
8/3/2024 0:40,17.972
8/3/2024 0:50,17.897
8/3/2024 1:00,17.865
8/3/2024 1:10,17.822
8/3/2024 1:20,17.779
8/3/2024 1:30,17.737
8/3/2024 1:40,17.683
8/3/2024 1:50,17.629
8/3/2024 2:00,17.619
8/3/2024 2:10,17.576
8/3/2024 2:20,17.511
8/3/2024 2:30,17.458
8/3/2024 2:40,17.415
8/3/2024 2:50,17.372
8/3/2024 3:00,17.308
8/3/2024 3:10,17.232
8/3/2024 3:20,17.19
8/3/2024 3:30,17.136
8/3/2024 3:40,17.093
8/3/2024 3:50,17.05
8/3/2024 4:00,17.029
8/3/2024 4:10,16.986
8/3/2024 4:20,16.943
8/3/2024 4:30,16.889
8/3/2024 4:40,16.836
8/3/2024 4:50,16.771
8/3/2024 5:00,16.653
8/3/2024 5:10,16.535
8/3/2024 5:20,16.374
8/3/2024 5:30,16.224
8/3/2024 5:40,16.096
8/3/2024 5:50,15.978
8/3/2024 6:00,15.892
8/3/2024 6:10,15.827
8/3/2024 6:20,15.763
8/3/2024 6:30,15.731
8/3/2024 6:40,15.634
8/3/2024 6:50,15.581
8/3/2024 7:00,15.484
8/3/2024 7:10,15.441
8/3/2024 7:20,15.345
8/3/2024 7:30,15.27
8/3/2024 7:40,15.173
8/3/2024 7:50,15.13
8/3/2024 8:00,15.023
8/3/2024 8:10,14.959
8/3/2024 8:20,14.884
8/3/2024 8:30,14.798
8/3/2024 8:40,14.712
8/3/2024 8:50,14.658
8/3/2024 9:00,14.562
8/3/2024 9:10,14.487
8/3/2024 9:20,14.412
8/3/2024 9:30,14.337
8/3/2024 9:40,14.24
8/3/2024 9:50,14.197
8/3/2024 10:00,14.144
8/3/2024 10:10,14.079
8/3/2024 10:20,14.004
8/3/2024 10:30,13.983
8/3/2024 10:40,13.929
8/3/2024 10:50,13.908
8/3/2024 11:00,13.854
8/3/2024 11:10,13.833
8/3/2024 11:20,13.8
8/3/2024 11:30,13.779
8/3/2024 11:40,13.768
8/3/2024 11:50,13.747
8/3/2024 12:00,13.715
8/3/2024 12:10,13.682
8/3/2024 12:20,13.65
8/3/2024 12:30,13.672
8/3/2024 12:40,13.65
8/3/2024 12:50,13.607
8/3/2024 13:00,13.597
8/3/2024 13:10,13.586
8/3/2024 13:20,13.575
8/3/2024 13:30,13.597
8/3/2024 13:40,13.554
8/3/2024 13:50,13.554
8/3/2024 14:00,13.532
8/3/2024 14:10,13.532
8/3/2024 14:20,13.522
8/3/2024 14:30,13.489
8/3/2024 14:40,13.468
8/3/2024 14:50,13.446
8/3/2024 15:00,13.457
8/3/2024 15:10,13.436
8/3/2024 15:20,13.425
8/3/2024 15:30,13.393
8/3/2024 15:40,13.382
8/3/2024 15:50,13.382
8/3/2024 16:00,13.361
8/3/2024 16:10,13.339
8/3/2024 16:20,13.339
8/3/2024 16:30,13.329
8/3/2024 16:40,13.296
8/3/2024 16:50,13.286
8/3/2024 17:00,13.296
8/3/2024 17:10,13.264
8/3/2024 17:20,13.275
8/3/2024 17:30,13.243
8/3/2024 17:40,13.211
8/3/2024 17:50,13.2
8/3/2024 18:00,13.178
8/3/2024 18:10,13.178
8/3/2024 18:20,13.168
8/3/2024 18:30,13.168
8/3/2024 18:40,13.146
8/3/2024 18:50,13.135
8/3/2024 19:00,13.114
8/3/2024 19:10,13.114
8/3/2024 19:20,13.103
8/3/2024 19:30,13.103
8/3/2024 19:40,13.093
8/3/2024 19:50,13.071
8/3/2024 20:00,13.05
8/3/2024 20:10,13.05
8/3/2024 20:20,13.028
8/3/2024 20:30,13.028
8/3/2024 20:40,13.007
8/3/2024 20:50,13.007
8/3/2024 21:00,13.007
8/3/2024 21:10,12.985
8/3/2024 21:20,12.975
8/3/2024 21:30,12.975
8/3/2024 21:40,12.964
8/3/2024 21:50,12.942
8/3/2024 22:00,12.964
8/3/2024 22:10,12.964
8/3/2024 22:20,12.942
8/3/2024 22:30,12.942
8/3/2024 22:40,12.932
8/3/2024 22:50,12.921
8/3/2024 23:00,12.942
8/3/2024 23:10,12.91
8/3/2024 23:20,12.921
8/3/2024 23:30,12.889
8/3/2024 23:40,12.9
8/3/2024 23:50,12.889
8/4/2024 0:00,12.878
8/4/2024 0:10,12.889
8/4/2024 0:20,12.857
8/4/2024 0:30,12.867
8/4/2024 0:40,12.867
8/4/2024 0:50,12.867
8/4/2024 1:00,12.846
8/4/2024 1:10,12.824
8/4/2024 1:20,12.835
8/4/2024 1:30,12.824
8/4/2024 1:40,12.814
8/4/2024 1:50,12.782
8/4/2024 2:00,12.792
8/4/2024 2:10,12.792
8/4/2024 2:20,12.792
8/4/2024 2:30,12.771
8/4/2024 2:40,12.76
8/4/2024 2:50,12.76
8/4/2024 3:00,12.717
8/4/2024 3:10,12.728
8/4/2024 3:20,12.728
8/4/2024 3:30,12.717
8/4/2024 3:40,12.696
8/4/2024 3:50,12.685
8/4/2024 4:00,12.674
8/4/2024 4:10,12.674
8/4/2024 4:20,12.664
8/4/2024 4:30,12.642
8/4/2024 4:40,12.631
8/4/2024 4:50,12.61
8/4/2024 5:00,12.599
8/4/2024 5:10,12.588
8/4/2024 5:20,12.588
8/4/2024 5:30,12.567
8/4/2024 5:40,12.556
8/4/2024 5:50,12.556
8/4/2024 6:00,12.535
8/4/2024 6:10,12.546
8/4/2024 6:20,12.524
8/4/2024 6:30,12.524
8/4/2024 6:40,12.492
8/4/2024 6:50,12.524
8/4/2024 7:00,12.481
8/4/2024 7:10,12.492
8/4/2024 7:20,12.492
8/4/2024 7:30,12.471
8/4/2024 7:40,12.492
8/4/2024 7:50,12.481
8/4/2024 8:00,12.492
8/4/2024 8:10,12.481
8/4/2024 8:20,12.481
8/4/2024 8:30,12.471
8/4/2024 8:40,12.492
8/4/2024 8:50,12.513
8/4/2024 9:00,12.503
8/4/2024 9:10,12.503
8/4/2024 9:20,12.524
8/4/2024 9:30,12.546
8/4/2024 9:40,12.535
8/4/2024 9:50,12.556
8/4/2024 10:00,12.556
8/4/2024 10:10,12.588
8/4/2024 10:20,12.588
8/4/2024 10:30,12.621
8/4/2024 10:40,12.621
8/4/2024 10:50,12.653
8/4/2024 11:00,12.664
8/4/2024 11:10,12.696
8/4/2024 11:20,12.706
8/4/2024 11:30,12.728
8/4/2024 11:40,12.739
8/4/2024 11:50,12.76
8/4/2024 12:00,12.782
8/4/2024 12:10,12.782
8/4/2024 12:20,12.771
8/4/2024 12:30,12.792
8/4/2024 12:40,12.803
8/4/2024 12:50,12.824
8/4/2024 13:00,12.835
8/4/2024 13:10,12.846
8/4/2024 13:20,12.824
8/4/2024 13:30,12.846
8/4/2024 13:40,12.857
8/4/2024 13:50,12.857
8/4/2024 14:00,12.846
8/4/2024 14:10,12.857
8/4/2024 14:20,12.867
8/4/2024 14:30,12.867
8/4/2024 14:40,12.857
8/4/2024 14:50,12.846
8/4/2024 15:00,12.867
8/4/2024 15:10,12.857
8/4/2024 15:20,12.846
8/4/2024 15:30,12.835
8/4/2024 15:40,12.824
8/4/2024 15:50,12.824
8/4/2024 16:00,12.792
8/4/2024 16:10,12.792
8/4/2024 16:20,12.792
8/4/2024 16:30,12.782
8/4/2024 16:40,12.739
8/4/2024 16:50,12.749
8/4/2024 17:00,12.728
8/4/2024 17:10,12.717
8/4/2024 17:20,12.706
8/4/2024 17:30,12.706
8/4/2024 17:40,12.685
8/4/2024 17:50,12.664
8/4/2024 18:00,12.631
8/4/2024 18:10,12.621
8/4/2024 18:20,12.61
8/4/2024 18:30,12.578
8/4/2024 18:40,12.567
8/4/2024 18:50,12.567
8/4/2024 19:00,12.535
8/4/2024 19:10,12.503
8/4/2024 19:20,12.492
8/4/2024 19:30,12.449
8/4/2024 19:40,12.417
8/4/2024 19:50,12.417
8/4/2024 20:00,12.374
8/4/2024 20:10,12.374
8/4/2024 20:20,12.353
8/4/2024 20:30,12.31
8/4/2024 20:40,12.31
8/4/2024 20:50,12.277
8/4/2024 21:00,12.256
8/4/2024 21:10,12.213
8/4/2024 21:20,12.235
8/4/2024 21:30,12.181
8/4/2024 21:40,12.181
8/4/2024 21:50,12.159
8/4/2024 22:00,12.127
8/4/2024 22:10,12.127
8/4/2024 22:20,12.084
8/4/2024 22:30,12.074
8/4/2024 22:40,12.052
8/4/2024 22:50,12.063
8/4/2024 23:00,12.031
8/4/2024 23:10,12.02
8/4/2024 23:20,11.999
8/4/2024 23:30,11.999
8/4/2024 23:40,11.956
8/4/2024 23:50,11.945
8/5/2024 0:00,11.924
8/5/2024 0:10,11.934
8/5/2024 0:20,11.924
8/5/2024 0:30,11.924
8/5/2024 0:40,11.891
8/5/2024 0:50,11.891
8/5/2024 1:00,11.87
8/5/2024 1:10,11.848
8/5/2024 1:20,11.838
8/5/2024 1:30,11.827
8/5/2024 1:40,11.816
8/5/2024 1:50,11.795
8/5/2024 2:00,11.816
8/5/2024 2:10,11.773
8/5/2024 2:20,11.795
8/5/2024 2:30,11.763
8/5/2024 2:40,11.741
8/5/2024 2:50,11.752
8/5/2024 3:00,11.741
8/5/2024 3:10,11.73
8/5/2024 3:20,11.741
8/5/2024 3:30,11.709
8/5/2024 3:40,11.698
8/5/2024 3:50,11.677
8/5/2024 4:00,11.698
8/5/2024 4:10,11.677
8/5/2024 4:20,11.677
8/5/2024 4:30,11.666
8/5/2024 4:40,11.666
8/5/2024 4:50,11.645
8/5/2024 5:00,11.645
8/5/2024 5:10,11.634
8/5/2024 5:20,11.623
8/5/2024 5:30,11.623
8/5/2024 5:40,11.634
8/5/2024 5:50,11.634
8/5/2024 6:00,11.645
8/5/2024 6:10,11.613
8/5/2024 6:20,11.623
8/5/2024 6:30,11.634
8/5/2024 6:40,11.634
8/5/2024 6:50,11.634
8/5/2024 7:00,11.655
8/5/2024 7:10,11.655
8/5/2024 7:20,11.677
8/5/2024 7:30,11.677
8/5/2024 7:40,11.688
8/5/2024 7:50,11.741
8/5/2024 8:00,11.709
8/5/2024 8:10,11.763
8/5/2024 8:20,11.773
8/5/2024 8:30,11.806
8/5/2024 8:40,11.816
8/5/2024 8:50,11.827
8/5/2024 9:00,11.859
8/5/2024 9:10,11.859
8/5/2024 9:20,11.902
8/5/2024 9:30,11.945
8/5/2024 9:40,11.977
8/5/2024 9:50,12.009
8/5/2024 10:00,12.042
8/5/2024 10:10,12.052
8/5/2024 10:20,12.063
8/5/2024 10:30,12.127
8/5/2024 10:40,12.127
8/5/2024 10:50,12.17
8/5/2024 11:00,12.213
8/5/2024 11:10,12.213
8/5/2024 11:20,12.288
8/5/2024 11:30,12.31
8/5/2024 11:40,12.331
8/5/2024 11:50,12.331
8/5/2024 12:00,12.363
8/5/2024 12:10,12.395
8/5/2024 12:20,12.417
8/5/2024 12:30,12.428
8/5/2024 12:40,12.471
8/5/2024 12:50,12.513
8/5/2024 13:00,12.535
8/5/2024 13:10,12.578
8/5/2024 13:20,12.578
8/5/2024 13:30,12.631
8/5/2024 13:40,12.642
8/5/2024 13:50,12.664
8/5/2024 14:00,12.728
8/5/2024 14:10,12.717
8/5/2024 14:20,12.739
8/5/2024 14:30,12.76
8/5/2024 14:40,12.782
8/5/2024 14:50,12.782
8/5/2024 15:00,12.803
8/5/2024 15:10,12.814
8/5/2024 15:20,12.814
8/5/2024 15:30,12.846
8/5/2024 15:40,12.835
8/5/2024 15:50,12.835
8/5/2024 16:00,12.824
8/5/2024 16:10,12.835
8/5/2024 16:20,12.846
8/5/2024 16:30,12.835
8/5/2024 16:40,12.846
8/5/2024 16:50,12.835
8/5/2024 17:00,12.835
8/5/2024 17:10,12.824
8/5/2024 17:20,12.824
8/5/2024 17:30,12.803
8/5/2024 17:40,12.792
8/5/2024 17:50,12.792
8/5/2024 18:00,12.792
8/5/2024 18:10,12.76
8/5/2024 18:20,12.76
8/5/2024 18:30,12.76
8/5/2024 18:40,12.739
8/5/2024 18:50,12.717
8/5/2024 19:00,12.696
8/5/2024 19:10,12.685
8/5/2024 19:20,12.685
8/5/2024 19:30,12.653
8/5/2024 19:40,12.631
8/5/2024 19:50,12.599
8/5/2024 20:00,12.61
8/5/2024 20:10,12.588
8/5/2024 20:20,12.567
8/5/2024 20:30,12.567
8/5/2024 20:40,12.513
8/5/2024 20:50,12.513
8/5/2024 21:00,12.492
8/5/2024 21:10,12.492
8/5/2024 21:20,12.481
8/5/2024 21:30,12.46
8/5/2024 21:40,12.428
8/5/2024 21:50,12.417
8/5/2024 22:00,12.406
8/5/2024 22:10,12.385
8/5/2024 22:20,12.385
8/5/2024 22:30,12.374
8/5/2024 22:40,12.342
8/5/2024 22:50,12.342
8/5/2024 23:00,12.331
8/5/2024 23:10,12.31
8/5/2024 23:20,12.299
8/5/2024 23:30,12.277
8/5/2024 23:40,12.267
8/5/2024 23:50,12.267
8/6/2024 0:00,12.256
8/6/2024 0:10,12.213
8/6/2024 0:20,12.213
8/6/2024 0:30,12.224
8/6/2024 0:40,12.202
8/6/2024 0:50,12.181
8/6/2024 1:00,12.17
8/6/2024 1:10,12.17
8/6/2024 1:20,12.149
8/6/2024 1:30,12.127
8/6/2024 1:40,12.138
8/6/2024 1:50,12.117
8/6/2024 2:00,12.117
8/6/2024 2:10,12.117
8/6/2024 2:20,12.095
8/6/2024 2:30,12.095
8/6/2024 2:40,12.084
8/6/2024 2:50,12.063
8/6/2024 3:00,12.084
8/6/2024 3:10,12.084
8/6/2024 3:20,12.084
8/6/2024 3:30,12.052
8/6/2024 3:40,12.042
8/6/2024 3:50,12.042
8/6/2024 4:00,12.02
8/6/2024 4:10,12.042
8/6/2024 4:20,12.042
8/6/2024 4:30,12.031
8/6/2024 4:40,12.02
8/6/2024 4:50,12.009
8/6/2024 5:00,12.02
8/6/2024 5:10,11.988
8/6/2024 5:20,11.999
8/6/2024 5:30,11.988
8/6/2024 5:40,11.988
8/6/2024 5:50,12.009
8/6/2024 6:00,11.999
8/6/2024 6:10,11.999
8/6/2024 6:20,12.009
8/6/2024 6:30,12.031
8/6/2024 6:40,12.009
8/6/2024 6:50,12.031
8/6/2024 7:00,12.042
8/6/2024 7:10,12.063
8/6/2024 7:20,12.074
8/6/2024 7:30,12.095
8/6/2024 7:40,12.149
8/6/2024 7:50,12.138
8/6/2024 8:00,12.159
8/6/2024 8:10,12.17
8/6/2024 8:20,12.181
8/6/2024 8:30,12.213
8/6/2024 8:40,12.245
8/6/2024 8:50,12.267
8/6/2024 9:00,12.288
8/6/2024 9:10,12.331
8/6/2024 9:20,12.363
8/6/2024 9:30,12.395
8/6/2024 9:40,12.438
8/6/2024 9:50,12.492
8/6/2024 10:00,12.535
8/6/2024 10:10,12.588
8/6/2024 10:20,12.653
8/6/2024 10:30,12.717
8/6/2024 10:40,12.782
8/6/2024 10:50,12.835
8/6/2024 11:00,12.91
8/6/2024 11:10,12.985
8/6/2024 11:20,13.028
8/6/2024 11:30,13.082
8/6/2024 11:40,13.146
8/6/2024 11:50,13.286
8/6/2024 12:00,13.35
8/6/2024 12:10,13.425
8/6/2024 12:20,13.532
8/6/2024 12:30,13.597
8/6/2024 12:40,13.672
8/6/2024 12:50,13.8
8/6/2024 13:00,13.876
8/6/2024 13:10,13.972
8/6/2024 13:20,14.026
8/6/2024 13:30,14.144
8/6/2024 13:40,14.229
8/6/2024 13:50,14.294
8/6/2024 14:00,14.369
8/6/2024 14:10,14.444
8/6/2024 14:20,14.508
8/6/2024 14:30,14.54
8/6/2024 14:40,14.562
8/6/2024 14:50,14.605
8/6/2024 15:00,14.669
8/6/2024 15:10,14.669
8/6/2024 15:20,14.691
8/6/2024 15:30,14.723
8/6/2024 15:40,14.755
8/6/2024 15:50,14.766
8/6/2024 16:00,14.819
8/6/2024 16:10,14.83
8/6/2024 16:20,14.862
8/6/2024 16:30,14.894
8/6/2024 16:40,14.927
8/6/2024 16:50,14.937
8/6/2024 17:00,14.98
8/6/2024 17:10,15.002
8/6/2024 17:20,15.023
8/6/2024 17:30,15.034
8/6/2024 17:40,15.034
8/6/2024 17:50,15.045
8/6/2024 18:00,15.045
8/6/2024 18:10,15.045
8/6/2024 18:20,15.034
8/6/2024 18:30,15.023
8/6/2024 18:40,14.991
8/6/2024 18:50,14.98
8/6/2024 19:00,14.948
8/6/2024 19:10,14.927
8/6/2024 19:20,14.905
8/6/2024 19:30,14.873
8/6/2024 19:40,14.841
8/6/2024 19:50,14.787
8/6/2024 20:00,14.787
8/6/2024 20:10,14.734
8/6/2024 20:20,14.691
8/6/2024 20:30,14.669
8/6/2024 20:40,14.626
8/6/2024 20:50,14.594
8/6/2024 21:00,14.562
8/6/2024 21:10,14.508
8/6/2024 21:20,14.498
8/6/2024 21:30,14.433
8/6/2024 21:40,14.38
8/6/2024 21:50,14.358
8/6/2024 22:00,14.326
8/6/2024 22:10,14.272
8/6/2024 22:20,14.251
8/6/2024 22:30,14.219
8/6/2024 22:40,14.165
8/6/2024 22:50,14.122
8/6/2024 23:00,14.079
8/6/2024 23:10,14.036
8/6/2024 23:20,14.015
8/6/2024 23:30,13.972
8/6/2024 23:40,13.929
8/6/2024 23:50,13.918
8/7/2024 0:00,13.865
8/7/2024 0:10,13.843
8/7/2024 0:20,13.8
8/7/2024 0:30,13.779
8/7/2024 0:40,13.736
8/7/2024 0:50,13.715
8/7/2024 1:00,13.682
8/7/2024 1:10,13.65
8/7/2024 1:20,13.618
8/7/2024 1:30,13.586
8/7/2024 1:40,13.575
8/7/2024 1:50,13.532
8/7/2024 2:00,13.522
8/7/2024 2:10,13.479
8/7/2024 2:20,13.446
8/7/2024 2:30,13.436
8/7/2024 2:40,13.414
8/7/2024 2:50,13.404
8/7/2024 3:00,13.35
8/7/2024 3:10,13.339
8/7/2024 3:20,13.318
8/7/2024 3:30,13.275
8/7/2024 3:40,13.275
8/7/2024 3:50,13.275
8/7/2024 4:00,13.221
8/7/2024 4:10,13.168
8/7/2024 4:20,13.168
8/7/2024 4:30,13.146
8/7/2024 4:40,13.135
8/7/2024 4:50,13.114
8/7/2024 5:00,13.103
8/7/2024 5:10,13.071
8/7/2024 5:20,13.071
8/7/2024 5:30,13.039
8/7/2024 5:40,13.028
8/7/2024 5:50,13.017
8/7/2024 6:00,13.007
8/7/2024 6:10,12.996
8/7/2024 6:20,13.007
8/7/2024 6:30,12.985
8/7/2024 6:40,12.975
8/7/2024 6:50,12.975
8/7/2024 7:00,12.964
8/7/2024 7:10,13.007
8/7/2024 7:20,13.017
8/7/2024 7:30,13.007
8/7/2024 7:40,13.05
8/7/2024 7:50,13.082
8/7/2024 8:00,13.103
8/7/2024 8:10,13.114
8/7/2024 8:20,13.146
8/7/2024 8:30,13.2
8/7/2024 8:40,13.264
8/7/2024 8:50,13.329
8/7/2024 9:00,13.371
8/7/2024 9:10,13.446
8/7/2024 9:20,13.511
8/7/2024 9:30,13.564
8/7/2024 9:40,13.586
8/7/2024 9:50,13.682
8/7/2024 10:00,13.736
8/7/2024 10:10,13.822
8/7/2024 10:20,13.918
8/7/2024 10:30,14.026
8/7/2024 10:40,14.133
8/7/2024 10:50,14.262
8/7/2024 11:00,14.39
8/7/2024 11:10,14.487
8/7/2024 11:20,14.573
8/7/2024 11:30,14.658
8/7/2024 11:40,14.776
8/7/2024 11:50,14.873
8/7/2024 12:00,14.948
8/7/2024 12:10,15.055
8/7/2024 12:20,15.163
8/7/2024 12:30,15.291
8/7/2024 12:40,15.42
8/7/2024 12:50,15.549
8/7/2024 13:00,15.656
8/7/2024 13:10,15.731
8/7/2024 13:20,15.806
8/7/2024 13:30,15.881
8/7/2024 13:40,15.924
8/7/2024 13:50,15.967
8/7/2024 14:00,16.021
8/7/2024 14:10,16.106
8/7/2024 14:20,16.149
8/7/2024 14:30,16.224
8/7/2024 14:40,16.31
8/7/2024 14:50,16.321
8/7/2024 15:00,16.364
8/7/2024 15:10,16.364
8/7/2024 15:20,16.417
8/7/2024 15:30,16.428
8/7/2024 15:40,16.45
8/7/2024 15:50,16.46
8/7/2024 16:00,16.492
8/7/2024 16:10,16.471
8/7/2024 16:20,16.503
8/7/2024 16:30,16.535
8/7/2024 16:40,16.525
8/7/2024 16:50,16.546
8/7/2024 17:00,16.535
8/7/2024 17:10,16.546
8/7/2024 17:20,16.514
8/7/2024 17:30,16.535
8/7/2024 17:40,16.492
8/7/2024 17:50,16.492
8/7/2024 18:00,16.492
8/7/2024 18:10,16.492
8/7/2024 18:20,16.471
8/7/2024 18:30,16.471
8/7/2024 18:40,16.439
8/7/2024 18:50,16.407
8/7/2024 19:00,16.417
8/7/2024 19:10,16.385
8/7/2024 19:20,16.342
8/7/2024 19:30,16.321
8/7/2024 19:40,16.31
8/7/2024 19:50,16.278
8/7/2024 20:00,16.278
8/7/2024 20:10,16.214
8/7/2024 20:20,16.214
8/7/2024 20:30,16.171
8/7/2024 20:40,16.117
8/7/2024 20:50,16.106
8/7/2024 21:00,16.042
8/7/2024 21:10,16.021
8/7/2024 21:20,16.021
8/7/2024 21:30,15.967
8/7/2024 21:40,15.945
8/7/2024 21:50,15.913
8/7/2024 22:00,15.87
8/7/2024 22:10,15.86
8/7/2024 22:20,15.806
8/7/2024 22:30,15.785
8/7/2024 22:40,15.752
8/7/2024 22:50,15.72
8/7/2024 23:00,15.677
8/7/2024 23:10,15.677
8/7/2024 23:20,15.634
8/7/2024 23:30,15.602
8/7/2024 23:40,15.57
8/7/2024 23:50,15.549
8/8/2024 0:00,15.516
8/8/2024 0:10,15.474
8/8/2024 0:20,15.452
8/8/2024 0:30,15.42
8/8/2024 0:40,15.377
8/8/2024 0:50,15.366
8/8/2024 1:00,15.313
8/8/2024 1:10,15.291
8/8/2024 1:20,15.27
8/8/2024 1:30,15.227
8/8/2024 1:40,15.195
8/8/2024 1:50,15.173
8/8/2024 2:00,15.152
8/8/2024 2:10,15.109
8/8/2024 2:20,15.087
8/8/2024 2:30,15.077
8/8/2024 2:40,15.034
8/8/2024 2:50,15.023
8/8/2024 3:00,14.991
8/8/2024 3:10,14.98
8/8/2024 3:20,14.948
8/8/2024 3:30,14.905
8/8/2024 3:40,14.894
8/8/2024 3:50,14.873
8/8/2024 4:00,14.862
8/8/2024 4:10,14.83
8/8/2024 4:20,14.83
8/8/2024 4:30,14.809
8/8/2024 4:40,14.776
8/8/2024 4:50,14.744
8/8/2024 5:00,14.723
8/8/2024 5:10,14.734
8/8/2024 5:20,14.723
8/8/2024 5:30,14.712
8/8/2024 5:40,14.691
8/8/2024 5:50,14.691
8/8/2024 6:00,14.658
8/8/2024 6:10,14.669
8/8/2024 6:20,14.669
8/8/2024 6:30,14.648
8/8/2024 6:40,14.648
8/8/2024 6:50,14.658
8/8/2024 7:00,14.658
8/8/2024 7:10,14.68
8/8/2024 7:20,14.669
8/8/2024 7:30,14.658
8/8/2024 7:40,14.669
8/8/2024 7:50,14.701
8/8/2024 8:00,14.701
8/8/2024 8:10,14.723
8/8/2024 8:20,14.744
8/8/2024 8:30,14.766
8/8/2024 8:40,14.776
8/8/2024 8:50,14.776
8/8/2024 9:00,14.787
8/8/2024 9:10,14.819
8/8/2024 9:20,14.841
8/8/2024 9:30,14.862
8/8/2024 9:40,14.873
8/8/2024 9:50,14.894
8/8/2024 10:00,14.927
8/8/2024 10:10,14.969
8/8/2024 10:20,15.012
8/8/2024 10:30,15.045
8/8/2024 10:40,15.077
8/8/2024 10:50,15.13
8/8/2024 11:00,15.152
8/8/2024 11:10,15.195
8/8/2024 11:20,15.238
8/8/2024 11:30,15.27
8/8/2024 11:40,15.28
8/8/2024 11:50,15.334
8/8/2024 12:00,15.377
8/8/2024 12:10,15.42
8/8/2024 12:20,15.474
8/8/2024 12:30,15.484
8/8/2024 12:40,15.527
8/8/2024 12:50,15.559
8/8/2024 13:00,15.592
8/8/2024 13:10,15.634
8/8/2024 13:20,15.656
8/8/2024 13:30,15.699
8/8/2024 13:40,15.742
8/8/2024 13:50,15.763
8/8/2024 14:00,15.795
8/8/2024 14:10,15.827
8/8/2024 14:20,15.849
8/8/2024 14:30,15.913
8/8/2024 14:40,15.967
8/8/2024 14:50,16.031
8/8/2024 15:00,16.085
8/8/2024 15:10,16.16
8/8/2024 15:20,16.203
8/8/2024 15:30,16.256
8/8/2024 15:40,16.31
8/8/2024 15:50,16.353
8/8/2024 16:00,16.385
8/8/2024 16:10,16.428
8/8/2024 16:20,16.471
8/8/2024 16:30,16.492
8/8/2024 16:40,16.503
8/8/2024 16:50,16.535
8/8/2024 17:00,16.535
8/8/2024 17:10,16.546
8/8/2024 17:20,16.557
8/8/2024 17:30,16.568
8/8/2024 17:40,16.568
8/8/2024 17:50,16.578
8/8/2024 18:00,16.578
8/8/2024 18:10,16.557
8/8/2024 18:20,16.557
8/8/2024 18:30,16.546
8/8/2024 18:40,16.546
8/8/2024 18:50,16.503
8/8/2024 19:00,16.503
8/8/2024 19:10,16.482
8/8/2024 19:20,16.428
8/8/2024 19:30,16.439
8/8/2024 19:40,16.417
8/8/2024 19:50,16.396
8/8/2024 20:00,16.374
8/8/2024 20:10,16.364
8/8/2024 20:20,16.364
8/8/2024 20:30,16.342
8/8/2024 20:40,16.31
8/8/2024 20:50,16.299
8/8/2024 21:00,16.256
8/8/2024 21:10,16.256
8/8/2024 21:20,16.235
8/8/2024 21:30,16.235
8/8/2024 21:40,16.192
8/8/2024 21:50,16.203
8/8/2024 22:00,16.181
8/8/2024 22:10,16.16
8/8/2024 22:20,16.171
8/8/2024 22:30,16.138
8/8/2024 22:40,16.117
8/8/2024 22:50,16.117
8/8/2024 23:00,16.085
8/8/2024 23:10,16.053
8/8/2024 23:20,16.053
8/8/2024 23:30,16.042
8/8/2024 23:40,16.031
8/8/2024 23:50,16.01
8/9/2024 0:00,15.988
8/9/2024 0:10,15.967
8/9/2024 0:20,15.988
8/9/2024 0:30,15.967
8/9/2024 0:40,15.935
8/9/2024 0:50,15.935
8/9/2024 1:00,15.924
8/9/2024 1:10,15.903
8/9/2024 1:20,15.903
8/9/2024 1:30,15.881
8/9/2024 1:40,15.892
8/9/2024 1:50,15.86
8/9/2024 2:00,15.838
8/9/2024 2:10,15.849
8/9/2024 2:20,15.849
8/9/2024 2:30,15.806
8/9/2024 2:40,15.806
8/9/2024 2:50,15.795
8/9/2024 3:00,15.785
8/9/2024 3:10,15.774
8/9/2024 3:20,15.774
8/9/2024 3:30,15.763
8/9/2024 3:40,15.763
8/9/2024 3:50,15.752
8/9/2024 4:00,15.763
8/9/2024 4:10,15.752
8/9/2024 4:20,15.731
8/9/2024 4:30,15.72
8/9/2024 4:40,15.731
8/9/2024 4:50,15.742
8/9/2024 5:00,15.72
8/9/2024 5:10,15.709
8/9/2024 5:20,15.709
8/9/2024 5:30,15.699
8/9/2024 5:40,15.709
8/9/2024 5:50,15.709
8/9/2024 6:00,15.699
8/9/2024 6:10,15.688
8/9/2024 6:20,15.699
8/9/2024 6:30,15.688
8/9/2024 6:40,15.677
8/9/2024 6:50,15.699
8/9/2024 7:00,15.667
8/9/2024 7:10,15.667
8/9/2024 7:20,15.677
8/9/2024 7:30,15.667
8/9/2024 7:40,15.688
8/9/2024 7:50,15.688
8/9/2024 8:00,15.72
8/9/2024 8:10,15.709
8/9/2024 8:20,15.72
8/9/2024 8:30,15.731
8/9/2024 8:40,15.742
8/9/2024 8:50,15.742
8/9/2024 9:00,15.763
8/9/2024 9:10,15.785
8/9/2024 9:20,15.795
8/9/2024 9:30,15.817
8/9/2024 9:40,15.849
8/9/2024 9:50,15.87
8/9/2024 10:00,15.881
8/9/2024 10:10,15.913
8/9/2024 10:20,15.924
8/9/2024 10:30,15.956
8/9/2024 10:40,15.967
8/9/2024 10:50,15.988
8/9/2024 11:00,15.999
8/9/2024 11:10,16.042
8/9/2024 11:20,16.106
8/9/2024 11:30,16.096
8/9/2024 11:40,16.149
8/9/2024 11:50,16.16
8/9/2024 12:00,16.214
8/9/2024 12:10,16.299
8/9/2024 12:20,16.364
8/9/2024 12:30,16.407
8/9/2024 12:40,16.46
8/9/2024 12:50,16.546
8/9/2024 13:00,16.589
8/9/2024 13:10,16.632
8/9/2024 13:20,16.707
8/9/2024 13:30,16.761
8/9/2024 13:40,16.793
8/9/2024 13:50,16.857
8/9/2024 14:00,16.868
8/9/2024 14:10,16.932
8/9/2024 14:20,16.954
8/9/2024 14:30,16.986
8/9/2024 14:40,17.029
8/9/2024 14:50,17.093
8/9/2024 15:00,17.125
8/9/2024 15:10,17.147
8/9/2024 15:20,17.2
8/9/2024 15:30,17.179
8/9/2024 15:40,17.222
8/9/2024 15:50,17.222
8/9/2024 16:00,17.243
8/9/2024 16:10,17.275
8/9/2024 16:20,17.265
8/9/2024 16:30,17.297
8/9/2024 16:40,17.297
8/9/2024 16:50,17.297
8/9/2024 17:00,17.34
8/9/2024 17:10,17.34
8/9/2024 17:20,17.34
8/9/2024 17:30,17.34
8/9/2024 17:40,17.34
8/9/2024 17:50,17.308
8/9/2024 18:00,17.308
8/9/2024 18:10,17.275
8/9/2024 18:20,17.286
8/9/2024 18:30,17.265
8/9/2024 18:40,17.243
8/9/2024 18:50,17.232
8/9/2024 19:00,17.2
8/9/2024 19:10,17.19
8/9/2024 19:20,17.168
8/9/2024 19:30,17.168
8/9/2024 19:40,17.136
8/9/2024 19:50,17.136
8/9/2024 20:00,17.125
8/9/2024 20:10,17.104
8/9/2024 20:20,17.072
8/9/2024 20:30,17.072
8/9/2024 20:40,17.072
8/9/2024 20:50,17.039
8/9/2024 21:00,17.029
8/9/2024 21:10,17.018
8/9/2024 21:20,16.986
8/9/2024 21:30,16.964
8/9/2024 21:40,16.932
8/9/2024 21:50,16.921
8/9/2024 22:00,16.9
8/9/2024 22:10,16.879
8/9/2024 22:20,16.857
8/9/2024 22:30,16.857
8/9/2024 22:40,16.825
8/9/2024 22:50,16.803
8/9/2024 23:00,16.771
8/9/2024 23:10,16.761
8/9/2024 23:20,16.75
8/9/2024 23:30,16.728
8/9/2024 23:40,16.739
8/9/2024 23:50,16.707
8/10/2024 0:00,16.707
8/10/2024 0:10,16.675
8/10/2024 0:20,16.643
8/10/2024 0:30,16.643
8/10/2024 0:40,16.621
8/10/2024 0:50,16.61
8/10/2024 1:00,16.568
8/10/2024 1:10,16.557
8/10/2024 1:20,16.535
8/10/2024 1:30,16.503
8/10/2024 1:40,16.492
8/10/2024 1:50,16.45
8/10/2024 2:00,16.428
8/10/2024 2:10,16.407
8/10/2024 2:20,16.385
8/10/2024 2:30,16.332
8/10/2024 2:40,16.332
8/10/2024 2:50,16.31
8/10/2024 3:00,16.267
8/10/2024 3:10,16.256
8/10/2024 3:20,16.214
8/10/2024 3:30,16.171
8/10/2024 3:40,16.138
8/10/2024 3:50,16.138
8/10/2024 4:00,16.128
8/10/2024 4:10,16.063
8/10/2024 4:20,16.042
8/10/2024 4:30,15.999
8/10/2024 4:40,15.978
8/10/2024 4:50,15.956
8/10/2024 5:00,15.913
8/10/2024 5:10,15.903
8/10/2024 5:20,15.881
8/10/2024 5:30,15.86
8/10/2024 5:40,15.849
8/10/2024 5:50,15.817
8/10/2024 6:00,15.763
8/10/2024 6:10,15.763
8/10/2024 6:20,15.72
8/10/2024 6:30,15.72
8/10/2024 6:40,15.667
8/10/2024 6:50,15.656
8/10/2024 7:00,15.634
8/10/2024 7:10,15.624
8/10/2024 7:20,15.624
8/10/2024 7:30,15.592
8/10/2024 7:40,15.592
8/10/2024 7:50,15.57
8/10/2024 8:00,15.57
8/10/2024 8:10,15.559
8/10/2024 8:20,15.527
8/10/2024 8:30,15.549
8/10/2024 8:40,15.538
8/10/2024 8:50,15.506
8/10/2024 9:00,15.506
8/10/2024 9:10,15.506
8/10/2024 9:20,15.506
8/10/2024 9:30,15.506
8/10/2024 9:40,15.516
8/10/2024 9:50,15.516
8/10/2024 10:00,15.506
8/10/2024 10:10,15.516
8/10/2024 10:20,15.527
8/10/2024 10:30,15.538
8/10/2024 10:40,15.538
8/10/2024 10:50,15.506
8/10/2024 11:00,15.538
8/10/2024 11:10,15.559
8/10/2024 11:20,15.559
8/10/2024 11:30,15.581
8/10/2024 11:40,15.592
8/10/2024 11:50,15.634
8/10/2024 12:00,15.634
8/10/2024 12:10,15.634
8/10/2024 12:20,15.645
8/10/2024 12:30,15.677
8/10/2024 12:40,15.677
8/10/2024 12:50,15.699
8/10/2024 13:00,15.688
8/10/2024 13:10,15.72
8/10/2024 13:20,15.709
8/10/2024 13:30,15.72
8/10/2024 13:40,15.699
8/10/2024 13:50,15.699
8/10/2024 14:00,15.688
8/10/2024 14:10,15.709
8/10/2024 14:20,15.688
8/10/2024 14:30,15.699
8/10/2024 14:40,15.688
8/10/2024 14:50,15.688
8/10/2024 15:00,15.709
8/10/2024 15:10,15.677
8/10/2024 15:20,15.677
8/10/2024 15:30,15.667
8/10/2024 15:40,15.677
8/10/2024 15:50,15.634
8/10/2024 16:00,15.624
8/10/2024 16:10,15.634
8/10/2024 16:20,15.645
8/10/2024 16:30,15.624
8/10/2024 16:40,15.602
8/10/2024 16:50,15.581
8/10/2024 17:00,15.57
8/10/2024 17:10,15.57
8/10/2024 17:20,15.549
8/10/2024 17:30,15.527
8/10/2024 17:40,15.538
8/10/2024 17:50,15.484
8/10/2024 18:00,15.495
8/10/2024 18:10,15.441
8/10/2024 18:20,15.441
8/10/2024 18:30,15.42
8/10/2024 18:40,15.398
8/10/2024 18:50,15.388
8/10/2024 19:00,15.366
8/10/2024 19:10,15.323
8/10/2024 19:20,15.302
8/10/2024 19:30,15.28
8/10/2024 19:40,15.27
8/10/2024 19:50,15.248
8/10/2024 20:00,15.216
8/10/2024 20:10,15.216
8/10/2024 20:20,15.195
8/10/2024 20:30,15.173
8/10/2024 20:40,15.12
8/10/2024 20:50,15.12
8/10/2024 21:00,15.13
8/10/2024 21:10,15.098
8/10/2024 21:20,15.066
8/10/2024 21:30,15.045
8/10/2024 21:40,15.023
8/10/2024 21:50,14.991
8/10/2024 22:00,14.991
8/10/2024 22:10,14.959
8/10/2024 22:20,14.959
8/10/2024 22:30,14.916
8/10/2024 22:40,14.905
8/10/2024 22:50,14.894
8/10/2024 23:00,14.884
8/10/2024 23:10,14.862
8/10/2024 23:20,14.841
8/10/2024 23:30,14.819
8/10/2024 23:40,14.798
8/10/2024 23:50,14.809
8/11/2024 0:00,14.787
8/11/2024 0:10,14.755
8/11/2024 0:20,14.766
8/11/2024 0:30,14.723
8/11/2024 0:40,14.734
8/11/2024 0:50,14.701
8/11/2024 1:00,14.68
8/11/2024 1:10,14.658
8/11/2024 1:20,14.658
8/11/2024 1:30,14.648
8/11/2024 1:40,14.626
8/11/2024 1:50,14.605
8/11/2024 2:00,14.594
8/11/2024 2:10,14.583
8/11/2024 2:20,14.562
8/11/2024 2:30,14.562
8/11/2024 2:40,14.562
8/11/2024 2:50,14.53
8/11/2024 3:00,14.519
8/11/2024 3:10,14.498
8/11/2024 3:20,14.487
8/11/2024 3:30,14.465
8/11/2024 3:40,14.455
8/11/2024 3:50,14.433
8/11/2024 4:00,14.422
8/11/2024 4:10,14.422
8/11/2024 4:20,14.412
8/11/2024 4:30,14.38
8/11/2024 4:40,14.38
8/11/2024 4:50,14.358
8/11/2024 5:00,14.337
8/11/2024 5:10,14.326
8/11/2024 5:20,14.315
8/11/2024 5:30,14.283
8/11/2024 5:40,14.294
8/11/2024 5:50,14.305
8/11/2024 6:00,14.283
8/11/2024 6:10,14.262
8/11/2024 6:20,14.262
8/11/2024 6:30,14.262
8/11/2024 6:40,14.24
8/11/2024 6:50,14.229
8/11/2024 7:00,14.24
8/11/2024 7:10,14.229
8/11/2024 7:20,14.208
8/11/2024 7:30,14.197
8/11/2024 7:40,14.219
8/11/2024 7:50,14.208
8/11/2024 8:00,14.208
8/11/2024 8:10,14.208
8/11/2024 8:20,14.229
8/11/2024 8:30,14.219
8/11/2024 8:40,14.219
8/11/2024 8:50,14.229
8/11/2024 9:00,14.251
8/11/2024 9:10,14.251
8/11/2024 9:20,14.262
8/11/2024 9:30,14.294
8/11/2024 9:40,14.294
8/11/2024 9:50,14.305
8/11/2024 10:00,14.305
8/11/2024 10:10,14.347
8/11/2024 10:20,14.337
8/11/2024 10:30,14.369
8/11/2024 10:40,14.39
8/11/2024 10:50,14.422
8/11/2024 11:00,14.444
8/11/2024 11:10,14.476
8/11/2024 11:20,14.508
8/11/2024 11:30,14.508
8/11/2024 11:40,14.519
8/11/2024 11:50,14.562
8/11/2024 12:00,14.573
8/11/2024 12:10,14.605
8/11/2024 12:20,14.637
8/11/2024 12:30,14.658
8/11/2024 12:40,14.691
8/11/2024 12:50,14.691
8/11/2024 13:00,14.755
8/11/2024 13:10,14.787
8/11/2024 13:20,14.798
8/11/2024 13:30,14.776
8/11/2024 13:40,14.83
8/11/2024 13:50,14.851
8/11/2024 14:00,14.884
8/11/2024 14:10,14.905
8/11/2024 14:20,14.905
8/11/2024 14:30,14.937
8/11/2024 14:40,14.948
8/11/2024 14:50,14.969
8/11/2024 15:00,14.959
8/11/2024 15:10,14.991
8/11/2024 15:20,15.012
8/11/2024 15:30,15.002
8/11/2024 15:40,15.023
8/11/2024 15:50,15.045
8/11/2024 16:00,15.034
8/11/2024 16:10,15.045
8/11/2024 16:20,15.066
8/11/2024 16:30,15.077
8/11/2024 16:40,15.066
8/11/2024 16:50,15.066
8/11/2024 17:00,15.077
8/11/2024 17:10,15.077
8/11/2024 17:20,15.087
8/11/2024 17:30,15.055
8/11/2024 17:40,15.045
8/11/2024 17:50,15.055
8/11/2024 18:00,15.034
8/11/2024 18:10,15.066
8/11/2024 18:20,15.055
8/11/2024 18:30,15.045
8/11/2024 18:40,15.023
8/11/2024 18:50,15.012
8/11/2024 19:00,15.023
8/11/2024 19:10,15.002
8/11/2024 19:20,14.991
8/11/2024 19:30,14.991
8/11/2024 19:40,14.969
8/11/2024 19:50,14.959
8/11/2024 20:00,14.948
8/11/2024 20:10,14.937
8/11/2024 20:20,14.948
8/11/2024 20:30,14.937
8/11/2024 20:40,14.948
8/11/2024 20:50,14.916
8/11/2024 21:00,14.894
8/11/2024 21:10,14.894
8/11/2024 21:20,14.894
8/11/2024 21:30,14.884
8/11/2024 21:40,14.862
8/11/2024 21:50,14.851
8/11/2024 22:00,14.862
8/11/2024 22:10,14.841
8/11/2024 22:20,14.83
8/11/2024 22:30,14.819
8/11/2024 22:40,14.83
8/11/2024 22:50,14.819
8/11/2024 23:00,14.819
8/11/2024 23:10,14.809
8/11/2024 23:20,14.776
8/11/2024 23:30,14.776
8/11/2024 23:40,14.766
8/11/2024 23:50,14.766
8/12/2024 0:00,14.755
8/12/2024 0:10,14.766
8/12/2024 0:20,14.766
8/12/2024 0:30,14.755
8/12/2024 0:40,14.734
8/12/2024 0:50,14.744
8/12/2024 1:00,14.734
8/12/2024 1:10,14.744
8/12/2024 1:20,14.734
8/12/2024 1:30,14.734
8/12/2024 1:40,14.712
8/12/2024 1:50,14.712
8/12/2024 2:00,14.701
8/12/2024 2:10,14.712
8/12/2024 2:20,14.691
8/12/2024 2:30,14.723
8/12/2024 2:40,14.701
8/12/2024 2:50,14.691
8/12/2024 3:00,14.669
8/12/2024 3:10,14.68
8/12/2024 3:20,14.68
8/12/2024 3:30,14.669
8/12/2024 3:40,14.669
8/12/2024 3:50,14.669
8/12/2024 4:00,14.658
8/12/2024 4:10,14.658
8/12/2024 4:20,14.68
8/12/2024 4:30,14.648
8/12/2024 4:40,14.658
8/12/2024 4:50,14.658
8/12/2024 5:00,14.658
8/12/2024 5:10,14.648
8/12/2024 5:20,14.637
8/12/2024 5:30,14.637
8/12/2024 5:40,14.616
8/12/2024 5:50,14.669
8/12/2024 6:00,14.658
8/12/2024 6:10,14.648
8/12/2024 6:20,14.637
8/12/2024 6:30,14.658
8/12/2024 6:40,14.658
8/12/2024 6:50,14.648
8/12/2024 7:00,14.658
8/12/2024 7:10,14.669
8/12/2024 7:20,14.669
8/12/2024 7:30,14.68
8/12/2024 7:40,14.691
8/12/2024 7:50,14.701
8/12/2024 8:00,14.734
8/12/2024 8:10,14.734
8/12/2024 8:20,14.734
8/12/2024 8:30,14.776
8/12/2024 8:40,14.798
8/12/2024 8:50,14.819
8/12/2024 9:00,14.83
8/12/2024 9:10,14.862
8/12/2024 9:20,14.894
8/12/2024 9:30,14.905
8/12/2024 9:40,14.937
8/12/2024 9:50,14.991
8/12/2024 10:00,15.002
8/12/2024 10:10,15.023
8/12/2024 10:20,15.045
8/12/2024 10:30,15.087
8/12/2024 10:40,15.13
8/12/2024 10:50,15.184
8/12/2024 11:00,15.205
8/12/2024 11:10,15.227
8/12/2024 11:20,15.27
8/12/2024 11:30,15.323
8/12/2024 11:40,15.366
8/12/2024 11:50,15.388
8/12/2024 12:00,15.441
8/12/2024 12:10,15.474
8/12/2024 12:20,15.516
8/12/2024 12:30,15.57
8/12/2024 12:40,15.602
8/12/2024 12:50,15.667
8/12/2024 13:00,15.699
8/12/2024 13:10,15.752
8/12/2024 13:20,15.763
8/12/2024 13:30,15.87
8/12/2024 13:40,15.913
8/12/2024 13:50,15.945
8/12/2024 14:00,16.01
8/12/2024 14:10,16.085
8/12/2024 14:20,16.128
8/12/2024 14:30,16.214
8/12/2024 14:40,16.246
8/12/2024 14:50,16.31
8/12/2024 15:00,16.353
8/12/2024 15:10,16.407
8/12/2024 15:20,16.439
8/12/2024 15:30,16.471
8/12/2024 15:40,16.492
8/12/2024 15:50,16.503
8/12/2024 16:00,16.546
8/12/2024 16:10,16.546
8/12/2024 16:20,16.546
8/12/2024 16:30,16.578
8/12/2024 16:40,16.6
8/12/2024 16:50,16.6
8/12/2024 17:00,16.61
8/12/2024 17:10,16.61
8/12/2024 17:20,16.632
8/12/2024 17:30,16.621
8/12/2024 17:40,16.621
8/12/2024 17:50,16.632
8/12/2024 18:00,16.61
8/12/2024 18:10,16.6
8/12/2024 18:20,16.6
8/12/2024 18:30,16.578
8/12/2024 18:40,16.568
8/12/2024 18:50,16.546
8/12/2024 19:00,16.525
8/12/2024 19:10,16.503
8/12/2024 19:20,16.492
8/12/2024 19:30,16.471
8/12/2024 19:40,16.471
8/12/2024 19:50,16.45
8/12/2024 20:00,16.407
8/12/2024 20:10,16.417
8/12/2024 20:20,16.407
8/12/2024 20:30,16.364
8/12/2024 20:40,16.364
8/12/2024 20:50,16.353
8/12/2024 21:00,16.332
8/12/2024 21:10,16.321
8/12/2024 21:20,16.31
8/12/2024 21:30,16.289
8/12/2024 21:40,16.267
8/12/2024 21:50,16.256
8/12/2024 22:00,16.235
8/12/2024 22:10,16.214
8/12/2024 22:20,16.192
8/12/2024 22:30,16.192
8/12/2024 22:40,16.16
8/12/2024 22:50,16.16
8/12/2024 23:00,16.128
8/12/2024 23:10,16.106
8/12/2024 23:20,16.117
8/12/2024 23:30,16.085
8/12/2024 23:40,16.063
8/12/2024 23:50,16.031
8/13/2024 0:00,16.031
8/13/2024 0:10,16.031
8/13/2024 0:20,15.999
8/13/2024 0:30,15.988
8/13/2024 0:40,15.967
8/13/2024 0:50,15.967
8/13/2024 1:00,15.945
8/13/2024 1:10,15.935
8/13/2024 1:20,15.924
8/13/2024 1:30,15.924
8/13/2024 1:40,15.892
8/13/2024 1:50,15.87
8/13/2024 2:00,15.86
8/13/2024 2:10,15.838
8/13/2024 2:20,15.817
8/13/2024 2:30,15.785
8/13/2024 2:40,15.806
8/13/2024 2:50,15.785
8/13/2024 3:00,15.774
8/13/2024 3:10,15.742
8/13/2024 3:20,15.731
8/13/2024 3:30,15.742
8/13/2024 3:40,15.709
8/13/2024 3:50,15.731
8/13/2024 4:00,15.656
8/13/2024 4:10,15.656
8/13/2024 4:20,15.645
8/13/2024 4:30,15.634
8/13/2024 4:40,15.634
8/13/2024 4:50,15.613
8/13/2024 5:00,15.592
8/13/2024 5:10,15.592
8/13/2024 5:20,15.581
8/13/2024 5:30,15.57
8/13/2024 5:40,15.527
8/13/2024 5:50,15.559
8/13/2024 6:00,15.527
8/13/2024 6:10,15.527
8/13/2024 6:20,15.506
8/13/2024 6:30,15.506
8/13/2024 6:40,15.506
8/13/2024 6:50,15.484
8/13/2024 7:00,15.484
8/13/2024 7:10,15.484
8/13/2024 7:20,15.484
8/13/2024 7:30,15.495
8/13/2024 7:40,15.495
8/13/2024 7:50,15.495
8/13/2024 8:00,15.527
8/13/2024 8:10,15.527
8/13/2024 8:20,15.538
8/13/2024 8:30,15.549
8/13/2024 8:40,15.559
8/13/2024 8:50,15.581
8/13/2024 9:00,15.592
8/13/2024 9:10,15.613
8/13/2024 9:20,15.634
8/13/2024 9:30,15.634
8/13/2024 9:40,15.645
8/13/2024 9:50,15.645
8/13/2024 10:00,15.667
8/13/2024 10:10,15.688
8/13/2024 10:20,15.688
8/13/2024 10:30,15.72
8/13/2024 10:40,15.742
8/13/2024 10:50,15.752
8/13/2024 11:00,15.774
8/13/2024 11:10,15.795
8/13/2024 11:20,15.838
8/13/2024 11:30,15.86
8/13/2024 11:40,15.945
8/13/2024 11:50,15.956
8/13/2024 12:00,16.01
8/13/2024 12:10,16.042
8/13/2024 12:20,16.096
8/13/2024 12:30,16.149
8/13/2024 12:40,16.192
8/13/2024 12:50,16.214
8/13/2024 13:00,16.267
8/13/2024 13:10,16.321
8/13/2024 13:20,16.299
8/13/2024 13:30,16.364
8/13/2024 13:40,16.385
8/13/2024 13:50,16.417
8/13/2024 14:00,16.407
8/13/2024 14:10,16.428
8/13/2024 14:20,16.45
8/13/2024 14:30,16.439
8/13/2024 14:40,16.46
8/13/2024 14:50,16.46
8/13/2024 15:00,16.492
8/13/2024 15:10,16.503
8/13/2024 15:20,16.503
8/13/2024 15:30,16.557
8/13/2024 15:40,16.546
8/13/2024 15:50,16.514
8/13/2024 16:00,16.535
8/13/2024 16:10,16.568
8/13/2024 16:20,16.568
8/13/2024 16:30,16.568
8/13/2024 16:40,16.546
8/13/2024 16:50,16.578
8/13/2024 17:00,16.578
8/13/2024 17:10,16.578
8/13/2024 17:20,16.568
8/13/2024 17:30,16.546
8/13/2024 17:40,16.557
8/13/2024 17:50,16.546
8/13/2024 18:00,16.546
8/13/2024 18:10,16.535
8/13/2024 18:20,16.525
8/13/2024 18:30,16.525
8/13/2024 18:40,16.525
8/13/2024 18:50,16.492
8/13/2024 19:00,16.503
8/13/2024 19:10,16.503
8/13/2024 19:20,16.482
8/13/2024 19:30,16.482
8/13/2024 19:40,16.45
8/13/2024 19:50,16.439
8/13/2024 20:00,16.439
8/13/2024 20:10,16.428
8/13/2024 20:20,16.417
8/13/2024 20:30,16.428
8/13/2024 20:40,16.417
8/13/2024 20:50,16.407
8/13/2024 21:00,16.374
8/13/2024 21:10,16.364
8/13/2024 21:20,16.364
8/13/2024 21:30,16.353
8/13/2024 21:40,16.321
8/13/2024 21:50,16.342
8/13/2024 22:00,16.321
8/13/2024 22:10,16.321
8/13/2024 22:20,16.299
8/13/2024 22:30,16.289
8/13/2024 22:40,16.299
8/13/2024 22:50,16.289
8/13/2024 23:00,16.278
8/13/2024 23:10,16.256
8/13/2024 23:20,16.246
8/13/2024 23:30,16.235
8/13/2024 23:40,16.235
8/13/2024 23:50,16.235
8/14/2024 0:00,16.214
8/14/2024 0:10,16.214
8/14/2024 0:20,16.203
8/14/2024 0:30,16.181
8/14/2024 0:40,16.181
8/14/2024 0:50,16.16
8/14/2024 1:00,16.16
8/14/2024 1:10,16.16
8/14/2024 1:20,16.128
8/14/2024 1:30,16.138
8/14/2024 1:40,16.117
8/14/2024 1:50,16.117
8/14/2024 2:00,16.128
8/14/2024 2:10,16.128
8/14/2024 2:20,16.096
8/14/2024 2:30,16.074
8/14/2024 2:40,16.063
8/14/2024 2:50,16.074
8/14/2024 3:00,16.074
8/14/2024 3:10,16.053
8/14/2024 3:20,16.042
8/14/2024 3:30,16.042
8/14/2024 3:40,15.999
8/14/2024 3:50,16.01
8/14/2024 4:00,15.988
8/14/2024 4:10,15.978
8/14/2024 4:20,15.978
8/14/2024 4:30,15.956
8/14/2024 4:40,15.956
8/14/2024 4:50,15.956
8/14/2024 5:00,15.945
8/14/2024 5:10,15.913
8/14/2024 5:20,15.903
8/14/2024 5:30,15.892
8/14/2024 5:40,15.892
8/14/2024 5:50,15.87
8/14/2024 6:00,15.892
8/14/2024 6:10,15.86
8/14/2024 6:20,15.849
8/14/2024 6:30,15.838
8/14/2024 6:40,15.849
8/14/2024 6:50,15.86
8/14/2024 7:00,15.838
8/14/2024 7:10,15.838
8/14/2024 7:20,15.849
8/14/2024 7:30,15.827
8/14/2024 7:40,15.827
8/14/2024 7:50,15.817
8/14/2024 8:00,15.817
8/14/2024 8:10,15.817
8/14/2024 8:20,15.806
8/14/2024 8:30,15.817
8/14/2024 8:40,15.817
8/14/2024 8:50,15.827
8/14/2024 9:00,15.817
8/14/2024 9:10,15.827
8/14/2024 9:20,15.838
8/14/2024 9:30,15.838
8/14/2024 9:40,15.838
8/14/2024 9:50,15.849
8/14/2024 10:00,15.86
8/14/2024 10:10,15.86
8/14/2024 10:20,15.881
8/14/2024 10:30,15.87
8/14/2024 10:40,15.86
8/14/2024 10:50,15.892
8/14/2024 11:00,15.903
8/14/2024 11:10,15.892
8/14/2024 11:20,15.903
8/14/2024 11:30,15.913
8/14/2024 11:40,15.924
8/14/2024 11:50,15.913
8/14/2024 12:00,15.945
8/14/2024 12:10,15.956
8/14/2024 12:20,15.935
8/14/2024 12:30,15.967
8/14/2024 12:40,15.967
8/14/2024 12:50,15.988
8/14/2024 13:00,15.988
8/14/2024 13:10,16.01
8/14/2024 13:20,15.999
8/14/2024 13:30,16.031
8/14/2024 13:40,16.042
8/14/2024 13:50,16.031
8/14/2024 14:00,16.031
8/14/2024 14:10,16.042
8/14/2024 14:20,16.074
8/14/2024 14:30,16.085
8/14/2024 14:40,16.053
8/14/2024 14:50,16.074
8/14/2024 15:00,16.085
8/14/2024 15:10,16.096
8/14/2024 15:20,16.117
8/14/2024 15:30,16.085
8/14/2024 15:40,16.096
8/14/2024 15:50,16.117
8/14/2024 16:00,16.096
8/14/2024 16:10,16.096
8/14/2024 16:20,16.117
8/14/2024 16:30,16.096
8/14/2024 16:40,16.085
8/14/2024 16:50,16.096
8/14/2024 17:00,16.063
8/14/2024 17:10,16.085
8/14/2024 17:20,16.063
8/14/2024 17:30,16.063
8/14/2024 17:40,16.031
8/14/2024 17:50,16.031
8/14/2024 18:00,16.031
8/14/2024 18:10,15.988
8/14/2024 18:20,15.999
8/14/2024 18:30,15.988
8/14/2024 18:40,15.978
8/14/2024 18:50,15.945
8/14/2024 19:00,15.945
8/14/2024 19:10,15.935
8/14/2024 19:20,15.903
8/14/2024 19:30,15.903
8/14/2024 19:40,15.881
8/14/2024 19:50,15.86
8/14/2024 20:00,15.849
8/14/2024 20:10,15.827
8/14/2024 20:20,15.817
8/14/2024 20:30,15.817
8/14/2024 20:40,15.774
8/14/2024 20:50,15.763
8/14/2024 21:00,15.752
8/14/2024 21:10,15.742
8/14/2024 21:20,15.72
8/14/2024 21:30,15.699
8/14/2024 21:40,15.688
8/14/2024 21:50,15.677
8/14/2024 22:00,15.656
8/14/2024 22:10,15.645
8/14/2024 22:20,15.624
8/14/2024 22:30,15.613
8/14/2024 22:40,15.602
8/14/2024 22:50,15.581
8/14/2024 23:00,15.57
8/14/2024 23:10,15.581
8/14/2024 23:20,15.559
8/14/2024 23:30,15.538
8/14/2024 23:40,15.516
8/14/2024 23:50,15.516
8/15/2024 0:00,15.516
8/15/2024 0:10,15.495
8/15/2024 0:20,15.474
8/15/2024 0:30,15.463
8/15/2024 0:40,15.452
8/15/2024 0:50,15.431
8/15/2024 1:00,15.42
8/15/2024 1:10,15.398
8/15/2024 1:20,15.398
8/15/2024 1:30,15.377
8/15/2024 1:40,15.366
8/15/2024 1:50,15.356
8/15/2024 2:00,15.345
8/15/2024 2:10,15.313
8/15/2024 2:20,15.323
8/15/2024 2:30,15.313
8/15/2024 2:40,15.302
8/15/2024 2:50,15.302
8/15/2024 3:00,15.28
8/15/2024 3:10,15.259
8/15/2024 3:20,15.238
8/15/2024 3:30,15.238
8/15/2024 3:40,15.205
8/15/2024 3:50,15.205
8/15/2024 4:00,15.195
8/15/2024 4:10,15.173
8/15/2024 4:20,15.163
8/15/2024 4:30,15.163
8/15/2024 4:40,15.152
8/15/2024 4:50,15.13
8/15/2024 5:00,15.141
8/15/2024 5:10,15.13
8/15/2024 5:20,15.141
8/15/2024 5:30,15.12
8/15/2024 5:40,15.109
8/15/2024 5:50,15.087
8/15/2024 6:00,15.098
8/15/2024 6:10,15.087
8/15/2024 6:20,15.077
8/15/2024 6:30,15.087
8/15/2024 6:40,15.087
8/15/2024 6:50,15.12
8/15/2024 7:00,15.087
8/15/2024 7:10,15.098
8/15/2024 7:20,15.12
8/15/2024 7:30,15.13
8/15/2024 7:40,15.13
8/15/2024 7:50,15.152
8/15/2024 8:00,15.152
8/15/2024 8:10,15.195
8/15/2024 8:20,15.195
8/15/2024 8:30,15.227
8/15/2024 8:40,15.28
8/15/2024 8:50,15.302
8/15/2024 9:00,15.356
8/15/2024 9:10,15.388
8/15/2024 9:20,15.42
8/15/2024 9:30,15.484
8/15/2024 9:40,15.559
8/15/2024 9:50,15.613
8/15/2024 10:00,15.634
8/15/2024 10:10,15.709
8/15/2024 10:20,15.774
8/15/2024 10:30,15.86
8/15/2024 10:40,15.924
8/15/2024 10:50,15.999
8/15/2024 11:00,16.106
8/15/2024 11:10,16.203
8/15/2024 11:20,16.321
8/15/2024 11:30,16.45
8/15/2024 11:40,16.589
8/15/2024 11:50,16.696
8/15/2024 12:00,16.803
8/15/2024 12:10,16.921
8/15/2024 12:20,17.05
8/15/2024 12:30,17.136
8/15/2024 12:40,17.222
8/15/2024 12:50,17.308
8/15/2024 13:00,17.393
8/15/2024 13:10,17.479
8/15/2024 13:20,17.565
8/15/2024 13:30,17.651
8/15/2024 13:40,17.704
8/15/2024 13:50,17.758
8/15/2024 14:00,17.833
8/15/2024 14:10,17.844
8/15/2024 14:20,17.908
8/15/2024 14:30,17.93
8/15/2024 14:40,17.994
8/15/2024 14:50,18.015
8/15/2024 15:00,18.015
8/15/2024 15:10,18.058
8/15/2024 15:20,18.048
8/15/2024 15:30,18.08
8/15/2024 15:40,18.08
8/15/2024 15:50,18.08
8/15/2024 16:00,18.08
8/15/2024 16:10,18.08
8/15/2024 16:20,18.058
8/15/2024 16:30,18.048
8/15/2024 16:40,18.037
8/15/2024 16:50,18.048
8/15/2024 17:00,18.015
8/15/2024 17:10,18.005
8/15/2024 17:20,17.972
8/15/2024 17:30,17.962
8/15/2024 17:40,17.908
8/15/2024 17:50,17.897
8/15/2024 18:00,17.844
8/15/2024 18:10,17.812
8/15/2024 18:20,17.758
8/15/2024 18:30,17.737
8/15/2024 18:40,17.715
8/15/2024 18:50,17.672
8/15/2024 19:00,17.629
8/15/2024 19:10,17.597
8/15/2024 19:20,17.565
8/15/2024 19:30,17.501
8/15/2024 19:40,17.501
8/15/2024 19:50,17.458
8/15/2024 20:00,17.426
8/15/2024 20:10,17.383
8/15/2024 20:20,17.35
8/15/2024 20:30,17.329
8/15/2024 20:40,17.275
8/15/2024 20:50,17.265
8/15/2024 21:00,17.232
8/15/2024 21:10,17.211
8/15/2024 21:20,17.147
8/15/2024 21:30,17.125
8/15/2024 21:40,17.104
8/15/2024 21:50,17.072
8/15/2024 22:00,17.029
8/15/2024 22:10,16.997
8/15/2024 22:20,16.975
8/15/2024 22:30,16.921
8/15/2024 22:40,16.911
8/15/2024 22:50,16.868
8/15/2024 23:00,16.836
8/15/2024 23:10,16.803
8/15/2024 23:20,16.761
8/15/2024 23:30,16.728
8/15/2024 23:40,16.696
8/15/2024 23:50,16.675
8/16/2024 0:00,16.632
8/16/2024 0:10,16.6
8/16/2024 0:20,16.557
8/16/2024 0:30,16.535
8/16/2024 0:40,16.492
8/16/2024 0:50,16.482
8/16/2024 1:00,16.439
8/16/2024 1:10,16.396
8/16/2024 1:20,16.374
8/16/2024 1:30,16.364
8/16/2024 1:40,16.332
8/16/2024 1:50,16.289
8/16/2024 2:00,16.278
8/16/2024 2:10,16.246
8/16/2024 2:20,16.256
8/16/2024 2:30,16.192
8/16/2024 2:40,16.203
8/16/2024 2:50,16.149
8/16/2024 3:00,16.149
8/16/2024 3:10,16.128
8/16/2024 3:20,16.117
8/16/2024 3:30,16.096
8/16/2024 3:40,16.063
8/16/2024 3:50,16.053
8/16/2024 4:00,16.031
8/16/2024 4:10,16.021
8/16/2024 4:20,15.978
8/16/2024 4:30,15.988
8/16/2024 4:40,15.945
8/16/2024 4:50,15.956
8/16/2024 5:00,15.913
8/16/2024 5:10,15.881
8/16/2024 5:20,15.87
8/16/2024 5:30,15.86
8/16/2024 5:40,15.86
8/16/2024 5:50,15.86
8/16/2024 6:00,15.817
8/16/2024 6:10,15.806
8/16/2024 6:20,15.795
8/16/2024 6:30,15.763
8/16/2024 6:40,15.731
8/16/2024 6:50,15.752
8/16/2024 7:00,15.774
8/16/2024 7:10,15.731
8/16/2024 7:20,15.742
8/16/2024 7:30,15.731
8/16/2024 7:40,15.72
8/16/2024 7:50,15.731
8/16/2024 8:00,15.731
8/16/2024 8:10,15.709
8/16/2024 8:20,15.709
8/16/2024 8:30,15.709
8/16/2024 8:40,15.709
8/16/2024 8:50,15.709
8/16/2024 9:00,15.731
8/16/2024 9:10,15.731
8/16/2024 9:20,15.731
8/16/2024 9:30,15.742
8/16/2024 9:40,15.752
8/16/2024 9:50,15.752
8/16/2024 10:00,15.774
8/16/2024 10:10,15.785
8/16/2024 10:20,15.795
8/16/2024 10:30,15.795
8/16/2024 10:40,15.817
8/16/2024 10:50,15.827
8/16/2024 11:00,15.838
8/16/2024 11:10,15.86
8/16/2024 11:20,15.87
8/16/2024 11:30,15.892
8/16/2024 11:40,15.892
8/16/2024 11:50,15.903
8/16/2024 12:00,15.924
8/16/2024 12:10,15.945
8/16/2024 12:20,15.956
8/16/2024 12:30,15.978
8/16/2024 12:40,15.988
8/16/2024 12:50,16.021
8/16/2024 13:00,16.021
8/16/2024 13:10,16.042
8/16/2024 13:20,16.053
8/16/2024 13:30,16.074
8/16/2024 13:40,16.074
8/16/2024 13:50,16.085
8/16/2024 14:00,16.096
8/16/2024 14:10,16.096
8/16/2024 14:20,16.128
8/16/2024 14:30,16.117
8/16/2024 14:40,16.16
8/16/2024 14:50,16.16
8/16/2024 15:00,16.16
8/16/2024 15:10,16.149
8/16/2024 15:20,16.171
8/16/2024 15:30,16.171
8/16/2024 15:40,16.16
8/16/2024 15:50,16.181
8/16/2024 16:00,16.171
8/16/2024 16:10,16.149
8/16/2024 16:20,16.171
8/16/2024 16:30,16.138
8/16/2024 16:40,16.16
8/16/2024 16:50,16.16
8/16/2024 17:00,16.149
8/16/2024 17:10,16.128
8/16/2024 17:20,16.128
8/16/2024 17:30,16.117
8/16/2024 17:40,16.117
8/16/2024 17:50,16.096
8/16/2024 18:00,16.085
8/16/2024 18:10,16.074
8/16/2024 18:20,16.042
8/16/2024 18:30,16.063
8/16/2024 18:40,16.021
8/16/2024 18:50,16.021
8/16/2024 19:00,16.01
8/16/2024 19:10,15.999
8/16/2024 19:20,15.967
8/16/2024 19:30,15.956
8/16/2024 19:40,15.935
8/16/2024 19:50,15.935
8/16/2024 20:00,15.913
8/16/2024 20:10,15.903
8/16/2024 20:20,15.892
8/16/2024 20:30,15.87
8/16/2024 20:40,15.87
8/16/2024 20:50,15.849
8/16/2024 21:00,15.827
8/16/2024 21:10,15.817
8/16/2024 21:20,15.795
8/16/2024 21:30,15.785
8/16/2024 21:40,15.795
8/16/2024 21:50,15.752
8/16/2024 22:00,15.731
8/16/2024 22:10,15.72
8/16/2024 22:20,15.72
8/16/2024 22:30,15.72
8/16/2024 22:40,15.688
8/16/2024 22:50,15.699
8/16/2024 23:00,15.688
8/16/2024 23:10,15.667
8/16/2024 23:20,15.656
8/16/2024 23:30,15.656
8/16/2024 23:40,15.656
8/16/2024 23:50,15.624
8/17/2024 0:00,15.634
8/17/2024 0:10,15.602
8/17/2024 0:20,15.592
8/17/2024 0:30,15.613
8/17/2024 0:40,15.581
8/17/2024 0:50,15.57
8/17/2024 1:00,15.57
8/17/2024 1:10,15.57
8/17/2024 1:20,15.527
8/17/2024 1:30,15.527
8/17/2024 1:40,15.516
8/17/2024 1:50,15.516
8/17/2024 2:00,15.506
8/17/2024 2:10,15.484
8/17/2024 2:20,15.495
8/17/2024 2:30,15.506
8/17/2024 2:40,15.495
8/17/2024 2:50,15.484
8/17/2024 3:00,15.484
8/17/2024 3:10,15.463
8/17/2024 3:20,15.474
8/17/2024 3:30,15.452
8/17/2024 3:40,15.441
8/17/2024 3:50,15.431
8/17/2024 4:00,15.431
8/17/2024 4:10,15.431
8/17/2024 4:20,15.409
8/17/2024 4:30,15.409
8/17/2024 4:40,15.42
8/17/2024 4:50,15.398
8/17/2024 5:00,15.388
8/17/2024 5:10,15.366
8/17/2024 5:20,15.356
8/17/2024 5:30,15.366
8/17/2024 5:40,15.366
8/17/2024 5:50,15.366
8/17/2024 6:00,15.356
8/17/2024 6:10,15.334
8/17/2024 6:20,15.345
8/17/2024 6:30,15.323
8/17/2024 6:40,15.345
8/17/2024 6:50,15.345
8/17/2024 7:00,15.356
8/17/2024 7:10,15.356
8/17/2024 7:20,15.345
8/17/2024 7:30,15.345
8/17/2024 7:40,15.366
8/17/2024 7:50,15.356
8/17/2024 8:00,15.356
8/17/2024 8:10,15.366
8/17/2024 8:20,15.377
8/17/2024 8:30,15.377
8/17/2024 8:40,15.377
8/17/2024 8:50,15.366
8/17/2024 9:00,15.431
8/17/2024 9:10,15.409
8/17/2024 9:20,15.441
8/17/2024 9:30,15.452
8/17/2024 9:40,15.484
8/17/2024 9:50,15.527
8/17/2024 10:00,15.527
8/17/2024 10:10,15.559
8/17/2024 10:20,15.549
8/17/2024 10:30,15.57
8/17/2024 10:40,15.581
8/17/2024 10:50,15.634
8/17/2024 11:00,15.624
8/17/2024 11:10,15.634
8/17/2024 11:20,15.656
8/17/2024 11:30,15.688
8/17/2024 11:40,15.677
8/17/2024 11:50,15.72
8/17/2024 12:00,15.731
8/17/2024 12:10,15.731
8/17/2024 12:20,15.763
8/17/2024 12:30,15.795
8/17/2024 12:40,15.795
8/17/2024 12:50,15.795
8/17/2024 13:00,15.827
8/17/2024 13:10,15.827
8/17/2024 13:20,15.86
8/17/2024 13:30,15.87
8/17/2024 13:40,15.86
8/17/2024 13:50,15.892
8/17/2024 14:00,15.913
8/17/2024 14:10,15.924
8/17/2024 14:20,15.935
8/17/2024 14:30,15.945
8/17/2024 14:40,15.945
8/17/2024 14:50,15.956
8/17/2024 15:00,15.967
8/17/2024 15:10,15.988
8/17/2024 15:20,15.988
8/17/2024 15:30,15.978
8/17/2024 15:40,15.988
8/17/2024 15:50,15.999
8/17/2024 16:00,15.978
8/17/2024 16:10,15.999
8/17/2024 16:20,15.978
8/17/2024 16:30,15.978
8/17/2024 16:40,15.999
8/17/2024 16:50,15.988
8/17/2024 17:00,15.988
8/17/2024 17:10,15.988
8/17/2024 17:20,15.978
8/17/2024 17:30,15.999
8/17/2024 17:40,15.978
8/17/2024 17:50,15.956
8/17/2024 18:00,15.945
8/17/2024 18:10,15.956
8/17/2024 18:20,15.924
8/17/2024 18:30,15.924
8/17/2024 18:40,15.935
8/17/2024 18:50,15.913
8/17/2024 19:00,15.913
8/17/2024 19:10,15.87
8/17/2024 19:20,15.881
8/17/2024 19:30,15.87
8/17/2024 19:40,15.86
8/17/2024 19:50,15.849
8/17/2024 20:00,15.86
8/17/2024 20:10,15.817
8/17/2024 20:20,15.827
8/17/2024 20:30,15.806
8/17/2024 20:40,15.785
8/17/2024 20:50,15.774
8/17/2024 21:00,15.763
8/17/2024 21:10,15.763
8/17/2024 21:20,15.731
8/17/2024 21:30,15.742
8/17/2024 21:40,15.731
8/17/2024 21:50,15.709
8/17/2024 22:00,15.699
8/17/2024 22:10,15.709
8/17/2024 22:20,15.677
8/17/2024 22:30,15.677
8/17/2024 22:40,15.656
8/17/2024 22:50,15.645
8/17/2024 23:00,15.645
8/17/2024 23:10,15.634
8/17/2024 23:20,15.602
8/17/2024 23:30,15.613
8/17/2024 23:40,15.592
8/17/2024 23:50,15.592
8/18/2024 0:00,15.57
8/18/2024 0:10,15.57
8/18/2024 0:20,15.559
8/18/2024 0:30,15.559
8/18/2024 0:40,15.527
8/18/2024 0:50,15.527
8/18/2024 1:00,15.538
8/18/2024 1:10,15.506
8/18/2024 1:20,15.495
8/18/2024 1:30,15.474
8/18/2024 1:40,15.474
8/18/2024 1:50,15.474
8/18/2024 2:00,15.452
8/18/2024 2:10,15.463
8/18/2024 2:20,15.452
8/18/2024 2:30,15.42
8/18/2024 2:40,15.398
8/18/2024 2:50,15.377
8/18/2024 3:00,15.409
8/18/2024 3:10,15.377
8/18/2024 3:20,15.345
8/18/2024 3:30,15.366
8/18/2024 3:40,15.334
8/18/2024 3:50,15.334
8/18/2024 4:00,15.313
8/18/2024 4:10,15.323
8/18/2024 4:20,15.302
8/18/2024 4:30,15.28
8/18/2024 4:40,15.27
8/18/2024 4:50,15.248
8/18/2024 5:00,15.259
8/18/2024 5:10,15.238
8/18/2024 5:20,15.238
8/18/2024 5:30,15.205
8/18/2024 5:40,15.195
8/18/2024 5:50,15.205
8/18/2024 6:00,15.184
8/18/2024 6:10,15.173
8/18/2024 6:20,15.173
8/18/2024 6:30,15.173
8/18/2024 6:40,15.152
8/18/2024 6:50,15.173
8/18/2024 7:00,15.141
8/18/2024 7:10,15.173
8/18/2024 7:20,15.152
8/18/2024 7:30,15.163
8/18/2024 7:40,15.141
8/18/2024 7:50,15.13
8/18/2024 8:00,15.152
8/18/2024 8:10,15.13
8/18/2024 8:20,15.141
8/18/2024 8:30,15.152
8/18/2024 8:40,15.152
8/18/2024 8:50,15.173
8/18/2024 9:00,15.152
8/18/2024 9:10,15.173
8/18/2024 9:20,15.195
8/18/2024 9:30,15.195
8/18/2024 9:40,15.227
8/18/2024 9:50,15.238
8/18/2024 10:00,15.27
8/18/2024 10:10,15.302
8/18/2024 10:20,15.28
8/18/2024 10:30,15.323
8/18/2024 10:40,15.345
8/18/2024 10:50,15.377
8/18/2024 11:00,15.409
8/18/2024 11:10,15.441
8/18/2024 11:20,15.495
8/18/2024 11:30,15.57
8/18/2024 11:40,15.613
8/18/2024 11:50,15.645
8/18/2024 12:00,15.688
8/18/2024 12:10,15.742
8/18/2024 12:20,15.785
8/18/2024 12:30,15.838
8/18/2024 12:40,15.903
8/18/2024 12:50,15.956
8/18/2024 13:00,16.074
8/18/2024 13:10,16.117
8/18/2024 13:20,16.192
8/18/2024 13:30,16.235
8/18/2024 13:40,16.31
8/18/2024 13:50,16.364
8/18/2024 14:00,16.46
8/18/2024 14:10,16.525
8/18/2024 14:20,16.589
8/18/2024 14:30,16.632
8/18/2024 14:40,16.696
8/18/2024 14:50,16.761
8/18/2024 15:00,16.771
8/18/2024 15:10,16.803
8/18/2024 15:20,16.836
8/18/2024 15:30,16.846
8/18/2024 15:40,16.868
8/18/2024 15:50,16.9
8/18/2024 16:00,16.921
8/18/2024 16:10,16.932
8/18/2024 16:20,16.954
8/18/2024 16:30,16.943
8/18/2024 16:40,16.943
8/18/2024 16:50,16.964
8/18/2024 17:00,16.975
8/18/2024 17:10,16.986
8/18/2024 17:20,16.975
8/18/2024 17:30,16.975
8/18/2024 17:40,16.975
8/18/2024 17:50,16.954
8/18/2024 18:00,16.975
8/18/2024 18:10,16.921
8/18/2024 18:20,16.911
8/18/2024 18:30,16.879
8/18/2024 18:40,16.857
8/18/2024 18:50,16.846
8/18/2024 19:00,16.814
8/18/2024 19:10,16.782
8/18/2024 19:20,16.75
8/18/2024 19:30,16.739
8/18/2024 19:40,16.707
8/18/2024 19:50,16.653
8/18/2024 20:00,16.632
8/18/2024 20:10,16.589
8/18/2024 20:20,16.557
8/18/2024 20:30,16.535
8/18/2024 20:40,16.492
8/18/2024 20:50,16.46
8/18/2024 21:00,16.45
8/18/2024 21:10,16.407
8/18/2024 21:20,16.374
8/18/2024 21:30,16.353
8/18/2024 21:40,16.321
8/18/2024 21:50,16.278
8/18/2024 22:00,16.267
8/18/2024 22:10,16.246
8/18/2024 22:20,16.192
8/18/2024 22:30,16.203
8/18/2024 22:40,16.171
8/18/2024 22:50,16.149
8/18/2024 23:00,16.128
8/18/2024 23:10,16.085
8/18/2024 23:20,16.074
8/18/2024 23:30,16.063
8/18/2024 23:40,16.042
8/18/2024 23:50,16.031
8/19/2024 0:00,15.999
8/19/2024 0:10,15.999
8/19/2024 0:20,15.945
8/19/2024 0:30,15.935
8/19/2024 0:40,15.924
8/19/2024 0:50,15.903
8/19/2024 1:00,15.87
8/19/2024 1:10,15.87
8/19/2024 1:20,15.86
8/19/2024 1:30,15.849
8/19/2024 1:40,15.849
8/19/2024 1:50,15.817
8/19/2024 2:00,15.785
8/19/2024 2:10,15.795
8/19/2024 2:20,15.774
8/19/2024 2:30,15.774
8/19/2024 2:40,15.763
8/19/2024 2:50,15.752
8/19/2024 3:00,15.731
8/19/2024 3:10,15.731
8/19/2024 3:20,15.742
8/19/2024 3:30,15.709
8/19/2024 3:40,15.72
8/19/2024 3:50,15.699
8/19/2024 4:00,15.688
8/19/2024 4:10,15.667
8/19/2024 4:20,15.634
8/19/2024 4:30,15.634
8/19/2024 4:40,15.624
8/19/2024 4:50,15.602
8/19/2024 5:00,15.613
8/19/2024 5:10,15.602
8/19/2024 5:20,15.57
8/19/2024 5:30,15.549
8/19/2024 5:40,15.57
8/19/2024 5:50,15.549
8/19/2024 6:00,15.527
8/19/2024 6:10,15.549
8/19/2024 6:20,15.527
8/19/2024 6:30,15.549
8/19/2024 6:40,15.538
8/19/2024 6:50,15.516
8/19/2024 7:00,15.538
8/19/2024 7:10,15.559
8/19/2024 7:20,15.538
8/19/2024 7:30,15.559
8/19/2024 7:40,15.57
8/19/2024 7:50,15.559
8/19/2024 8:00,15.581
8/19/2024 8:10,15.592
8/19/2024 8:20,15.602
8/19/2024 8:30,15.624
8/19/2024 8:40,15.645
8/19/2024 8:50,15.634
8/19/2024 9:00,15.667
8/19/2024 9:10,15.667
8/19/2024 9:20,15.688
8/19/2024 9:30,15.72
8/19/2024 9:40,15.709
8/19/2024 9:50,15.72
8/19/2024 10:00,15.742
8/19/2024 10:10,15.763
8/19/2024 10:20,15.763
8/19/2024 10:30,15.752
8/19/2024 10:40,15.763
8/19/2024 10:50,15.763
8/19/2024 11:00,15.795
8/19/2024 11:10,15.817
8/19/2024 11:20,15.806
8/19/2024 11:30,15.827
8/19/2024 11:40,15.827
8/19/2024 11:50,15.817
8/19/2024 12:00,15.817
8/19/2024 12:10,15.838
8/19/2024 12:20,15.817
8/19/2024 12:30,15.86
8/19/2024 12:40,15.87
8/19/2024 12:50,15.849
8/19/2024 13:00,15.87
8/19/2024 13:10,15.849
8/19/2024 13:20,15.849
8/19/2024 13:30,15.86
8/19/2024 13:40,15.838
8/19/2024 13:50,15.849
8/19/2024 14:00,15.817
8/19/2024 14:10,15.827
8/19/2024 14:20,15.806
8/19/2024 14:30,15.806
8/19/2024 14:40,15.817
8/19/2024 14:50,15.817
8/19/2024 15:00,15.806
8/19/2024 15:10,15.817
8/19/2024 15:20,15.806
8/19/2024 15:30,15.817
8/19/2024 15:40,15.795
8/19/2024 15:50,15.806
8/19/2024 16:00,15.806
8/19/2024 16:10,15.795
8/19/2024 16:20,15.817
8/19/2024 16:30,15.806
8/19/2024 16:40,15.752
8/19/2024 16:50,15.763
8/19/2024 17:00,15.731
8/19/2024 17:10,15.731
8/19/2024 17:20,15.72
8/19/2024 17:30,15.709
8/19/2024 17:40,15.688
8/19/2024 17:50,15.656
8/19/2024 18:00,15.634
8/19/2024 18:10,15.634
8/19/2024 18:20,15.613
8/19/2024 18:30,15.602
8/19/2024 18:40,15.57
8/19/2024 18:50,15.549
8/19/2024 19:00,15.538
8/19/2024 19:10,15.527
8/19/2024 19:20,15.484
8/19/2024 19:30,15.474
8/19/2024 19:40,15.474
8/19/2024 19:50,15.431
8/19/2024 20:00,15.409
8/19/2024 20:10,15.409
8/19/2024 20:20,15.398
8/19/2024 20:30,15.377
8/19/2024 20:40,15.356
8/19/2024 20:50,15.334
8/19/2024 21:00,15.323
8/19/2024 21:10,15.313
8/19/2024 21:20,15.302
8/19/2024 21:30,15.27
8/19/2024 21:40,15.259
8/19/2024 21:50,15.238
8/19/2024 22:00,15.238
8/19/2024 22:10,15.195
8/19/2024 22:20,15.195
8/19/2024 22:30,15.195
8/19/2024 22:40,15.163
8/19/2024 22:50,15.152
8/19/2024 23:00,15.152
8/19/2024 23:10,15.13
8/19/2024 23:20,15.12
8/19/2024 23:30,15.087
8/19/2024 23:40,15.087
8/19/2024 23:50,15.055
8/20/2024 0:00,15.045
8/20/2024 0:10,15.023
8/20/2024 0:20,15.012
8/20/2024 0:30,15.002
8/20/2024 0:40,14.959
8/20/2024 0:50,14.969
8/20/2024 1:00,14.948
8/20/2024 1:10,14.916
8/20/2024 1:20,14.894
8/20/2024 1:30,14.873
8/20/2024 1:40,14.862
8/20/2024 1:50,14.841
8/20/2024 2:00,14.83
8/20/2024 2:10,14.798
8/20/2024 2:20,14.798
8/20/2024 2:30,14.755
8/20/2024 2:40,14.755
8/20/2024 2:50,14.723
8/20/2024 3:00,14.701
8/20/2024 3:10,14.669
8/20/2024 3:20,14.637
8/20/2024 3:30,14.605
8/20/2024 3:40,14.594
8/20/2024 3:50,14.583
8/20/2024 4:00,14.53
8/20/2024 4:10,14.53
8/20/2024 4:20,14.487
8/20/2024 4:30,14.444
8/20/2024 4:40,14.422
8/20/2024 4:50,14.38
8/20/2024 5:00,14.358
8/20/2024 5:10,14.337
8/20/2024 5:20,14.315
8/20/2024 5:30,14.305
8/20/2024 5:40,14.251
8/20/2024 5:50,14.219
8/20/2024 6:00,14.197
8/20/2024 6:10,14.187
8/20/2024 6:20,14.133
8/20/2024 6:30,14.144
8/20/2024 6:40,14.079
8/20/2024 6:50,14.09
8/20/2024 7:00,14.079
8/20/2024 7:10,14.069
8/20/2024 7:20,14.047
8/20/2024 7:30,14.036
8/20/2024 7:40,14.036
8/20/2024 7:50,14.036
8/20/2024 8:00,14.047
8/20/2024 8:10,14.079
8/20/2024 8:20,14.101
8/20/2024 8:30,14.122
8/20/2024 8:40,14.144
8/20/2024 8:50,14.197
8/20/2024 9:00,14.24
8/20/2024 9:10,14.283
8/20/2024 9:20,14.305
8/20/2024 9:30,14.347
8/20/2024 9:40,14.401
8/20/2024 9:50,14.476
8/20/2024 10:00,14.53
8/20/2024 10:10,14.616
8/20/2024 10:20,14.691
8/20/2024 10:30,14.776
8/20/2024 10:40,14.873
8/20/2024 10:50,14.98
8/20/2024 11:00,15.066
8/20/2024 11:10,15.184
8/20/2024 11:20,15.334
8/20/2024 11:30,15.452
8/20/2024 11:40,15.581
8/20/2024 11:50,15.688
8/20/2024 12:00,15.806
8/20/2024 12:10,15.903
8/20/2024 12:20,15.999
8/20/2024 12:30,16.106
8/20/2024 12:40,16.214
8/20/2024 12:50,16.31
8/20/2024 13:00,16.407
8/20/2024 13:10,16.482
8/20/2024 13:20,16.578
8/20/2024 13:30,16.653
8/20/2024 13:40,16.718
8/20/2024 13:50,16.782
8/20/2024 14:00,16.825
8/20/2024 14:10,16.9
8/20/2024 14:20,16.921
8/20/2024 14:30,16.954
8/20/2024 14:40,16.975
8/20/2024 14:50,17.007
8/20/2024 15:00,17.018
8/20/2024 15:10,17.072
8/20/2024 15:20,17.061
8/20/2024 15:30,17.072
8/20/2024 15:40,17.072
8/20/2024 15:50,17.072
8/20/2024 16:00,17.072
8/20/2024 16:10,17.039
8/20/2024 16:20,17.05
8/20/2024 16:30,17.029
8/20/2024 16:40,17.039
8/20/2024 16:50,17.029
8/20/2024 17:00,17.018
8/20/2024 17:10,17.007
8/20/2024 17:20,16.986
8/20/2024 17:30,16.943
8/20/2024 17:40,16.921
8/20/2024 17:50,16.879
8/20/2024 18:00,16.846
8/20/2024 18:10,16.803
8/20/2024 18:20,16.761
8/20/2024 18:30,16.718
8/20/2024 18:40,16.675
8/20/2024 18:50,16.621
8/20/2024 19:00,16.589
8/20/2024 19:10,16.546
8/20/2024 19:20,16.492
8/20/2024 19:30,16.46
8/20/2024 19:40,16.407
8/20/2024 19:50,16.342
8/20/2024 20:00,16.278
8/20/2024 20:10,16.235
8/20/2024 20:20,16.181
8/20/2024 20:30,16.117
8/20/2024 20:40,16.063
8/20/2024 20:50,15.999
8/20/2024 21:00,15.924
8/20/2024 21:10,15.924
8/20/2024 21:20,15.849
8/20/2024 21:30,15.774
8/20/2024 21:40,15.731
8/20/2024 21:50,15.677
8/20/2024 22:00,15.613
8/20/2024 22:10,15.549
8/20/2024 22:20,15.516
8/20/2024 22:30,15.452
8/20/2024 22:40,15.388
8/20/2024 22:50,15.345
8/20/2024 23:00,15.28
8/20/2024 23:10,15.238
8/20/2024 23:20,15.173
8/20/2024 23:30,15.098
8/20/2024 23:40,15.055
8/20/2024 23:50,14.991
8/21/2024 0:00,14.948
8/21/2024 0:10,14.894
8/21/2024 0:20,14.819
8/21/2024 0:30,14.787
8/21/2024 0:40,14.701
8/21/2024 0:50,14.648
8/21/2024 1:00,14.594
8/21/2024 1:10,14.562
8/21/2024 1:20,14.476
8/21/2024 1:30,14.422
8/21/2024 1:40,14.369
8/21/2024 1:50,14.294
8/21/2024 2:00,14.229
8/21/2024 2:10,14.165
8/21/2024 2:20,14.133
8/21/2024 2:30,14.069
8/21/2024 2:40,14.026
8/21/2024 2:50,13.951
8/21/2024 3:00,13.897
8/21/2024 3:10,13.833
8/21/2024 3:20,13.779
8/21/2024 3:30,13.725
8/21/2024 3:40,13.661
8/21/2024 3:50,13.629
8/21/2024 4:00,13.564
8/21/2024 4:10,13.5
8/21/2024 4:20,13.436
8/21/2024 4:30,13.361
8/21/2024 4:40,13.307
8/21/2024 4:50,13.264
8/21/2024 5:00,13.221
8/21/2024 5:10,13.125
8/21/2024 5:20,13.093
8/21/2024 5:30,13.039
8/21/2024 5:40,12.996
8/21/2024 5:50,12.942
8/21/2024 6:00,12.921
8/21/2024 6:10,12.846
8/21/2024 6:20,12.803
8/21/2024 6:30,12.792
8/21/2024 6:40,12.771
8/21/2024 6:50,12.717
8/21/2024 7:00,12.706
8/21/2024 7:10,12.674
8/21/2024 7:20,12.664
8/21/2024 7:30,12.653
8/21/2024 7:40,12.674
8/21/2024 7:50,12.642
8/21/2024 8:00,12.664
8/21/2024 8:10,12.664
8/21/2024 8:20,12.685
8/21/2024 8:30,12.706
8/21/2024 8:40,12.76
8/21/2024 8:50,12.792
8/21/2024 9:00,12.824
8/21/2024 9:10,12.867
8/21/2024 9:20,12.932
8/21/2024 9:30,13.007
8/21/2024 9:40,13.039
8/21/2024 9:50,13.103
8/21/2024 10:00,13.178
8/21/2024 10:10,13.286
8/21/2024 10:20,13.35
8/21/2024 10:30,13.446
8/21/2024 10:40,13.575
8/21/2024 10:50,13.65
8/21/2024 11:00,13.758
8/21/2024 11:10,13.876
8/21/2024 11:20,13.993
8/21/2024 11:30,14.133
8/21/2024 11:40,14.262
8/21/2024 11:50,14.38
8/21/2024 12:00,14.476
8/21/2024 12:10,14.616
8/21/2024 12:20,14.734
8/21/2024 12:30,14.83
8/21/2024 12:40,14.916
8/21/2024 12:50,15.045
8/21/2024 13:00,15.141
8/21/2024 13:10,15.248
8/21/2024 13:20,15.323
8/21/2024 13:30,15.388
8/21/2024 13:40,15.506
8/21/2024 13:50,15.57
8/21/2024 14:00,15.645
8/21/2024 14:10,15.72
8/21/2024 14:20,15.763
8/21/2024 14:30,15.827
8/21/2024 14:40,15.881
8/21/2024 14:50,15.945
8/21/2024 15:00,15.988
8/21/2024 15:10,16.01
8/21/2024 15:20,16.053
8/21/2024 15:30,16.074
8/21/2024 15:40,16.085
8/21/2024 15:50,16.106
8/21/2024 16:00,16.117
8/21/2024 16:10,16.16
8/21/2024 16:20,16.138
8/21/2024 16:30,16.149
8/21/2024 16:40,16.192
8/21/2024 16:50,16.149
8/21/2024 17:00,16.192
8/21/2024 17:10,16.171
8/21/2024 17:20,16.171
8/21/2024 17:30,16.171
8/21/2024 17:40,16.149
8/21/2024 17:50,16.149
8/21/2024 18:00,16.128
8/21/2024 18:10,16.117
8/21/2024 18:20,16.096
8/21/2024 18:30,16.074
8/21/2024 18:40,16.042
8/21/2024 18:50,15.999
8/21/2024 19:00,15.956
8/21/2024 19:10,15.956
8/21/2024 19:20,15.903
8/21/2024 19:30,15.86
8/21/2024 19:40,15.86
8/21/2024 19:50,15.838
8/21/2024 20:00,15.785
8/21/2024 20:10,15.752
8/21/2024 20:20,15.731
8/21/2024 20:30,15.688
8/21/2024 20:40,15.634
8/21/2024 20:50,15.613
8/21/2024 21:00,15.581
8/21/2024 21:10,15.549
8/21/2024 21:20,15.474
8/21/2024 21:30,15.431
8/21/2024 21:40,15.42
8/21/2024 21:50,15.356
8/21/2024 22:00,15.323
8/21/2024 22:10,15.28
8/21/2024 22:20,15.238
8/21/2024 22:30,15.216
8/21/2024 22:40,15.163
8/21/2024 22:50,15.109
8/21/2024 23:00,15.109
8/21/2024 23:10,15.034
8/21/2024 23:20,15.034
8/21/2024 23:30,14.991
8/21/2024 23:40,14.927
8/21/2024 23:50,14.884
8/22/2024 0:00,14.873
8/22/2024 0:10,14.83
8/22/2024 0:20,14.787
8/22/2024 0:30,14.766
8/22/2024 0:40,14.723
8/22/2024 0:50,14.68
8/22/2024 1:00,14.637
8/22/2024 1:10,14.573
8/22/2024 1:20,14.562
8/22/2024 1:30,14.508
8/22/2024 1:40,14.465
8/22/2024 1:50,14.412
8/22/2024 2:00,14.38
8/22/2024 2:10,14.347
8/22/2024 2:20,14.326
8/22/2024 2:30,14.283
8/22/2024 2:40,14.251
8/22/2024 2:50,14.229
8/22/2024 3:00,14.187
8/22/2024 3:10,14.144
8/22/2024 3:20,14.111
8/22/2024 3:30,14.09
8/22/2024 3:40,14.069
8/22/2024 3:50,14.026
8/22/2024 4:00,14.015
8/22/2024 4:10,13.983
8/22/2024 4:20,13.972
8/22/2024 4:30,13.961
8/22/2024 4:40,13.929
8/22/2024 4:50,13.94
8/22/2024 5:00,13.929
8/22/2024 5:10,13.929
8/22/2024 5:20,13.94
8/22/2024 5:30,13.929
8/22/2024 5:40,13.951
8/22/2024 5:50,13.929
8/22/2024 6:00,13.961
8/22/2024 6:10,13.972
8/22/2024 6:20,13.961
8/22/2024 6:30,13.993
8/22/2024 6:40,14.015
8/22/2024 6:50,14.026
8/22/2024 7:00,14.047
8/22/2024 7:10,14.09
8/22/2024 7:20,14.09
8/22/2024 7:30,14.111
8/22/2024 7:40,14.144
8/22/2024 7:50,14.187
8/22/2024 8:00,14.208
8/22/2024 8:10,14.272
8/22/2024 8:20,14.294
8/22/2024 8:30,14.337
8/22/2024 8:40,14.369
8/22/2024 8:50,14.38
8/22/2024 9:00,14.455
8/22/2024 9:10,14.53
8/22/2024 9:20,14.583
8/22/2024 9:30,14.616
8/22/2024 9:40,14.701
8/22/2024 9:50,14.744
8/22/2024 10:00,14.798
8/22/2024 10:10,14.862
8/22/2024 10:20,14.959
8/22/2024 10:30,15.034
8/22/2024 10:40,15.098
8/22/2024 10:50,15.205
8/22/2024 11:00,15.28
8/22/2024 11:10,15.377
8/22/2024 11:20,15.484
8/22/2024 11:30,15.559
8/22/2024 11:40,15.645
8/22/2024 11:50,15.731
8/22/2024 12:00,15.817
8/22/2024 12:10,15.913
8/22/2024 12:20,15.988
8/22/2024 12:30,16.042
8/22/2024 12:40,16.106
8/22/2024 12:50,16.16
8/22/2024 13:00,16.214
8/22/2024 13:10,16.299
8/22/2024 13:20,16.31
8/22/2024 13:30,16.364
8/22/2024 13:40,16.407
8/22/2024 13:50,16.45
8/22/2024 14:00,16.482
8/22/2024 14:10,16.492
8/22/2024 14:20,16.535
8/22/2024 14:30,16.557
8/22/2024 14:40,16.589
8/22/2024 14:50,16.61
8/22/2024 15:00,16.643
8/22/2024 15:10,16.643
8/22/2024 15:20,16.675
8/22/2024 15:30,16.685
8/22/2024 15:40,16.696
8/22/2024 15:50,16.696
8/22/2024 16:00,16.728
8/22/2024 16:10,16.707
8/22/2024 16:20,16.718
8/22/2024 16:30,16.739
8/22/2024 16:40,16.75
8/22/2024 16:50,16.728
8/22/2024 17:00,16.739
8/22/2024 17:10,16.728
8/22/2024 17:20,16.75
8/22/2024 17:30,16.728
8/22/2024 17:40,16.728
8/22/2024 17:50,16.707
8/22/2024 18:00,16.707
8/22/2024 18:10,16.718
8/22/2024 18:20,16.696
8/22/2024 18:30,16.675
8/22/2024 18:40,16.675
8/22/2024 18:50,16.653
8/22/2024 19:00,16.675
8/22/2024 19:10,16.653
8/22/2024 19:20,16.632
8/22/2024 19:30,16.61
8/22/2024 19:40,16.6
8/22/2024 19:50,16.589
8/22/2024 20:00,16.589
8/22/2024 20:10,16.568
8/22/2024 20:20,16.546
8/22/2024 20:30,16.546
8/22/2024 20:40,16.546
8/22/2024 20:50,16.535
8/22/2024 21:00,16.525
8/22/2024 21:10,16.503
8/22/2024 21:20,16.492
8/22/2024 21:30,16.471
8/22/2024 21:40,16.482
8/22/2024 21:50,16.46
8/22/2024 22:00,16.46
8/22/2024 22:10,16.45
8/22/2024 22:20,16.428
8/22/2024 22:30,16.396
8/22/2024 22:40,16.407
8/22/2024 22:50,16.407
8/22/2024 23:00,16.374
8/22/2024 23:10,16.364
8/22/2024 23:20,16.364
8/22/2024 23:30,16.342
8/22/2024 23:40,16.332
8/22/2024 23:50,16.31
8/23/2024 0:00,16.321
8/23/2024 0:10,16.31
8/23/2024 0:20,16.299
8/23/2024 0:30,16.289
8/23/2024 0:40,16.267
8/23/2024 0:50,16.289
8/23/2024 1:00,16.246
8/23/2024 1:10,16.256
8/23/2024 1:20,16.235
8/23/2024 1:30,16.235
8/23/2024 1:40,16.246
8/23/2024 1:50,16.235
8/23/2024 2:00,16.214
8/23/2024 2:10,16.224
8/23/2024 2:20,16.171
8/23/2024 2:30,16.192
8/23/2024 2:40,16.181
8/23/2024 2:50,16.149
8/23/2024 3:00,16.171
8/23/2024 3:10,16.138
8/23/2024 3:20,16.149
8/23/2024 3:30,16.16
8/23/2024 3:40,16.149
8/23/2024 3:50,16.138
8/23/2024 4:00,16.149
8/23/2024 4:10,16.16
8/23/2024 4:20,16.149
8/23/2024 4:30,16.171
8/23/2024 4:40,16.171
8/23/2024 4:50,16.214
8/23/2024 5:00,16.235
8/23/2024 5:10,16.278
8/23/2024 5:20,16.332
8/23/2024 5:30,16.364
8/23/2024 5:40,16.385
8/23/2024 5:50,16.428
8/23/2024 6:00,16.482
8/23/2024 6:10,16.514
8/23/2024 6:20,16.557
8/23/2024 6:30,16.578
8/23/2024 6:40,16.643
8/23/2024 6:50,16.675
8/23/2024 7:00,16.696
8/23/2024 7:10,16.761
8/23/2024 7:20,16.803
8/23/2024 7:30,16.836
8/23/2024 7:40,16.879
8/23/2024 7:50,16.9
8/23/2024 8:00,16.964
8/23/2024 8:10,16.986
8/23/2024 8:20,17.039
8/23/2024 8:30,17.072
8/23/2024 8:40,17.104
8/23/2024 8:50,17.168
8/23/2024 9:00,17.179
8/23/2024 9:10,17.254
8/23/2024 9:20,17.275
8/23/2024 9:30,17.329
8/23/2024 9:40,17.393
8/23/2024 9:50,17.436
8/23/2024 10:00,17.458
8/23/2024 10:10,17.511
8/23/2024 10:20,17.565
8/23/2024 10:30,17.597
8/23/2024 10:40,17.651
8/23/2024 10:50,17.715
8/23/2024 11:00,17.79
8/23/2024 11:10,17.844
8/23/2024 11:20,17.887
8/23/2024 11:30,17.94
8/23/2024 11:40,17.972
8/23/2024 11:50,18.037
8/23/2024 12:00,18.09
8/23/2024 12:10,18.133
8/23/2024 12:20,18.198
8/23/2024 12:30,18.251
8/23/2024 12:40,18.305
8/23/2024 12:50,18.359
8/23/2024 13:00,18.401
8/23/2024 13:10,18.466
8/23/2024 13:20,18.487
8/23/2024 13:30,18.53
8/23/2024 13:40,18.584
8/23/2024 13:50,18.595
8/23/2024 14:00,18.659
8/23/2024 14:10,18.67
8/23/2024 14:20,18.702
8/23/2024 14:30,18.734
8/23/2024 14:40,18.734
8/23/2024 14:50,18.788
8/23/2024 15:00,18.798
8/23/2024 15:10,18.841
8/23/2024 15:20,18.863
8/23/2024 15:30,18.873
8/23/2024 15:40,18.927
8/23/2024 15:50,18.959
8/23/2024 16:00,18.97
8/23/2024 16:10,19.013
8/23/2024 16:20,19.024
8/23/2024 16:30,19.066
8/23/2024 16:40,19.077
8/23/2024 16:50,19.099
8/23/2024 17:00,19.131
8/23/2024 17:10,19.152
8/23/2024 17:20,19.152
8/23/2024 17:30,19.152
8/23/2024 17:40,19.174
8/23/2024 17:50,19.184
8/23/2024 18:00,19.217
8/23/2024 18:10,19.206
8/23/2024 18:20,19.217
8/23/2024 18:30,19.227
8/23/2024 18:40,19.26
8/23/2024 18:50,19.292
8/23/2024 19:00,19.281
8/23/2024 19:10,19.324
8/23/2024 19:20,19.324
8/23/2024 19:30,19.345
8/23/2024 19:40,19.335
8/23/2024 19:50,19.367
8/23/2024 20:00,19.377
8/23/2024 20:10,19.388
8/23/2024 20:20,19.388
8/23/2024 20:30,19.388
8/23/2024 20:40,19.356
8/23/2024 20:50,19.388
8/23/2024 21:00,19.377
8/23/2024 21:10,19.367
8/23/2024 21:20,19.377
8/23/2024 21:30,19.41
8/23/2024 21:40,19.388
8/23/2024 21:50,19.377
8/23/2024 22:00,19.377
8/23/2024 22:10,19.377
8/23/2024 22:20,19.399
8/23/2024 22:30,19.367
8/23/2024 22:40,19.377
8/23/2024 22:50,19.442
8/23/2024 23:00,19.506
8/23/2024 23:10,19.549
8/23/2024 23:20,19.592
8/23/2024 23:30,19.581
8/23/2024 23:40,19.571
8/23/2024 23:50,19.56
8/24/2024 0:00,19.463
8/24/2024 0:10,19.345
8/24/2024 0:20,19.27
8/24/2024 0:30,19.152
8/24/2024 0:40,19.024
8/24/2024 0:50,18.884
8/24/2024 1:00,18.723
8/24/2024 1:10,18.584
8/24/2024 1:20,18.423
8/24/2024 1:30,18.284
8/24/2024 1:40,18.176
8/24/2024 1:50,18.058
8/24/2024 2:00,17.94
8/24/2024 2:10,17.822
8/24/2024 2:20,17.715
8/24/2024 2:30,17.576
8/24/2024 2:40,17.436
8/24/2024 2:50,17.318
8/24/2024 3:00,17.168
8/24/2024 3:10,17.029
8/24/2024 3:20,16.921
8/24/2024 3:30,16.803
8/24/2024 3:40,16.675
8/24/2024 3:50,16.568
8/24/2024 4:00,16.439
8/24/2024 4:10,16.321
8/24/2024 4:20,16.224
8/24/2024 4:30,16.096
8/24/2024 4:40,15.988
8/24/2024 4:50,15.903
8/24/2024 5:00,15.817
8/24/2024 5:10,15.72
8/24/2024 5:20,15.634
8/24/2024 5:30,15.527
8/24/2024 5:40,15.463
8/24/2024 5:50,15.356
8/24/2024 6:00,15.302
8/24/2024 6:10,15.205
8/24/2024 6:20,15.195
8/24/2024 6:30,15.098
8/24/2024 6:40,15.045
8/24/2024 6:50,15.034
8/24/2024 7:00,14.98
8/24/2024 7:10,14.948
8/24/2024 7:20,14.916
8/24/2024 7:30,14.884
8/24/2024 7:40,14.841
8/24/2024 7:50,14.83
8/24/2024 8:00,14.819
8/24/2024 8:10,14.787
8/24/2024 8:20,14.776
8/24/2024 8:30,14.766
8/24/2024 8:40,14.755
8/24/2024 8:50,14.734
8/24/2024 9:00,14.712
8/24/2024 9:10,14.691
8/24/2024 9:20,14.691
8/24/2024 9:30,14.669
8/24/2024 9:40,14.68
8/24/2024 9:50,14.68
8/24/2024 10:00,14.691
8/24/2024 10:10,14.68
8/24/2024 10:20,14.691
8/24/2024 10:30,14.669
8/24/2024 10:40,14.669
8/24/2024 10:50,14.691
8/24/2024 11:00,14.691
8/24/2024 11:10,14.701
8/24/2024 11:20,14.723
8/24/2024 11:30,14.766
8/24/2024 11:40,14.787
8/24/2024 11:50,14.819
8/24/2024 12:00,14.851
8/24/2024 12:10,14.873
8/24/2024 12:20,14.948
8/24/2024 12:30,14.969
8/24/2024 12:40,15.012
8/24/2024 12:50,15.045
8/24/2024 13:00,15.077
8/24/2024 13:10,15.098
8/24/2024 13:20,15.12
8/24/2024 13:30,15.163
8/24/2024 13:40,15.195
8/24/2024 13:50,15.195
8/24/2024 14:00,15.248
8/24/2024 14:10,15.27
8/24/2024 14:20,15.28
8/24/2024 14:30,15.28
8/24/2024 14:40,15.291
8/24/2024 14:50,15.291
8/24/2024 15:00,15.313
8/24/2024 15:10,15.313
8/24/2024 15:20,15.313
8/24/2024 15:30,15.302
8/24/2024 15:40,15.302
8/24/2024 15:50,15.259
8/24/2024 16:00,15.216
8/24/2024 16:10,15.216
8/24/2024 16:20,15.173
8/24/2024 16:30,15.152
8/24/2024 16:40,15.12
8/24/2024 16:50,15.066
8/24/2024 17:00,15.045
8/24/2024 17:10,15.002
8/24/2024 17:20,14.969
8/24/2024 17:30,14.905
8/24/2024 17:40,14.873
8/24/2024 17:50,14.809
8/24/2024 18:00,14.776
8/24/2024 18:10,14.734
8/24/2024 18:20,14.669
8/24/2024 18:30,14.616
8/24/2024 18:40,14.583
8/24/2024 18:50,14.519
8/24/2024 19:00,14.444
8/24/2024 19:10,14.401
8/24/2024 19:20,14.38
8/24/2024 19:30,14.294
8/24/2024 19:40,14.272
8/24/2024 19:50,14.187
8/24/2024 20:00,14.144
8/24/2024 20:10,14.09
8/24/2024 20:20,14.047
8/24/2024 20:30,13.983
8/24/2024 20:40,13.929
8/24/2024 20:50,13.854
8/24/2024 21:00,13.811
8/24/2024 21:10,13.8
8/24/2024 21:20,13.725
8/24/2024 21:30,13.682
8/24/2024 21:40,13.629
8/24/2024 21:50,13.586
8/24/2024 22:00,13.543
8/24/2024 22:10,13.489
8/24/2024 22:20,13.425
8/24/2024 22:30,13.382
8/24/2024 22:40,13.361
8/24/2024 22:50,13.286
8/24/2024 23:00,13.253
8/24/2024 23:10,13.221
8/24/2024 23:20,13.178
8/24/2024 23:30,13.125
8/24/2024 23:40,13.103
8/24/2024 23:50,13.103
8/25/2024 0:00,13.028
8/25/2024 0:10,13.007
8/25/2024 0:20,12.985
8/25/2024 0:30,12.942
8/25/2024 0:40,12.9
8/25/2024 0:50,12.878
8/25/2024 1:00,12.857
8/25/2024 1:10,12.835
8/25/2024 1:20,12.814
8/25/2024 1:30,12.782
8/25/2024 1:40,12.76
8/25/2024 1:50,12.739
8/25/2024 2:00,12.696
8/25/2024 2:10,12.674
8/25/2024 2:20,12.664
8/25/2024 2:30,12.631
8/25/2024 2:40,12.61
8/25/2024 2:50,12.61
8/25/2024 3:00,12.578
8/25/2024 3:10,12.567
8/25/2024 3:20,12.535
8/25/2024 3:30,12.524
8/25/2024 3:40,12.503
8/25/2024 3:50,12.471
8/25/2024 4:00,12.471
8/25/2024 4:10,12.46
8/25/2024 4:20,12.46
8/25/2024 4:30,12.438
8/25/2024 4:40,12.406
8/25/2024 4:50,12.428
8/25/2024 5:00,12.385
8/25/2024 5:10,12.395
8/25/2024 5:20,12.374
8/25/2024 5:30,12.363
8/25/2024 5:40,12.363
8/25/2024 5:50,12.363
8/25/2024 6:00,12.363
8/25/2024 6:10,12.353
8/25/2024 6:20,12.374
8/25/2024 6:30,12.395
8/25/2024 6:40,12.395
8/25/2024 6:50,12.406
8/25/2024 7:00,12.406
8/25/2024 7:10,12.438
8/25/2024 7:20,12.46
8/25/2024 7:30,12.492
8/25/2024 7:40,12.524
8/25/2024 7:50,12.535
8/25/2024 8:00,12.578
8/25/2024 8:10,12.621
8/25/2024 8:20,12.674
8/25/2024 8:30,12.728
8/25/2024 8:40,12.749
8/25/2024 8:50,12.814
8/25/2024 9:00,12.846
8/25/2024 9:10,12.91
8/25/2024 9:20,12.964
8/25/2024 9:30,12.985
8/25/2024 9:40,13.06
8/25/2024 9:50,13.146
8/25/2024 10:00,13.189
8/25/2024 10:10,13.296
8/25/2024 10:20,13.339
8/25/2024 10:30,13.404
8/25/2024 10:40,13.479
8/25/2024 10:50,13.532
8/25/2024 11:00,13.607
8/25/2024 11:10,13.661
8/25/2024 11:20,13.682
8/25/2024 11:30,13.747
8/25/2024 11:40,13.8
8/25/2024 11:50,13.854
8/25/2024 12:00,13.897
8/25/2024 12:10,13.961
8/25/2024 12:20,13.993
8/25/2024 12:30,14.058
8/25/2024 12:40,14.079
8/25/2024 12:50,14.144
8/25/2024 13:00,14.176
8/25/2024 13:10,14.219
8/25/2024 13:20,14.262
8/25/2024 13:30,14.305
8/25/2024 13:40,14.347
8/25/2024 13:50,14.38
8/25/2024 14:00,14.433
8/25/2024 14:10,14.498
8/25/2024 14:20,14.508
8/25/2024 14:30,14.551
8/25/2024 14:40,14.594
8/25/2024 14:50,14.626
8/25/2024 15:00,14.648
8/25/2024 15:10,14.68
8/25/2024 15:20,14.691
8/25/2024 15:30,14.734
8/25/2024 15:40,14.734
8/25/2024 15:50,14.744
8/25/2024 16:00,14.776
8/25/2024 16:10,14.755
8/25/2024 16:20,14.776
8/25/2024 16:30,14.776
8/25/2024 16:40,14.755
8/25/2024 16:50,14.744
8/25/2024 17:00,14.744
8/25/2024 17:10,14.712
8/25/2024 17:20,14.734
8/25/2024 17:30,14.691
8/25/2024 17:40,14.68
8/25/2024 17:50,14.691
8/25/2024 18:00,14.658
8/25/2024 18:10,14.648
8/25/2024 18:20,14.605
8/25/2024 18:30,14.594
8/25/2024 18:40,14.562
8/25/2024 18:50,14.54
8/25/2024 19:00,14.519
8/25/2024 19:10,14.465
8/25/2024 19:20,14.444
8/25/2024 19:30,14.401
8/25/2024 19:40,14.38
8/25/2024 19:50,14.369
8/25/2024 20:00,14.326
8/25/2024 20:10,14.283
8/25/2024 20:20,14.24
8/25/2024 20:30,14.24
8/25/2024 20:40,14.197
8/25/2024 20:50,14.176
8/25/2024 21:00,14.144
8/25/2024 21:10,14.133
8/25/2024 21:20,14.09
8/25/2024 21:30,14.026
8/25/2024 21:40,14.036
8/25/2024 21:50,13.972
8/25/2024 22:00,13.961
8/25/2024 22:10,13.929
8/25/2024 22:20,13.918
8/25/2024 22:30,13.865
8/25/2024 22:40,13.822
8/25/2024 22:50,13.811
8/25/2024 23:00,13.768
8/25/2024 23:10,13.747
8/25/2024 23:20,13.715
8/25/2024 23:30,13.661
8/25/2024 23:40,13.672
8/25/2024 23:50,13.65
8/26/2024 0:00,13.597
8/26/2024 0:10,13.564
8/26/2024 0:20,13.522
8/26/2024 0:30,13.511
8/26/2024 0:40,13.5
8/26/2024 0:50,13.489
8/26/2024 1:00,13.446
8/26/2024 1:10,13.436
8/26/2024 1:20,13.404
8/26/2024 1:30,13.382
8/26/2024 1:40,13.361
8/26/2024 1:50,13.35
8/26/2024 2:00,13.318
8/26/2024 2:10,13.307
8/26/2024 2:20,13.286
8/26/2024 2:30,13.264
8/26/2024 2:40,13.264
8/26/2024 2:50,13.232
8/26/2024 3:00,13.232
8/26/2024 3:10,13.211
8/26/2024 3:20,13.2
8/26/2024 3:30,13.189
8/26/2024 3:40,13.168
8/26/2024 3:50,13.168
8/26/2024 4:00,13.168
8/26/2024 4:10,13.157
8/26/2024 4:20,13.125
8/26/2024 4:30,13.135
8/26/2024 4:40,13.125
8/26/2024 4:50,13.093
8/26/2024 5:00,13.071
8/26/2024 5:10,13.093
8/26/2024 5:20,13.082
8/26/2024 5:30,13.05
8/26/2024 5:40,13.071
8/26/2024 5:50,13.05
8/26/2024 6:00,13.071
8/26/2024 6:10,13.06
8/26/2024 6:20,13.05
8/26/2024 6:30,13.039
8/26/2024 6:40,13.05
8/26/2024 6:50,13.007
8/26/2024 7:00,13.028
8/26/2024 7:10,13.007
8/26/2024 7:20,13.017
8/26/2024 7:30,13.028
8/26/2024 7:40,13.039
8/26/2024 7:50,13.05
8/26/2024 8:00,13.05
8/26/2024 8:10,13.071
8/26/2024 8:20,13.082
8/26/2024 8:30,13.114
8/26/2024 8:40,13.114
8/26/2024 8:50,13.125
8/26/2024 9:00,13.125
8/26/2024 9:10,13.189
8/26/2024 9:20,13.211
8/26/2024 9:30,13.253
8/26/2024 9:40,13.307
8/26/2024 9:50,13.318
8/26/2024 10:00,13.371
8/26/2024 10:10,13.414
8/26/2024 10:20,13.468
8/26/2024 10:30,13.489
8/26/2024 10:40,13.575
8/26/2024 10:50,13.65
8/26/2024 11:00,13.682
8/26/2024 11:10,13.736
8/26/2024 11:20,13.779
8/26/2024 11:30,13.833
8/26/2024 11:40,13.854
8/26/2024 11:50,13.897
8/26/2024 12:00,13.951
8/26/2024 12:10,14.004
8/26/2024 12:20,14.036
8/26/2024 12:30,14.09
8/26/2024 12:40,14.165
8/26/2024 12:50,14.187
8/26/2024 13:00,14.251
8/26/2024 13:10,14.347
8/26/2024 13:20,14.444
8/26/2024 13:30,14.551
8/26/2024 13:40,14.648
8/26/2024 13:50,14.734
8/26/2024 14:00,14.798
8/26/2024 14:10,14.884
8/26/2024 14:20,14.927
8/26/2024 14:30,14.991
8/26/2024 14:40,15.066
8/26/2024 14:50,15.13
8/26/2024 15:00,15.163
8/26/2024 15:10,15.227
8/26/2024 15:20,15.291
8/26/2024 15:30,15.313
8/26/2024 15:40,15.345
8/26/2024 15:50,15.345
8/26/2024 16:00,15.398
8/26/2024 16:10,15.409
8/26/2024 16:20,15.431
8/26/2024 16:30,15.431
8/26/2024 16:40,15.463
8/26/2024 16:50,15.495
8/26/2024 17:00,15.516
8/26/2024 17:10,15.484
8/26/2024 17:20,15.527
8/26/2024 17:30,15.474
8/26/2024 17:40,15.506
8/26/2024 17:50,15.495
8/26/2024 18:00,15.484
8/26/2024 18:10,15.495
8/26/2024 18:20,15.484
8/26/2024 18:30,15.484
8/26/2024 18:40,15.474
8/26/2024 18:50,15.463
8/26/2024 19:00,15.42
8/26/2024 19:10,15.42
8/26/2024 19:20,15.377
8/26/2024 19:30,15.356
8/26/2024 19:40,15.366
8/26/2024 19:50,15.313
8/26/2024 20:00,15.291
8/26/2024 20:10,15.291
8/26/2024 20:20,15.248
8/26/2024 20:30,15.238
8/26/2024 20:40,15.205
8/26/2024 20:50,15.173
8/26/2024 21:00,15.152
8/26/2024 21:10,15.13
8/26/2024 21:20,15.087
8/26/2024 21:30,15.066
8/26/2024 21:40,15.045
8/26/2024 21:50,15.002
8/26/2024 22:00,14.98
8/26/2024 22:10,14.959
8/26/2024 22:20,14.948
8/26/2024 22:30,14.905
8/26/2024 22:40,14.884
8/26/2024 22:50,14.841
8/26/2024 23:00,14.809
8/26/2024 23:10,14.776
8/26/2024 23:20,14.776
8/26/2024 23:30,14.734
8/26/2024 23:40,14.701
8/26/2024 23:50,14.68
8/27/2024 0:00,14.648
8/27/2024 0:10,14.605
8/27/2024 0:20,14.573
8/27/2024 0:30,14.573
8/27/2024 0:40,14.53
8/27/2024 0:50,14.53
8/27/2024 1:00,14.476
8/27/2024 1:10,14.455
8/27/2024 1:20,14.422
8/27/2024 1:30,14.401
8/27/2024 1:40,14.347
8/27/2024 1:50,14.347
8/27/2024 2:00,14.337
8/27/2024 2:10,14.305
8/27/2024 2:20,14.272
8/27/2024 2:30,14.251
8/27/2024 2:40,14.262
8/27/2024 2:50,14.208
8/27/2024 3:00,14.197
8/27/2024 3:10,14.187
8/27/2024 3:20,14.144
8/27/2024 3:30,14.144
8/27/2024 3:40,14.133
8/27/2024 3:50,14.101
8/27/2024 4:00,14.079
8/27/2024 4:10,14.079
8/27/2024 4:20,14.047
8/27/2024 4:30,14.047
8/27/2024 4:40,14.058
8/27/2024 4:50,14.004
8/27/2024 5:00,14.015
8/27/2024 5:10,14.026
8/27/2024 5:20,14.026
8/27/2024 5:30,14.015
8/27/2024 5:40,14.036
8/27/2024 5:50,14.036
8/27/2024 6:00,14.069
8/27/2024 6:10,14.047
8/27/2024 6:20,14.069
8/27/2024 6:30,14.069
8/27/2024 6:40,14.079
8/27/2024 6:50,14.101
8/27/2024 7:00,14.101
8/27/2024 7:10,14.101
8/27/2024 7:20,14.122
8/27/2024 7:30,14.133
8/27/2024 7:40,14.144
8/27/2024 7:50,14.144
8/27/2024 8:00,14.154
8/27/2024 8:10,14.165
8/27/2024 8:20,14.154
8/27/2024 8:30,14.154
8/27/2024 8:40,14.165
8/27/2024 8:50,14.176
8/27/2024 9:00,14.176
8/27/2024 9:10,14.208
8/27/2024 9:20,14.24
8/27/2024 9:30,14.262
8/27/2024 9:40,14.294
8/27/2024 9:50,14.294
8/27/2024 10:00,14.347
8/27/2024 10:10,14.39
8/27/2024 10:20,14.422
8/27/2024 10:30,14.444
8/27/2024 10:40,14.476
8/27/2024 10:50,14.519
8/27/2024 11:00,14.562
8/27/2024 11:10,14.594
8/27/2024 11:20,14.605
8/27/2024 11:30,14.669
8/27/2024 11:40,14.658
8/27/2024 11:50,14.712
8/27/2024 12:00,14.734
8/27/2024 12:10,14.744
8/27/2024 12:20,14.755
8/27/2024 12:30,14.787
8/27/2024 12:40,14.787
8/27/2024 12:50,14.83
8/27/2024 13:00,14.787
8/27/2024 13:10,14.83
8/27/2024 13:20,14.851
8/27/2024 13:30,14.862
8/27/2024 13:40,14.884
8/27/2024 13:50,14.905
8/27/2024 14:00,14.894
8/27/2024 14:10,14.916
8/27/2024 14:20,14.894
8/27/2024 14:30,14.894
8/27/2024 14:40,14.905
8/27/2024 14:50,14.894
8/27/2024 15:00,14.905
8/27/2024 15:10,14.894
8/27/2024 15:20,14.862
8/27/2024 15:30,14.873
8/27/2024 15:40,14.862
8/27/2024 15:50,14.851
8/27/2024 16:00,14.809
8/27/2024 16:10,14.776
8/27/2024 16:20,14.776
8/27/2024 16:30,14.734
8/27/2024 16:40,14.68
8/27/2024 16:50,14.68
8/27/2024 17:00,14.648
8/27/2024 17:10,14.605
8/27/2024 17:20,14.562
8/27/2024 17:30,14.53
8/27/2024 17:40,14.465
8/27/2024 17:50,14.444
8/27/2024 18:00,14.412
8/27/2024 18:10,14.358
8/27/2024 18:20,14.305
8/27/2024 18:30,14.251
8/27/2024 18:40,14.208
8/27/2024 18:50,14.176
8/27/2024 19:00,14.144
8/27/2024 19:10,14.079
8/27/2024 19:20,14.036
8/27/2024 19:30,14.015
8/27/2024 19:40,13.972
8/27/2024 19:50,13.961
8/27/2024 20:00,13.897
8/27/2024 20:10,13.854
8/27/2024 20:20,13.822
8/27/2024 20:30,13.822
8/27/2024 20:40,13.747
8/27/2024 20:50,13.725
8/27/2024 21:00,13.704
8/27/2024 21:10,13.672
8/27/2024 21:20,13.64
8/27/2024 21:30,13.607
8/27/2024 21:40,13.575
8/27/2024 21:50,13.554
8/27/2024 22:00,13.532
8/27/2024 22:10,13.522
8/27/2024 22:20,13.5
8/27/2024 22:30,13.468
8/27/2024 22:40,13.436
8/27/2024 22:50,13.414
8/27/2024 23:00,13.393
8/27/2024 23:10,13.382
8/27/2024 23:20,13.35
8/27/2024 23:30,13.339
8/27/2024 23:40,13.318
8/27/2024 23:50,13.296
8/28/2024 0:00,13.264
8/28/2024 0:10,13.286
8/28/2024 0:20,13.221
8/28/2024 0:30,13.243
8/28/2024 0:40,13.232
8/28/2024 0:50,13.2
8/28/2024 1:00,13.189
8/28/2024 1:10,13.168
8/28/2024 1:20,13.168
8/28/2024 1:30,13.157
8/28/2024 1:40,13.135
8/28/2024 1:50,13.125
8/28/2024 2:00,13.103
8/28/2024 2:10,13.093
8/28/2024 2:20,13.071
8/28/2024 2:30,13.06
8/28/2024 2:40,13.06
8/28/2024 2:50,13.05
8/28/2024 3:00,13.039
8/28/2024 3:10,13.007
8/28/2024 3:20,13.017
8/28/2024 3:30,13.017
8/28/2024 3:40,12.985
8/28/2024 3:50,12.996
8/28/2024 4:00,12.975
8/28/2024 4:10,12.942
8/28/2024 4:20,12.942
8/28/2024 4:30,12.942
8/28/2024 4:40,12.942
8/28/2024 4:50,12.921
8/28/2024 5:00,12.9
8/28/2024 5:10,12.9
8/28/2024 5:20,12.9
8/28/2024 5:30,12.857
8/28/2024 5:40,12.846
8/28/2024 5:50,12.846
8/28/2024 6:00,12.857
8/28/2024 6:10,12.846
8/28/2024 6:20,12.846
8/28/2024 6:30,12.846
8/28/2024 6:40,12.835
8/28/2024 6:50,12.846
8/28/2024 7:00,12.835
8/28/2024 7:10,12.846
8/28/2024 7:20,12.835
8/28/2024 7:30,12.824
8/28/2024 7:40,12.846
8/28/2024 7:50,12.846
8/28/2024 8:00,12.867
8/28/2024 8:10,12.857
8/28/2024 8:20,12.889
8/28/2024 8:30,12.9
8/28/2024 8:40,12.921
8/28/2024 8:50,12.921
8/28/2024 9:00,12.953
8/28/2024 9:10,13.017
8/28/2024 9:20,13.06
8/28/2024 9:30,13.093
8/28/2024 9:40,13.146
8/28/2024 9:50,13.189
8/28/2024 10:00,13.232
8/28/2024 10:10,13.296
8/28/2024 10:20,13.371
8/28/2024 10:30,13.425
8/28/2024 10:40,13.468
8/28/2024 10:50,13.564
8/28/2024 11:00,13.607
8/28/2024 11:10,13.661
8/28/2024 11:20,13.725
8/28/2024 11:30,13.8
8/28/2024 11:40,13.876
8/28/2024 11:50,13.94
8/28/2024 12:00,13.993
8/28/2024 12:10,14.058
8/28/2024 12:20,14.122
8/28/2024 12:30,14.165
8/28/2024 12:40,14.187
8/28/2024 12:50,14.24
8/28/2024 13:00,14.294
8/28/2024 13:10,14.337
8/28/2024 13:20,14.39
8/28/2024 13:30,14.455
8/28/2024 13:40,14.508
8/28/2024 13:50,14.519
8/28/2024 14:00,14.551
8/28/2024 14:10,14.594
8/28/2024 14:20,14.637
8/28/2024 14:30,14.648
8/28/2024 14:40,14.701
8/28/2024 14:50,14.723
8/28/2024 15:00,14.691
8/28/2024 15:10,14.701
8/28/2024 15:20,14.734
8/28/2024 15:30,14.723
8/28/2024 15:40,14.744
8/28/2024 15:50,14.755
8/28/2024 16:00,14.712
8/28/2024 16:10,14.691
8/28/2024 16:20,14.701
8/28/2024 16:30,14.701
8/28/2024 16:40,14.691
8/28/2024 16:50,14.691
8/28/2024 17:00,14.669
8/28/2024 17:10,14.658
8/28/2024 17:20,14.637
8/28/2024 17:30,14.616
8/28/2024 17:40,14.573
8/28/2024 17:50,14.583
8/28/2024 18:00,14.551
8/28/2024 18:10,14.519
8/28/2024 18:20,14.476
8/28/2024 18:30,14.444
8/28/2024 18:40,14.401
8/28/2024 18:50,14.39
8/28/2024 19:00,14.326
8/28/2024 19:10,14.283
8/28/2024 19:20,14.251
8/28/2024 19:30,14.197
8/28/2024 19:40,14.154
8/28/2024 19:50,14.144
8/28/2024 20:00,14.09
8/28/2024 20:10,14.047
8/28/2024 20:20,14.026
8/28/2024 20:30,13.972
8/28/2024 20:40,13.929
8/28/2024 20:50,13.886
8/28/2024 21:00,13.843
8/28/2024 21:10,13.779
8/28/2024 21:20,13.736
8/28/2024 21:30,13.715
8/28/2024 21:40,13.661
8/28/2024 21:50,13.629
8/28/2024 22:00,13.597
8/28/2024 22:10,13.543
8/28/2024 22:20,13.5
8/28/2024 22:30,13.468
8/28/2024 22:40,13.404
8/28/2024 22:50,13.393
8/28/2024 23:00,13.35
8/28/2024 23:10,13.307
8/28/2024 23:20,13.275
8/28/2024 23:30,13.243
8/28/2024 23:40,13.178
8/28/2024 23:50,13.178
8/29/2024 0:00,13.125
8/29/2024 0:10,13.103
8/29/2024 0:20,13.06
8/29/2024 0:30,13.017
8/29/2024 0:40,12.996
8/29/2024 0:50,12.964
8/29/2024 1:00,12.921
8/29/2024 1:10,12.889
8/29/2024 1:20,12.878
8/29/2024 1:30,12.835
8/29/2024 1:40,12.824
8/29/2024 1:50,12.792
8/29/2024 2:00,12.782
8/29/2024 2:10,12.717
8/29/2024 2:20,12.706
8/29/2024 2:30,12.696
8/29/2024 2:40,12.653
8/29/2024 2:50,12.61
8/29/2024 3:00,12.588
8/29/2024 3:10,12.599
8/29/2024 3:20,12.556
8/29/2024 3:30,12.524
8/29/2024 3:40,12.503
8/29/2024 3:50,12.492
8/29/2024 4:00,12.438
8/29/2024 4:10,12.428
8/29/2024 4:20,12.417
8/29/2024 4:30,12.395
8/29/2024 4:40,12.342
8/29/2024 4:50,12.353
8/29/2024 5:00,12.32
8/29/2024 5:10,12.31
8/29/2024 5:20,12.288
8/29/2024 5:30,12.288
8/29/2024 5:40,12.277
8/29/2024 5:50,12.235
8/29/2024 6:00,12.245
8/29/2024 6:10,12.245
8/29/2024 6:20,12.245
8/29/2024 6:30,12.202
8/29/2024 6:40,12.181
8/29/2024 6:50,12.213
8/29/2024 7:00,12.213
8/29/2024 7:10,12.224
8/29/2024 7:20,12.245
8/29/2024 7:30,12.224
8/29/2024 7:40,12.245
8/29/2024 7:50,12.256
8/29/2024 8:00,12.288
8/29/2024 8:10,12.32
8/29/2024 8:20,12.342
8/29/2024 8:30,12.395
8/29/2024 8:40,12.417
8/29/2024 8:50,12.471
8/29/2024 9:00,12.524
8/29/2024 9:10,12.567
8/29/2024 9:20,12.61
8/29/2024 9:30,12.631
8/29/2024 9:40,12.674
8/29/2024 9:50,12.717
8/29/2024 10:00,12.749
8/29/2024 10:10,12.824
8/29/2024 10:20,12.846
8/29/2024 10:30,12.91
8/29/2024 10:40,12.985
8/29/2024 10:50,13.028
8/29/2024 11:00,13.093
8/29/2024 11:10,13.135
8/29/2024 11:20,13.211
8/29/2024 11:30,13.243
8/29/2024 11:40,13.318
8/29/2024 11:50,13.404
8/29/2024 12:00,13.457
8/29/2024 12:10,13.564
8/29/2024 12:20,13.65
8/29/2024 12:30,13.747
8/29/2024 12:40,13.854
8/29/2024 12:50,13.951
8/29/2024 13:00,14.036
8/29/2024 13:10,14.154
8/29/2024 13:20,14.24
8/29/2024 13:30,14.315
8/29/2024 13:40,14.39
8/29/2024 13:50,14.444
8/29/2024 14:00,14.498
8/29/2024 14:10,14.551
8/29/2024 14:20,14.594
8/29/2024 14:30,14.648
8/29/2024 14:40,14.691
8/29/2024 14:50,14.701
8/29/2024 15:00,14.734
8/29/2024 15:10,14.766
8/29/2024 15:20,14.766
8/29/2024 15:30,14.809
8/29/2024 15:40,14.819
8/29/2024 15:50,14.851
8/29/2024 16:00,14.927
8/29/2024 16:10,14.959
8/29/2024 16:20,14.991
8/29/2024 16:30,15.012
8/29/2024 16:40,15.012
8/29/2024 16:50,15.023
8/29/2024 17:00,15.055
8/29/2024 17:10,15.055
8/29/2024 17:20,15.034
8/29/2024 17:30,15.045
8/29/2024 17:40,15.045
8/29/2024 17:50,15.002
8/29/2024 18:00,14.991
8/29/2024 18:10,14.969
8/29/2024 18:20,14.959
8/29/2024 18:30,14.927
8/29/2024 18:40,14.905
8/29/2024 18:50,14.894
8/29/2024 19:00,14.862
8/29/2024 19:10,14.841
8/29/2024 19:20,14.787
8/29/2024 19:30,14.776
8/29/2024 19:40,14.755
8/29/2024 19:50,14.701
8/29/2024 20:00,14.691
8/29/2024 20:10,14.637
8/29/2024 20:20,14.616
8/29/2024 20:30,14.594
8/29/2024 20:40,14.54
8/29/2024 20:50,14.551
8/29/2024 21:00,14.487
8/29/2024 21:10,14.465
8/29/2024 21:20,14.422
8/29/2024 21:30,14.38
8/29/2024 21:40,14.369
8/29/2024 21:50,14.337
8/29/2024 22:00,14.294
8/29/2024 22:10,14.251
8/29/2024 22:20,14.24
8/29/2024 22:30,14.197
8/29/2024 22:40,14.165
8/29/2024 22:50,14.144
8/29/2024 23:00,14.09
8/29/2024 23:10,14.079
8/29/2024 23:20,14.036
8/29/2024 23:30,14.015
8/29/2024 23:40,13.983
8/29/2024 23:50,13.94
8/30/2024 0:00,13.929
8/30/2024 0:10,13.876
8/30/2024 0:20,13.843
8/30/2024 0:30,13.843
8/30/2024 0:40,13.79
8/30/2024 0:50,13.758
8/30/2024 1:00,13.747
8/30/2024 1:10,13.704
8/30/2024 1:20,13.693
8/30/2024 1:30,13.629
8/30/2024 1:40,13.629
8/30/2024 1:50,13.607
8/30/2024 2:00,13.564
8/30/2024 2:10,13.543
8/30/2024 2:20,13.522
8/30/2024 2:30,13.532
8/30/2024 2:40,13.489
8/30/2024 2:50,13.468
8/30/2024 3:00,13.446
8/30/2024 3:10,13.436
8/30/2024 3:20,13.404
8/30/2024 3:30,13.382
8/30/2024 3:40,13.361
8/30/2024 3:50,13.339
8/30/2024 4:00,13.307
8/30/2024 4:10,13.275
8/30/2024 4:20,13.296
8/30/2024 4:30,13.253
8/30/2024 4:40,13.253
8/30/2024 4:50,13.221
8/30/2024 5:00,13.2
8/30/2024 5:10,13.189
8/30/2024 5:20,13.146
8/30/2024 5:30,13.168
8/30/2024 5:40,13.146
8/30/2024 5:50,13.146
8/30/2024 6:00,13.103
8/30/2024 6:10,13.093
8/30/2024 6:20,13.114
8/30/2024 6:30,13.071
8/30/2024 6:40,13.093
8/30/2024 6:50,13.093
8/30/2024 7:00,13.093
8/30/2024 7:10,13.071
8/30/2024 7:20,13.103
8/30/2024 7:30,13.093
8/30/2024 7:40,13.093
8/30/2024 7:50,13.114
8/30/2024 8:00,13.157
8/30/2024 8:10,13.146
8/30/2024 8:20,13.189
8/30/2024 8:30,13.243
8/30/2024 8:40,13.275
8/30/2024 8:50,13.307
8/30/2024 9:00,13.371
8/30/2024 9:10,13.393
8/30/2024 9:20,13.446
8/30/2024 9:30,13.489
8/30/2024 9:40,13.564
8/30/2024 9:50,13.607
8/30/2024 10:00,13.693
8/30/2024 10:10,13.79
8/30/2024 10:20,13.876
8/30/2024 10:30,13.972
8/30/2024 10:40,14.047
8/30/2024 10:50,14.122
8/30/2024 11:00,14.219
8/30/2024 11:10,14.272
8/30/2024 11:20,14.358
8/30/2024 11:30,14.422
8/30/2024 11:40,14.487
8/30/2024 11:50,14.551
8/30/2024 12:00,14.616
8/30/2024 12:10,14.701
8/30/2024 12:20,14.766
8/30/2024 12:30,14.787
8/30/2024 12:40,14.851
8/30/2024 12:50,14.894
8/30/2024 13:00,14.98
8/30/2024 13:10,15.045
8/30/2024 13:20,15.098
8/30/2024 13:30,15.163
8/30/2024 13:40,15.227
8/30/2024 13:50,15.313
8/30/2024 14:00,15.366
8/30/2024 14:10,15.431
8/30/2024 14:20,15.506
8/30/2024 14:30,15.581
8/30/2024 14:40,15.656
8/30/2024 14:50,15.699
8/30/2024 15:00,15.774
8/30/2024 15:10,15.795
8/30/2024 15:20,15.87
8/30/2024 15:30,15.903
8/30/2024 15:40,15.903
8/30/2024 15:50,15.924
8/30/2024 16:00,15.967
8/30/2024 16:10,15.988
8/30/2024 16:20,16.01
8/30/2024 16:30,16.031
8/30/2024 16:40,16.053
8/30/2024 16:50,16.063
8/30/2024 17:00,16.063
8/30/2024 17:10,16.031
8/30/2024 17:20,16.074
8/30/2024 17:30,16.042
8/30/2024 17:40,16.031
8/30/2024 17:50,16.031
8/30/2024 18:00,16.021
8/30/2024 18:10,15.999
8/30/2024 18:20,16.01
8/30/2024 18:30,15.988
8/30/2024 18:40,15.967
8/30/2024 18:50,15.978
8/30/2024 19:00,15.956
8/30/2024 19:10,15.945
8/30/2024 19:20,15.935
8/30/2024 19:30,15.924
8/30/2024 19:40,15.881
8/30/2024 19:50,15.881
8/30/2024 20:00,15.849
8/30/2024 20:10,15.817
8/30/2024 20:20,15.817
8/30/2024 20:30,15.795
8/30/2024 20:40,15.774
8/30/2024 20:50,15.731
8/30/2024 21:00,15.688
8/30/2024 21:10,15.699
8/30/2024 21:20,15.667
8/30/2024 21:30,15.634
8/30/2024 21:40,15.613
8/30/2024 21:50,15.581
8/30/2024 22:00,15.549
8/30/2024 22:10,15.516
8/30/2024 22:20,15.495
8/30/2024 22:30,15.452
8/30/2024 22:40,15.431
8/30/2024 22:50,15.388
8/30/2024 23:00,15.345
8/30/2024 23:10,15.334
8/30/2024 23:20,15.291
8/30/2024 23:30,15.28
8/30/2024 23:40,15.227
8/30/2024 23:50,15.227
8/31/2024 0:00,15.184
8/31/2024 0:10,15.13
8/31/2024 0:20,15.098
8/31/2024 0:30,15.098
8/31/2024 0:40,15.034
8/31/2024 0:50,15.012
8/31/2024 1:00,14.991
8/31/2024 1:10,14.969
8/31/2024 1:20,14.927
8/31/2024 1:30,14.905
8/31/2024 1:40,14.884
8/31/2024 1:50,14.862
8/31/2024 2:00,14.83
8/31/2024 2:10,14.819
8/31/2024 2:20,14.787
8/31/2024 2:30,14.755
8/31/2024 2:40,14.734
8/31/2024 2:50,14.723
8/31/2024 3:00,14.701
8/31/2024 3:10,14.691
8/31/2024 3:20,14.637
8/31/2024 3:30,14.648
8/31/2024 3:40,14.626
8/31/2024 3:50,14.616
8/31/2024 4:00,14.594
8/31/2024 4:10,14.573
8/31/2024 4:20,14.573
8/31/2024 4:30,14.54
8/31/2024 4:40,14.53
8/31/2024 4:50,14.54
8/31/2024 5:00,14.519
8/31/2024 5:10,14.53
8/31/2024 5:20,14.519
8/31/2024 5:30,14.519
8/31/2024 5:40,14.508
8/31/2024 5:50,14.498
8/31/2024 6:00,14.519
8/31/2024 6:10,14.487
8/31/2024 6:20,14.487
8/31/2024 6:30,14.465
8/31/2024 6:40,14.444
8/31/2024 6:50,14.465
8/31/2024 7:00,14.444
8/31/2024 7:10,14.455
8/31/2024 7:20,14.476
8/31/2024 7:30,14.455
8/31/2024 7:40,14.455
8/31/2024 7:50,14.476
8/31/2024 8:00,14.455
8/31/2024 8:10,14.476
8/31/2024 8:20,14.476
8/31/2024 8:30,14.476
8/31/2024 8:40,14.476
8/31/2024 8:50,14.508
8/31/2024 9:00,14.498
8/31/2024 9:10,14.519
8/31/2024 9:20,14.519
8/31/2024 9:30,14.53
8/31/2024 9:40,14.551
8/31/2024 9:50,14.54
8/31/2024 10:00,14.562
8/31/2024 10:10,14.573
8/31/2024 10:20,14.594
8/31/2024 10:30,14.583
8/31/2024 10:40,14.616
8/31/2024 10:50,14.594
8/31/2024 11:00,14.648
8/31/2024 11:10,14.691
8/31/2024 11:20,14.669
8/31/2024 11:30,14.712
8/31/2024 11:40,14.744
8/31/2024 11:50,14.787
8/31/2024 12:00,14.851
8/31/2024 12:10,14.927
8/31/2024 12:20,14.969
8/31/2024 12:30,15.066
8/31/2024 12:40,15.109
8/31/2024 12:50,15.205
8/31/2024 13:00,15.291
8/31/2024 13:10,15.323
8/31/2024 13:20,15.409
8/31/2024 13:30,15.441
8/31/2024 13:40,15.474
8/31/2024 13:50,15.484
8/31/2024 14:00,15.549
8/31/2024 14:10,15.57
8/31/2024 14:20,15.581
8/31/2024 14:30,15.634
8/31/2024 14:40,15.667
8/31/2024 14:50,15.72
8/31/2024 15:00,15.774
8/31/2024 15:10,15.817
8/31/2024 15:20,15.849
8/31/2024 15:30,15.881
8/31/2024 15:40,15.924
8/31/2024 15:50,15.945
8/31/2024 16:00,15.978
8/31/2024 16:10,15.999
8/31/2024 16:20,16.031
8/31/2024 16:30,16.031
8/31/2024 16:40,16.042
8/31/2024 16:50,16.053
8/31/2024 17:00,16.085
8/31/2024 17:10,16.096
8/31/2024 17:20,16.096
8/31/2024 17:30,16.106
8/31/2024 17:40,16.128
8/31/2024 17:50,16.117
8/31/2024 18:00,16.128
8/31/2024 18:10,16.117
8/31/2024 18:20,16.128
8/31/2024 18:30,16.128
8/31/2024 18:40,16.128
8/31/2024 18:50,16.128
8/31/2024 19:00,16.128
8/31/2024 19:10,16.106
8/31/2024 19:20,16.096
8/31/2024 19:30,16.085
8/31/2024 19:40,16.063
8/31/2024 19:50,16.063
8/31/2024 20:00,16.042
8/31/2024 20:10,16.031
8/31/2024 20:20,16.031
8/31/2024 20:30,16.01
8/31/2024 20:40,16.01
8/31/2024 20:50,15.988
8/31/2024 21:00,15.956
8/31/2024 21:10,15.988
8/31/2024 21:20,15.945
8/31/2024 21:30,15.945
8/31/2024 21:40,15.935
8/31/2024 21:50,15.913
8/31/2024 22:00,15.903
8/31/2024 22:10,15.903
8/31/2024 22:20,15.881
8/31/2024 22:30,15.87
8/31/2024 22:40,15.87
8/31/2024 22:50,15.87
8/31/2024 23:00,15.87
8/31/2024 23:10,15.87
8/31/2024 23:20,15.849
8/31/2024 23:30,15.827
8/31/2024 23:40,15.849
8/31/2024 23:50,15.827
9/1/2024 0:00,15.817
9/1/2024 0:10,15.785
9/1/2024 0:20,15.774
9/1/2024 0:30,15.763
9/1/2024 0:40,15.752
9/1/2024 0:50,15.731
9/1/2024 1:00,15.72
9/1/2024 1:10,15.699
9/1/2024 1:20,15.699
9/1/2024 1:30,15.667
9/1/2024 1:40,15.667
9/1/2024 1:50,15.634
9/1/2024 2:00,15.613
9/1/2024 2:10,15.581
9/1/2024 2:20,15.538
9/1/2024 2:30,15.527
9/1/2024 2:40,15.506
9/1/2024 2:50,15.495
9/1/2024 3:00,15.463
9/1/2024 3:10,15.452
9/1/2024 3:20,15.409
9/1/2024 3:30,15.388
9/1/2024 3:40,15.356
9/1/2024 3:50,15.356
9/1/2024 4:00,15.302
9/1/2024 4:10,15.302
9/1/2024 4:20,15.28
9/1/2024 4:30,15.259
9/1/2024 4:40,15.227
9/1/2024 4:50,15.227
9/1/2024 5:00,15.205
9/1/2024 5:10,15.195
9/1/2024 5:20,15.163
9/1/2024 5:30,15.173
9/1/2024 5:40,15.152
9/1/2024 5:50,15.109
9/1/2024 6:00,15.109
9/1/2024 6:10,15.087
9/1/2024 6:20,15.087
9/1/2024 6:30,15.055
9/1/2024 6:40,15.077
9/1/2024 6:50,15.045
9/1/2024 7:00,15.066
9/1/2024 7:10,15.055
9/1/2024 7:20,15.045
9/1/2024 7:30,15.045
9/1/2024 7:40,15.066
9/1/2024 7:50,15.066
9/1/2024 8:00,15.087
9/1/2024 8:10,15.098
9/1/2024 8:20,15.12
9/1/2024 8:30,15.152
9/1/2024 8:40,15.173
9/1/2024 8:50,15.205
9/1/2024 9:00,15.238
9/1/2024 9:10,15.28
9/1/2024 9:20,15.334
9/1/2024 9:30,15.366
9/1/2024 9:40,15.42
9/1/2024 9:50,15.484
9/1/2024 10:00,15.527
9/1/2024 10:10,15.581
9/1/2024 10:20,15.667
9/1/2024 10:30,15.709
9/1/2024 10:40,15.774
9/1/2024 10:50,15.849
9/1/2024 11:00,15.945
9/1/2024 11:10,15.999
9/1/2024 11:20,16.053
9/1/2024 11:30,16.096
9/1/2024 11:40,16.149
9/1/2024 11:50,16.181
9/1/2024 12:00,16.246
9/1/2024 12:10,16.31
9/1/2024 12:20,16.364
9/1/2024 12:30,16.45
9/1/2024 12:40,16.546
9/1/2024 12:50,16.61
9/1/2024 13:00,16.685
9/1/2024 13:10,16.761
9/1/2024 13:20,16.846
9/1/2024 13:30,16.889
9/1/2024 13:40,16.943
9/1/2024 13:50,17.007
9/1/2024 14:00,17.029
9/1/2024 14:10,17.072
9/1/2024 14:20,17.125
9/1/2024 14:30,17.168
9/1/2024 14:40,17.222
9/1/2024 14:50,17.254
9/1/2024 15:00,17.286
9/1/2024 15:10,17.286
9/1/2024 15:20,17.318
9/1/2024 15:30,17.35
9/1/2024 15:40,17.393
9/1/2024 15:50,17.361
9/1/2024 16:00,17.372
9/1/2024 16:10,17.383
9/1/2024 16:20,17.404
9/1/2024 16:30,17.393
9/1/2024 16:40,17.404
9/1/2024 16:50,17.404
9/1/2024 17:00,17.361
9/1/2024 17:10,17.361
9/1/2024 17:20,17.35
9/1/2024 17:30,17.35
9/1/2024 17:40,17.318
9/1/2024 17:50,17.286
9/1/2024 18:00,17.286
9/1/2024 18:10,17.254
9/1/2024 18:20,17.254
9/1/2024 18:30,17.222
9/1/2024 18:40,17.2
9/1/2024 18:50,17.168
9/1/2024 19:00,17.136
9/1/2024 19:10,17.114
9/1/2024 19:20,17.093
9/1/2024 19:30,17.072
9/1/2024 19:40,17.018
9/1/2024 19:50,17.007
9/1/2024 20:00,17.007
9/1/2024 20:10,16.932
9/1/2024 20:20,16.921
9/1/2024 20:30,16.9
9/1/2024 20:40,16.911
9/1/2024 20:50,16.879
9/1/2024 21:00,16.836
9/1/2024 21:10,16.836
9/1/2024 21:20,16.803
9/1/2024 21:30,16.761
9/1/2024 21:40,16.761
9/1/2024 21:50,16.75
9/1/2024 22:00,16.728
9/1/2024 22:10,16.707
9/1/2024 22:20,16.675
9/1/2024 22:30,16.643
9/1/2024 22:40,16.643
9/1/2024 22:50,16.632
9/1/2024 23:00,16.621
9/1/2024 23:10,16.6
9/1/2024 23:20,16.61
9/1/2024 23:30,16.589
9/1/2024 23:40,16.568
9/1/2024 23:50,16.568
9/2/2024 0:00,16.546
9/2/2024 0:10,16.535
9/2/2024 0:20,16.514
9/2/2024 0:30,16.492
9/2/2024 0:40,16.482
9/2/2024 0:50,16.482
9/2/2024 1:00,16.45
9/2/2024 1:10,16.428
9/2/2024 1:20,16.407
9/2/2024 1:30,16.407
9/2/2024 1:40,16.385
9/2/2024 1:50,16.364
9/2/2024 2:00,16.364
9/2/2024 2:10,16.332
9/2/2024 2:20,16.31
9/2/2024 2:30,16.31
9/2/2024 2:40,16.289
9/2/2024 2:50,16.256
9/2/2024 3:00,16.256
9/2/2024 3:10,16.214
9/2/2024 3:20,16.224
9/2/2024 3:30,16.214
9/2/2024 3:40,16.171
9/2/2024 3:50,16.16
9/2/2024 4:00,16.128
9/2/2024 4:10,16.117
9/2/2024 4:20,16.106
9/2/2024 4:30,16.106
9/2/2024 4:40,16.085
9/2/2024 4:50,16.053
9/2/2024 5:00,16.074
9/2/2024 5:10,16.042
9/2/2024 5:20,15.988
9/2/2024 5:30,15.978
9/2/2024 5:40,15.956
9/2/2024 5:50,15.945
9/2/2024 6:00,15.903
9/2/2024 6:10,15.87
9/2/2024 6:20,15.87
9/2/2024 6:30,15.827
9/2/2024 6:40,15.827
9/2/2024 6:50,15.817
9/2/2024 7:00,15.774
9/2/2024 7:10,15.763
9/2/2024 7:20,15.742
9/2/2024 7:30,15.709
9/2/2024 7:40,15.699
9/2/2024 7:50,15.699
9/2/2024 8:00,15.709
9/2/2024 8:10,15.677
9/2/2024 8:20,15.667
9/2/2024 8:30,15.645
9/2/2024 8:40,15.645
9/2/2024 8:50,15.624
9/2/2024 9:00,15.624
9/2/2024 9:10,15.634
9/2/2024 9:20,15.634
9/2/2024 9:30,15.645
9/2/2024 9:40,15.634
9/2/2024 9:50,15.677
9/2/2024 10:00,15.688
9/2/2024 10:10,15.688
9/2/2024 10:20,15.699
9/2/2024 10:30,15.699
9/2/2024 10:40,15.731
9/2/2024 10:50,15.731
9/2/2024 11:00,15.72
9/2/2024 11:10,15.731
9/2/2024 11:20,15.731
9/2/2024 11:30,15.731
9/2/2024 11:40,15.731
9/2/2024 11:50,15.742
9/2/2024 12:00,15.752
9/2/2024 12:10,15.752
9/2/2024 12:20,15.763
9/2/2024 12:30,15.774
9/2/2024 12:40,15.774
9/2/2024 12:50,15.806
9/2/2024 13:00,15.817
9/2/2024 13:10,15.827
9/2/2024 13:20,15.849
9/2/2024 13:30,15.849
9/2/2024 13:40,15.86
9/2/2024 13:50,15.87
9/2/2024 14:00,15.892
9/2/2024 14:10,15.924
9/2/2024 14:20,15.924
9/2/2024 14:30,15.945
9/2/2024 14:40,15.967
9/2/2024 14:50,15.988
9/2/2024 15:00,16.021
9/2/2024 15:10,16.063
9/2/2024 15:20,16.096
9/2/2024 15:30,16.096
9/2/2024 15:40,16.128
9/2/2024 15:50,16.128
9/2/2024 16:00,16.149
9/2/2024 16:10,16.181
9/2/2024 16:20,16.181
9/2/2024 16:30,16.192
9/2/2024 16:40,16.203
9/2/2024 16:50,16.214
9/2/2024 17:00,16.224
9/2/2024 17:10,16.235
9/2/2024 17:20,16.235
9/2/2024 17:30,16.214
9/2/2024 17:40,16.235
9/2/2024 17:50,16.214
9/2/2024 18:00,16.203
9/2/2024 18:10,16.203
9/2/2024 18:20,16.181
9/2/2024 18:30,16.171
9/2/2024 18:40,16.16
9/2/2024 18:50,16.117
9/2/2024 19:00,16.117
9/2/2024 19:10,16.085
9/2/2024 19:20,16.053
9/2/2024 19:30,16.053
9/2/2024 19:40,16.053
9/2/2024 19:50,16.031
9/2/2024 20:00,15.988
9/2/2024 20:10,15.978
9/2/2024 20:20,15.945
9/2/2024 20:30,15.913
9/2/2024 20:40,15.892
9/2/2024 20:50,15.881
9/2/2024 21:00,15.817
9/2/2024 21:10,15.817
9/2/2024 21:20,15.785
9/2/2024 21:30,15.763
9/2/2024 21:40,15.72
9/2/2024 21:50,15.731
9/2/2024 22:00,15.688
9/2/2024 22:10,15.667
9/2/2024 22:20,15.634
9/2/2024 22:30,15.57
9/2/2024 22:40,15.549
9/2/2024 22:50,15.538
9/2/2024 23:00,15.506
9/2/2024 23:10,15.484
9/2/2024 23:20,15.452
9/2/2024 23:30,15.398
9/2/2024 23:40,15.388
9/2/2024 23:50,15.345
9/3/2024 0:00,15.323
9/3/2024 0:10,15.291
9/3/2024 0:20,15.248
9/3/2024 0:30,15.227
9/3/2024 0:40,15.205
9/3/2024 0:50,15.163
9/3/2024 1:00,15.13
9/3/2024 1:10,15.087
9/3/2024 1:20,15.066
9/3/2024 1:30,15.045
9/3/2024 1:40,15.002
9/3/2024 1:50,14.98
9/3/2024 2:00,14.937
9/3/2024 2:10,14.905
9/3/2024 2:20,14.884
9/3/2024 2:30,14.841
9/3/2024 2:40,14.83
9/3/2024 2:50,14.776
9/3/2024 3:00,14.744
9/3/2024 3:10,14.712
9/3/2024 3:20,14.691
9/3/2024 3:30,14.648
9/3/2024 3:40,14.648
9/3/2024 3:50,14.583
9/3/2024 4:00,14.551
9/3/2024 4:10,14.519
9/3/2024 4:20,14.487
9/3/2024 4:30,14.444
9/3/2024 4:40,14.433
9/3/2024 4:50,14.38
9/3/2024 5:00,14.337
9/3/2024 5:10,14.326
9/3/2024 5:20,14.294
9/3/2024 5:30,14.24
9/3/2024 5:40,14.197
9/3/2024 5:50,14.187
9/3/2024 6:00,14.154
9/3/2024 6:10,14.133
9/3/2024 6:20,14.111
9/3/2024 6:30,14.079
9/3/2024 6:40,14.047
9/3/2024 6:50,14.036
9/3/2024 7:00,14.015
9/3/2024 7:10,14.047
9/3/2024 7:20,14.004
9/3/2024 7:30,13.993
9/3/2024 7:40,13.993
9/3/2024 7:50,13.993
9/3/2024 8:00,14.004
9/3/2024 8:10,14.026
9/3/2024 8:20,14.058
9/3/2024 8:30,14.09
9/3/2024 8:40,14.133
9/3/2024 8:50,14.154
9/3/2024 9:00,14.176
9/3/2024 9:10,14.229
9/3/2024 9:20,14.272
9/3/2024 9:30,14.337
9/3/2024 9:40,14.38
9/3/2024 9:50,14.433
9/3/2024 10:00,14.508
9/3/2024 10:10,14.583
9/3/2024 10:20,14.648
9/3/2024 10:30,14.734
9/3/2024 10:40,14.873
9/3/2024 10:50,14.937
9/3/2024 11:00,15.087
9/3/2024 11:10,15.173
9/3/2024 11:20,15.291
9/3/2024 11:30,15.388
9/3/2024 11:40,15.495
9/3/2024 11:50,15.592
9/3/2024 12:00,15.709
9/3/2024 12:10,15.795
9/3/2024 12:20,15.903
9/3/2024 12:30,16.031
9/3/2024 12:40,16.128
9/3/2024 12:50,16.192
9/3/2024 13:00,16.299
9/3/2024 13:10,16.374
9/3/2024 13:20,16.439
9/3/2024 13:30,16.525
9/3/2024 13:40,16.557
9/3/2024 13:50,16.632
9/3/2024 14:00,16.696
9/3/2024 14:10,16.728
9/3/2024 14:20,16.793
9/3/2024 14:30,16.825
9/3/2024 14:40,16.879
9/3/2024 14:50,16.911
9/3/2024 15:00,16.932
9/3/2024 15:10,16.964
9/3/2024 15:20,16.997
9/3/2024 15:30,17.029
9/3/2024 15:40,17.039
9/3/2024 15:50,17.061
9/3/2024 16:00,17.05
9/3/2024 16:10,17.093
9/3/2024 16:20,17.114
9/3/2024 16:30,17.104
9/3/2024 16:40,17.104
9/3/2024 16:50,17.082
9/3/2024 17:00,17.093
9/3/2024 17:10,17.082
9/3/2024 17:20,17.029
9/3/2024 17:30,17.018
9/3/2024 17:40,16.986
9/3/2024 17:50,16.954
9/3/2024 18:00,16.932
9/3/2024 18:10,16.889
9/3/2024 18:20,16.857
9/3/2024 18:30,16.836
9/3/2024 18:40,16.793
9/3/2024 18:50,16.75
9/3/2024 19:00,16.728
9/3/2024 19:10,16.685
9/3/2024 19:20,16.653
9/3/2024 19:30,16.589
9/3/2024 19:40,16.589
9/3/2024 19:50,16.514
9/3/2024 20:00,16.46
9/3/2024 20:10,16.45
9/3/2024 20:20,16.407
9/3/2024 20:30,16.364
9/3/2024 20:40,16.321
9/3/2024 20:50,16.31
9/3/2024 21:00,16.256
9/3/2024 21:10,16.224
9/3/2024 21:20,16.16
9/3/2024 21:30,16.128
9/3/2024 21:40,16.074
9/3/2024 21:50,16.021
9/3/2024 22:00,15.999
9/3/2024 22:10,15.945
9/3/2024 22:20,15.892
9/3/2024 22:30,15.838
9/3/2024 22:40,15.785
9/3/2024 22:50,15.763
9/3/2024 23:00,15.72
9/3/2024 23:10,15.667
9/3/2024 23:20,15.624
9/3/2024 23:30,15.57
9/3/2024 23:40,15.549
9/3/2024 23:50,15.506
9/4/2024 0:00,15.474
9/4/2024 0:10,15.409
9/4/2024 0:20,15.409
9/4/2024 0:30,15.356
9/4/2024 0:40,15.302
9/4/2024 0:50,15.27
9/4/2024 1:00,15.205
9/4/2024 1:10,15.184
9/4/2024 1:20,15.163
9/4/2024 1:30,15.098
9/4/2024 1:40,15.045
9/4/2024 1:50,15.034
9/4/2024 2:00,14.991
9/4/2024 2:10,14.959
9/4/2024 2:20,14.894
9/4/2024 2:30,14.894
9/4/2024 2:40,14.83
9/4/2024 2:50,14.776
9/4/2024 3:00,14.755
9/4/2024 3:10,14.691
9/4/2024 3:20,14.658
9/4/2024 3:30,14.637
9/4/2024 3:40,14.605
9/4/2024 3:50,14.562
9/4/2024 4:00,14.54
9/4/2024 4:10,14.519
9/4/2024 4:20,14.455
9/4/2024 4:30,14.433
9/4/2024 4:40,14.401
9/4/2024 4:50,14.358
9/4/2024 5:00,14.347
9/4/2024 5:10,14.326
9/4/2024 5:20,14.283
9/4/2024 5:30,14.283
9/4/2024 5:40,14.24
9/4/2024 5:50,14.208
9/4/2024 6:00,14.187
9/4/2024 6:10,14.176
9/4/2024 6:20,14.154
9/4/2024 6:30,14.111
9/4/2024 6:40,14.122
9/4/2024 6:50,14.122
9/4/2024 7:00,14.111
9/4/2024 7:10,14.111
9/4/2024 7:20,14.09
9/4/2024 7:30,14.09
9/4/2024 7:40,14.122
9/4/2024 7:50,14.079
9/4/2024 8:00,14.111
9/4/2024 8:10,14.133
9/4/2024 8:20,14.176
9/4/2024 8:30,14.197
9/4/2024 8:40,14.251
9/4/2024 8:50,14.283
9/4/2024 9:00,14.315
9/4/2024 9:10,14.38
9/4/2024 9:20,14.444
9/4/2024 9:30,14.508
9/4/2024 9:40,14.562
9/4/2024 9:50,14.648
9/4/2024 10:00,14.734
9/4/2024 10:10,14.798
9/4/2024 10:20,14.894
9/4/2024 10:30,14.991
9/4/2024 10:40,15.077
9/4/2024 10:50,15.173
9/4/2024 11:00,15.291
9/4/2024 11:10,15.398
9/4/2024 11:20,15.516
9/4/2024 11:30,15.634
9/4/2024 11:40,15.742
9/4/2024 11:50,15.86
9/4/2024 12:00,15.988
9/4/2024 12:10,16.096
9/4/2024 12:20,16.214
9/4/2024 12:30,16.332
9/4/2024 12:40,16.417
9/4/2024 12:50,16.525
9/4/2024 13:00,16.643
9/4/2024 13:10,16.718
9/4/2024 13:20,16.782
9/4/2024 13:30,16.879
9/4/2024 13:40,16.921
9/4/2024 13:50,16.975
9/4/2024 14:00,17.029
9/4/2024 14:10,17.061
9/4/2024 14:20,17.114
9/4/2024 14:30,17.136
9/4/2024 14:40,17.2
9/4/2024 14:50,17.2
9/4/2024 15:00,17.243
9/4/2024 15:10,17.286
9/4/2024 15:20,17.297
9/4/2024 15:30,17.308
9/4/2024 15:40,17.308
9/4/2024 15:50,17.308
9/4/2024 16:00,17.35
9/4/2024 16:10,17.329
9/4/2024 16:20,17.34
9/4/2024 16:30,17.34
9/4/2024 16:40,17.34
9/4/2024 16:50,17.318
9/4/2024 17:00,17.308
9/4/2024 17:10,17.297
9/4/2024 17:20,17.286
9/4/2024 17:30,17.232
9/4/2024 17:40,17.222
9/4/2024 17:50,17.168
9/4/2024 18:00,17.147
9/4/2024 18:10,17.114
9/4/2024 18:20,17.072
9/4/2024 18:30,17.029
9/4/2024 18:40,16.986
9/4/2024 18:50,16.975
9/4/2024 19:00,16.932
9/4/2024 19:10,16.879
9/4/2024 19:20,16.857
9/4/2024 19:30,16.814
9/4/2024 19:40,16.771
9/4/2024 19:50,16.728
9/4/2024 20:00,16.685
9/4/2024 20:10,16.643
9/4/2024 20:20,16.578
9/4/2024 20:30,16.546
9/4/2024 20:40,16.525
9/4/2024 20:50,16.45
9/4/2024 21:00,16.417
9/4/2024 21:10,16.374
9/4/2024 21:20,16.353
9/4/2024 21:30,16.278
9/4/2024 21:40,16.235
9/4/2024 21:50,16.192
9/4/2024 22:00,16.138
9/4/2024 22:10,16.117
9/4/2024 22:20,16.085
9/4/2024 22:30,16.042
9/4/2024 22:40,15.988
9/4/2024 22:50,15.945
9/4/2024 23:00,15.913
9/4/2024 23:10,15.87
9/4/2024 23:20,15.817
9/4/2024 23:30,15.817
9/4/2024 23:40,15.752
9/4/2024 23:50,15.72
9/5/2024 0:00,15.688
9/5/2024 0:10,15.656
9/5/2024 0:20,15.592
9/5/2024 0:30,15.57
9/5/2024 0:40,15.538
9/5/2024 0:50,15.474
9/5/2024 1:00,15.452
9/5/2024 1:10,15.409
9/5/2024 1:20,15.377
9/5/2024 1:30,15.345
9/5/2024 1:40,15.291
9/5/2024 1:50,15.248
9/5/2024 2:00,15.195
9/5/2024 2:10,15.195
9/5/2024 2:20,15.152
9/5/2024 2:30,15.13
9/5/2024 2:40,15.066
9/5/2024 2:50,15.034
9/5/2024 3:00,15.034
9/5/2024 3:10,14.969
9/5/2024 3:20,14.959
9/5/2024 3:30,14.916
9/5/2024 3:40,14.894
9/5/2024 3:50,14.862
9/5/2024 4:00,14.83
9/5/2024 4:10,14.798
9/5/2024 4:20,14.755
9/5/2024 4:30,14.734
9/5/2024 4:40,14.701
9/5/2024 4:50,14.691
9/5/2024 5:00,14.68
9/5/2024 5:10,14.626
9/5/2024 5:20,14.637
9/5/2024 5:30,14.594
9/5/2024 5:40,14.573
9/5/2024 5:50,14.562
9/5/2024 6:00,14.551
9/5/2024 6:10,14.54
9/5/2024 6:20,14.53
9/5/2024 6:30,14.519
9/5/2024 6:40,14.53
9/5/2024 6:50,14.519
9/5/2024 7:00,14.54
9/5/2024 7:10,14.519
9/5/2024 7:20,14.551
9/5/2024 7:30,14.562
9/5/2024 7:40,14.562
9/5/2024 7:50,14.583
9/5/2024 8:00,14.605
9/5/2024 8:10,14.616
9/5/2024 8:20,14.648
9/5/2024 8:30,14.658
9/5/2024 8:40,14.669
9/5/2024 8:50,14.701
9/5/2024 9:00,14.701
9/5/2024 9:10,14.734
9/5/2024 9:20,14.755
9/5/2024 9:30,14.776
9/5/2024 9:40,14.83
9/5/2024 9:50,14.83
9/5/2024 10:00,14.873
9/5/2024 10:10,14.884
9/5/2024 10:20,14.905
9/5/2024 10:30,14.916
9/5/2024 10:40,14.959
9/5/2024 10:50,14.98
9/5/2024 11:00,14.98
9/5/2024 11:10,15.055
9/5/2024 11:20,15.087
9/5/2024 11:30,15.098
9/5/2024 11:40,15.152
9/5/2024 11:50,15.195
9/5/2024 12:00,15.205
9/5/2024 12:10,15.238
9/5/2024 12:20,15.291
9/5/2024 12:30,15.334
9/5/2024 12:40,15.356
9/5/2024 12:50,15.409
9/5/2024 13:00,15.474
9/5/2024 13:10,15.527
9/5/2024 13:20,15.559
9/5/2024 13:30,15.624
9/5/2024 13:40,15.699
9/5/2024 13:50,15.742
9/5/2024 14:00,15.774
9/5/2024 14:10,15.838
9/5/2024 14:20,15.881
9/5/2024 14:30,15.935
9/5/2024 14:40,15.978
9/5/2024 14:50,16.021
9/5/2024 15:00,16.053
9/5/2024 15:10,16.096
9/5/2024 15:20,16.117
9/5/2024 15:30,16.16
9/5/2024 15:40,16.16
9/5/2024 15:50,16.214
9/5/2024 16:00,16.224
9/5/2024 16:10,16.256
9/5/2024 16:20,16.256
9/5/2024 16:30,16.299
9/5/2024 16:40,16.289
9/5/2024 16:50,16.332
9/5/2024 17:00,16.353
9/5/2024 17:10,16.374
9/5/2024 17:20,16.374
9/5/2024 17:30,16.396
9/5/2024 17:40,16.417
9/5/2024 17:50,16.407
9/5/2024 18:00,16.417
9/5/2024 18:10,16.407
9/5/2024 18:20,16.417
9/5/2024 18:30,16.439
9/5/2024 18:40,16.439
9/5/2024 18:50,16.428
9/5/2024 19:00,16.428
9/5/2024 19:10,16.439
9/5/2024 19:20,16.45
9/5/2024 19:30,16.439
9/5/2024 19:40,16.439
9/5/2024 19:50,16.439
9/5/2024 20:00,16.46
9/5/2024 20:10,16.46
9/5/2024 20:20,16.45
9/5/2024 20:30,16.45
9/5/2024 20:40,16.439
9/5/2024 20:50,16.439
9/5/2024 21:00,16.439
9/5/2024 21:10,16.407
9/5/2024 21:20,16.417
9/5/2024 21:30,16.396
9/5/2024 21:40,16.396
9/5/2024 21:50,16.374
9/5/2024 22:00,16.385
9/5/2024 22:10,16.374
9/5/2024 22:20,16.364
9/5/2024 22:30,16.364
9/5/2024 22:40,16.353
9/5/2024 22:50,16.364
9/5/2024 23:00,16.364
9/5/2024 23:10,16.342
9/5/2024 23:20,16.353
9/5/2024 23:30,16.364
9/5/2024 23:40,16.396
9/5/2024 23:50,16.374
9/6/2024 0:00,16.407
9/6/2024 0:10,16.374
9/6/2024 0:20,16.407
9/6/2024 0:30,16.407
9/6/2024 0:40,16.396
9/6/2024 0:50,16.407
9/6/2024 1:00,16.407
9/6/2024 1:10,16.396
9/6/2024 1:20,16.374
9/6/2024 1:30,16.342
9/6/2024 1:40,16.31
9/6/2024 1:50,16.235
9/6/2024 2:00,16.192
9/6/2024 2:10,16.128
9/6/2024 2:20,16.074
9/6/2024 2:30,16.031
9/6/2024 2:40,15.978
9/6/2024 2:50,15.935
9/6/2024 3:00,15.903
9/6/2024 3:10,15.86
9/6/2024 3:20,15.817
9/6/2024 3:30,15.806
9/6/2024 3:40,15.774
9/6/2024 3:50,15.742
9/6/2024 4:00,15.677
9/6/2024 4:10,15.667
9/6/2024 4:20,15.613
9/6/2024 4:30,15.592
9/6/2024 4:40,15.527
9/6/2024 4:50,15.463
9/6/2024 5:00,15.431
9/6/2024 5:10,15.388
9/6/2024 5:20,15.334
9/6/2024 5:30,15.28
9/6/2024 5:40,15.216
9/6/2024 5:50,15.173
9/6/2024 6:00,15.12
9/6/2024 6:10,15.077
9/6/2024 6:20,15.023
9/6/2024 6:30,14.991
9/6/2024 6:40,14.927
9/6/2024 6:50,14.894
9/6/2024 7:00,14.841
9/6/2024 7:10,14.798
9/6/2024 7:20,14.776
9/6/2024 7:30,14.734
9/6/2024 7:40,14.734
9/6/2024 7:50,14.712
9/6/2024 8:00,14.658
9/6/2024 8:10,14.658
9/6/2024 8:20,14.626
9/6/2024 8:30,14.626
9/6/2024 8:40,14.626
9/6/2024 8:50,14.616
9/6/2024 9:00,14.626
9/6/2024 9:10,14.605
9/6/2024 9:20,14.626
9/6/2024 9:30,14.616
9/6/2024 9:40,14.648
9/6/2024 9:50,14.658
9/6/2024 10:00,14.701
9/6/2024 10:10,14.734
9/6/2024 10:20,14.798
9/6/2024 10:30,14.83
9/6/2024 10:40,14.873
9/6/2024 10:50,14.916
9/6/2024 11:00,14.98
9/6/2024 11:10,15.045
9/6/2024 11:20,15.077
9/6/2024 11:30,15.152
9/6/2024 11:40,15.205
9/6/2024 11:50,15.259
9/6/2024 12:00,15.323
9/6/2024 12:10,15.377
9/6/2024 12:20,15.42
9/6/2024 12:30,15.463
9/6/2024 12:40,15.527
9/6/2024 12:50,15.559
9/6/2024 13:00,15.592
9/6/2024 13:10,15.645
9/6/2024 13:20,15.688
9/6/2024 13:30,15.699
9/6/2024 13:40,15.742
9/6/2024 13:50,15.774
9/6/2024 14:00,15.795
9/6/2024 14:10,15.817
9/6/2024 14:20,15.817
9/6/2024 14:30,15.827
9/6/2024 14:40,15.827
9/6/2024 14:50,15.827
9/6/2024 15:00,15.817
9/6/2024 15:10,15.817
9/6/2024 15:20,15.806
9/6/2024 15:30,15.763
9/6/2024 15:40,15.752
9/6/2024 15:50,15.742
9/6/2024 16:00,15.699
9/6/2024 16:10,15.72
9/6/2024 16:20,15.667
9/6/2024 16:30,15.645
9/6/2024 16:40,15.613
9/6/2024 16:50,15.559
9/6/2024 17:00,15.527
9/6/2024 17:10,15.506
9/6/2024 17:20,15.452
9/6/2024 17:30,15.431
9/6/2024 17:40,15.345
9/6/2024 17:50,15.334
9/6/2024 18:00,15.28
9/6/2024 18:10,15.238
9/6/2024 18:20,15.195
9/6/2024 18:30,15.141
9/6/2024 18:40,15.077
9/6/2024 18:50,15.023
9/6/2024 19:00,14.991
9/6/2024 19:10,14.948
9/6/2024 19:20,14.873
9/6/2024 19:30,14.809
9/6/2024 19:40,14.766
9/6/2024 19:50,14.712
9/6/2024 20:00,14.658
9/6/2024 20:10,14.594
9/6/2024 20:20,14.594
9/6/2024 20:30,14.508
9/6/2024 20:40,14.465
9/6/2024 20:50,14.39
9/6/2024 21:00,14.347
9/6/2024 21:10,14.283
9/6/2024 21:20,14.262
9/6/2024 21:30,14.208
9/6/2024 21:40,14.144
9/6/2024 21:50,14.122
9/6/2024 22:00,14.058
9/6/2024 22:10,14.026
9/6/2024 22:20,13.961
9/6/2024 22:30,13.918
9/6/2024 22:40,13.886
9/6/2024 22:50,13.854
9/6/2024 23:00,13.779
9/6/2024 23:10,13.779
9/6/2024 23:20,13.715
9/6/2024 23:30,13.672
9/6/2024 23:40,13.629
9/6/2024 23:50,13.575
9/7/2024 0:00,13.554
9/7/2024 0:10,13.522
9/7/2024 0:20,13.489
9/7/2024 0:30,13.457
9/7/2024 0:40,13.404
9/7/2024 0:50,13.393
9/7/2024 1:00,13.361
9/7/2024 1:10,13.339
9/7/2024 1:20,13.329
9/7/2024 1:30,13.275
9/7/2024 1:40,13.296
9/7/2024 1:50,13.253
9/7/2024 2:00,13.232
9/7/2024 2:10,13.243
9/7/2024 2:20,13.211
9/7/2024 2:30,13.168
9/7/2024 2:40,13.157
9/7/2024 2:50,13.157
9/7/2024 3:00,13.146
9/7/2024 3:10,13.135
9/7/2024 3:20,13.114
9/7/2024 3:30,13.082
9/7/2024 3:40,13.082
9/7/2024 3:50,13.05
9/7/2024 4:00,13.028
9/7/2024 4:10,13.017
9/7/2024 4:20,12.975
9/7/2024 4:30,12.953
9/7/2024 4:40,12.953
9/7/2024 4:50,12.942
9/7/2024 5:00,12.932
9/7/2024 5:10,12.91
9/7/2024 5:20,12.932
9/7/2024 5:30,12.932
9/7/2024 5:40,12.91
9/7/2024 5:50,12.932
9/7/2024 6:00,12.921
9/7/2024 6:10,12.953
9/7/2024 6:20,12.921
9/7/2024 6:30,12.942
9/7/2024 6:40,12.964
9/7/2024 6:50,12.996
9/7/2024 7:00,13.017
9/7/2024 7:10,13.05
9/7/2024 7:20,13.093
9/7/2024 7:30,13.114
9/7/2024 7:40,13.168
9/7/2024 7:50,13.2
9/7/2024 8:00,13.264
9/7/2024 8:10,13.307
9/7/2024 8:20,13.35
9/7/2024 8:30,13.382
9/7/2024 8:40,13.446
9/7/2024 8:50,13.5
9/7/2024 9:00,13.575
9/7/2024 9:10,13.629
9/7/2024 9:20,13.693
9/7/2024 9:30,13.768
9/7/2024 9:40,13.833
9/7/2024 9:50,13.908
9/7/2024 10:00,14.015
9/7/2024 10:10,14.069
9/7/2024 10:20,14.219
9/7/2024 10:30,14.305
9/7/2024 10:40,14.422
9/7/2024 10:50,14.498
9/7/2024 11:00,14.626
9/7/2024 11:10,14.734
9/7/2024 11:20,14.841
9/7/2024 11:30,14.959
9/7/2024 11:40,15.077
9/7/2024 11:50,15.195
9/7/2024 12:00,15.291
9/7/2024 12:10,15.398
9/7/2024 12:20,15.495
9/7/2024 12:30,15.602
9/7/2024 12:40,15.709
9/7/2024 12:50,15.817
9/7/2024 13:00,15.881
9/7/2024 13:10,15.956
9/7/2024 13:20,16.031
9/7/2024 13:30,16.085
9/7/2024 13:40,16.149
9/7/2024 13:50,16.181
9/7/2024 14:00,16.246
9/7/2024 14:10,16.278
9/7/2024 14:20,16.299
9/7/2024 14:30,16.342
9/7/2024 14:40,16.385
9/7/2024 14:50,16.417
9/7/2024 15:00,16.407
9/7/2024 15:10,16.428
9/7/2024 15:20,16.45
9/7/2024 15:30,16.439
9/7/2024 15:40,16.439
9/7/2024 15:50,16.46
9/7/2024 16:00,16.46
9/7/2024 16:10,16.439
9/7/2024 16:20,16.417
9/7/2024 16:30,16.407
9/7/2024 16:40,16.396
9/7/2024 16:50,16.364
9/7/2024 17:00,16.321
9/7/2024 17:10,16.31
9/7/2024 17:20,16.299
9/7/2024 17:30,16.246
9/7/2024 17:40,16.235
9/7/2024 17:50,16.181
9/7/2024 18:00,16.181
9/7/2024 18:10,16.128
9/7/2024 18:20,16.106
9/7/2024 18:30,16.085
9/7/2024 18:40,16.053
9/7/2024 18:50,16.021
9/7/2024 19:00,15.988
9/7/2024 19:10,15.967
9/7/2024 19:20,15.945
9/7/2024 19:30,15.924
9/7/2024 19:40,15.87
9/7/2024 19:50,15.817
9/7/2024 20:00,15.795
9/7/2024 20:10,15.774
9/7/2024 20:20,15.731
9/7/2024 20:30,15.709
9/7/2024 20:40,15.677
9/7/2024 20:50,15.645
9/7/2024 21:00,15.624
9/7/2024 21:10,15.57
9/7/2024 21:20,15.538
9/7/2024 21:30,15.527
9/7/2024 21:40,15.441
9/7/2024 21:50,15.463
9/7/2024 22:00,15.388
9/7/2024 22:10,15.366
9/7/2024 22:20,15.323
9/7/2024 22:30,15.291
9/7/2024 22:40,15.248
9/7/2024 22:50,15.238
9/7/2024 23:00,15.195
9/7/2024 23:10,15.152
9/7/2024 23:20,15.163
9/7/2024 23:30,15.13
9/7/2024 23:40,15.098
9/7/2024 23:50,15.077
9/8/2024 0:00,15.045
9/8/2024 0:10,15.045
9/8/2024 0:20,15.034
9/8/2024 0:30,14.991
9/8/2024 0:40,14.969
9/8/2024 0:50,14.948
9/8/2024 1:00,14.905
9/8/2024 1:10,14.894
9/8/2024 1:20,14.862
9/8/2024 1:30,14.862
9/8/2024 1:40,14.83
9/8/2024 1:50,14.841
9/8/2024 2:00,14.798
9/8/2024 2:10,14.776
9/8/2024 2:20,14.776
9/8/2024 2:30,14.755
9/8/2024 2:40,14.744
9/8/2024 2:50,14.734
9/8/2024 3:00,14.701
9/8/2024 3:10,14.68
9/8/2024 3:20,14.648
9/8/2024 3:30,14.648
9/8/2024 3:40,14.616
9/8/2024 3:50,14.594
9/8/2024 4:00,14.573
9/8/2024 4:10,14.573
9/8/2024 4:20,14.54
9/8/2024 4:30,14.508
9/8/2024 4:40,14.487
9/8/2024 4:50,14.444
9/8/2024 5:00,14.422
9/8/2024 5:10,14.39
9/8/2024 5:20,14.401
9/8/2024 5:30,14.38
9/8/2024 5:40,14.347
9/8/2024 5:50,14.326
9/8/2024 6:00,14.305
9/8/2024 6:10,14.262
9/8/2024 6:20,14.262
9/8/2024 6:30,14.229
9/8/2024 6:40,14.229
9/8/2024 6:50,14.208
9/8/2024 7:00,14.24
9/8/2024 7:10,14.24
9/8/2024 7:20,14.208
9/8/2024 7:30,14.197
9/8/2024 7:40,14.197
9/8/2024 7:50,14.176
9/8/2024 8:00,14.262
9/8/2024 8:10,14.262
9/8/2024 8:20,14.251
9/8/2024 8:30,14.283
9/8/2024 8:40,14.347
9/8/2024 8:50,14.38
9/8/2024 9:00,14.444
9/8/2024 9:10,14.455
9/8/2024 9:20,14.519
9/8/2024 9:30,14.562
9/8/2024 9:40,14.616
9/8/2024 9:50,14.691
9/8/2024 10:00,14.755
9/8/2024 10:10,14.819
9/8/2024 10:20,14.927
9/8/2024 10:30,15.034
9/8/2024 10:40,15.109
9/8/2024 10:50,15.205
9/8/2024 11:00,15.313
9/8/2024 11:10,15.398
9/8/2024 11:20,15.506
9/8/2024 11:30,15.634
9/8/2024 11:40,15.763
9/8/2024 11:50,15.827
9/8/2024 12:00,15.945
9/8/2024 12:10,16.042
9/8/2024 12:20,16.149
9/8/2024 12:30,16.246
9/8/2024 12:40,16.321
9/8/2024 12:50,16.417
9/8/2024 13:00,16.482
9/8/2024 13:10,16.514
9/8/2024 13:20,16.6
9/8/2024 13:30,16.653
9/8/2024 13:40,16.707
9/8/2024 13:50,16.75
9/8/2024 14:00,16.771
9/8/2024 14:10,16.814
9/8/2024 14:20,16.846
9/8/2024 14:30,16.879
9/8/2024 14:40,16.911
9/8/2024 14:50,16.921
9/8/2024 15:00,16.943
9/8/2024 15:10,16.975
9/8/2024 15:20,16.975
9/8/2024 15:30,16.986
9/8/2024 15:40,16.986
9/8/2024 15:50,16.986
9/8/2024 16:00,16.986
9/8/2024 16:10,16.964
9/8/2024 16:20,16.943
9/8/2024 16:30,16.943
9/8/2024 16:40,16.932
9/8/2024 16:50,16.911
9/8/2024 17:00,16.879
9/8/2024 17:10,16.846
9/8/2024 17:20,16.825
9/8/2024 17:30,16.782
9/8/2024 17:40,16.761
9/8/2024 17:50,16.728
9/8/2024 18:00,16.696
9/8/2024 18:10,16.675
9/8/2024 18:20,16.643
9/8/2024 18:30,16.6
9/8/2024 18:40,16.578
9/8/2024 18:50,16.525
9/8/2024 19:00,16.525
9/8/2024 19:10,16.471
9/8/2024 19:20,16.46
9/8/2024 19:30,16.417
9/8/2024 19:40,16.407
9/8/2024 19:50,16.374
9/8/2024 20:00,16.353
9/8/2024 20:10,16.342
9/8/2024 20:20,16.31
9/8/2024 20:30,16.289
9/8/2024 20:40,16.299
9/8/2024 20:50,16.278
9/8/2024 21:00,16.246
9/8/2024 21:10,16.214
9/8/2024 21:20,16.192
9/8/2024 21:30,16.181
9/8/2024 21:40,16.16
9/8/2024 21:50,16.128
9/8/2024 22:00,16.106
9/8/2024 22:10,16.074
9/8/2024 22:20,16.074
9/8/2024 22:30,16.042
9/8/2024 22:40,16.01
9/8/2024 22:50,15.956
9/8/2024 23:00,15.935
9/8/2024 23:10,15.903
9/8/2024 23:20,15.849
9/8/2024 23:30,15.817
9/8/2024 23:40,15.785
9/8/2024 23:50,15.731
9/9/2024 0:00,15.699
9/9/2024 0:10,15.656
9/9/2024 0:20,15.57
9/9/2024 0:30,15.538
9/9/2024 0:40,15.495
9/9/2024 0:50,15.431
9/9/2024 1:00,15.366
9/9/2024 1:10,15.334
9/9/2024 1:20,15.27
9/9/2024 1:30,15.248
9/9/2024 1:40,15.184
9/9/2024 1:50,15.184
9/9/2024 2:00,15.152
9/9/2024 2:10,15.066
9/9/2024 2:20,15.045
9/9/2024 2:30,14.991
9/9/2024 2:40,14.937
9/9/2024 2:50,14.894
9/9/2024 3:00,14.841
9/9/2024 3:10,14.809
9/9/2024 3:20,14.744
9/9/2024 3:30,14.723
9/9/2024 3:40,14.691
9/9/2024 3:50,14.605
9/9/2024 4:00,14.583
9/9/2024 4:10,14.562
9/9/2024 4:20,14.487
9/9/2024 4:30,14.433
9/9/2024 4:40,14.412
9/9/2024 4:50,14.369
9/9/2024 5:00,14.294
9/9/2024 5:10,14.262
9/9/2024 5:20,14.229
9/9/2024 5:30,14.154
9/9/2024 5:40,14.133
9/9/2024 5:50,14.09
9/9/2024 6:00,14.036
9/9/2024 6:10,14.004
9/9/2024 6:20,13.94
9/9/2024 6:30,13.908
9/9/2024 6:40,13.865
9/9/2024 6:50,13.854
9/9/2024 7:00,13.843
9/9/2024 7:10,13.822
9/9/2024 7:20,13.779
9/9/2024 7:30,13.768
9/9/2024 7:40,13.758
9/9/2024 7:50,13.758
9/9/2024 8:00,13.747
9/9/2024 8:10,13.736
9/9/2024 8:20,13.736
9/9/2024 8:30,13.736
9/9/2024 8:40,13.768
9/9/2024 8:50,13.758
9/9/2024 9:00,13.8
9/9/2024 9:10,13.811
9/9/2024 9:20,13.833
9/9/2024 9:30,13.876
9/9/2024 9:40,13.897
9/9/2024 9:50,13.961
9/9/2024 10:00,13.993
9/9/2024 10:10,14.047
9/9/2024 10:20,14.111
9/9/2024 10:30,14.154
9/9/2024 10:40,14.251
9/9/2024 10:50,14.326
9/9/2024 11:00,14.401
9/9/2024 11:10,14.476
9/9/2024 11:20,14.594
9/9/2024 11:30,14.669
9/9/2024 11:40,14.766
9/9/2024 11:50,14.841
9/9/2024 12:00,14.937
9/9/2024 12:10,15.002
9/9/2024 12:20,15.098
9/9/2024 12:30,15.173
9/9/2024 12:40,15.28
9/9/2024 12:50,15.334
9/9/2024 13:00,15.398
9/9/2024 13:10,15.463
9/9/2024 13:20,15.495
9/9/2024 13:30,15.559
9/9/2024 13:40,15.57
9/9/2024 13:50,15.624
9/9/2024 14:00,15.667
9/9/2024 14:10,15.677
9/9/2024 14:20,15.699
9/9/2024 14:30,15.72
9/9/2024 14:40,15.742
9/9/2024 14:50,15.774
9/9/2024 15:00,15.774
9/9/2024 15:10,15.806
9/9/2024 15:20,15.774
9/9/2024 15:30,15.785
9/9/2024 15:40,15.785
9/9/2024 15:50,15.774
9/9/2024 16:00,15.795
9/9/2024 16:10,15.774
9/9/2024 16:20,15.774
9/9/2024 16:30,15.763
9/9/2024 16:40,15.763
9/9/2024 16:50,15.763
9/9/2024 17:00,15.742
9/9/2024 17:10,15.731
9/9/2024 17:20,15.709
9/9/2024 17:30,15.688
9/9/2024 17:40,15.634
9/9/2024 17:50,15.592
9/9/2024 18:00,15.57
9/9/2024 18:10,15.538
9/9/2024 18:20,15.527
9/9/2024 18:30,15.474
9/9/2024 18:40,15.42
9/9/2024 18:50,15.409
9/9/2024 19:00,15.377
9/9/2024 19:10,15.356
9/9/2024 19:20,15.313
9/9/2024 19:30,15.259
9/9/2024 19:40,15.216
9/9/2024 19:50,15.195
9/9/2024 20:00,15.13
9/9/2024 20:10,15.109
9/9/2024 20:20,15.045
9/9/2024 20:30,15.002
9/9/2024 20:40,14.991
9/9/2024 20:50,14.937
9/9/2024 21:00,14.873
9/9/2024 21:10,14.83
9/9/2024 21:20,14.776
9/9/2024 21:30,14.755
9/9/2024 21:40,14.701
9/9/2024 21:50,14.648
9/9/2024 22:00,14.616
9/9/2024 22:10,14.562
9/9/2024 22:20,14.508
9/9/2024 22:30,14.465
9/9/2024 22:40,14.412
9/9/2024 22:50,14.358
9/9/2024 23:00,14.305
9/9/2024 23:10,14.251
9/9/2024 23:20,14.197
9/9/2024 23:30,14.144
9/9/2024 23:40,14.09
9/9/2024 23:50,14.047
9/10/2024 0:00,13.993
9/10/2024 0:10,13.94
9/10/2024 0:20,13.876
9/10/2024 0:30,13.822
9/10/2024 0:40,13.758
9/10/2024 0:50,13.693
9/10/2024 1:00,13.64
9/10/2024 1:10,13.607
9/10/2024 1:20,13.522
9/10/2024 1:30,13.468
9/10/2024 1:40,13.404
9/10/2024 1:50,13.371
9/10/2024 2:00,13.296
9/10/2024 2:10,13.253
9/10/2024 2:20,13.168
9/10/2024 2:30,13.125
9/10/2024 2:40,13.082
9/10/2024 2:50,13.007
9/10/2024 3:00,12.975
9/10/2024 3:10,12.9
9/10/2024 3:20,12.867
9/10/2024 3:30,12.814
9/10/2024 3:40,12.771
9/10/2024 3:50,12.717
9/10/2024 4:00,12.653
9/10/2024 4:10,12.631
9/10/2024 4:20,12.578
9/10/2024 4:30,12.503
9/10/2024 4:40,12.492
9/10/2024 4:50,12.449
9/10/2024 5:00,12.385
9/10/2024 5:10,12.342
9/10/2024 5:20,12.288
9/10/2024 5:30,12.256
9/10/2024 5:40,12.235
9/10/2024 5:50,12.192
9/10/2024 6:00,12.181
9/10/2024 6:10,12.159
9/10/2024 6:20,12.117
9/10/2024 6:30,12.117
9/10/2024 6:40,12.095
9/10/2024 6:50,12.084
9/10/2024 7:00,12.052
9/10/2024 7:10,12.063
9/10/2024 7:20,12.052
9/10/2024 7:30,12.052
9/10/2024 7:40,12.074
9/10/2024 7:50,12.084
9/10/2024 8:00,12.106
9/10/2024 8:10,12.149
9/10/2024 8:20,12.138
9/10/2024 8:30,12.181
9/10/2024 8:40,12.213
9/10/2024 8:50,12.245
9/10/2024 9:00,12.288
9/10/2024 9:10,12.342
9/10/2024 9:20,12.417
9/10/2024 9:30,12.471
9/10/2024 9:40,12.513
9/10/2024 9:50,12.567
9/10/2024 10:00,12.664
9/10/2024 10:10,12.749
9/10/2024 10:20,12.846
9/10/2024 10:30,12.91
9/10/2024 10:40,13.028
9/10/2024 10:50,13.103
9/10/2024 11:00,13.178
9/10/2024 11:10,13.296
9/10/2024 11:20,13.382
9/10/2024 11:30,13.457
9/10/2024 11:40,13.564
9/10/2024 11:50,13.661
9/10/2024 12:00,13.747
9/10/2024 12:10,13.833
9/10/2024 12:20,13.908
9/10/2024 12:30,13.983
9/10/2024 12:40,14.047
9/10/2024 12:50,14.09
9/10/2024 13:00,14.165
9/10/2024 13:10,14.208
9/10/2024 13:20,14.283
9/10/2024 13:30,14.315
9/10/2024 13:40,14.369
9/10/2024 13:50,14.412
9/10/2024 14:00,14.465
9/10/2024 14:10,14.508
9/10/2024 14:20,14.53
9/10/2024 14:30,14.594
9/10/2024 14:40,14.637
9/10/2024 14:50,14.68
9/10/2024 15:00,14.744
9/10/2024 15:10,14.798
9/10/2024 15:20,14.819
9/10/2024 15:30,14.905
9/10/2024 15:40,14.916
9/10/2024 15:50,14.98
9/10/2024 16:00,15.023
9/10/2024 16:10,15.055
9/10/2024 16:20,15.12
9/10/2024 16:30,15.152
9/10/2024 16:40,15.195
9/10/2024 16:50,15.227
9/10/2024 17:00,15.27
9/10/2024 17:10,15.291
9/10/2024 17:20,15.334
9/10/2024 17:30,15.356
9/10/2024 17:40,15.398
9/10/2024 17:50,15.42
9/10/2024 18:00,15.441
9/10/2024 18:10,15.474
9/10/2024 18:20,15.495
9/10/2024 18:30,15.527
9/10/2024 18:40,15.549
9/10/2024 18:50,15.57
9/10/2024 19:00,15.57
9/10/2024 19:10,15.613
9/10/2024 19:20,15.602
9/10/2024 19:30,15.645
9/10/2024 19:40,15.677
9/10/2024 19:50,15.709
9/10/2024 20:00,15.72
9/10/2024 20:10,15.763
9/10/2024 20:20,15.795
9/10/2024 20:30,15.806
9/10/2024 20:40,15.827
9/10/2024 20:50,15.86
9/10/2024 21:00,15.87
9/10/2024 21:10,15.903
9/10/2024 21:20,15.913
9/10/2024 21:30,15.935
9/10/2024 21:40,15.945
9/10/2024 21:50,15.967
9/10/2024 22:00,15.988
9/10/2024 22:10,16.01
9/10/2024 22:20,16.042
9/10/2024 22:30,16.042
9/10/2024 22:40,16.063
9/10/2024 22:50,16.096
9/10/2024 23:00,16.117
9/10/2024 23:10,16.138
9/10/2024 23:20,16.16
9/10/2024 23:30,16.181
9/10/2024 23:40,16.235
9/10/2024 23:50,16.235
9/11/2024 0:00,16.278
9/11/2024 0:10,16.321
9/11/2024 0:20,16.321
9/11/2024 0:30,16.332
9/11/2024 0:40,16.332
9/11/2024 0:50,16.364
9/11/2024 1:00,16.353
9/11/2024 1:10,16.385
9/11/2024 1:20,16.396
9/11/2024 1:30,16.407
9/11/2024 1:40,16.407
9/11/2024 1:50,16.396
9/11/2024 2:00,16.407
9/11/2024 2:10,16.407
9/11/2024 2:20,16.396
9/11/2024 2:30,16.396
9/11/2024 2:40,16.396
9/11/2024 2:50,16.374
9/11/2024 3:00,16.364
9/11/2024 3:10,16.321
9/11/2024 3:20,16.31
9/11/2024 3:30,16.299
9/11/2024 3:40,16.256
9/11/2024 3:50,16.235
9/11/2024 4:00,16.224
9/11/2024 4:10,16.203
9/11/2024 4:20,16.16
9/11/2024 4:30,16.138
9/11/2024 4:40,16.128
9/11/2024 4:50,16.117
9/11/2024 5:00,16.085
9/11/2024 5:10,16.063
9/11/2024 5:20,16.031
9/11/2024 5:30,15.999
9/11/2024 5:40,15.988
9/11/2024 5:50,15.945
9/11/2024 6:00,15.913
9/11/2024 6:10,15.903
9/11/2024 6:20,15.87
9/11/2024 6:30,15.849
9/11/2024 6:40,15.827
9/11/2024 6:50,15.817
9/11/2024 7:00,15.785
9/11/2024 7:10,15.763
9/11/2024 7:20,15.763
9/11/2024 7:30,15.72
9/11/2024 7:40,15.731
9/11/2024 7:50,15.709
9/11/2024 8:00,15.688
9/11/2024 8:10,15.731
9/11/2024 8:20,15.72
9/11/2024 8:30,15.731
9/11/2024 8:40,15.731
9/11/2024 8:50,15.742
9/11/2024 9:00,15.752
9/11/2024 9:10,15.752
9/11/2024 9:20,15.795
9/11/2024 9:30,15.806
9/11/2024 9:40,15.806
9/11/2024 9:50,15.87
9/11/2024 10:00,15.913
9/11/2024 10:10,15.945
9/11/2024 10:20,16.021
9/11/2024 10:30,16.063
9/11/2024 10:40,16.138
9/11/2024 10:50,16.203
9/11/2024 11:00,16.256
9/11/2024 11:10,16.353
9/11/2024 11:20,16.428
9/11/2024 11:30,16.492
9/11/2024 11:40,16.578
9/11/2024 11:50,16.643
9/11/2024 12:00,16.739
9/11/2024 12:10,16.803
9/11/2024 12:20,16.9
9/11/2024 12:30,16.943
9/11/2024 12:40,17.039
9/11/2024 12:50,17.104
9/11/2024 13:00,17.157
9/11/2024 13:10,17.2
9/11/2024 13:20,17.222
9/11/2024 13:30,17.265
9/11/2024 13:40,17.286
9/11/2024 13:50,17.318
9/11/2024 14:00,17.329
9/11/2024 14:10,17.34
9/11/2024 14:20,17.329
9/11/2024 14:30,17.35
9/11/2024 14:40,17.372
9/11/2024 14:50,17.361
9/11/2024 15:00,17.361
9/11/2024 15:10,17.372
9/11/2024 15:20,17.361
9/11/2024 15:30,17.361
9/11/2024 15:40,17.35
9/11/2024 15:50,17.329
9/11/2024 16:00,17.308
9/11/2024 16:10,17.275
9/11/2024 16:20,17.286
9/11/2024 16:30,17.243
9/11/2024 16:40,17.211
9/11/2024 16:50,17.168
9/11/2024 17:00,17.125
9/11/2024 17:10,17.072
9/11/2024 17:20,17.05
9/11/2024 17:30,17.007
9/11/2024 17:40,16.964
9/11/2024 17:50,16.9
9/11/2024 18:00,16.879
9/11/2024 18:10,16.814
9/11/2024 18:20,16.761
9/11/2024 18:30,16.728
9/11/2024 18:40,16.696
9/11/2024 18:50,16.632
9/11/2024 19:00,16.578
9/11/2024 19:10,16.546
9/11/2024 19:20,16.482
9/11/2024 19:30,16.471
9/11/2024 19:40,16.417
9/11/2024 19:50,16.385
9/11/2024 20:00,16.353
9/11/2024 20:10,16.299
9/11/2024 20:20,16.256
9/11/2024 20:30,16.235
9/11/2024 20:40,16.192
9/11/2024 20:50,16.171
9/11/2024 21:00,16.096
9/11/2024 21:10,16.053
9/11/2024 21:20,16.042
9/11/2024 21:30,16.021
9/11/2024 21:40,15.988
9/11/2024 21:50,15.956
9/11/2024 22:00,15.935
9/11/2024 22:10,15.892
9/11/2024 22:20,15.827
9/11/2024 22:30,15.827
9/11/2024 22:40,15.785
9/11/2024 22:50,15.763
9/11/2024 23:00,15.731
9/11/2024 23:10,15.699
9/11/2024 23:20,15.667
9/11/2024 23:30,15.634
9/11/2024 23:40,15.602
9/11/2024 23:50,15.581
9/12/2024 0:00,15.538
9/12/2024 0:10,15.484
9/12/2024 0:20,15.474
9/12/2024 0:30,15.441
9/12/2024 0:40,15.431
9/12/2024 0:50,15.377
9/12/2024 1:00,15.377
9/12/2024 1:10,15.323
9/12/2024 1:20,15.302
9/12/2024 1:30,15.259
9/12/2024 1:40,15.238
9/12/2024 1:50,15.227
9/12/2024 2:00,15.184
9/12/2024 2:10,15.184
9/12/2024 2:20,15.13
9/12/2024 2:30,15.12
9/12/2024 2:40,15.077
9/12/2024 2:50,15.066
9/12/2024 3:00,15.023
9/12/2024 3:10,14.98
9/12/2024 3:20,14.98
9/12/2024 3:30,14.937
9/12/2024 3:40,14.905
9/12/2024 3:50,14.894
9/12/2024 4:00,14.851
9/12/2024 4:10,14.841
9/12/2024 4:20,14.798
9/12/2024 4:30,14.776
9/12/2024 4:40,14.723
9/12/2024 4:50,14.712
9/12/2024 5:00,14.691
9/12/2024 5:10,14.669
9/12/2024 5:20,14.637
9/12/2024 5:30,14.626
9/12/2024 5:40,14.573
9/12/2024 5:50,14.53
9/12/2024 6:00,14.519
9/12/2024 6:10,14.487
9/12/2024 6:20,14.455
9/12/2024 6:30,14.433
9/12/2024 6:40,14.412
9/12/2024 6:50,14.401
9/12/2024 7:00,14.38
9/12/2024 7:10,14.38
9/12/2024 7:20,14.38
9/12/2024 7:30,14.358
9/12/2024 7:40,14.337
9/12/2024 7:50,14.358
9/12/2024 8:00,14.326
9/12/2024 8:10,14.337
9/12/2024 8:20,14.369
9/12/2024 8:30,14.38
9/12/2024 8:40,14.412
9/12/2024 8:50,14.422
9/12/2024 9:00,14.455
9/12/2024 9:10,14.498
9/12/2024 9:20,14.54
9/12/2024 9:30,14.562
9/12/2024 9:40,14.616
9/12/2024 9:50,14.669
9/12/2024 10:00,14.734
9/12/2024 10:10,14.809
9/12/2024 10:20,14.873
9/12/2024 10:30,14.927
9/12/2024 10:40,15.012
9/12/2024 10:50,15.12
9/12/2024 11:00,15.184
9/12/2024 11:10,15.291
9/12/2024 11:20,15.366
9/12/2024 11:30,15.452
9/12/2024 11:40,15.559
9/12/2024 11:50,15.624
9/12/2024 12:00,15.731
9/12/2024 12:10,15.827
9/12/2024 12:20,15.935
9/12/2024 12:30,16.031
9/12/2024 12:40,16.117
9/12/2024 12:50,16.192
9/12/2024 13:00,16.278
9/12/2024 13:10,16.332
9/12/2024 13:20,16.396
9/12/2024 13:30,16.46
9/12/2024 13:40,16.482
9/12/2024 13:50,16.525
9/12/2024 14:00,16.568
9/12/2024 14:10,16.589
9/12/2024 14:20,16.589
9/12/2024 14:30,16.621
9/12/2024 14:40,16.643
9/12/2024 14:50,16.664
9/12/2024 15:00,16.675
9/12/2024 15:10,16.718
9/12/2024 15:20,16.696
9/12/2024 15:30,16.728
9/12/2024 15:40,16.728
9/12/2024 15:50,16.696
9/12/2024 16:00,16.675
9/12/2024 16:10,16.696
9/12/2024 16:20,16.707
9/12/2024 16:30,16.675
9/12/2024 16:40,16.675
9/12/2024 16:50,16.643
9/12/2024 17:00,16.653
9/12/2024 17:10,16.61
9/12/2024 17:20,16.589
9/12/2024 17:30,16.589
9/12/2024 17:40,16.546
9/12/2024 17:50,16.492
9/12/2024 18:00,16.482
9/12/2024 18:10,16.45
9/12/2024 18:20,16.439
9/12/2024 18:30,16.364
9/12/2024 18:40,16.353
9/12/2024 18:50,16.321
9/12/2024 19:00,16.289
9/12/2024 19:10,16.256
9/12/2024 19:20,16.214
9/12/2024 19:30,16.181
9/12/2024 19:40,16.149
9/12/2024 19:50,16.128
9/12/2024 20:00,16.106
9/12/2024 20:10,16.074
9/12/2024 20:20,16.063
9/12/2024 20:30,16.021
9/12/2024 20:40,15.999
9/12/2024 20:50,15.967
9/12/2024 21:00,15.945
9/12/2024 21:10,15.945
9/12/2024 21:20,15.903
9/12/2024 21:30,15.86
9/12/2024 21:40,15.849
9/12/2024 21:50,15.838
9/12/2024 22:00,15.817
9/12/2024 22:10,15.806
9/12/2024 22:20,15.763
9/12/2024 22:30,15.774
9/12/2024 22:40,15.72
9/12/2024 22:50,15.731
9/12/2024 23:00,15.688
9/12/2024 23:10,15.677
9/12/2024 23:20,15.677
9/12/2024 23:30,15.656
9/12/2024 23:40,15.634
9/12/2024 23:50,15.624
9/13/2024 0:00,15.602
9/13/2024 0:10,15.592
9/13/2024 0:20,15.581
9/13/2024 0:30,15.57
9/13/2024 0:40,15.527
9/13/2024 0:50,15.527
9/13/2024 1:00,15.484
9/13/2024 1:10,15.495
9/13/2024 1:20,15.463
9/13/2024 1:30,15.441
9/13/2024 1:40,15.431
9/13/2024 1:50,15.42
9/13/2024 2:00,15.409
9/13/2024 2:10,15.388
9/13/2024 2:20,15.377
9/13/2024 2:30,15.356
9/13/2024 2:40,15.334
9/13/2024 2:50,15.323
9/13/2024 3:00,15.302
9/13/2024 3:10,15.28
9/13/2024 3:20,15.28
9/13/2024 3:30,15.259
9/13/2024 3:40,15.238
9/13/2024 3:50,15.227
9/13/2024 4:00,15.205
9/13/2024 4:10,15.184
9/13/2024 4:20,15.195
9/13/2024 4:30,15.13
9/13/2024 4:40,15.141
9/13/2024 4:50,15.109
9/13/2024 5:00,15.12
9/13/2024 5:10,15.066
9/13/2024 5:20,15.087
9/13/2024 5:30,15.034
9/13/2024 5:40,15.045
9/13/2024 5:50,15.034
9/13/2024 6:00,15.002
9/13/2024 6:10,15.002
9/13/2024 6:20,14.98
9/13/2024 6:30,14.959
9/13/2024 6:40,14.98
9/13/2024 6:50,14.948
9/13/2024 7:00,14.927
9/13/2024 7:10,14.948
9/13/2024 7:20,14.927
9/13/2024 7:30,14.927
9/13/2024 7:40,14.959
9/13/2024 7:50,14.948
9/13/2024 8:00,14.969
9/13/2024 8:10,14.98
9/13/2024 8:20,15.023
9/13/2024 8:30,15.034
9/13/2024 8:40,15.055
9/13/2024 8:50,15.077
9/13/2024 9:00,15.087
9/13/2024 9:10,15.13
9/13/2024 9:20,15.13
9/13/2024 9:30,15.163
9/13/2024 9:40,15.173
9/13/2024 9:50,15.184
9/13/2024 10:00,15.184
9/13/2024 10:10,15.238
9/13/2024 10:20,15.216
9/13/2024 10:30,15.248
9/13/2024 10:40,15.216
9/13/2024 10:50,15.238
9/13/2024 11:00,15.227
9/13/2024 11:10,15.227
9/13/2024 11:20,15.227
9/13/2024 11:30,15.238
9/13/2024 11:40,15.216
9/13/2024 11:50,15.238
9/13/2024 12:00,15.227
9/13/2024 12:10,15.195
9/13/2024 12:20,15.216
9/13/2024 12:30,15.195
9/13/2024 12:40,15.195
9/13/2024 12:50,15.195
9/13/2024 13:00,15.184
9/13/2024 13:10,15.173
9/13/2024 13:20,15.152
9/13/2024 13:30,15.152
9/13/2024 13:40,15.12
9/13/2024 13:50,15.12
9/13/2024 14:00,15.087
9/13/2024 14:10,15.066
9/13/2024 14:20,15.045
9/13/2024 14:30,15.055
9/13/2024 14:40,15.023
9/13/2024 14:50,14.991
9/13/2024 15:00,14.991
9/13/2024 15:10,14.991
9/13/2024 15:20,14.959
9/13/2024 15:30,14.948
9/13/2024 15:40,14.948
9/13/2024 15:50,14.916
9/13/2024 16:00,14.894
9/13/2024 16:10,14.894
9/13/2024 16:20,14.884
9/13/2024 16:30,14.862
9/13/2024 16:40,14.83
9/13/2024 16:50,14.83
9/13/2024 17:00,14.809
9/13/2024 17:10,14.809
9/13/2024 17:20,14.755
9/13/2024 17:30,14.734
9/13/2024 17:40,14.691
9/13/2024 17:50,14.68
9/13/2024 18:00,14.616
9/13/2024 18:10,14.594
9/13/2024 18:20,14.551
9/13/2024 18:30,14.519
9/13/2024 18:40,14.455
9/13/2024 18:50,14.412
9/13/2024 19:00,14.369
9/13/2024 19:10,14.315
9/13/2024 19:20,14.251
9/13/2024 19:30,14.208
9/13/2024 19:40,14.176
9/13/2024 19:50,14.111
9/13/2024 20:00,14.058
9/13/2024 20:10,14.004
9/13/2024 20:20,13.951
9/13/2024 20:30,13.886
9/13/2024 20:40,13.822
9/13/2024 20:50,13.779
9/13/2024 21:00,13.725
9/13/2024 21:10,13.672
9/13/2024 21:20,13.597
9/13/2024 21:30,13.554
9/13/2024 21:40,13.522
9/13/2024 21:50,13.446
9/13/2024 22:00,13.404
9/13/2024 22:10,13.329
9/13/2024 22:20,13.275
9/13/2024 22:30,13.221
9/13/2024 22:40,13.146
9/13/2024 22:50,13.093
9/13/2024 23:00,13.039
9/13/2024 23:10,12.964
9/13/2024 23:20,12.9
9/13/2024 23:30,12.835
9/13/2024 23:40,12.803
9/13/2024 23:50,12.739
9/14/2024 0:00,12.696
9/14/2024 0:10,12.621
9/14/2024 0:20,12.567
9/14/2024 0:30,12.492
9/14/2024 0:40,12.449
9/14/2024 0:50,12.395
9/14/2024 1:00,12.342
9/14/2024 1:10,12.277
9/14/2024 1:20,12.213
9/14/2024 1:30,12.17
9/14/2024 1:40,12.106
9/14/2024 1:50,12.052
9/14/2024 2:00,11.999
9/14/2024 2:10,11.956
9/14/2024 2:20,11.881
9/14/2024 2:30,11.827
9/14/2024 2:40,11.784
9/14/2024 2:50,11.709
9/14/2024 3:00,11.634
9/14/2024 3:10,11.623
9/14/2024 3:20,11.559
9/14/2024 3:30,11.495
9/14/2024 3:40,11.452
9/14/2024 3:50,11.377
9/14/2024 4:00,11.334
9/14/2024 4:10,11.291
9/14/2024 4:20,11.216
9/14/2024 4:30,11.184
9/14/2024 4:40,11.141
9/14/2024 4:50,11.076
9/14/2024 5:00,11.033
9/14/2024 5:10,10.969
9/14/2024 5:20,10.948
9/14/2024 5:30,10.883
9/14/2024 5:40,10.851
9/14/2024 5:50,10.787
9/14/2024 6:00,10.765
9/14/2024 6:10,10.722
9/14/2024 6:20,10.679
9/14/2024 6:30,10.637
9/14/2024 6:40,10.604
9/14/2024 6:50,10.594
9/14/2024 7:00,10.604
9/14/2024 7:10,10.604
9/14/2024 7:20,10.594
9/14/2024 7:30,10.572
9/14/2024 7:40,10.54
9/14/2024 7:50,10.529
9/14/2024 8:00,10.476
9/14/2024 8:10,10.508
9/14/2024 8:20,10.54
9/14/2024 8:30,10.54
9/14/2024 8:40,10.583
9/14/2024 8:50,10.572
9/14/2024 9:00,10.583
9/14/2024 9:10,10.637
9/14/2024 9:20,10.669
9/14/2024 9:30,10.744
9/14/2024 9:40,10.84
9/14/2024 9:50,10.862
9/14/2024 10:00,10.926
9/14/2024 10:10,10.98
9/14/2024 10:20,11.066
9/14/2024 10:30,11.151
9/14/2024 10:40,11.216
9/14/2024 10:50,11.28
9/14/2024 11:00,11.366
9/14/2024 11:10,11.398
9/14/2024 11:20,11.484
9/14/2024 11:30,11.559
9/14/2024 11:40,11.602
9/14/2024 11:50,11.666
9/14/2024 12:00,11.741
9/14/2024 12:10,11.795
9/14/2024 12:20,11.87
9/14/2024 12:30,11.934
9/14/2024 12:40,11.999
9/14/2024 12:50,12.052
9/14/2024 13:00,12.117
9/14/2024 13:10,12.192
9/14/2024 13:20,12.267
9/14/2024 13:30,12.331
9/14/2024 13:40,12.395
9/14/2024 13:50,12.471
9/14/2024 14:00,12.513
9/14/2024 14:10,12.567
9/14/2024 14:20,12.599
9/14/2024 14:30,12.674
9/14/2024 14:40,12.706
9/14/2024 14:50,12.739
9/14/2024 15:00,12.782
9/14/2024 15:10,12.814
9/14/2024 15:20,12.824
9/14/2024 15:30,12.846
9/14/2024 15:40,12.878
9/14/2024 15:50,12.9
9/14/2024 16:00,12.921
9/14/2024 16:10,12.932
9/14/2024 16:20,12.932
9/14/2024 16:30,12.975
9/14/2024 16:40,12.964
9/14/2024 16:50,12.975
9/14/2024 17:00,12.996
9/14/2024 17:10,13.007
9/14/2024 17:20,13.017
9/14/2024 17:30,13.007
9/14/2024 17:40,13.007
9/14/2024 17:50,12.985
9/14/2024 18:00,13.017
9/14/2024 18:10,13.017
9/14/2024 18:20,13.007
9/14/2024 18:30,13.017
9/14/2024 18:40,13.017
9/14/2024 18:50,12.996
9/14/2024 19:00,13.017
9/14/2024 19:10,12.985
9/14/2024 19:20,12.996
9/14/2024 19:30,12.985
9/14/2024 19:40,12.996
9/14/2024 19:50,12.975
9/14/2024 20:00,12.975
9/14/2024 20:10,12.964
9/14/2024 20:20,12.975
9/14/2024 20:30,12.964
9/14/2024 20:40,12.964
9/14/2024 20:50,12.953
9/14/2024 21:00,12.942
9/14/2024 21:10,12.942
9/14/2024 21:20,12.91
9/14/2024 21:30,12.91
9/14/2024 21:40,12.91
9/14/2024 21:50,12.9
9/14/2024 22:00,12.9
9/14/2024 22:10,12.878
9/14/2024 22:20,12.878
9/14/2024 22:30,12.889
9/14/2024 22:40,12.878
9/14/2024 22:50,12.857
9/14/2024 23:00,12.867
9/14/2024 23:10,12.835
9/14/2024 23:20,12.835
9/14/2024 23:30,12.835
9/14/2024 23:40,12.814
9/14/2024 23:50,12.792
9/15/2024 0:00,12.803
9/15/2024 0:10,12.782
9/15/2024 0:20,12.782
9/15/2024 0:30,12.782
9/15/2024 0:40,12.749
9/15/2024 0:50,12.728
9/15/2024 1:00,12.717
9/15/2024 1:10,12.706
9/15/2024 1:20,12.696
9/15/2024 1:30,12.685
9/15/2024 1:40,12.685
9/15/2024 1:50,12.664
9/15/2024 2:00,12.642
9/15/2024 2:10,12.642
9/15/2024 2:20,12.631
9/15/2024 2:30,12.61
9/15/2024 2:40,12.588
9/15/2024 2:50,12.578
9/15/2024 3:00,12.599
9/15/2024 3:10,12.567
9/15/2024 3:20,12.546
9/15/2024 3:30,12.524
9/15/2024 3:40,12.535
9/15/2024 3:50,12.513
9/15/2024 4:00,12.481
9/15/2024 4:10,12.481
9/15/2024 4:20,12.449
9/15/2024 4:30,12.46
9/15/2024 4:40,12.428
9/15/2024 4:50,12.449
9/15/2024 5:00,12.428
9/15/2024 5:10,12.428
9/15/2024 5:20,12.406
9/15/2024 5:30,12.374
9/15/2024 5:40,12.395
9/15/2024 5:50,12.395
9/15/2024 6:00,12.363
9/15/2024 6:10,12.353
9/15/2024 6:20,12.353
9/15/2024 6:30,12.331
9/15/2024 6:40,12.331
9/15/2024 6:50,12.32
9/15/2024 7:00,12.331
9/15/2024 7:10,12.31
9/15/2024 7:20,12.342
9/15/2024 7:30,12.342
9/15/2024 7:40,12.342
9/15/2024 7:50,12.331
9/15/2024 8:00,12.331
9/15/2024 8:10,12.342
9/15/2024 8:20,12.353
9/15/2024 8:30,12.363
9/15/2024 8:40,12.374
9/15/2024 8:50,12.374
9/15/2024 9:00,12.395
9/15/2024 9:10,12.438
9/15/2024 9:20,12.449
9/15/2024 9:30,12.449
9/15/2024 9:40,12.481
9/15/2024 9:50,12.503
9/15/2024 10:00,12.556
9/15/2024 10:10,12.578
9/15/2024 10:20,12.674
9/15/2024 10:30,12.664
9/15/2024 10:40,12.706
9/15/2024 10:50,12.771
9/15/2024 11:00,12.846
9/15/2024 11:10,12.91
9/15/2024 11:20,12.985
9/15/2024 11:30,13.071
9/15/2024 11:40,13.178
9/15/2024 11:50,13.286
9/15/2024 12:00,13.35
9/15/2024 12:10,13.446
9/15/2024 12:20,13.511
9/15/2024 12:30,13.554
9/15/2024 12:40,13.65
9/15/2024 12:50,13.747
9/15/2024 13:00,13.779
9/15/2024 13:10,13.854
9/15/2024 13:20,13.929
9/15/2024 13:30,14.004
9/15/2024 13:40,14.069
9/15/2024 13:50,14.133
9/15/2024 14:00,14.197
9/15/2024 14:10,14.251
9/15/2024 14:20,14.326
9/15/2024 14:30,14.358
9/15/2024 14:40,14.38
9/15/2024 14:50,14.444
9/15/2024 15:00,14.476
9/15/2024 15:10,14.508
9/15/2024 15:20,14.519
9/15/2024 15:30,14.53
9/15/2024 15:40,14.508
9/15/2024 15:50,14.562
9/15/2024 16:00,14.551
9/15/2024 16:10,14.551
9/15/2024 16:20,14.551
9/15/2024 16:30,14.54
9/15/2024 16:40,14.53
9/15/2024 16:50,14.519
9/15/2024 17:00,14.508
9/15/2024 17:10,14.487
9/15/2024 17:20,14.444
9/15/2024 17:30,14.444
9/15/2024 17:40,14.38
9/15/2024 17:50,14.315
9/15/2024 18:00,14.315
9/15/2024 18:10,14.283
9/15/2024 18:20,14.24
9/15/2024 18:30,14.187
9/15/2024 18:40,14.187
9/15/2024 18:50,14.133
9/15/2024 19:00,14.09
9/15/2024 19:10,14.069
9/15/2024 19:20,14.015
9/15/2024 19:30,13.961
9/15/2024 19:40,13.929
9/15/2024 19:50,13.876
9/15/2024 20:00,13.833
9/15/2024 20:10,13.779
9/15/2024 20:20,13.736
9/15/2024 20:30,13.704
9/15/2024 20:40,13.64
9/15/2024 20:50,13.597
9/15/2024 21:00,13.554
9/15/2024 21:10,13.522
9/15/2024 21:20,13.436
9/15/2024 21:30,13.436
9/15/2024 21:40,13.382
9/15/2024 21:50,13.307
9/15/2024 22:00,13.275
9/15/2024 22:10,13.232
9/15/2024 22:20,13.189
9/15/2024 22:30,13.135
9/15/2024 22:40,13.071
9/15/2024 22:50,13.039
9/15/2024 23:00,12.985
9/15/2024 23:10,12.942
9/15/2024 23:20,12.9
9/15/2024 23:30,12.835
9/15/2024 23:40,12.792
9/15/2024 23:50,12.717
9/16/2024 0:00,12.696
9/16/2024 0:10,12.642
9/16/2024 0:20,12.599
9/16/2024 0:30,12.535
9/16/2024 0:40,12.481
9/16/2024 0:50,12.438
9/16/2024 1:00,12.395
9/16/2024 1:10,12.353
9/16/2024 1:20,12.31
9/16/2024 1:30,12.256
9/16/2024 1:40,12.192
9/16/2024 1:50,12.149
9/16/2024 2:00,12.106
9/16/2024 2:10,12.063
9/16/2024 2:20,12.02
9/16/2024 2:30,11.956
9/16/2024 2:40,11.891
9/16/2024 2:50,11.859
9/16/2024 3:00,11.816
9/16/2024 3:10,11.795
9/16/2024 3:20,11.73
9/16/2024 3:30,11.677
9/16/2024 3:40,11.623
9/16/2024 3:50,11.559
9/16/2024 4:00,11.537
9/16/2024 4:10,11.505
9/16/2024 4:20,11.43
9/16/2024 4:30,11.409
9/16/2024 4:40,11.355
9/16/2024 4:50,11.323
9/16/2024 5:00,11.269
9/16/2024 5:10,11.205
9/16/2024 5:20,11.184
9/16/2024 5:30,11.13
9/16/2024 5:40,11.076
9/16/2024 5:50,11.066
9/16/2024 6:00,11.033
9/16/2024 6:10,10.99
9/16/2024 6:20,10.937
9/16/2024 6:30,10.905
9/16/2024 6:40,10.872
9/16/2024 6:50,10.851
9/16/2024 7:00,10.872
9/16/2024 7:10,10.862
9/16/2024 7:20,10.808
9/16/2024 7:30,10.808
9/16/2024 7:40,10.776
9/16/2024 7:50,10.765
9/16/2024 8:00,10.754
9/16/2024 8:10,10.765
9/16/2024 8:20,10.797
9/16/2024 8:30,10.797
9/16/2024 8:40,10.808
9/16/2024 8:50,10.83
9/16/2024 9:00,10.872
9/16/2024 9:10,10.905
9/16/2024 9:20,10.926
9/16/2024 9:30,10.99
9/16/2024 9:40,11.033
9/16/2024 9:50,11.119
9/16/2024 10:00,11.173
9/16/2024 10:10,11.248
9/16/2024 10:20,11.334
9/16/2024 10:30,11.419
9/16/2024 10:40,11.495
9/16/2024 10:50,11.58
9/16/2024 11:00,11.666
9/16/2024 11:10,11.763
9/16/2024 11:20,11.881
9/16/2024 11:30,11.988
9/16/2024 11:40,12.106
9/16/2024 11:50,12.192
9/16/2024 12:00,12.277
9/16/2024 12:10,12.374
9/16/2024 12:20,12.449
9/16/2024 12:30,12.556
9/16/2024 12:40,12.61
9/16/2024 12:50,12.706
9/16/2024 13:00,12.749
9/16/2024 13:10,12.792
9/16/2024 13:20,12.835
9/16/2024 13:30,12.9
9/16/2024 13:40,12.953
9/16/2024 13:50,13.007
9/16/2024 14:00,13.05
9/16/2024 14:10,13.093
9/16/2024 14:20,13.135
9/16/2024 14:30,13.189
9/16/2024 14:40,13.2
9/16/2024 14:50,13.253
9/16/2024 15:00,13.286
9/16/2024 15:10,13.329
9/16/2024 15:20,13.35
9/16/2024 15:30,13.371
9/16/2024 15:40,13.414
9/16/2024 15:50,13.425
9/16/2024 16:00,13.425
9/16/2024 16:10,13.436
9/16/2024 16:20,13.5
9/16/2024 16:30,13.479
9/16/2024 16:40,13.479
9/16/2024 16:50,13.5
9/16/2024 17:00,13.5
9/16/2024 17:10,13.5
9/16/2024 17:20,13.511
9/16/2024 17:30,13.522
9/16/2024 17:40,13.532
9/16/2024 17:50,13.511
9/16/2024 18:00,13.522
9/16/2024 18:10,13.532
9/16/2024 18:20,13.522
9/16/2024 18:30,13.543
9/16/2024 18:40,13.522
9/16/2024 18:50,13.511
9/16/2024 19:00,13.511
9/16/2024 19:10,13.511
9/16/2024 19:20,13.5
9/16/2024 19:30,13.489
9/16/2024 19:40,13.457
9/16/2024 19:50,13.479
9/16/2024 20:00,13.436
9/16/2024 20:10,13.436
9/16/2024 20:20,13.425
9/16/2024 20:30,13.425
9/16/2024 20:40,13.414
9/16/2024 20:50,13.382
9/16/2024 21:00,13.361
9/16/2024 21:10,13.361
9/16/2024 21:20,13.339
9/16/2024 21:30,13.329
9/16/2024 21:40,13.296
9/16/2024 21:50,13.264
9/16/2024 22:00,13.286
9/16/2024 22:10,13.264
9/16/2024 22:20,13.253
9/16/2024 22:30,13.243
9/16/2024 22:40,13.221
9/16/2024 22:50,13.211
9/16/2024 23:00,13.189
9/16/2024 23:10,13.168
9/16/2024 23:20,13.146
9/16/2024 23:30,13.125
9/16/2024 23:40,13.114
9/16/2024 23:50,13.103
9/17/2024 0:00,13.082
9/17/2024 0:10,13.093
9/17/2024 0:20,13.06
9/17/2024 0:30,13.06
9/17/2024 0:40,13.06
9/17/2024 0:50,13.028
9/17/2024 1:00,13.028
9/17/2024 1:10,13.007
9/17/2024 1:20,12.996
9/17/2024 1:30,12.953
9/17/2024 1:40,12.964
9/17/2024 1:50,12.964
9/17/2024 2:00,12.953
9/17/2024 2:10,12.953
9/17/2024 2:20,12.932
9/17/2024 2:30,12.942
9/17/2024 2:40,12.953
9/17/2024 2:50,12.921
9/17/2024 3:00,12.921
9/17/2024 3:10,12.91
9/17/2024 3:20,12.953
9/17/2024 3:30,12.942
9/17/2024 3:40,12.942
9/17/2024 3:50,12.942
9/17/2024 4:00,12.964
9/17/2024 4:10,12.932
9/17/2024 4:20,12.942
9/17/2024 4:30,12.942
9/17/2024 4:40,12.964
9/17/2024 4:50,12.953
9/17/2024 5:00,12.942
9/17/2024 5:10,12.953
9/17/2024 5:20,12.953
9/17/2024 5:30,12.953
9/17/2024 5:40,12.964
9/17/2024 5:50,12.975
9/17/2024 6:00,12.996
9/17/2024 6:10,12.985
9/17/2024 6:20,12.985
9/17/2024 6:30,13.007
9/17/2024 6:40,13.007
9/17/2024 6:50,13.007
9/17/2024 7:00,13.028
9/17/2024 7:10,13.06
9/17/2024 7:20,13.071
9/17/2024 7:30,13.082
9/17/2024 7:40,13.114
9/17/2024 7:50,13.125
9/17/2024 8:00,13.135
9/17/2024 8:10,13.178
9/17/2024 8:20,13.2
9/17/2024 8:30,13.253
9/17/2024 8:40,13.275
9/17/2024 8:50,13.307
9/17/2024 9:00,13.307
9/17/2024 9:10,13.361
9/17/2024 9:20,13.404
9/17/2024 9:30,13.446
9/17/2024 9:40,13.457
9/17/2024 9:50,13.511
9/17/2024 10:00,13.564
9/17/2024 10:10,13.586
9/17/2024 10:20,13.629
9/17/2024 10:30,13.682
9/17/2024 10:40,13.758
9/17/2024 10:50,13.779
9/17/2024 11:00,13.843
9/17/2024 11:10,13.876
9/17/2024 11:20,13.961
9/17/2024 11:30,14.036
9/17/2024 11:40,14.122
9/17/2024 11:50,14.165
9/17/2024 12:00,14.229
9/17/2024 12:10,14.294
9/17/2024 12:20,14.401
9/17/2024 12:30,14.444
9/17/2024 12:40,14.498
9/17/2024 12:50,14.562
9/17/2024 13:00,14.648
9/17/2024 13:10,14.734
9/17/2024 13:20,14.798
9/17/2024 13:30,14.841
9/17/2024 13:40,14.894
9/17/2024 13:50,14.98
9/17/2024 14:00,15.012
9/17/2024 14:10,15.066
9/17/2024 14:20,15.13
9/17/2024 14:30,15.152
9/17/2024 14:40,15.163
9/17/2024 14:50,15.205
9/17/2024 15:00,15.248
9/17/2024 15:10,15.238
9/17/2024 15:20,15.248
9/17/2024 15:30,15.28
9/17/2024 15:40,15.313
9/17/2024 15:50,15.323
9/17/2024 16:00,15.323
9/17/2024 16:10,15.334
9/17/2024 16:20,15.334
9/17/2024 16:30,15.334
9/17/2024 16:40,15.334
9/17/2024 16:50,15.323
9/17/2024 17:00,15.323
9/17/2024 17:10,15.313
9/17/2024 17:20,15.291
9/17/2024 17:30,15.28
9/17/2024 17:40,15.259
9/17/2024 17:50,15.227
9/17/2024 18:00,15.195
9/17/2024 18:10,15.195
9/17/2024 18:20,15.184
9/17/2024 18:30,15.13
9/17/2024 18:40,15.098
9/17/2024 18:50,15.066
9/17/2024 19:00,15.012
9/17/2024 19:10,15.002
9/17/2024 19:20,14.959
9/17/2024 19:30,14.948
9/17/2024 19:40,14.905
9/17/2024 19:50,14.873
9/17/2024 20:00,14.851
9/17/2024 20:10,14.809
9/17/2024 20:20,14.766
9/17/2024 20:30,14.744
9/17/2024 20:40,14.691
9/17/2024 20:50,14.658
9/17/2024 21:00,14.626
9/17/2024 21:10,14.583
9/17/2024 21:20,14.54
9/17/2024 21:30,14.487
9/17/2024 21:40,14.487
9/17/2024 21:50,14.444
9/17/2024 22:00,14.401
9/17/2024 22:10,14.39
9/17/2024 22:20,14.337
9/17/2024 22:30,14.315
9/17/2024 22:40,14.283
9/17/2024 22:50,14.272
9/17/2024 23:00,14.229
9/17/2024 23:10,14.219
9/17/2024 23:20,14.197
9/17/2024 23:30,14.165
9/17/2024 23:40,14.111
9/17/2024 23:50,14.079
9/18/2024 0:00,14.09
9/18/2024 0:10,14.058
9/18/2024 0:20,14.026
9/18/2024 0:30,14.015
9/18/2024 0:40,14.015
9/18/2024 0:50,13.972
9/18/2024 1:00,13.972
9/18/2024 1:10,13.929
9/18/2024 1:20,13.929
9/18/2024 1:30,13.897
9/18/2024 1:40,13.854
9/18/2024 1:50,13.843
9/18/2024 2:00,13.833
9/18/2024 2:10,13.811
9/18/2024 2:20,13.8
9/18/2024 2:30,13.747
9/18/2024 2:40,13.725
9/18/2024 2:50,13.736
9/18/2024 3:00,13.715
9/18/2024 3:10,13.661
9/18/2024 3:20,13.661
9/18/2024 3:30,13.629
9/18/2024 3:40,13.586
9/18/2024 3:50,13.564
9/18/2024 4:00,13.554
9/18/2024 4:10,13.489
9/18/2024 4:20,13.489
9/18/2024 4:30,13.436
9/18/2024 4:40,13.414
9/18/2024 4:50,13.393
9/18/2024 5:00,13.371
9/18/2024 5:10,13.329
9/18/2024 5:20,13.307
9/18/2024 5:30,13.286
9/18/2024 5:40,13.243
9/18/2024 5:50,13.253
9/18/2024 6:00,13.189
9/18/2024 6:10,13.168
9/18/2024 6:20,13.157
9/18/2024 6:30,13.114
9/18/2024 6:40,13.103
9/18/2024 6:50,13.082
9/18/2024 7:00,13.103
9/18/2024 7:10,13.082
9/18/2024 7:20,13.071
9/18/2024 7:30,13.06
9/18/2024 7:40,13.039
9/18/2024 7:50,12.996
9/18/2024 8:00,12.996
9/18/2024 8:10,12.996
9/18/2024 8:20,13.017
9/18/2024 8:30,13.06
9/18/2024 8:40,13.06
9/18/2024 8:50,13.071
9/18/2024 9:00,13.103
9/18/2024 9:10,13.125
9/18/2024 9:20,13.168
9/18/2024 9:30,13.2
9/18/2024 9:40,13.253
9/18/2024 9:50,13.329
9/18/2024 10:00,13.361
9/18/2024 10:10,13.436
9/18/2024 10:20,13.532
9/18/2024 10:30,13.597
9/18/2024 10:40,13.65
9/18/2024 10:50,13.725
9/18/2024 11:00,13.8
9/18/2024 11:10,13.929
9/18/2024 11:20,13.983
9/18/2024 11:30,14.09
9/18/2024 11:40,14.208
9/18/2024 11:50,14.315
9/18/2024 12:00,14.401
9/18/2024 12:10,14.498
9/18/2024 12:20,14.605
9/18/2024 12:30,14.691
9/18/2024 12:40,14.819
9/18/2024 12:50,14.894
9/18/2024 13:00,15.002
9/18/2024 13:10,15.087
9/18/2024 13:20,15.152
9/18/2024 13:30,15.238
9/18/2024 13:40,15.28
9/18/2024 13:50,15.334
9/18/2024 14:00,15.366
9/18/2024 14:10,15.388
9/18/2024 14:20,15.441
9/18/2024 14:30,15.441
9/18/2024 14:40,15.474
9/18/2024 14:50,15.474
9/18/2024 15:00,15.495
9/18/2024 15:10,15.495
9/18/2024 15:20,15.506
9/18/2024 15:30,15.495
9/18/2024 15:40,15.516
9/18/2024 15:50,15.527
9/18/2024 16:00,15.527
9/18/2024 16:10,15.506
9/18/2024 16:20,15.527
9/18/2024 16:30,15.527
9/18/2024 16:40,15.516
9/18/2024 16:50,15.516
9/18/2024 17:00,15.527
9/18/2024 17:10,15.484
9/18/2024 17:20,15.474
9/18/2024 17:30,15.452
9/18/2024 17:40,15.441
9/18/2024 17:50,15.409
9/18/2024 18:00,15.366
9/18/2024 18:10,15.345
9/18/2024 18:20,15.28
9/18/2024 18:30,15.238
9/18/2024 18:40,15.216
9/18/2024 18:50,15.184
9/18/2024 19:00,15.141
9/18/2024 19:10,15.098
9/18/2024 19:20,15.066
9/18/2024 19:30,15.045
9/18/2024 19:40,15.002
9/18/2024 19:50,14.948
9/18/2024 20:00,14.927
9/18/2024 20:10,14.894
9/18/2024 20:20,14.862
9/18/2024 20:30,14.83
9/18/2024 20:40,14.776
9/18/2024 20:50,14.723
9/18/2024 21:00,14.701
9/18/2024 21:10,14.669
9/18/2024 21:20,14.637
9/18/2024 21:30,14.605
9/18/2024 21:40,14.583
9/18/2024 21:50,14.54
9/18/2024 22:00,14.498
9/18/2024 22:10,14.455
9/18/2024 22:20,14.444
9/18/2024 22:30,14.412
9/18/2024 22:40,14.38
9/18/2024 22:50,14.369
9/18/2024 23:00,14.347
9/18/2024 23:10,14.337
9/18/2024 23:20,14.305
9/18/2024 23:30,14.315
9/18/2024 23:40,14.283
9/18/2024 23:50,14.283
9/19/2024 0:00,14.251
9/19/2024 0:10,14.262
9/19/2024 0:20,14.24
9/19/2024 0:30,14.262
9/19/2024 0:40,14.219
9/19/2024 0:50,14.219
9/19/2024 1:00,14.208
9/19/2024 1:10,14.197
9/19/2024 1:20,14.229
9/19/2024 1:30,14.197
9/19/2024 1:40,14.197
9/19/2024 1:50,14.176
9/19/2024 2:00,14.197
9/19/2024 2:10,14.165
9/19/2024 2:20,14.144
9/19/2024 2:30,14.144
9/19/2024 2:40,14.133
9/19/2024 2:50,14.101
9/19/2024 3:00,14.122
9/19/2024 3:10,14.09
9/19/2024 3:20,14.069
9/19/2024 3:30,14.069
9/19/2024 3:40,14.036
9/19/2024 3:50,14.026
9/19/2024 4:00,14.015
9/19/2024 4:10,13.993
9/19/2024 4:20,13.972
9/19/2024 4:30,13.951
9/19/2024 4:40,13.951
9/19/2024 4:50,13.908
9/19/2024 5:00,13.897
9/19/2024 5:10,13.886
9/19/2024 5:20,13.843
9/19/2024 5:30,13.811
9/19/2024 5:40,13.8
9/19/2024 5:50,13.768
9/19/2024 6:00,13.768
9/19/2024 6:10,13.725
9/19/2024 6:20,13.704
9/19/2024 6:30,13.682
9/19/2024 6:40,13.682
9/19/2024 6:50,13.661
9/19/2024 7:00,13.65
9/19/2024 7:10,13.65
9/19/2024 7:20,13.65
9/19/2024 7:30,13.65
9/19/2024 7:40,13.575
9/19/2024 7:50,13.554
9/19/2024 8:00,13.543
9/19/2024 8:10,13.532
9/19/2024 8:20,13.532
9/19/2024 8:30,13.522
9/19/2024 8:40,13.564
9/19/2024 8:50,13.532
9/19/2024 9:00,13.532
9/19/2024 9:10,13.543
9/19/2024 9:20,13.554
9/19/2024 9:30,13.575
9/19/2024 9:40,13.586
9/19/2024 9:50,13.629
9/19/2024 10:00,13.672
9/19/2024 10:10,13.682
9/19/2024 10:20,13.736
9/19/2024 10:30,13.779
,20.257
=======,
﻿Time,Temperature
7/5/2024 16:20,18.337
7/5/2024 16:30,18.273
7/5/2024 16:40,18.273
7/5/2024 16:50,18.284
7/5/2024 17:00,18.251
7/5/2024 17:10,18.23
7/5/2024 17:20,18.208
7/5/2024 17:30,18.219
7/5/2024 17:40,18.198
7/5/2024 17:50,18.187
7/5/2024 18:00,18.155
7/5/2024 18:10,18.123
7/5/2024 18:20,18.09
7/5/2024 18:30,18.08
7/5/2024 18:40,18.037
7/5/2024 18:50,18.026
7/5/2024 19:00,17.972
7/5/2024 19:10,17.962
7/5/2024 19:20,17.919
7/5/2024 19:30,17.887
7/5/2024 19:40,17.844
7/5/2024 19:50,17.822
7/5/2024 20:00,17.801
7/5/2024 20:10,17.737
7/5/2024 20:20,17.704
7/5/2024 20:30,17.661
7/5/2024 20:40,17.629
7/5/2024 20:50,17.576
7/5/2024 21:00,17.543
7/5/2024 21:10,17.511
7/5/2024 21:20,17.479
7/5/2024 21:30,17.436
7/5/2024 21:40,17.404
7/5/2024 21:50,17.35
7/5/2024 22:00,17.34
7/5/2024 22:10,17.275
7/5/2024 22:20,17.243
7/5/2024 22:30,17.222
7/5/2024 22:40,17.168
7/5/2024 22:50,17.125
7/5/2024 23:00,17.114
7/5/2024 23:10,17.05
7/5/2024 23:20,17.018
7/5/2024 23:30,16.997
7/5/2024 23:40,16.954
7/5/2024 23:50,16.9
7/6/2024 0:00,16.857
7/6/2024 0:10,16.825
7/6/2024 0:20,16.771
7/6/2024 0:30,16.739
7/6/2024 0:40,16.707
7/6/2024 0:50,16.653
7/6/2024 1:00,16.621
7/6/2024 1:10,16.568
7/6/2024 1:20,16.535
7/6/2024 1:30,16.492
7/6/2024 1:40,16.45
7/6/2024 1:50,16.396
7/6/2024 2:00,16.364
7/6/2024 2:10,16.321
7/6/2024 2:20,16.256
7/6/2024 2:30,16.256
7/6/2024 2:40,16.214
7/6/2024 2:50,16.149
7/6/2024 3:00,16.117
7/6/2024 3:10,16.074
7/6/2024 3:20,16.042
7/6/2024 3:30,15.999
7/6/2024 3:40,15.956
7/6/2024 3:50,15.924
7/6/2024 4:00,15.892
7/6/2024 4:10,15.849
7/6/2024 4:20,15.785
7/6/2024 4:30,15.806
7/6/2024 4:40,15.731
7/6/2024 4:50,15.731
7/6/2024 5:00,15.656
7/6/2024 5:10,15.624
7/6/2024 5:20,15.602
7/6/2024 5:30,15.581
7/6/2024 5:40,15.549
7/6/2024 5:50,15.516
7/6/2024 6:00,15.484
7/6/2024 6:10,15.452
7/6/2024 6:20,15.452
7/6/2024 6:30,15.42
7/6/2024 6:40,15.409
7/6/2024 6:50,15.409
7/6/2024 7:00,15.377
7/6/2024 7:10,15.366
7/6/2024 7:20,15.409
7/6/2024 7:30,15.398
7/6/2024 7:40,15.409
7/6/2024 7:50,15.452
7/6/2024 8:00,15.474
7/6/2024 8:10,15.463
7/6/2024 8:20,15.474
7/6/2024 8:30,15.527
7/6/2024 8:40,15.549
7/6/2024 8:50,15.634
7/6/2024 9:00,15.624
7/6/2024 9:10,15.656
7/6/2024 9:20,15.688
7/6/2024 9:30,15.688
7/6/2024 9:40,15.742
7/6/2024 9:50,15.752
7/6/2024 10:00,15.795
7/6/2024 10:10,15.881
7/6/2024 10:20,15.945
7/6/2024 10:30,15.988
7/6/2024 10:40,16.031
7/6/2024 10:50,16.042
7/6/2024 11:00,16.096
7/6/2024 11:10,16.117
7/6/2024 11:20,16.149
7/6/2024 11:30,16.171
7/6/2024 11:40,16.203
7/6/2024 11:50,16.192
7/6/2024 12:00,16.181
7/6/2024 12:10,16.181
7/6/2024 12:20,16.181
7/6/2024 12:30,16.192
7/6/2024 12:40,16.203
7/6/2024 12:50,16.192
7/6/2024 13:00,16.203
7/6/2024 13:10,16.235
7/6/2024 13:20,16.203
7/6/2024 13:30,16.224
7/6/2024 13:40,16.235
7/6/2024 13:50,16.235
7/6/2024 14:00,16.246
7/6/2024 14:10,16.278
7/6/2024 14:20,16.278
7/6/2024 14:30,16.289
7/6/2024 14:40,16.321
7/6/2024 14:50,16.342
7/6/2024 15:00,16.385
7/6/2024 15:10,16.428
7/6/2024 15:20,16.417
7/6/2024 15:30,16.482
7/6/2024 15:40,16.482
7/6/2024 15:50,16.503
7/6/2024 16:00,16.525
7/6/2024 16:10,16.525
7/6/2024 16:20,16.525
7/6/2024 16:30,16.535
7/6/2024 16:40,16.546
7/6/2024 16:50,16.535
7/6/2024 17:00,16.492
7/6/2024 17:10,16.492
7/6/2024 17:20,16.45
7/6/2024 17:30,16.428
7/6/2024 17:40,16.407
7/6/2024 17:50,16.396
7/6/2024 18:00,16.364
7/6/2024 18:10,16.364
7/6/2024 18:20,16.299
7/6/2024 18:30,16.299
7/6/2024 18:40,16.278
7/6/2024 18:50,16.256
7/6/2024 19:00,16.235
7/6/2024 19:10,16.203
7/6/2024 19:20,16.181
7/6/2024 19:30,16.149
7/6/2024 19:40,16.149
7/6/2024 19:50,16.117
7/6/2024 20:00,16.096
7/6/2024 20:10,16.074
7/6/2024 20:20,16.042
7/6/2024 20:30,16.021
7/6/2024 20:40,15.978
7/6/2024 20:50,15.988
7/6/2024 21:00,15.956
7/6/2024 21:10,15.935
7/6/2024 21:20,15.924
7/6/2024 21:30,15.87
7/6/2024 21:40,15.86
7/6/2024 21:50,15.86
7/6/2024 22:00,15.806
7/6/2024 22:10,15.806
7/6/2024 22:20,15.763
7/6/2024 22:30,15.774
7/6/2024 22:40,15.731
7/6/2024 22:50,15.72
7/6/2024 23:00,15.699
7/6/2024 23:10,15.688
7/6/2024 23:20,15.656
7/6/2024 23:30,15.634
7/6/2024 23:40,15.592
7/6/2024 23:50,15.57
7/7/2024 0:00,15.549
7/7/2024 0:10,15.538
7/7/2024 0:20,15.506
7/7/2024 0:30,15.484
7/7/2024 0:40,15.474
7/7/2024 0:50,15.431
7/7/2024 1:00,15.431
7/7/2024 1:10,15.409
7/7/2024 1:20,15.356
7/7/2024 1:30,15.345
7/7/2024 1:40,15.323
7/7/2024 1:50,15.313
7/7/2024 2:00,15.28
7/7/2024 2:10,15.27
7/7/2024 2:20,15.238
7/7/2024 2:30,15.238
7/7/2024 2:40,15.205
7/7/2024 2:50,15.195
7/7/2024 3:00,15.184
7/7/2024 3:10,15.152
7/7/2024 3:20,15.152
7/7/2024 3:30,15.12
7/7/2024 3:40,15.087
7/7/2024 3:50,15.077
7/7/2024 4:00,15.066
7/7/2024 4:10,15.045
7/7/2024 4:20,15.002
7/7/2024 4:30,15.012
7/7/2024 4:40,14.98
7/7/2024 4:50,14.959
7/7/2024 5:00,14.98
7/7/2024 5:10,14.927
7/7/2024 5:20,14.937
7/7/2024 5:30,14.916
7/7/2024 5:40,14.927
7/7/2024 5:50,14.894
7/7/2024 6:00,14.884
7/7/2024 6:10,14.873
7/7/2024 6:20,14.851
7/7/2024 6:30,14.841
7/7/2024 6:40,14.851
7/7/2024 6:50,14.83
7/7/2024 7:00,14.83
7/7/2024 7:10,14.841
7/7/2024 7:20,14.841
7/7/2024 7:30,14.819
7/7/2024 7:40,14.787
7/7/2024 7:50,14.819
7/7/2024 8:00,14.83
7/7/2024 8:10,14.798
7/7/2024 8:20,14.809
7/7/2024 8:30,14.776
7/7/2024 8:40,14.798
7/7/2024 8:50,14.819
7/7/2024 9:00,14.798
7/7/2024 9:10,14.83
7/7/2024 9:20,14.841
7/7/2024 9:30,14.841
7/7/2024 9:40,14.83
7/7/2024 9:50,14.841
7/7/2024 10:00,14.841
7/7/2024 10:10,14.841
7/7/2024 10:20,14.862
7/7/2024 10:30,14.862
7/7/2024 10:40,14.873
7/7/2024 10:50,14.905
7/7/2024 11:00,14.894
7/7/2024 11:10,14.894
7/7/2024 11:20,14.937
7/7/2024 11:30,14.969
7/7/2024 11:40,14.98
7/7/2024 11:50,14.991
7/7/2024 12:00,15.002
7/7/2024 12:10,15.012
7/7/2024 12:20,15.034
7/7/2024 12:30,15.055
7/7/2024 12:40,15.066
7/7/2024 12:50,15.098
7/7/2024 13:00,15.152
7/7/2024 13:10,15.163
7/7/2024 13:20,15.184
7/7/2024 13:30,15.238
7/7/2024 13:40,15.27
7/7/2024 13:50,15.302
7/7/2024 14:00,15.334
7/7/2024 14:10,15.345
7/7/2024 14:20,15.377
7/7/2024 14:30,15.398
7/7/2024 14:40,15.409
7/7/2024 14:50,15.42
7/7/2024 15:00,15.42
7/7/2024 15:10,15.441
7/7/2024 15:20,15.441
7/7/2024 15:30,15.452
7/7/2024 15:40,15.452
7/7/2024 15:50,15.463
7/7/2024 16:00,15.463
7/7/2024 16:10,15.441
7/7/2024 16:20,15.463
7/7/2024 16:30,15.463
7/7/2024 16:40,15.463
7/7/2024 16:50,15.452
7/7/2024 17:00,15.463
7/7/2024 17:10,15.463
7/7/2024 17:20,15.452
7/7/2024 17:30,15.463
7/7/2024 17:40,15.431
7/7/2024 17:50,15.452
7/7/2024 18:00,15.431
7/7/2024 18:10,15.431
7/7/2024 18:20,15.398
7/7/2024 18:30,15.388
7/7/2024 18:40,15.366
7/7/2024 18:50,15.377
7/7/2024 19:00,15.366
7/7/2024 19:10,15.345
7/7/2024 19:20,15.313
7/7/2024 19:30,15.291
7/7/2024 19:40,15.28
7/7/2024 19:50,15.28
7/7/2024 20:00,15.238
7/7/2024 20:10,15.238
7/7/2024 20:20,15.227
7/7/2024 20:30,15.205
7/7/2024 20:40,15.184
7/7/2024 20:50,15.152
7/7/2024 21:00,15.13
7/7/2024 21:10,15.109
7/7/2024 21:20,15.087
7/7/2024 21:30,15.087
7/7/2024 21:40,15.055
7/7/2024 21:50,15.023
7/7/2024 22:00,15.002
7/7/2024 22:10,14.969
7/7/2024 22:20,14.98
7/7/2024 22:30,14.927
7/7/2024 22:40,14.894
7/7/2024 22:50,14.873
7/7/2024 23:00,14.841
7/7/2024 23:10,14.83
7/7/2024 23:20,14.787
7/7/2024 23:30,14.766
7/7/2024 23:40,14.723
7/7/2024 23:50,14.701
7/8/2024 0:00,14.669
7/8/2024 0:10,14.648
7/8/2024 0:20,14.637
7/8/2024 0:30,14.573
7/8/2024 0:40,14.551
7/8/2024 0:50,14.508
7/8/2024 1:00,14.487
7/8/2024 1:10,14.465
7/8/2024 1:20,14.433
7/8/2024 1:30,14.38
7/8/2024 1:40,14.358
7/8/2024 1:50,14.337
7/8/2024 2:00,14.315
7/8/2024 2:10,14.294
7/8/2024 2:20,14.272
7/8/2024 2:30,14.229
7/8/2024 2:40,14.208
7/8/2024 2:50,14.165
7/8/2024 3:00,14.165
7/8/2024 3:10,14.111
7/8/2024 3:20,14.079
7/8/2024 3:30,14.047
7/8/2024 3:40,14.004
7/8/2024 3:50,13.983
7/8/2024 4:00,13.961
7/8/2024 4:10,13.918
7/8/2024 4:20,13.908
7/8/2024 4:30,13.833
7/8/2024 4:40,13.822
7/8/2024 4:50,13.79
7/8/2024 5:00,13.736
7/8/2024 5:10,13.704
7/8/2024 5:20,13.693
7/8/2024 5:30,13.661
7/8/2024 5:40,13.629
7/8/2024 5:50,13.597
7/8/2024 6:00,13.575
7/8/2024 6:10,13.543
7/8/2024 6:20,13.532
7/8/2024 6:30,13.511
7/8/2024 6:40,13.5
7/8/2024 6:50,13.489
7/8/2024 7:00,13.446
7/8/2024 7:10,13.425
7/8/2024 7:20,13.457
7/8/2024 7:30,13.446
7/8/2024 7:40,13.457
7/8/2024 7:50,13.436
7/8/2024 8:00,13.468
7/8/2024 8:10,13.479
7/8/2024 8:20,13.5
7/8/2024 8:30,13.489
7/8/2024 8:40,13.489
7/8/2024 8:50,13.489
7/8/2024 9:00,13.522
7/8/2024 9:10,13.511
7/8/2024 9:20,13.532
7/8/2024 9:30,13.522
7/8/2024 9:40,13.554
7/8/2024 9:50,13.554
7/8/2024 10:00,13.564
7/8/2024 10:10,13.607
7/8/2024 10:20,13.607
7/8/2024 10:30,13.629
7/8/2024 10:40,13.65
7/8/2024 10:50,13.682
7/8/2024 11:00,13.693
7/8/2024 11:10,13.693
7/8/2024 11:20,13.725
7/8/2024 11:30,13.725
7/8/2024 11:40,13.736
7/8/2024 11:50,13.747
7/8/2024 12:00,13.79
7/8/2024 12:10,13.8
7/8/2024 12:20,13.8
7/8/2024 12:30,13.822
7/8/2024 12:40,13.833
7/8/2024 12:50,13.854
7/8/2024 13:00,13.876
7/8/2024 13:10,13.886
7/8/2024 13:20,13.897
7/8/2024 13:30,13.886
7/8/2024 13:40,13.918
7/8/2024 13:50,13.897
7/8/2024 14:00,13.918
7/8/2024 14:10,13.918
7/8/2024 14:20,13.918
7/8/2024 14:30,13.951
7/8/2024 14:40,13.951
7/8/2024 14:50,13.961
7/8/2024 15:00,13.972
7/8/2024 15:10,13.961
7/8/2024 15:20,13.961
7/8/2024 15:30,13.961
7/8/2024 15:40,13.972
7/8/2024 15:50,13.983
7/8/2024 16:00,13.972
7/8/2024 16:10,13.983
7/8/2024 16:20,13.983
7/8/2024 16:30,13.972
7/8/2024 16:40,13.983
7/8/2024 16:50,13.972
7/8/2024 17:00,13.951
7/8/2024 17:10,13.94
7/8/2024 17:20,13.94
7/8/2024 17:30,13.929
7/8/2024 17:40,13.929
7/8/2024 17:50,13.929
7/8/2024 18:00,13.918
7/8/2024 18:10,13.918
7/8/2024 18:20,13.918
7/8/2024 18:30,13.908
7/8/2024 18:40,13.876
7/8/2024 18:50,13.876
7/8/2024 19:00,13.854
7/8/2024 19:10,13.865
7/8/2024 19:20,13.822
7/8/2024 19:30,13.822
7/8/2024 19:40,13.8
7/8/2024 19:50,13.811
7/8/2024 20:00,13.779
7/8/2024 20:10,13.779
7/8/2024 20:20,13.768
7/8/2024 20:30,13.747
7/8/2024 20:40,13.736
7/8/2024 20:50,13.715
7/8/2024 21:00,13.715
7/8/2024 21:10,13.682
7/8/2024 21:20,13.672
7/8/2024 21:30,13.661
7/8/2024 21:40,13.661
7/8/2024 21:50,13.629
7/8/2024 22:00,13.629
7/8/2024 22:10,13.618
7/8/2024 22:20,13.607
7/8/2024 22:30,13.597
7/8/2024 22:40,13.575
7/8/2024 22:50,13.564
7/8/2024 23:00,13.564
7/8/2024 23:10,13.543
7/8/2024 23:20,13.554
7/8/2024 23:30,13.532
7/8/2024 23:40,13.522
7/8/2024 23:50,13.511
7/9/2024 0:00,13.511
7/9/2024 0:10,13.5
7/9/2024 0:20,13.5
7/9/2024 0:30,13.479
7/9/2024 0:40,13.457
7/9/2024 0:50,13.457
7/9/2024 1:00,13.436
7/9/2024 1:10,13.436
7/9/2024 1:20,13.425
7/9/2024 1:30,13.436
7/9/2024 1:40,13.425
7/9/2024 1:50,13.414
7/9/2024 2:00,13.393
7/9/2024 2:10,13.382
7/9/2024 2:20,13.35
7/9/2024 2:30,13.361
7/9/2024 2:40,13.371
7/9/2024 2:50,13.339
7/9/2024 3:00,13.35
7/9/2024 3:10,13.329
7/9/2024 3:20,13.339
7/9/2024 3:30,13.339
7/9/2024 3:40,13.318
7/9/2024 3:50,13.339
7/9/2024 4:00,13.307
7/9/2024 4:10,13.296
7/9/2024 4:20,13.296
7/9/2024 4:30,13.286
7/9/2024 4:40,13.275
7/9/2024 4:50,13.275
7/9/2024 5:00,13.286
7/9/2024 5:10,13.253
7/9/2024 5:20,13.296
7/9/2024 5:30,13.275
7/9/2024 5:40,13.286
7/9/2024 5:50,13.286
7/9/2024 6:00,13.286
7/9/2024 6:10,13.296
7/9/2024 6:20,13.275
7/9/2024 6:30,13.275
7/9/2024 6:40,13.286
7/9/2024 6:50,13.296
7/9/2024 7:00,13.296
7/9/2024 7:10,13.296
7/9/2024 7:20,13.296
7/9/2024 7:30,13.318
7/9/2024 7:40,13.339
7/9/2024 7:50,13.339
7/9/2024 8:00,13.35
7/9/2024 8:10,13.382
7/9/2024 8:20,13.393
7/9/2024 8:30,13.382
7/9/2024 8:40,13.436
7/9/2024 8:50,13.446
7/9/2024 9:00,13.489
7/9/2024 9:10,13.489
7/9/2024 9:20,13.522
7/9/2024 9:30,13.564
7/9/2024 9:40,13.586
7/9/2024 9:50,13.64
7/9/2024 10:00,13.65
7/9/2024 10:10,13.715
7/9/2024 10:20,13.768
7/9/2024 10:30,13.8
7/9/2024 10:40,13.854
7/9/2024 10:50,13.908
7/9/2024 11:00,13.94
7/9/2024 11:10,13.983
7/9/2024 11:20,14.036
7/9/2024 11:30,14.101
7/9/2024 11:40,14.133
7/9/2024 11:50,14.197
7/9/2024 12:00,14.262
7/9/2024 12:10,14.283
7/9/2024 12:20,14.326
7/9/2024 12:30,14.347
7/9/2024 12:40,14.39
7/9/2024 12:50,14.401
7/9/2024 13:00,14.401
7/9/2024 13:10,14.455
7/9/2024 13:20,14.465
7/9/2024 13:30,14.508
7/9/2024 13:40,14.508
7/9/2024 13:50,14.53
7/9/2024 14:00,14.583
7/9/2024 14:10,14.583
7/9/2024 14:20,14.616
7/9/2024 14:30,14.637
7/9/2024 14:40,14.648
7/9/2024 14:50,14.691
7/9/2024 15:00,14.712
7/9/2024 15:10,14.755
7/9/2024 15:20,14.776
7/9/2024 15:30,14.787
7/9/2024 15:40,14.819
7/9/2024 15:50,14.841
7/9/2024 16:00,14.851
7/9/2024 16:10,14.884
7/9/2024 16:20,14.905
7/9/2024 16:30,14.916
7/9/2024 16:40,14.937
7/9/2024 16:50,14.937
7/9/2024 17:00,14.916
7/9/2024 17:10,14.905
7/9/2024 17:20,14.916
7/9/2024 17:30,14.927
7/9/2024 17:40,14.916
7/9/2024 17:50,14.894
7/9/2024 18:00,14.894
7/9/2024 18:10,14.862
7/9/2024 18:20,14.884
7/9/2024 18:30,14.841
7/9/2024 18:40,14.819
7/9/2024 18:50,14.809
7/9/2024 19:00,14.809
7/9/2024 19:10,14.755
7/9/2024 19:20,14.744
7/9/2024 19:30,14.723
7/9/2024 19:40,14.701
7/9/2024 19:50,14.669
7/9/2024 20:00,14.658
7/9/2024 20:10,14.626
7/9/2024 20:20,14.605
7/9/2024 20:30,14.605
7/9/2024 20:40,14.573
7/9/2024 20:50,14.551
7/9/2024 21:00,14.508
7/9/2024 21:10,14.508
7/9/2024 21:20,14.465
7/9/2024 21:30,14.465
7/9/2024 21:40,14.433
7/9/2024 21:50,14.422
7/9/2024 22:00,14.412
7/9/2024 22:10,14.358
7/9/2024 22:20,14.358
7/9/2024 22:30,14.326
7/9/2024 22:40,14.326
7/9/2024 22:50,14.315
7/9/2024 23:00,14.294
7/9/2024 23:10,14.272
7/9/2024 23:20,14.24
7/9/2024 23:30,14.262
7/9/2024 23:40,14.219
7/9/2024 23:50,14.229
7/10/2024 0:00,14.176
7/10/2024 0:10,14.176
7/10/2024 0:20,14.144
7/10/2024 0:30,14.144
7/10/2024 0:40,14.133
7/10/2024 0:50,14.122
7/10/2024 1:00,14.122
7/10/2024 1:10,14.079
7/10/2024 1:20,14.069
7/10/2024 1:30,14.047
7/10/2024 1:40,14.047
7/10/2024 1:50,14.026
7/10/2024 2:00,14.015
7/10/2024 2:10,13.993
7/10/2024 2:20,13.972
7/10/2024 2:30,13.951
7/10/2024 2:40,13.951
7/10/2024 2:50,13.929
7/10/2024 3:00,13.929
7/10/2024 3:10,13.908
7/10/2024 3:20,13.918
7/10/2024 3:30,13.918
7/10/2024 3:40,13.897
7/10/2024 3:50,13.897
7/10/2024 4:00,13.854
7/10/2024 4:10,13.876
7/10/2024 4:20,13.843
7/10/2024 4:30,13.843
7/10/2024 4:40,13.833
7/10/2024 4:50,13.811
7/10/2024 5:00,13.822
7/10/2024 5:10,13.822
7/10/2024 5:20,13.8
7/10/2024 5:30,13.8
7/10/2024 5:40,13.79
7/10/2024 5:50,13.79
7/10/2024 6:00,13.779
7/10/2024 6:10,13.779
7/10/2024 6:20,13.779
7/10/2024 6:30,13.79
7/10/2024 6:40,13.811
7/10/2024 6:50,13.811
7/10/2024 7:00,13.833
7/10/2024 7:10,13.854
7/10/2024 7:20,13.843
7/10/2024 7:30,13.876
7/10/2024 7:40,13.897
7/10/2024 7:50,13.908
7/10/2024 8:00,13.918
7/10/2024 8:10,13.961
7/10/2024 8:20,13.951
7/10/2024 8:30,13.983
7/10/2024 8:40,13.972
7/10/2024 8:50,13.972
7/10/2024 9:00,13.972
7/10/2024 9:10,13.993
7/10/2024 9:20,14.026
7/10/2024 9:30,14.058
7/10/2024 9:40,14.069
7/10/2024 9:50,14.09
7/10/2024 10:00,14.111
7/10/2024 10:10,14.144
7/10/2024 10:20,14.165
7/10/2024 10:30,14.208
7/10/2024 10:40,14.219
7/10/2024 10:50,14.294
7/10/2024 11:00,14.358
7/10/2024 11:10,14.38
7/10/2024 11:20,14.476
7/10/2024 11:30,14.53
7/10/2024 11:40,14.562
7/10/2024 11:50,14.616
7/10/2024 12:00,14.701
7/10/2024 12:10,14.776
7/10/2024 12:20,14.862
7/10/2024 12:30,14.969
7/10/2024 12:40,15.066
7/10/2024 12:50,15.163
7/10/2024 13:00,15.238
7/10/2024 13:10,15.313
7/10/2024 13:20,15.388
7/10/2024 13:30,15.452
7/10/2024 13:40,15.538
7/10/2024 13:50,15.602
7/10/2024 14:00,15.688
7/10/2024 14:10,15.742
7/10/2024 14:20,15.817
7/10/2024 14:30,15.892
7/10/2024 14:40,15.967
7/10/2024 14:50,16.031
7/10/2024 15:00,16.074
7/10/2024 15:10,16.128
7/10/2024 15:20,16.171
7/10/2024 15:30,16.181
7/10/2024 15:40,16.224
7/10/2024 15:50,16.256
7/10/2024 16:00,16.299
7/10/2024 16:10,16.278
7/10/2024 16:20,16.31
7/10/2024 16:30,16.321
7/10/2024 16:40,16.31
7/10/2024 16:50,16.321
7/10/2024 17:00,16.321
7/10/2024 17:10,16.256
7/10/2024 17:20,16.267
7/10/2024 17:30,16.235
7/10/2024 17:40,16.235
7/10/2024 17:50,16.214
7/10/2024 18:00,16.181
7/10/2024 18:10,16.16
7/10/2024 18:20,16.138
7/10/2024 18:30,16.106
7/10/2024 18:40,16.074
7/10/2024 18:50,16.042
7/10/2024 19:00,16.031
7/10/2024 19:10,15.988
7/10/2024 19:20,15.945
7/10/2024 19:30,15.924
7/10/2024 19:40,15.87
7/10/2024 19:50,15.849
7/10/2024 20:00,15.817
7/10/2024 20:10,15.785
7/10/2024 20:20,15.774
7/10/2024 20:30,15.731
7/10/2024 20:40,15.688
7/10/2024 20:50,15.677
7/10/2024 21:00,15.613
7/10/2024 21:10,15.613
7/10/2024 21:20,15.57
7/10/2024 21:30,15.549
7/10/2024 21:40,15.516
7/10/2024 21:50,15.474
7/10/2024 22:00,15.42
7/10/2024 22:10,15.409
7/10/2024 22:20,15.377
7/10/2024 22:30,15.323
7/10/2024 22:40,15.313
7/10/2024 22:50,15.28
7/10/2024 23:00,15.238
7/10/2024 23:10,15.205
7/10/2024 23:20,15.163
7/10/2024 23:30,15.12
7/10/2024 23:40,15.087
7/10/2024 23:50,15.045
7/11/2024 0:00,15.002
7/11/2024 0:10,14.959
7/11/2024 0:20,14.937
7/11/2024 0:30,14.894
7/11/2024 0:40,14.841
7/11/2024 0:50,14.776
7/11/2024 1:00,14.766
7/11/2024 1:10,14.723
7/11/2024 1:20,14.669
7/11/2024 1:30,14.637
7/11/2024 1:40,14.583
7/11/2024 1:50,14.53
7/11/2024 2:00,14.487
7/11/2024 2:10,14.412
7/11/2024 2:20,14.39
7/11/2024 2:30,14.358
7/11/2024 2:40,14.283
7/11/2024 2:50,14.229
7/11/2024 3:00,14.219
7/11/2024 3:10,14.165
7/11/2024 3:20,14.101
7/11/2024 3:30,14.069
7/11/2024 3:40,14.026
7/11/2024 3:50,13.983
7/11/2024 4:00,13.929
7/11/2024 4:10,13.876
7/11/2024 4:20,13.843
7/11/2024 4:30,13.8
7/11/2024 4:40,13.779
7/11/2024 4:50,13.715
7/11/2024 5:00,13.65
7/11/2024 5:10,13.64
7/11/2024 5:20,13.564
7/11/2024 5:30,13.575
7/11/2024 5:40,13.554
7/11/2024 5:50,13.522
7/11/2024 6:00,13.522
7/11/2024 6:10,13.479
7/11/2024 6:20,13.489
7/11/2024 6:30,13.489
7/11/2024 6:40,13.479
7/11/2024 6:50,13.457
7/11/2024 7:00,13.479
7/11/2024 7:10,13.457
7/11/2024 7:20,13.468
7/11/2024 7:30,13.489
7/11/2024 7:40,13.468
7/11/2024 7:50,13.489
7/11/2024 8:00,13.532
7/11/2024 8:10,13.554
7/11/2024 8:20,13.586
7/11/2024 8:30,13.629
7/11/2024 8:40,13.661
7/11/2024 8:50,13.747
7/11/2024 9:00,13.8
7/11/2024 9:10,13.865
7/11/2024 9:20,13.908
7/11/2024 9:30,13.983
7/11/2024 9:40,14.015
7/11/2024 9:50,14.09
7/11/2024 10:00,14.187
7/11/2024 10:10,14.262
7/11/2024 10:20,14.369
7/11/2024 10:30,14.455
7/11/2024 10:40,14.53
7/11/2024 10:50,14.648
7/11/2024 11:00,14.744
7/11/2024 11:10,14.851
7/11/2024 11:20,14.959
7/11/2024 11:30,15.055
7/11/2024 11:40,15.141
7/11/2024 11:50,15.195
7/11/2024 12:00,15.27
7/11/2024 12:10,15.323
7/11/2024 12:20,15.366
7/11/2024 12:30,15.474
7/11/2024 12:40,15.549
7/11/2024 12:50,15.634
7/11/2024 13:00,15.677
7/11/2024 13:10,15.709
7/11/2024 13:20,15.752
7/11/2024 13:30,15.817
7/11/2024 13:40,15.838
7/11/2024 13:50,15.87
7/11/2024 14:00,15.86
7/11/2024 14:10,15.86
7/11/2024 14:20,15.86
7/11/2024 14:30,15.849
7/11/2024 14:40,15.86
7/11/2024 14:50,15.86
7/11/2024 15:00,15.87
7/11/2024 15:10,15.935
7/11/2024 15:20,15.967
7/11/2024 15:30,15.978
7/11/2024 15:40,15.999
7/11/2024 15:50,16.053
7/11/2024 16:00,16.063
7/11/2024 16:10,16.074
7/11/2024 16:20,16.096
7/11/2024 16:30,16.096
7/11/2024 16:40,16.085
7/11/2024 16:50,16.074
7/11/2024 17:00,16.085
7/11/2024 17:10,16.074
7/11/2024 17:20,16.085
7/11/2024 17:30,16.053
7/11/2024 17:40,16.053
7/11/2024 17:50,16.042
7/11/2024 18:00,16.053
7/11/2024 18:10,16.01
7/11/2024 18:20,15.999
7/11/2024 18:30,15.978
7/11/2024 18:40,15.967
7/11/2024 18:50,15.935
7/11/2024 19:00,15.913
7/11/2024 19:10,15.881
7/11/2024 19:20,15.881
7/11/2024 19:30,15.849
7/11/2024 19:40,15.795
7/11/2024 19:50,15.763
7/11/2024 20:00,15.752
7/11/2024 20:10,15.709
7/11/2024 20:20,15.688
7/11/2024 20:30,15.645
7/11/2024 20:40,15.602
7/11/2024 20:50,15.57
7/11/2024 21:00,15.549
7/11/2024 21:10,15.516
7/11/2024 21:20,15.474
7/11/2024 21:30,15.452
7/11/2024 21:40,15.409
7/11/2024 21:50,15.366
7/11/2024 22:00,15.356
7/11/2024 22:10,15.323
7/11/2024 22:20,15.302
7/11/2024 22:30,15.28
7/11/2024 22:40,15.248
7/11/2024 22:50,15.205
7/11/2024 23:00,15.184
7/11/2024 23:10,15.141
7/11/2024 23:20,15.12
7/11/2024 23:30,15.109
7/11/2024 23:40,15.055
7/11/2024 23:50,15.023
7/12/2024 0:00,15.002
7/12/2024 0:10,14.969
7/12/2024 0:20,14.937
7/12/2024 0:30,14.937
7/12/2024 0:40,14.894
7/12/2024 0:50,14.851
7/12/2024 1:00,14.841
7/12/2024 1:10,14.809
7/12/2024 1:20,14.776
7/12/2024 1:30,14.755
7/12/2024 1:40,14.701
7/12/2024 1:50,14.691
7/12/2024 2:00,14.658
7/12/2024 2:10,14.648
7/12/2024 2:20,14.594
7/12/2024 2:30,14.583
7/12/2024 2:40,14.54
7/12/2024 2:50,14.53
7/12/2024 3:00,14.498
7/12/2024 3:10,14.465
7/12/2024 3:20,14.444
7/12/2024 3:30,14.433
7/12/2024 3:40,14.38
7/12/2024 3:50,14.369
7/12/2024 4:00,14.347
7/12/2024 4:10,14.315
7/12/2024 4:20,14.283
7/12/2024 4:30,14.262
7/12/2024 4:40,14.251
7/12/2024 4:50,14.24
7/12/2024 5:00,14.208
7/12/2024 5:10,14.154
7/12/2024 5:20,14.176
7/12/2024 5:30,14.133
7/12/2024 5:40,14.133
7/12/2024 5:50,14.122
7/12/2024 6:00,14.09
7/12/2024 6:10,14.111
7/12/2024 6:20,14.069
7/12/2024 6:30,14.058
7/12/2024 6:40,14.026
7/12/2024 6:50,14.026
7/12/2024 7:00,14.004
7/12/2024 7:10,13.983
7/12/2024 7:20,13.993
7/12/2024 7:30,13.983
7/12/2024 7:40,13.972
7/12/2024 7:50,13.983
7/12/2024 8:00,13.961
7/12/2024 8:10,13.972
7/12/2024 8:20,13.972
7/12/2024 8:30,13.972
7/12/2024 8:40,13.961
7/12/2024 8:50,13.983
7/12/2024 9:00,13.983
7/12/2024 9:10,14.015
7/12/2024 9:20,14.015
7/12/2024 9:30,14.026
7/12/2024 9:40,14.026
7/12/2024 9:50,14.058
7/12/2024 10:00,14.036
7/12/2024 10:10,14.079
7/12/2024 10:20,14.069
7/12/2024 10:30,14.069
7/12/2024 10:40,14.079
7/12/2024 10:50,14.09
7/12/2024 11:00,14.111
7/12/2024 11:10,14.101
7/12/2024 11:20,14.122
7/12/2024 11:30,14.154
7/12/2024 11:40,14.197
7/12/2024 11:50,14.251
7/12/2024 12:00,14.283
7/12/2024 12:10,14.315
7/12/2024 12:20,14.358
7/12/2024 12:30,14.38
7/12/2024 12:40,14.39
7/12/2024 12:50,14.433
7/12/2024 13:00,14.476
7/12/2024 13:10,14.519
7/12/2024 13:20,14.53
7/12/2024 13:30,14.583
7/12/2024 13:40,14.594
7/12/2024 13:50,14.658
7/12/2024 14:00,14.734
7/12/2024 14:10,14.798
7/12/2024 14:20,14.841
7/12/2024 14:30,14.884
7/12/2024 14:40,14.927
7/12/2024 14:50,15.002
7/12/2024 15:00,15.012
7/12/2024 15:10,15.055
7/12/2024 15:20,15.12
7/12/2024 15:30,15.152
7/12/2024 15:40,15.163
7/12/2024 15:50,15.205
7/12/2024 16:00,15.238
7/12/2024 16:10,15.238
7/12/2024 16:20,15.291
7/12/2024 16:30,15.291
7/12/2024 16:40,15.323
7/12/2024 16:50,15.323
7/12/2024 17:00,15.323
7/12/2024 17:10,15.356
7/12/2024 17:20,15.345
7/12/2024 17:30,15.356
7/12/2024 17:40,15.366
7/12/2024 17:50,15.377
7/12/2024 18:00,15.366
7/12/2024 18:10,15.377
7/12/2024 18:20,15.356
7/12/2024 18:30,15.366
7/12/2024 18:40,15.366
7/12/2024 18:50,15.345
7/12/2024 19:00,15.345
7/12/2024 19:10,15.334
7/12/2024 19:20,15.334
7/12/2024 19:30,15.323
7/12/2024 19:40,15.323
7/12/2024 19:50,15.28
7/12/2024 20:00,15.302
7/12/2024 20:10,15.259
7/12/2024 20:20,15.248
7/12/2024 20:30,15.216
7/12/2024 20:40,15.216
7/12/2024 20:50,15.184
7/12/2024 21:00,15.184
7/12/2024 21:10,15.141
7/12/2024 21:20,15.12
7/12/2024 21:30,15.12
7/12/2024 21:40,15.098
7/12/2024 21:50,15.055
7/12/2024 22:00,15.023
7/12/2024 22:10,15.034
7/12/2024 22:20,15.002
7/12/2024 22:30,14.969
7/12/2024 22:40,14.937
7/12/2024 22:50,14.948
7/12/2024 23:00,14.905
7/12/2024 23:10,14.862
7/12/2024 23:20,14.841
7/12/2024 23:30,14.809
7/12/2024 23:40,14.798
7/12/2024 23:50,14.766
7/13/2024 0:00,14.776
7/13/2024 0:10,14.734
7/13/2024 0:20,14.691
7/13/2024 0:30,14.691
7/13/2024 0:40,14.658
7/13/2024 0:50,14.648
7/13/2024 1:00,14.616
7/13/2024 1:10,14.594
7/13/2024 1:20,14.562
7/13/2024 1:30,14.562
7/13/2024 1:40,14.53
7/13/2024 1:50,14.498
7/13/2024 2:00,14.498
7/13/2024 2:10,14.476
7/13/2024 2:20,14.455
7/13/2024 2:30,14.433
7/13/2024 2:40,14.412
7/13/2024 2:50,14.39
7/13/2024 3:00,14.369
7/13/2024 3:10,14.347
7/13/2024 3:20,14.337
7/13/2024 3:30,14.326
7/13/2024 3:40,14.272
7/13/2024 3:50,14.305
7/13/2024 4:00,14.283
7/13/2024 4:10,14.24
7/13/2024 4:20,14.24
7/13/2024 4:30,14.208
7/13/2024 4:40,14.197
7/13/2024 4:50,14.176
7/13/2024 5:00,14.144
7/13/2024 5:10,14.176
7/13/2024 5:20,14.111
7/13/2024 5:30,14.122
7/13/2024 5:40,14.101
7/13/2024 5:50,14.069
7/13/2024 6:00,14.09
7/13/2024 6:10,14.069
7/13/2024 6:20,14.058
7/13/2024 6:30,14.047
7/13/2024 6:40,14.026
7/13/2024 6:50,14.026
7/13/2024 7:00,14.026
7/13/2024 7:10,14.026
7/13/2024 7:20,14.004
7/13/2024 7:30,14.015
7/13/2024 7:40,14.036
7/13/2024 7:50,14.026
7/13/2024 8:00,14.026
7/13/2024 8:10,14.036
7/13/2024 8:20,14.047
7/13/2024 8:30,14.101
7/13/2024 8:40,14.09
7/13/2024 8:50,14.111
7/13/2024 9:00,14.144
7/13/2024 9:10,14.154
7/13/2024 9:20,14.197
7/13/2024 9:30,14.251
7/13/2024 9:40,14.283
7/13/2024 9:50,14.294
7/13/2024 10:00,14.337
7/13/2024 10:10,14.369
7/13/2024 10:20,14.412
7/13/2024 10:30,14.455
7/13/2024 10:40,14.498
7/13/2024 10:50,14.551
7/13/2024 11:00,14.594
7/13/2024 11:10,14.658
7/13/2024 11:20,14.669
7/13/2024 11:30,14.723
7/13/2024 11:40,14.755
7/13/2024 11:50,14.798
7/13/2024 12:00,14.83
7/13/2024 12:10,14.884
7/13/2024 12:20,14.894
7/13/2024 12:30,14.937
7/13/2024 12:40,15.002
7/13/2024 12:50,15.066
7/13/2024 13:00,15.13
7/13/2024 13:10,15.205
7/13/2024 13:20,15.28
7/13/2024 13:30,15.313
7/13/2024 13:40,15.388
7/13/2024 13:50,15.463
7/13/2024 14:00,15.538
7/13/2024 14:10,15.634
7/13/2024 14:20,15.709
7/13/2024 14:30,15.785
7/13/2024 14:40,15.817
7/13/2024 14:50,15.881
7/13/2024 15:00,15.924
7/13/2024 15:10,15.967
7/13/2024 15:20,15.999
7/13/2024 15:30,16.053
7/13/2024 15:40,16.053
7/13/2024 15:50,16.074
7/13/2024 16:00,16.085
7/13/2024 16:10,16.063
7/13/2024 16:20,16.063
7/13/2024 16:30,16.085
7/13/2024 16:40,16.063
7/13/2024 16:50,16.042
7/13/2024 17:00,16.042
7/13/2024 17:10,16.021
7/13/2024 17:20,15.967
7/13/2024 17:30,15.935
7/13/2024 17:40,15.924
7/13/2024 17:50,15.881
7/13/2024 18:00,15.827
7/13/2024 18:10,15.827
7/13/2024 18:20,15.806
7/13/2024 18:30,15.763
7/13/2024 18:40,15.731
7/13/2024 18:50,15.72
7/13/2024 19:00,15.677
7/13/2024 19:10,15.645
7/13/2024 19:20,15.602
7/13/2024 19:30,15.57
7/13/2024 19:40,15.527
7/13/2024 19:50,15.474
7/13/2024 20:00,15.452
7/13/2024 20:10,15.431
7/13/2024 20:20,15.398
7/13/2024 20:30,15.356
7/13/2024 20:40,15.334
7/13/2024 20:50,15.291
7/13/2024 21:00,15.259
7/13/2024 21:10,15.238
7/13/2024 21:20,15.195
7/13/2024 21:30,15.152
7/13/2024 21:40,15.12
7/13/2024 21:50,15.055
7/13/2024 22:00,15.055
7/13/2024 22:10,15.002
7/13/2024 22:20,14.98
7/13/2024 22:30,14.959
7/13/2024 22:40,14.916
7/13/2024 22:50,14.862
7/13/2024 23:00,14.841
7/13/2024 23:10,14.798
7/13/2024 23:20,14.787
7/13/2024 23:30,14.744
7/13/2024 23:40,14.723
7/13/2024 23:50,14.691
7/14/2024 0:00,14.658
7/14/2024 0:10,14.637
7/14/2024 0:20,14.616
7/14/2024 0:30,14.594
7/14/2024 0:40,14.562
7/14/2024 0:50,14.519
7/14/2024 1:00,14.54
7/14/2024 1:10,14.476
7/14/2024 1:20,14.487
7/14/2024 1:30,14.433
7/14/2024 1:40,14.401
7/14/2024 1:50,14.39
7/14/2024 2:00,14.38
7/14/2024 2:10,14.347
7/14/2024 2:20,14.305
7/14/2024 2:30,14.315
7/14/2024 2:40,14.283
7/14/2024 2:50,14.24
7/14/2024 3:00,14.229
7/14/2024 3:10,14.24
7/14/2024 3:20,14.187
7/14/2024 3:30,14.165
7/14/2024 3:40,14.144
7/14/2024 3:50,14.101
7/14/2024 4:00,14.101
7/14/2024 4:10,14.069
7/14/2024 4:20,14.058
7/14/2024 4:30,14.026
7/14/2024 4:40,14.026
7/14/2024 4:50,13.972
7/14/2024 5:00,13.961
7/14/2024 5:10,13.961
7/14/2024 5:20,13.951
7/14/2024 5:30,13.929
7/14/2024 5:40,13.897
7/14/2024 5:50,13.897
7/14/2024 6:00,13.897
7/14/2024 6:10,13.876
7/14/2024 6:20,13.854
7/14/2024 6:30,13.833
7/14/2024 6:40,13.822
7/14/2024 6:50,13.833
7/14/2024 7:00,13.822
7/14/2024 7:10,13.811
7/14/2024 7:20,13.822
7/14/2024 7:30,13.8
7/14/2024 7:40,13.79
7/14/2024 7:50,13.833
7/14/2024 8:00,13.833
7/14/2024 8:10,13.833
7/14/2024 8:20,13.822
7/14/2024 8:30,13.865
7/14/2024 8:40,13.908
7/14/2024 8:50,13.929
7/14/2024 9:00,13.929
7/14/2024 9:10,13.961
7/14/2024 9:20,13.972
7/14/2024 9:30,13.993
7/14/2024 9:40,14.004
7/14/2024 9:50,14.036
7/14/2024 10:00,14.047
7/14/2024 10:10,14.069
7/14/2024 10:20,14.09
7/14/2024 10:30,14.101
7/14/2024 10:40,14.144
7/14/2024 10:50,14.154
7/14/2024 11:00,14.187
7/14/2024 11:10,14.176
7/14/2024 11:20,14.229
7/14/2024 11:30,14.262
7/14/2024 11:40,14.262
7/14/2024 11:50,14.294
7/14/2024 12:00,14.326
7/14/2024 12:10,14.369
7/14/2024 12:20,14.358
7/14/2024 12:30,14.39
7/14/2024 12:40,14.444
7/14/2024 12:50,14.444
7/14/2024 13:00,14.455
7/14/2024 13:10,14.487
7/14/2024 13:20,14.519
7/14/2024 13:30,14.573
7/14/2024 13:40,14.669
7/14/2024 13:50,14.691
7/14/2024 14:00,14.766
7/14/2024 14:10,14.787
7/14/2024 14:20,14.841
7/14/2024 14:30,14.927
7/14/2024 14:40,14.937
7/14/2024 14:50,15.002
7/14/2024 15:00,15.045
7/14/2024 15:10,15.055
7/14/2024 15:20,15.055
7/14/2024 15:30,15.055
7/14/2024 15:40,15.066
7/14/2024 15:50,15.077
7/14/2024 16:00,15.13
7/14/2024 16:10,15.13
7/14/2024 16:20,15.152
7/14/2024 16:30,15.13
7/14/2024 16:40,15.152
7/14/2024 16:50,15.152
7/14/2024 17:00,15.173
7/14/2024 17:10,15.184
7/14/2024 17:20,15.205
7/14/2024 17:30,15.195
7/14/2024 17:40,15.184
7/14/2024 17:50,15.184
7/14/2024 18:00,15.195
7/14/2024 18:10,15.173
7/14/2024 18:20,15.184
7/14/2024 18:30,15.152
7/14/2024 18:40,15.13
7/14/2024 18:50,15.13
7/14/2024 19:00,15.152
7/14/2024 19:10,15.13
7/14/2024 19:20,15.109
7/14/2024 19:30,15.087
7/14/2024 19:40,15.077
7/14/2024 19:50,15.045
7/14/2024 20:00,15.034
7/14/2024 20:10,15.023
7/14/2024 20:20,15.002
7/14/2024 20:30,15.002
7/14/2024 20:40,14.98
7/14/2024 20:50,14.948
7/14/2024 21:00,14.948
7/14/2024 21:10,14.916
7/14/2024 21:20,14.894
7/14/2024 21:30,14.873
7/14/2024 21:40,14.851
7/14/2024 21:50,14.83
7/14/2024 22:00,14.776
7/14/2024 22:10,14.776
7/14/2024 22:20,14.766
7/14/2024 22:30,14.734
7/14/2024 22:40,14.723
7/14/2024 22:50,14.712
7/14/2024 23:00,14.658
7/14/2024 23:10,14.658
7/14/2024 23:20,14.626
7/14/2024 23:30,14.583
7/14/2024 23:40,14.594
7/14/2024 23:50,14.562
7/15/2024 0:00,14.562
7/15/2024 0:10,14.53
7/15/2024 0:20,14.498
7/15/2024 0:30,14.465
7/15/2024 0:40,14.465
7/15/2024 0:50,14.422
7/15/2024 1:00,14.38
7/15/2024 1:10,14.358
7/15/2024 1:20,14.347
7/15/2024 1:30,14.315
7/15/2024 1:40,14.315
7/15/2024 1:50,14.283
7/15/2024 2:00,14.262
7/15/2024 2:10,14.229
7/15/2024 2:20,14.197
7/15/2024 2:30,14.197
7/15/2024 2:40,14.165
7/15/2024 2:50,14.133
7/15/2024 3:00,14.111
7/15/2024 3:10,14.09
7/15/2024 3:20,14.047
7/15/2024 3:30,14.036
7/15/2024 3:40,14.015
7/15/2024 3:50,13.993
7/15/2024 4:00,13.908
7/15/2024 4:10,13.908
7/15/2024 4:20,13.865
7/15/2024 4:30,13.822
7/15/2024 4:40,13.768
7/15/2024 4:50,13.758
7/15/2024 5:00,13.715
7/15/2024 5:10,13.704
7/15/2024 5:20,13.661
7/15/2024 5:30,13.618
7/15/2024 5:40,13.597
7/15/2024 5:50,13.554
7/15/2024 6:00,13.532
7/15/2024 6:10,13.511
7/15/2024 6:20,13.5
7/15/2024 6:30,13.468
7/15/2024 6:40,13.457
7/15/2024 6:50,13.468
7/15/2024 7:00,13.457
7/15/2024 7:10,13.457
7/15/2024 7:20,13.436
7/15/2024 7:30,13.457
7/15/2024 7:40,13.457
7/15/2024 7:50,13.479
7/15/2024 8:00,13.522
7/15/2024 8:10,13.543
7/15/2024 8:20,13.575
7/15/2024 8:30,13.575
7/15/2024 8:40,13.672
7/15/2024 8:50,13.736
7/15/2024 9:00,13.779
7/15/2024 9:10,13.833
7/15/2024 9:20,13.897
7/15/2024 9:30,13.929
7/15/2024 9:40,14.026
7/15/2024 9:50,14.101
7/15/2024 10:00,14.197
7/15/2024 10:10,14.294
7/15/2024 10:20,14.38
7/15/2024 10:30,14.487
7/15/2024 10:40,14.616
7/15/2024 10:50,14.755
7/15/2024 11:00,14.862
7/15/2024 11:10,14.991
7/15/2024 11:20,15.12
7/15/2024 11:30,15.259
7/15/2024 11:40,15.398
7/15/2024 11:50,15.474
7/15/2024 12:00,15.549
7/15/2024 12:10,15.667
7/15/2024 12:20,15.806
7/15/2024 12:30,15.935
7/15/2024 12:40,16.074
7/15/2024 12:50,16.171
7/15/2024 13:00,16.278
7/15/2024 13:10,16.364
7/15/2024 13:20,16.471
7/15/2024 13:30,16.535
7/15/2024 13:40,16.653
7/15/2024 13:50,16.761
7/15/2024 14:00,16.825
7/15/2024 14:10,16.921
7/15/2024 14:20,17.007
7/15/2024 14:30,17.072
7/15/2024 14:40,17.093
7/15/2024 14:50,17.168
7/15/2024 15:00,17.222
7/15/2024 15:10,17.254
7/15/2024 15:20,17.297
7/15/2024 15:30,17.318
7/15/2024 15:40,17.34
7/15/2024 15:50,17.34
7/15/2024 16:00,17.383
7/15/2024 16:10,17.361
7/15/2024 16:20,17.372
7/15/2024 16:30,17.404
7/15/2024 16:40,17.393
7/15/2024 16:50,17.393
7/15/2024 17:00,17.383
7/15/2024 17:10,17.372
7/15/2024 17:20,17.393
7/15/2024 17:30,17.361
7/15/2024 17:40,17.372
7/15/2024 17:50,17.34
7/15/2024 18:00,17.34
7/15/2024 18:10,17.308
7/15/2024 18:20,17.318
7/15/2024 18:30,17.265
7/15/2024 18:40,17.222
7/15/2024 18:50,17.211
7/15/2024 19:00,17.2
7/15/2024 19:10,17.179
7/15/2024 19:20,17.136
7/15/2024 19:30,17.072
7/15/2024 19:40,17.05
7/15/2024 19:50,16.975
7/15/2024 20:00,16.964
7/15/2024 20:10,16.932
7/15/2024 20:20,16.9
7/15/2024 20:30,16.857
7/15/2024 20:40,16.803
7/15/2024 20:50,16.761
7/15/2024 21:00,16.728
7/15/2024 21:10,16.664
7/15/2024 21:20,16.621
7/15/2024 21:30,16.589
7/15/2024 21:40,16.546
7/15/2024 21:50,16.482
7/15/2024 22:00,16.471
7/15/2024 22:10,16.417
7/15/2024 22:20,16.342
7/15/2024 22:30,16.332
7/15/2024 22:40,16.256
7/15/2024 22:50,16.224
7/15/2024 23:00,16.192
7/15/2024 23:10,16.16
7/15/2024 23:20,16.085
7/15/2024 23:30,16.042
7/15/2024 23:40,15.988
7/15/2024 23:50,15.967
7/16/2024 0:00,15.903
7/16/2024 0:10,15.86
7/16/2024 0:20,15.817
7/16/2024 0:30,15.752
7/16/2024 0:40,15.72
7/16/2024 0:50,15.677
7/16/2024 1:00,15.634
7/16/2024 1:10,15.559
7/16/2024 1:20,15.516
7/16/2024 1:30,15.495
7/16/2024 1:40,15.431
7/16/2024 1:50,15.366
7/16/2024 2:00,15.334
7/16/2024 2:10,15.28
7/16/2024 2:20,15.27
7/16/2024 2:30,15.205
7/16/2024 2:40,15.13
7/16/2024 2:50,15.13
7/16/2024 3:00,15.045
7/16/2024 3:10,15.023
7/16/2024 3:20,14.959
7/16/2024 3:30,14.937
7/16/2024 3:40,14.862
7/16/2024 3:50,14.819
7/16/2024 4:00,14.744
7/16/2024 4:10,14.734
7/16/2024 4:20,14.669
7/16/2024 4:30,14.637
7/16/2024 4:40,14.594
7/16/2024 4:50,14.54
7/16/2024 5:00,14.498
7/16/2024 5:10,14.455
7/16/2024 5:20,14.422
7/16/2024 5:30,14.39
7/16/2024 5:40,14.337
7/16/2024 5:50,14.326
7/16/2024 6:00,14.315
7/16/2024 6:10,14.283
7/16/2024 6:20,14.262
7/16/2024 6:30,14.229
7/16/2024 6:40,14.24
7/16/2024 6:50,14.229
7/16/2024 7:00,14.219
7/16/2024 7:10,14.208
7/16/2024 7:20,14.229
7/16/2024 7:30,14.219
7/16/2024 7:40,14.229
7/16/2024 7:50,14.24
7/16/2024 8:00,14.272
7/16/2024 8:10,14.337
7/16/2024 8:20,14.347
7/16/2024 8:30,14.369
7/16/2024 8:40,14.444
7/16/2024 8:50,14.54
7/16/2024 9:00,14.594
7/16/2024 9:10,14.68
7/16/2024 9:20,14.701
7/16/2024 9:30,14.776
7/16/2024 9:40,14.862
7/16/2024 9:50,14.927
7/16/2024 10:00,15.023
7/16/2024 10:10,15.077
7/16/2024 10:20,15.173
7/16/2024 10:30,15.28
7/16/2024 10:40,15.409
7/16/2024 10:50,15.474
7/16/2024 11:00,15.592
7/16/2024 11:10,15.688
7/16/2024 11:20,15.785
7/16/2024 11:30,15.903
7/16/2024 11:40,15.999
7/16/2024 11:50,16.096
7/16/2024 12:00,16.171
7/16/2024 12:10,16.289
7/16/2024 12:20,16.407
7/16/2024 12:30,16.546
7/16/2024 12:40,16.653
7/16/2024 12:50,16.761
7/16/2024 13:00,16.857
7/16/2024 13:10,16.954
7/16/2024 13:20,17.082
7/16/2024 13:30,17.168
7/16/2024 13:40,17.275
7/16/2024 13:50,17.372
7/16/2024 14:00,17.501
7/16/2024 14:10,17.543
7/16/2024 14:20,17.651
7/16/2024 14:30,17.715
7/16/2024 14:40,17.801
7/16/2024 14:50,17.865
7/16/2024 15:00,17.919
7/16/2024 15:10,18.015
7/16/2024 15:20,18.026
7/16/2024 15:30,18.069
7/16/2024 15:40,18.123
7/16/2024 15:50,18.144
7/16/2024 16:00,18.198
7/16/2024 16:10,18.219
7/16/2024 16:20,18.23
7/16/2024 16:30,18.251
7/16/2024 16:40,18.284
7/16/2024 16:50,18.294
7/16/2024 17:00,18.316
7/16/2024 17:10,18.326
7/16/2024 17:20,18.316
7/16/2024 17:30,18.359
7/16/2024 17:40,18.359
7/16/2024 17:50,18.348
7/16/2024 18:00,18.337
7/16/2024 18:10,18.359
7/16/2024 18:20,18.326
7/16/2024 18:30,18.294
7/16/2024 18:40,18.273
7/16/2024 18:50,18.251
7/16/2024 19:00,18.251
7/16/2024 19:10,18.208
7/16/2024 19:20,18.198
7/16/2024 19:30,18.176
7/16/2024 19:40,18.133
7/16/2024 19:50,18.112
7/16/2024 20:00,18.08
7/16/2024 20:10,18.069
7/16/2024 20:20,18.037
7/16/2024 20:30,18.005
7/16/2024 20:40,17.983
7/16/2024 20:50,17.972
7/16/2024 21:00,17.94
7/16/2024 21:10,17.897
7/16/2024 21:20,17.876
7/16/2024 21:30,17.855
7/16/2024 21:40,17.822
7/16/2024 21:50,17.79
7/16/2024 22:00,17.779
7/16/2024 22:10,17.747
7/16/2024 22:20,17.715
7/16/2024 22:30,17.704
7/16/2024 22:40,17.672
7/16/2024 22:50,17.661
7/16/2024 23:00,17.64
7/16/2024 23:10,17.608
7/16/2024 23:20,17.576
7/16/2024 23:30,17.533
7/16/2024 23:40,17.543
7/16/2024 23:50,17.501
7/17/2024 0:00,17.49
7/17/2024 0:10,17.458
7/17/2024 0:20,17.426
7/17/2024 0:30,17.393
7/17/2024 0:40,17.383
7/17/2024 0:50,17.34
7/17/2024 1:00,17.34
7/17/2024 1:10,17.308
7/17/2024 1:20,17.286
7/17/2024 1:30,17.265
7/17/2024 1:40,17.254
7/17/2024 1:50,17.243
7/17/2024 2:00,17.232
7/17/2024 2:10,17.2
7/17/2024 2:20,17.179
7/17/2024 2:30,17.168
7/17/2024 2:40,17.168
7/17/2024 2:50,17.147
7/17/2024 3:00,17.125
7/17/2024 3:10,17.082
7/17/2024 3:20,17.093
7/17/2024 3:30,17.072
7/17/2024 3:40,17.05
7/17/2024 3:50,17.039
7/17/2024 4:00,17.029
7/17/2024 4:10,17.029
7/17/2024 4:20,17.007
7/17/2024 4:30,16.975
7/17/2024 4:40,16.975
7/17/2024 4:50,16.986
7/17/2024 5:00,16.954
7/17/2024 5:10,16.943
7/17/2024 5:20,16.954
7/17/2024 5:30,16.932
7/17/2024 5:40,16.9
7/17/2024 5:50,16.921
7/17/2024 6:00,16.911
7/17/2024 6:10,16.889
7/17/2024 6:20,16.879
7/17/2024 6:30,16.879
7/17/2024 6:40,16.889
7/17/2024 6:50,16.879
7/17/2024 7:00,16.868
7/17/2024 7:10,16.879
7/17/2024 7:20,16.9
7/17/2024 7:30,16.879
7/17/2024 7:40,16.911
7/17/2024 7:50,16.943
7/17/2024 8:00,16.954
7/17/2024 8:10,16.975
7/17/2024 8:20,16.997
7/17/2024 8:30,17.029
7/17/2024 8:40,17.082
7/17/2024 8:50,17.157
7/17/2024 9:00,17.211
7/17/2024 9:10,17.254
7/17/2024 9:20,17.286
7/17/2024 9:30,17.361
7/17/2024 9:40,17.426
7/17/2024 9:50,17.49
7/17/2024 10:00,17.576
7/17/2024 10:10,17.683
7/17/2024 10:20,17.737
7/17/2024 10:30,17.833
7/17/2024 10:40,17.951
7/17/2024 10:50,18.037
7/17/2024 11:00,18.112
7/17/2024 11:10,18.198
7/17/2024 11:20,18.294
7/17/2024 11:30,18.359
7/17/2024 11:40,18.466
7/17/2024 11:50,18.573
7/17/2024 12:00,18.659
7/17/2024 12:10,18.777
7/17/2024 12:20,18.884
7/17/2024 12:30,18.959
7/17/2024 12:40,19.077
7/17/2024 12:50,19.163
7/17/2024 13:00,19.26
7/17/2024 13:10,19.367
7/17/2024 13:20,19.453
7/17/2024 13:30,19.56
7/17/2024 13:40,19.656
7/17/2024 13:50,19.742
7/17/2024 14:00,19.806
7/17/2024 14:10,19.903
7/17/2024 14:20,19.957
7/17/2024 14:30,19.989
7/17/2024 14:40,20.021
7/17/2024 14:50,20.085
7/17/2024 15:00,20.128
7/17/2024 15:10,20.182
7/17/2024 15:20,20.193
7/17/2024 15:30,20.235
7/17/2024 15:40,20.203
7/17/2024 15:50,20.225
7/17/2024 16:00,20.257
7/17/2024 16:10,20.246
7/17/2024 16:20,20.257
7/17/2024 16:30,20.235
7/17/2024 16:40,20.246
7/17/2024 16:50,20.214
7/17/2024 17:00,20.225
7/17/2024 17:10,20.235
7/17/2024 17:20,20.193
7/17/2024 17:30,20.171
7/17/2024 17:40,20.171
7/17/2024 17:50,20.128
7/17/2024 18:00,20.107
7/17/2024 18:10,20.075
7/17/2024 18:20,20.032
7/17/2024 18:30,20.01
7/17/2024 18:40,19.978
7/17/2024 18:50,19.957
7/17/2024 19:00,19.914
7/17/2024 19:10,19.86
7/17/2024 19:20,19.817
7/17/2024 19:30,19.774
7/17/2024 19:40,19.731
7/17/2024 19:50,19.678
7/17/2024 20:00,19.635
7/17/2024 20:10,19.592
7/17/2024 20:20,19.571
7/17/2024 20:30,19.495
7/17/2024 20:40,19.453
7/17/2024 20:50,19.42
7/17/2024 21:00,19.377
7/17/2024 21:10,19.324
7/17/2024 21:20,19.26
7/17/2024 21:30,19.227
7/17/2024 21:40,19.163
7/17/2024 21:50,19.152
7/17/2024 22:00,19.077
7/17/2024 22:10,19.045
7/17/2024 22:20,18.991
7/17/2024 22:30,18.938
7/17/2024 22:40,18.906
7/17/2024 22:50,18.852
7/17/2024 23:00,18.809
7/17/2024 23:10,18.745
7/17/2024 23:20,18.691
7/17/2024 23:30,18.648
7/17/2024 23:40,18.616
7/17/2024 23:50,18.519
7/18/2024 0:00,18.477
7/18/2024 0:10,18.444
7/18/2024 0:20,18.412
7/18/2024 0:30,18.337
7/18/2024 0:40,18.316
7/18/2024 0:50,18.273
7/18/2024 1:00,18.219
7/18/2024 1:10,18.176
7/18/2024 1:20,18.112
7/18/2024 1:30,18.058
7/18/2024 1:40,18.048
7/18/2024 1:50,18.005
7/18/2024 2:00,17.962
7/18/2024 2:10,17.897
7/18/2024 2:20,17.855
7/18/2024 2:30,17.812
7/18/2024 2:40,17.758
7/18/2024 2:50,17.726
7/18/2024 3:00,17.683
7/18/2024 3:10,17.629
7/18/2024 3:20,17.597
7/18/2024 3:30,17.576
7/18/2024 3:40,17.543
7/18/2024 3:50,17.49
7/18/2024 4:00,17.479
7/18/2024 4:10,17.415
7/18/2024 4:20,17.415
7/18/2024 4:30,17.372
7/18/2024 4:40,17.34
7/18/2024 4:50,17.329
7/18/2024 5:00,17.275
7/18/2024 5:10,17.265
7/18/2024 5:20,17.211
7/18/2024 5:30,17.211
7/18/2024 5:40,17.211
7/18/2024 5:50,17.179
7/18/2024 6:00,17.147
7/18/2024 6:10,17.104
7/18/2024 6:20,17.093
7/18/2024 6:30,17.093
7/18/2024 6:40,17.061
7/18/2024 6:50,17.072
7/18/2024 7:00,17.039
7/18/2024 7:10,17.029
7/18/2024 7:20,17.029
7/18/2024 7:30,16.997
7/18/2024 7:40,16.997
7/18/2024 7:50,17.007
7/18/2024 8:00,16.986
7/18/2024 8:10,16.986
7/18/2024 8:20,16.986
7/18/2024 8:30,16.986
7/18/2024 8:40,16.986
7/18/2024 8:50,16.997
7/18/2024 9:00,16.975
7/18/2024 9:10,16.975
7/18/2024 9:20,16.997
7/18/2024 9:30,17.018
7/18/2024 9:40,17.007
7/18/2024 9:50,17.018
7/18/2024 10:00,17.039
7/18/2024 10:10,17.072
7/18/2024 10:20,17.104
7/18/2024 10:30,17.136
7/18/2024 10:40,17.19
7/18/2024 10:50,17.243
7/18/2024 11:00,17.297
7/18/2024 11:10,17.393
7/18/2024 11:20,17.479
7/18/2024 11:30,17.565
7/18/2024 11:40,17.629
7/18/2024 11:50,17.758
7/18/2024 12:00,17.844
7/18/2024 12:10,17.93
7/18/2024 12:20,18.048
7/18/2024 12:30,18.133
7/18/2024 12:40,18.23
7/18/2024 12:50,18.348
7/18/2024 13:00,18.455
7/18/2024 13:10,18.552
7/18/2024 13:20,18.648
7/18/2024 13:30,18.734
7/18/2024 13:40,18.83
7/18/2024 13:50,18.906
7/18/2024 14:00,18.959
7/18/2024 14:10,19.066
7/18/2024 14:20,19.099
7/18/2024 14:30,19.152
7/18/2024 14:40,19.206
7/18/2024 14:50,19.27
7/18/2024 15:00,19.313
7/18/2024 15:10,19.313
7/18/2024 15:20,19.367
7/18/2024 15:30,19.377
7/18/2024 15:40,19.41
7/18/2024 15:50,19.41
7/18/2024 16:00,19.42
7/18/2024 16:10,19.41
7/18/2024 16:20,19.431
7/18/2024 16:30,19.41
7/18/2024 16:40,19.42
7/18/2024 16:50,19.399
7/18/2024 17:00,19.399
7/18/2024 17:10,19.377
7/18/2024 17:20,19.356
7/18/2024 17:30,19.324
7/18/2024 17:40,19.313
7/18/2024 17:50,19.292
7/18/2024 18:00,19.26
7/18/2024 18:10,19.206
7/18/2024 18:20,19.163
7/18/2024 18:30,19.142
7/18/2024 18:40,19.109
7/18/2024 18:50,19.066
7/18/2024 19:00,19.002
7/18/2024 19:10,18.991
7/18/2024 19:20,18.938
7/18/2024 19:30,18.895
7/18/2024 19:40,18.852
7/18/2024 19:50,18.809
7/18/2024 20:00,18.766
7/18/2024 20:10,18.734
7/18/2024 20:20,18.691
7/18/2024 20:30,18.637
7/18/2024 20:40,18.616
7/18/2024 20:50,18.562
7/18/2024 21:00,18.552
7/18/2024 21:10,18.498
7/18/2024 21:20,18.455
7/18/2024 21:30,18.423
7/18/2024 21:40,18.38
7/18/2024 21:50,18.348
7/18/2024 22:00,18.326
7/18/2024 22:10,18.294
7/18/2024 22:20,18.241
7/18/2024 22:30,18.251
7/18/2024 22:40,18.187
7/18/2024 22:50,18.176
7/18/2024 23:00,18.155
7/18/2024 23:10,18.112
7/18/2024 23:20,18.069
7/18/2024 23:30,18.058
7/18/2024 23:40,18.026
7/18/2024 23:50,17.983
7/19/2024 0:00,17.962
7/19/2024 0:10,17.93
7/19/2024 0:20,17.919
7/19/2024 0:30,17.876
7/19/2024 0:40,17.855
7/19/2024 0:50,17.812
7/19/2024 1:00,17.758
7/19/2024 1:10,17.758
7/19/2024 1:20,17.715
7/19/2024 1:30,17.694
7/19/2024 1:40,17.651
7/19/2024 1:50,17.651
7/19/2024 2:00,17.597
7/19/2024 2:10,17.565
7/19/2024 2:20,17.576
7/19/2024 2:30,17.511
7/19/2024 2:40,17.501
7/19/2024 2:50,17.468
7/19/2024 3:00,17.447
7/19/2024 3:10,17.404
7/19/2024 3:20,17.383
7/19/2024 3:30,17.35
7/19/2024 3:40,17.318
7/19/2024 3:50,17.286
7/19/2024 4:00,17.265
7/19/2024 4:10,17.243
7/19/2024 4:20,17.211
7/19/2024 4:30,17.179
7/19/2024 4:40,17.168
7/19/2024 4:50,17.125
7/19/2024 5:00,17.114
7/19/2024 5:10,17.072
7/19/2024 5:20,17.082
7/19/2024 5:30,17.05
7/19/2024 5:40,17.029
7/19/2024 5:50,17.029
7/19/2024 6:00,16.986
7/19/2024 6:10,16.975
7/19/2024 6:20,16.964
7/19/2024 6:30,16.943
7/19/2024 6:40,16.921
7/19/2024 6:50,16.943
7/19/2024 7:00,16.921
7/19/2024 7:10,16.921
7/19/2024 7:20,16.921
7/19/2024 7:30,16.9
7/19/2024 7:40,16.879
7/19/2024 7:50,16.857
7/19/2024 8:00,16.889
7/19/2024 8:10,16.889
7/19/2024 8:20,16.868
7/19/2024 8:30,16.911
7/19/2024 8:40,16.889
7/19/2024 8:50,16.9
7/19/2024 9:00,16.9
7/19/2024 9:10,16.932
7/19/2024 9:20,16.932
7/19/2024 9:30,16.997
7/19/2024 9:40,16.986
7/19/2024 9:50,17.018
7/19/2024 10:00,17.072
7/19/2024 10:10,17.125
7/19/2024 10:20,17.147
7/19/2024 10:30,17.2
7/19/2024 10:40,17.232
7/19/2024 10:50,17.297
7/19/2024 11:00,17.329
7/19/2024 11:10,17.372
7/19/2024 11:20,17.458
7/19/2024 11:30,17.501
7/19/2024 11:40,17.565
7/19/2024 11:50,17.619
7/19/2024 12:00,17.672
7/19/2024 12:10,17.726
7/19/2024 12:20,17.758
7/19/2024 12:30,17.801
7/19/2024 12:40,17.844
7/19/2024 12:50,17.887
7/19/2024 13:00,17.919
7/19/2024 13:10,17.972
7/19/2024 13:20,17.994
7/19/2024 13:30,18.015
7/19/2024 13:40,18.026
7/19/2024 13:50,18.058
7/19/2024 14:00,18.069
7/19/2024 14:10,18.069
7/19/2024 14:20,18.09
7/19/2024 14:30,18.058
7/19/2024 14:40,18.123
7/19/2024 14:50,18.101
7/19/2024 15:00,18.123
7/19/2024 15:10,18.112
7/19/2024 15:20,18.123
7/19/2024 15:30,18.123
7/19/2024 15:40,18.133
7/19/2024 15:50,18.133
7/19/2024 16:00,18.123
7/19/2024 16:10,18.123
7/19/2024 16:20,18.123
7/19/2024 16:30,18.112
7/19/2024 16:40,18.123
7/19/2024 16:50,18.09
7/19/2024 17:00,18.133
7/19/2024 17:10,18.08
7/19/2024 17:20,18.069
7/19/2024 17:30,18.058
7/19/2024 17:40,18.048
7/19/2024 17:50,18.048
7/19/2024 18:00,18.058
7/19/2024 18:10,18.037
7/19/2024 18:20,18.026
7/19/2024 18:30,18.015
7/19/2024 18:40,18.005
7/19/2024 18:50,18.005
7/19/2024 19:00,17.983
7/19/2024 19:10,17.983
7/19/2024 19:20,17.962
7/19/2024 19:30,17.951
7/19/2024 19:40,17.93
7/19/2024 19:50,17.908
7/19/2024 20:00,17.93
7/19/2024 20:10,17.876
7/19/2024 20:20,17.897
7/19/2024 20:30,17.865
7/19/2024 20:40,17.844
7/19/2024 20:50,17.844
7/19/2024 21:00,17.812
7/19/2024 21:10,17.844
7/19/2024 21:20,17.822
7/19/2024 21:30,17.779
7/19/2024 21:40,17.779
7/19/2024 21:50,17.769
7/19/2024 22:00,17.726
7/19/2024 22:10,17.726
7/19/2024 22:20,17.704
7/19/2024 22:30,17.661
7/19/2024 22:40,17.672
7/19/2024 22:50,17.629
7/19/2024 23:00,17.619
7/19/2024 23:10,17.597
7/19/2024 23:20,17.576
7/19/2024 23:30,17.554
7/19/2024 23:40,17.543
7/19/2024 23:50,17.511
7/20/2024 0:00,17.522
7/20/2024 0:10,17.511
7/20/2024 0:20,17.479
7/20/2024 0:30,17.501
7/20/2024 0:40,17.511
7/20/2024 0:50,17.479
7/20/2024 1:00,17.479
7/20/2024 1:10,17.468
7/20/2024 1:20,17.501
7/20/2024 1:30,17.49
7/20/2024 1:40,17.501
7/20/2024 1:50,17.501
7/20/2024 2:00,17.49
7/20/2024 2:10,17.501
7/20/2024 2:20,17.49
7/20/2024 2:30,17.501
7/20/2024 2:40,17.479
7/20/2024 2:50,17.49
7/20/2024 3:00,17.49
7/20/2024 3:10,17.49
7/20/2024 3:20,17.49
7/20/2024 3:30,17.511
7/20/2024 3:40,17.511
7/20/2024 3:50,17.49
7/20/2024 4:00,17.49
7/20/2024 4:10,17.49
7/20/2024 4:20,17.501
7/20/2024 4:30,17.511
7/20/2024 4:40,17.479
7/20/2024 4:50,17.479
7/20/2024 5:00,17.49
7/20/2024 5:10,17.49
7/20/2024 5:20,17.501
7/20/2024 5:30,17.49
7/20/2024 5:40,17.522
7/20/2024 5:50,17.511
7/20/2024 6:00,17.522
7/20/2024 6:10,17.533
7/20/2024 6:20,17.543
7/20/2024 6:30,17.533
7/20/2024 6:40,17.565
7/20/2024 6:50,17.576
7/20/2024 7:00,17.576
7/20/2024 7:10,17.597
7/20/2024 7:20,17.608
7/20/2024 7:30,17.629
7/20/2024 7:40,17.651
7/20/2024 7:50,17.64
7/20/2024 8:00,17.661
7/20/2024 8:10,17.694
7/20/2024 8:20,17.683
7/20/2024 8:30,17.726
7/20/2024 8:40,17.737
7/20/2024 8:50,17.758
7/20/2024 9:00,17.79
7/20/2024 9:10,17.79
7/20/2024 9:20,17.801
7/20/2024 9:30,17.812
7/20/2024 9:40,17.844
7/20/2024 9:50,17.855
7/20/2024 10:00,17.876
7/20/2024 10:10,17.897
7/20/2024 10:20,17.897
7/20/2024 10:30,17.919
7/20/2024 10:40,17.951
7/20/2024 10:50,18.005
7/20/2024 11:00,18.026
7/20/2024 11:10,18.069
7/20/2024 11:20,18.069
7/20/2024 11:30,18.112
7/20/2024 11:40,18.133
7/20/2024 11:50,18.187
7/20/2024 12:00,18.208
7/20/2024 12:10,18.262
7/20/2024 12:20,18.294
7/20/2024 12:30,18.326
7/20/2024 12:40,18.38
7/20/2024 12:50,18.412
7/20/2024 13:00,18.477
7/20/2024 13:10,18.498
7/20/2024 13:20,18.541
7/20/2024 13:30,18.584
7/20/2024 13:40,18.605
7/20/2024 13:50,18.659
7/20/2024 14:00,18.659
7/20/2024 14:10,18.723
7/20/2024 14:20,18.766
7/20/2024 14:30,18.809
7/20/2024 14:40,18.83
7/20/2024 14:50,18.895
7/20/2024 15:00,18.938
7/20/2024 15:10,18.981
7/20/2024 15:20,19.056
7/20/2024 15:30,19.066
7/20/2024 15:40,19.152
7/20/2024 15:50,19.184
7/20/2024 16:00,19.227
7/20/2024 16:10,19.27
7/20/2024 16:20,19.302
7/20/2024 16:30,19.335
7/20/2024 16:40,19.367
7/20/2024 16:50,19.377
7/20/2024 17:00,19.42
7/20/2024 17:10,19.42
7/20/2024 17:20,19.442
7/20/2024 17:30,19.463
7/20/2024 17:40,19.463
7/20/2024 17:50,19.463
7/20/2024 18:00,19.495
7/20/2024 18:10,19.485
7/20/2024 18:20,19.495
7/20/2024 18:30,19.495
7/20/2024 18:40,19.485
7/20/2024 18:50,19.485
7/20/2024 19:00,19.485
7/20/2024 19:10,19.463
7/20/2024 19:20,19.453
7/20/2024 19:30,19.453
7/20/2024 19:40,19.442
7/20/2024 19:50,19.42
7/20/2024 20:00,19.431
7/20/2024 20:10,19.41
7/20/2024 20:20,19.388
7/20/2024 20:30,19.388
7/20/2024 20:40,19.367
7/20/2024 20:50,19.367
7/20/2024 21:00,19.324
7/20/2024 21:10,19.313
7/20/2024 21:20,19.324
7/20/2024 21:30,19.302
7/20/2024 21:40,19.292
7/20/2024 21:50,19.27
7/20/2024 22:00,19.26
7/20/2024 22:10,19.238
7/20/2024 22:20,19.249
7/20/2024 22:30,19.206
7/20/2024 22:40,19.195
7/20/2024 22:50,19.206
7/20/2024 23:00,19.174
7/20/2024 23:10,19.152
7/20/2024 23:20,19.152
7/20/2024 23:30,19.12
7/20/2024 23:40,19.099
7/20/2024 23:50,19.077
7/21/2024 0:00,19.066
7/21/2024 0:10,19.066
7/21/2024 0:20,19.045
7/21/2024 0:30,19.034
7/21/2024 0:40,19.013
7/21/2024 0:50,18.97
7/21/2024 1:00,18.991
7/21/2024 1:10,18.948
7/21/2024 1:20,18.948
7/21/2024 1:30,18.906
7/21/2024 1:40,18.906
7/21/2024 1:50,18.906
7/21/2024 2:00,18.873
7/21/2024 2:10,18.863
7/21/2024 2:20,18.83
7/21/2024 2:30,18.83
7/21/2024 2:40,18.82
7/21/2024 2:50,18.788
7/21/2024 3:00,18.798
7/21/2024 3:10,18.788
7/21/2024 3:20,18.766
7/21/2024 3:30,18.755
7/21/2024 3:40,18.755
7/21/2024 3:50,18.734
7/21/2024 4:00,18.713
7/21/2024 4:10,18.745
7/21/2024 4:20,18.713
7/21/2024 4:30,18.702
7/21/2024 4:40,18.68
7/21/2024 4:50,18.67
7/21/2024 5:00,18.702
7/21/2024 5:10,18.68
7/21/2024 5:20,18.68
7/21/2024 5:30,18.648
7/21/2024 5:40,18.637
7/21/2024 5:50,18.648
7/21/2024 6:00,18.648
7/21/2024 6:10,18.637
7/21/2024 6:20,18.637
7/21/2024 6:30,18.648
7/21/2024 6:40,18.648
7/21/2024 6:50,18.648
7/21/2024 7:00,18.648
7/21/2024 7:10,18.659
7/21/2024 7:20,18.659
7/21/2024 7:30,18.68
7/21/2024 7:40,18.68
7/21/2024 7:50,18.68
7/21/2024 8:00,18.702
7/21/2024 8:10,18.745
7/21/2024 8:20,18.777
7/21/2024 8:30,18.798
7/21/2024 8:40,18.83
7/21/2024 8:50,18.863
7/21/2024 9:00,18.863
7/21/2024 9:10,18.906
7/21/2024 9:20,18.948
7/21/2024 9:30,18.97
7/21/2024 9:40,19.013
7/21/2024 9:50,19.056
7/21/2024 10:00,19.066
7/21/2024 10:10,19.12
7/21/2024 10:20,19.174
7/21/2024 10:30,19.217
7/21/2024 10:40,19.27
7/21/2024 10:50,19.324
7/21/2024 11:00,19.367
7/21/2024 11:10,19.41
7/21/2024 11:20,19.474
7/21/2024 11:30,19.549
7/21/2024 11:40,19.581
7/21/2024 11:50,19.646
7/21/2024 12:00,19.721
7/21/2024 12:10,19.753
7/21/2024 12:20,19.796
7/21/2024 12:30,19.839
7/21/2024 12:40,19.871
7/21/2024 12:50,19.871
7/21/2024 13:00,19.924
7/21/2024 13:10,19.924
7/21/2024 13:20,19.957
7/21/2024 13:30,19.957
7/21/2024 13:40,19.989
7/21/2024 13:50,19.978
7/21/2024 14:00,20
7/21/2024 14:10,20
7/21/2024 14:20,19.989
7/21/2024 14:30,20
7/21/2024 14:40,20
7/21/2024 14:50,20
7/21/2024 15:00,20.01
7/21/2024 15:10,20.021
7/21/2024 15:20,20
7/21/2024 15:30,20.01
7/21/2024 15:40,20.01
7/21/2024 15:50,19.989
7/21/2024 16:00,19.978
7/21/2024 16:10,19.978
7/21/2024 16:20,19.957
7/21/2024 16:30,19.957
7/21/2024 16:40,19.957
7/21/2024 16:50,19.935
7/21/2024 17:00,19.935
7/21/2024 17:10,19.924
7/21/2024 17:20,19.892
7/21/2024 17:30,19.871
7/21/2024 17:40,19.86
7/21/2024 17:50,19.828
7/21/2024 18:00,19.849
7/21/2024 18:10,19.817
7/21/2024 18:20,19.817
7/21/2024 18:30,19.785
7/21/2024 18:40,19.753
7/21/2024 18:50,19.721
7/21/2024 19:00,19.721
7/21/2024 19:10,19.699
7/21/2024 19:20,19.689
7/21/2024 19:30,19.635
7/21/2024 19:40,19.635
7/21/2024 19:50,19.613
7/21/2024 20:00,19.571
7/21/2024 20:10,19.56
7/21/2024 20:20,19.517
7/21/2024 20:30,19.528
7/21/2024 20:40,19.485
7/21/2024 20:50,19.474
7/21/2024 21:00,19.442
7/21/2024 21:10,19.377
7/21/2024 21:20,19.388
7/21/2024 21:30,19.367
7/21/2024 21:40,19.356
7/21/2024 21:50,19.302
7/21/2024 22:00,19.313
7/21/2024 22:10,19.27
7/21/2024 22:20,19.249
7/21/2024 22:30,19.238
7/21/2024 22:40,19.206
7/21/2024 22:50,19.174
7/21/2024 23:00,19.163
7/21/2024 23:10,19.131
7/21/2024 23:20,19.109
7/21/2024 23:30,19.066
7/21/2024 23:40,19.066
7/21/2024 23:50,19.013
7/22/2024 0:00,19.002
7/22/2024 0:10,18.981
7/22/2024 0:20,18.948
7/22/2024 0:30,18.927
7/22/2024 0:40,18.906
7/22/2024 0:50,18.863
7/22/2024 1:00,18.841
7/22/2024 1:10,18.82
7/22/2024 1:20,18.798
7/22/2024 1:30,18.755
7/22/2024 1:40,18.755
7/22/2024 1:50,18.723
7/22/2024 2:00,18.702
7/22/2024 2:10,18.702
7/22/2024 2:20,18.648
7/22/2024 2:30,18.659
7/22/2024 2:40,18.605
7/22/2024 2:50,18.605
7/22/2024 3:00,18.595
7/22/2024 3:10,18.605
7/22/2024 3:20,18.595
7/22/2024 3:30,18.584
7/22/2024 3:40,18.584
7/22/2024 3:50,18.605
7/22/2024 4:00,18.595
7/22/2024 4:10,18.605
7/22/2024 4:20,18.627
7/22/2024 4:30,18.648
7/22/2024 4:40,18.659
7/22/2024 4:50,18.648
7/22/2024 5:00,18.659
7/22/2024 5:10,18.68
7/22/2024 5:20,18.68
7/22/2024 5:30,18.68
7/22/2024 5:40,18.67
7/22/2024 5:50,18.68
7/22/2024 6:00,18.691
7/22/2024 6:10,18.68
7/22/2024 6:20,18.67
7/22/2024 6:30,18.659
7/22/2024 6:40,18.648
7/22/2024 6:50,18.637
7/22/2024 7:00,18.648
7/22/2024 7:10,18.648
7/22/2024 7:20,18.648
7/22/2024 7:30,18.605
7/22/2024 7:40,18.573
7/22/2024 7:50,18.562
7/22/2024 8:00,18.552
7/22/2024 8:10,18.53
7/22/2024 8:20,18.509
7/22/2024 8:30,18.477
7/22/2024 8:40,18.455
7/22/2024 8:50,18.444
7/22/2024 9:00,18.38
7/22/2024 9:10,18.412
7/22/2024 9:20,18.38
7/22/2024 9:30,18.391
7/22/2024 9:40,18.38
7/22/2024 9:50,18.391
7/22/2024 10:00,18.391
7/22/2024 10:10,18.412
7/22/2024 10:20,18.423
7/22/2024 10:30,18.423
7/22/2024 10:40,18.444
7/22/2024 10:50,18.466
7/22/2024 11:00,18.444
7/22/2024 11:10,18.444
7/22/2024 11:20,18.509
7/22/2024 11:30,18.53
7/22/2024 11:40,18.552
7/22/2024 11:50,18.552
7/22/2024 12:00,18.584
7/22/2024 12:10,18.616
7/22/2024 12:20,18.648
7/22/2024 12:30,18.691
7/22/2024 12:40,18.734
7/22/2024 12:50,18.809
7/22/2024 13:00,18.83
7/22/2024 13:10,18.873
7/22/2024 13:20,18.906
7/22/2024 13:30,18.948
7/22/2024 13:40,18.97
7/22/2024 13:50,19.024
7/22/2024 14:00,19.066
7/22/2024 14:10,19.099
7/22/2024 14:20,19.12
7/22/2024 14:30,19.142
7/22/2024 14:40,19.195
7/22/2024 14:50,19.206
7/22/2024 15:00,19.281
7/22/2024 15:10,19.324
7/22/2024 15:20,19.345
7/22/2024 15:30,19.388
7/22/2024 15:40,19.41
7/22/2024 15:50,19.42
7/22/2024 16:00,19.431
7/22/2024 16:10,19.42
7/22/2024 16:20,19.42
7/22/2024 16:30,19.42
7/22/2024 16:40,19.431
7/22/2024 16:50,19.463
7/22/2024 17:00,19.431
7/22/2024 17:10,19.453
7/22/2024 17:20,19.442
7/22/2024 17:30,19.431
7/22/2024 17:40,19.442
7/22/2024 17:50,19.42
7/22/2024 18:00,19.42
7/22/2024 18:10,19.388
7/22/2024 18:20,19.367
7/22/2024 18:30,19.388
7/22/2024 18:40,19.356
7/22/2024 18:50,19.324
7/22/2024 19:00,19.302
7/22/2024 19:10,19.292
7/22/2024 19:20,19.281
7/22/2024 19:30,19.249
7/22/2024 19:40,19.227
7/22/2024 19:50,19.195
7/22/2024 20:00,19.195
7/22/2024 20:10,19.184
7/22/2024 20:20,19.184
7/22/2024 20:30,19.142
7/22/2024 20:40,19.109
7/22/2024 20:50,19.131
7/22/2024 21:00,19.109
7/22/2024 21:10,19.077
7/22/2024 21:20,19.077
7/22/2024 21:30,19.034
7/22/2024 21:40,19.034
7/22/2024 21:50,18.991
7/22/2024 22:00,19.002
7/22/2024 22:10,18.981
7/22/2024 22:20,18.959
7/22/2024 22:30,18.97
7/22/2024 22:40,18.938
7/22/2024 22:50,18.927
7/22/2024 23:00,18.938
7/22/2024 23:10,18.916
7/22/2024 23:20,18.927
7/22/2024 23:30,18.906
7/22/2024 23:40,18.906
7/22/2024 23:50,18.895
7/23/2024 0:00,18.863
7/23/2024 0:10,18.895
7/23/2024 0:20,18.863
7/23/2024 0:30,18.863
7/23/2024 0:40,18.841
7/23/2024 0:50,18.863
7/23/2024 1:00,18.841
7/23/2024 1:10,18.83
7/23/2024 1:20,18.82
7/23/2024 1:30,18.82
7/23/2024 1:40,18.788
7/23/2024 1:50,18.798
7/23/2024 2:00,18.809
7/23/2024 2:10,18.788
7/23/2024 2:20,18.766
7/23/2024 2:30,18.755
7/23/2024 2:40,18.745
7/23/2024 2:50,18.755
7/23/2024 3:00,18.734
7/23/2024 3:10,18.734
7/23/2024 3:20,18.734
7/23/2024 3:30,18.734
7/23/2024 3:40,18.713
7/23/2024 3:50,18.713
7/23/2024 4:00,18.691
7/23/2024 4:10,18.702
7/23/2024 4:20,18.691
7/23/2024 4:30,18.68
7/23/2024 4:40,18.67
7/23/2024 4:50,18.68
7/23/2024 5:00,18.659
7/23/2024 5:10,18.637
7/23/2024 5:20,18.659
7/23/2024 5:30,18.627
7/23/2024 5:40,18.616
7/23/2024 5:50,18.584
7/23/2024 6:00,18.595
7/23/2024 6:10,18.595
7/23/2024 6:20,18.595
7/23/2024 6:30,18.584
7/23/2024 6:40,18.573
7/23/2024 6:50,18.562
7/23/2024 7:00,18.562
7/23/2024 7:10,18.541
7/23/2024 7:20,18.552
7/23/2024 7:30,18.562
7/23/2024 7:40,18.541
7/23/2024 7:50,18.562
7/23/2024 8:00,18.53
7/23/2024 8:10,18.552
7/23/2024 8:20,18.552
7/23/2024 8:30,18.562
7/23/2024 8:40,18.562
7/23/2024 8:50,18.584
7/23/2024 9:00,18.584
7/23/2024 9:10,18.605
7/23/2024 9:20,18.616
7/23/2024 9:30,18.659
7/23/2024 9:40,18.659
7/23/2024 9:50,18.691
7/23/2024 10:00,18.734
7/23/2024 10:10,18.755
7/23/2024 10:20,18.798
7/23/2024 10:30,18.863
7/23/2024 10:40,18.906
7/23/2024 10:50,18.959
7/23/2024 11:00,18.991
7/23/2024 11:10,19.066
7/23/2024 11:20,19.12
7/23/2024 11:30,19.174
7/23/2024 11:40,19.238
7/23/2024 11:50,19.302
7/23/2024 12:00,19.356
7/23/2024 12:10,19.388
7/23/2024 12:20,19.474
7/23/2024 12:30,19.528
7/23/2024 12:40,19.549
7/23/2024 12:50,19.613
7/23/2024 13:00,19.667
7/23/2024 13:10,19.71
7/23/2024 13:20,19.753
7/23/2024 13:30,19.764
7/23/2024 13:40,19.785
7/23/2024 13:50,19.828
7/23/2024 14:00,19.839
7/23/2024 14:10,19.871
7/23/2024 14:20,19.892
7/23/2024 14:30,19.924
7/23/2024 14:40,19.946
7/23/2024 14:50,19.978
7/23/2024 15:00,19.978
7/23/2024 15:10,19.989
7/23/2024 15:20,20.01
7/23/2024 15:30,19.989
7/23/2024 15:40,20.01
7/23/2024 15:50,19.978
7/23/2024 16:00,19.989
7/23/2024 16:10,19.967
7/23/2024 16:20,19.957
7/23/2024 16:30,19.957
7/23/2024 16:40,19.924
7/23/2024 16:50,19.924
7/23/2024 17:00,19.914
7/23/2024 17:10,19.903
7/23/2024 17:20,19.871
7/23/2024 17:30,19.871
7/23/2024 17:40,19.871
7/23/2024 17:50,19.849
7/23/2024 18:00,19.828
7/23/2024 18:10,19.817
7/23/2024 18:20,19.796
7/23/2024 18:30,19.785
7/23/2024 18:40,19.764
7/23/2024 18:50,19.753
7/23/2024 19:00,19.742
7/23/2024 19:10,19.699
7/23/2024 19:20,19.656
7/23/2024 19:30,19.678
7/23/2024 19:40,19.635
7/23/2024 19:50,19.592
7/23/2024 20:00,19.592
7/23/2024 20:10,19.56
7/23/2024 20:20,19.528
7/23/2024 20:30,19.495
7/23/2024 20:40,19.485
7/23/2024 20:50,19.442
7/23/2024 21:00,19.442
7/23/2024 21:10,19.399
7/23/2024 21:20,19.377
7/23/2024 21:30,19.324
7/23/2024 21:40,19.345
7/23/2024 21:50,19.27
7/23/2024 22:00,19.27
7/23/2024 22:10,19.249
7/23/2024 22:20,19.206
7/23/2024 22:30,19.206
7/23/2024 22:40,19.174
7/23/2024 22:50,19.142
7/23/2024 23:00,19.12
7/23/2024 23:10,19.109
7/23/2024 23:20,19.088
7/23/2024 23:30,19.056
7/23/2024 23:40,19.034
7/23/2024 23:50,18.97
7/24/2024 0:00,18.959
7/24/2024 0:10,18.927
7/24/2024 0:20,18.906
7/24/2024 0:30,18.852
7/24/2024 0:40,18.83
7/24/2024 0:50,18.788
7/24/2024 1:00,18.755
7/24/2024 1:10,18.68
7/24/2024 1:20,18.637
7/24/2024 1:30,18.584
7/24/2024 1:40,18.519
7/24/2024 1:50,18.466
7/24/2024 2:00,18.369
7/24/2024 2:10,18.305
7/24/2024 2:20,18.219
7/24/2024 2:30,18.133
7/24/2024 2:40,18.069
7/24/2024 2:50,18.005
7/24/2024 3:00,17.94
7/24/2024 3:10,17.855
7/24/2024 3:20,17.801
7/24/2024 3:30,17.758
7/24/2024 3:40,17.672
7/24/2024 3:50,17.608
7/24/2024 4:00,17.565
7/24/2024 4:10,17.501
7/24/2024 4:20,17.436
7/24/2024 4:30,17.383
7/24/2024 4:40,17.361
7/24/2024 4:50,17.297
7/24/2024 5:00,17.254
7/24/2024 5:10,17.254
7/24/2024 5:20,17.2
7/24/2024 5:30,17.168
7/24/2024 5:40,17.136
7/24/2024 5:50,17.082
7/24/2024 6:00,17.072
7/24/2024 6:10,17.029
7/24/2024 6:20,17.018
7/24/2024 6:30,16.986
7/24/2024 6:40,16.975
7/24/2024 6:50,16.975
7/24/2024 7:00,16.932
7/24/2024 7:10,16.911
7/24/2024 7:20,16.9
7/24/2024 7:30,16.911
7/24/2024 7:40,16.9
7/24/2024 7:50,16.868
7/24/2024 8:00,16.889
7/24/2024 8:10,16.889
7/24/2024 8:20,16.943
7/24/2024 8:30,16.943
7/24/2024 8:40,16.975
7/24/2024 8:50,16.997
7/24/2024 9:00,17.029
7/24/2024 9:10,17.082
7/24/2024 9:20,17.157
7/24/2024 9:30,17.179
7/24/2024 9:40,17.254
7/24/2024 9:50,17.308
7/24/2024 10:00,17.383
7/24/2024 10:10,17.458
7/24/2024 10:20,17.511
7/24/2024 10:30,17.608
7/24/2024 10:40,17.672
7/24/2024 10:50,17.758
7/24/2024 11:00,17.844
7/24/2024 11:10,17.93
7/24/2024 11:20,18.026
7/24/2024 11:30,18.133
7/24/2024 11:40,18.262
7/24/2024 11:50,18.348
7/24/2024 12:00,18.455
7/24/2024 12:10,18.541
7/24/2024 12:20,18.659
7/24/2024 12:30,18.766
7/24/2024 12:40,18.863
7/24/2024 12:50,18.959
7/24/2024 13:00,19.024
7/24/2024 13:10,19.142
7/24/2024 13:20,19.195
7/24/2024 13:30,19.26
7/24/2024 13:40,19.345
7/24/2024 13:50,19.345
7/24/2024 14:00,19.41
7/24/2024 14:10,19.41
7/24/2024 14:20,19.453
7/24/2024 14:30,19.485
7/24/2024 14:40,19.517
7/24/2024 14:50,19.506
7/24/2024 15:00,19.538
7/24/2024 15:10,19.506
7/24/2024 15:20,19.517
7/24/2024 15:30,19.495
7/24/2024 15:40,19.485
7/24/2024 15:50,19.431
7/24/2024 16:00,19.442
7/24/2024 16:10,19.399
7/24/2024 16:20,19.345
7/24/2024 16:30,19.302
7/24/2024 16:40,19.281
7/24/2024 16:50,19.195
7/24/2024 17:00,19.152
7/24/2024 17:10,19.109
7/24/2024 17:20,19.045
7/24/2024 17:30,18.97
7/24/2024 17:40,18.916
7/24/2024 17:50,18.863
7/24/2024 18:00,18.798
7/24/2024 18:10,18.755
7/24/2024 18:20,18.691
7/24/2024 18:30,18.648
7/24/2024 18:40,18.584
7/24/2024 18:50,18.541
7/24/2024 19:00,18.498
7/24/2024 19:10,18.444
7/24/2024 19:20,18.38
7/24/2024 19:30,18.326
7/24/2024 19:40,18.294
7/24/2024 19:50,18.241
7/24/2024 20:00,18.176
7/24/2024 20:10,18.133
7/24/2024 20:20,18.069
7/24/2024 20:30,18.015
7/24/2024 20:40,17.972
7/24/2024 20:50,17.908
7/24/2024 21:00,17.865
7/24/2024 21:10,17.812
7/24/2024 21:20,17.747
7/24/2024 21:30,17.704
7/24/2024 21:40,17.619
7/24/2024 21:50,17.597
7/24/2024 22:00,17.511
7/24/2024 22:10,17.479
7/24/2024 22:20,17.426
7/24/2024 22:30,17.372
7/24/2024 22:40,17.286
7/24/2024 22:50,17.243
7/24/2024 23:00,17.19
7/24/2024 23:10,17.136
7/24/2024 23:20,17.082
7/24/2024 23:30,17.039
7/24/2024 23:40,16.986
7/24/2024 23:50,16.932
7/25/2024 0:00,16.889
7/25/2024 0:10,16.846
7/25/2024 0:20,16.793
7/25/2024 0:30,16.739
7/25/2024 0:40,16.728
7/25/2024 0:50,16.675
7/25/2024 1:00,16.632
7/25/2024 1:10,16.6
7/25/2024 1:20,16.557
7/25/2024 1:30,16.525
7/25/2024 1:40,16.471
7/25/2024 1:50,16.45
7/25/2024 2:00,16.407
7/25/2024 2:10,16.364
7/25/2024 2:20,16.364
7/25/2024 2:30,16.321
7/25/2024 2:40,16.278
7/25/2024 2:50,16.278
7/25/2024 3:00,16.214
7/25/2024 3:10,16.192
7/25/2024 3:20,16.16
7/25/2024 3:30,16.16
7/25/2024 3:40,16.106
7/25/2024 3:50,16.096
7/25/2024 4:00,16.074
7/25/2024 4:10,16.042
7/25/2024 4:20,16.01
7/25/2024 4:30,15.978
7/25/2024 4:40,15.956
7/25/2024 4:50,15.945
7/25/2024 5:00,15.913
7/25/2024 5:10,15.924
7/25/2024 5:20,15.849
7/25/2024 5:30,15.86
7/25/2024 5:40,15.838
7/25/2024 5:50,15.827
7/25/2024 6:00,15.795
7/25/2024 6:10,15.774
7/25/2024 6:20,15.774
7/25/2024 6:30,15.774
7/25/2024 6:40,15.785
7/25/2024 6:50,15.785
7/25/2024 7:00,15.763
7/25/2024 7:10,15.763
7/25/2024 7:20,15.774
7/25/2024 7:30,15.785
7/25/2024 7:40,15.785
7/25/2024 7:50,15.795
7/25/2024 8:00,15.838
7/25/2024 8:10,15.849
7/25/2024 8:20,15.903
7/25/2024 8:30,15.913
7/25/2024 8:40,15.945
7/25/2024 8:50,15.999
7/25/2024 9:00,16.063
7/25/2024 9:10,16.096
7/25/2024 9:20,16.138
7/25/2024 9:30,16.171
7/25/2024 9:40,16.256
7/25/2024 9:50,16.278
7/25/2024 10:00,16.31
7/25/2024 10:10,16.353
7/25/2024 10:20,16.417
7/25/2024 10:30,16.482
7/25/2024 10:40,16.568
7/25/2024 10:50,16.632
7/25/2024 11:00,16.728
7/25/2024 11:10,16.761
7/25/2024 11:20,16.836
7/25/2024 11:30,16.932
7/25/2024 11:40,16.964
7/25/2024 11:50,17.072
7/25/2024 12:00,17.157
7/25/2024 12:10,17.254
7/25/2024 12:20,17.361
7/25/2024 12:30,17.468
7/25/2024 12:40,17.533
7/25/2024 12:50,17.619
7/25/2024 13:00,17.715
7/25/2024 13:10,17.79
7/25/2024 13:20,17.887
7/25/2024 13:30,17.919
7/25/2024 13:40,17.972
7/25/2024 13:50,18.015
7/25/2024 14:00,18.015
7/25/2024 14:10,18.048
7/25/2024 14:20,18.069
7/25/2024 14:30,18.09
7/25/2024 14:40,18.101
7/25/2024 14:50,18.133
7/25/2024 15:00,18.133
7/25/2024 15:10,18.166
7/25/2024 15:20,18.198
7/25/2024 15:30,18.176
7/25/2024 15:40,18.187
7/25/2024 15:50,18.176
7/25/2024 16:00,18.155
7/25/2024 16:10,18.155
7/25/2024 16:20,18.155
7/25/2024 16:30,18.155
7/25/2024 16:40,18.155
7/25/2024 16:50,18.123
7/25/2024 17:00,18.101
7/25/2024 17:10,18.08
7/25/2024 17:20,18.058
7/25/2024 17:30,18.048
7/25/2024 17:40,18.015
7/25/2024 17:50,17.994
7/25/2024 18:00,17.951
7/25/2024 18:10,17.94
7/25/2024 18:20,17.919
7/25/2024 18:30,17.876
7/25/2024 18:40,17.844
7/25/2024 18:50,17.812
7/25/2024 19:00,17.769
7/25/2024 19:10,17.737
7/25/2024 19:20,17.704
7/25/2024 19:30,17.64
7/25/2024 19:40,17.608
7/25/2024 19:50,17.565
7/25/2024 20:00,17.522
7/25/2024 20:10,17.501
7/25/2024 20:20,17.426
7/25/2024 20:30,17.393
7/25/2024 20:40,17.383
7/25/2024 20:50,17.34
7/25/2024 21:00,17.275
7/25/2024 21:10,17.222
7/25/2024 21:20,17.2
7/25/2024 21:30,17.157
7/25/2024 21:40,17.114
7/25/2024 21:50,17.072
7/25/2024 22:00,17.039
7/25/2024 22:10,16.986
7/25/2024 22:20,16.954
7/25/2024 22:30,16.911
7/25/2024 22:40,16.857
7/25/2024 22:50,16.825
7/25/2024 23:00,16.771
7/25/2024 23:10,16.75
7/25/2024 23:20,16.696
7/25/2024 23:30,16.664
7/25/2024 23:40,16.621
7/25/2024 23:50,16.6
7/26/2024 0:00,16.535
7/26/2024 0:10,16.492
7/26/2024 0:20,16.45
7/26/2024 0:30,16.407
7/26/2024 0:40,16.407
7/26/2024 0:50,16.353
7/26/2024 1:00,16.31
7/26/2024 1:10,16.278
7/26/2024 1:20,16.214
7/26/2024 1:30,16.181
7/26/2024 1:40,16.171
7/26/2024 1:50,16.117
7/26/2024 2:00,16.074
7/26/2024 2:10,16.042
7/26/2024 2:20,16.01
7/26/2024 2:30,15.988
7/26/2024 2:40,15.924
7/26/2024 2:50,15.881
7/26/2024 3:00,15.849
7/26/2024 3:10,15.827
7/26/2024 3:20,15.795
7/26/2024 3:30,15.742
7/26/2024 3:40,15.699
7/26/2024 3:50,15.667
7/26/2024 4:00,15.645
7/26/2024 4:10,15.613
7/26/2024 4:20,15.57
7/26/2024 4:30,15.549
7/26/2024 4:40,15.527
7/26/2024 4:50,15.495
7/26/2024 5:00,15.463
7/26/2024 5:10,15.42
7/26/2024 5:20,15.42
7/26/2024 5:30,15.388
7/26/2024 5:40,15.366
7/26/2024 5:50,15.345
7/26/2024 6:00,15.334
7/26/2024 6:10,15.323
7/26/2024 6:20,15.28
7/26/2024 6:30,15.291
7/26/2024 6:40,15.28
7/26/2024 6:50,15.248
7/26/2024 7:00,15.259
7/26/2024 7:10,15.227
7/26/2024 7:20,15.238
7/26/2024 7:30,15.238
7/26/2024 7:40,15.205
7/26/2024 7:50,15.205
7/26/2024 8:00,15.216
7/26/2024 8:10,15.195
7/26/2024 8:20,15.216
7/26/2024 8:30,15.205
7/26/2024 8:40,15.195
7/26/2024 8:50,15.195
7/26/2024 9:00,15.195
7/26/2024 9:10,15.216
7/26/2024 9:20,15.195
7/26/2024 9:30,15.205
7/26/2024 9:40,15.238
7/26/2024 9:50,15.248
7/26/2024 10:00,15.27
7/26/2024 10:10,15.291
7/26/2024 10:20,15.323
7/26/2024 10:30,15.334
7/26/2024 10:40,15.366
7/26/2024 10:50,15.398
7/26/2024 11:00,15.441
7/26/2024 11:10,15.495
7/26/2024 11:20,15.559
7/26/2024 11:30,15.613
7/26/2024 11:40,15.645
7/26/2024 11:50,15.709
7/26/2024 12:00,15.72
7/26/2024 12:10,15.763
7/26/2024 12:20,15.795
7/26/2024 12:30,15.817
7/26/2024 12:40,15.86
7/26/2024 12:50,15.881
7/26/2024 13:00,15.903
7/26/2024 13:10,15.913
7/26/2024 13:20,15.967
7/26/2024 13:30,15.988
7/26/2024 13:40,16.031
7/26/2024 13:50,16.053
7/26/2024 14:00,16.096
7/26/2024 14:10,16.106
7/26/2024 14:20,16.128
7/26/2024 14:30,16.149
7/26/2024 14:40,16.181
7/26/2024 14:50,16.192
7/26/2024 15:00,16.214
7/26/2024 15:10,16.224
7/26/2024 15:20,16.235
7/26/2024 15:30,16.235
7/26/2024 15:40,16.246
7/26/2024 15:50,16.224
7/26/2024 16:00,16.203
7/26/2024 16:10,16.192
7/26/2024 16:20,16.203
7/26/2024 16:30,16.192
7/26/2024 16:40,16.171
7/26/2024 16:50,16.171
7/26/2024 17:00,16.16
7/26/2024 17:10,16.171
7/26/2024 17:20,16.138
7/26/2024 17:30,16.128
7/26/2024 17:40,16.096
7/26/2024 17:50,16.085
7/26/2024 18:00,16.074
7/26/2024 18:10,16.053
7/26/2024 18:20,16.031
7/26/2024 18:30,16.021
7/26/2024 18:40,15.999
7/26/2024 18:50,15.956
7/26/2024 19:00,15.956
7/26/2024 19:10,15.924
7/26/2024 19:20,15.913
7/26/2024 19:30,15.86
7/26/2024 19:40,15.838
7/26/2024 19:50,15.817
7/26/2024 20:00,15.806
7/26/2024 20:10,15.774
7/26/2024 20:20,15.763
7/26/2024 20:30,15.72
7/26/2024 20:40,15.699
7/26/2024 20:50,15.656
7/26/2024 21:00,15.645
7/26/2024 21:10,15.634
7/26/2024 21:20,15.592
7/26/2024 21:30,15.57
7/26/2024 21:40,15.549
7/26/2024 21:50,15.506
7/26/2024 22:00,15.495
7/26/2024 22:10,15.474
7/26/2024 22:20,15.42
7/26/2024 22:30,15.398
7/26/2024 22:40,15.366
7/26/2024 22:50,15.334
7/26/2024 23:00,15.302
7/26/2024 23:10,15.259
7/26/2024 23:20,15.227
7/26/2024 23:30,15.195
7/26/2024 23:40,15.173
7/26/2024 23:50,15.13
7/27/2024 0:00,15.087
7/27/2024 0:10,15.055
7/27/2024 0:20,15.023
7/27/2024 0:30,15.002
7/27/2024 0:40,14.948
7/27/2024 0:50,14.905
7/27/2024 1:00,14.851
7/27/2024 1:10,14.83
7/27/2024 1:20,14.776
7/27/2024 1:30,14.755
7/27/2024 1:40,14.701
7/27/2024 1:50,14.691
7/27/2024 2:00,14.626
7/27/2024 2:10,14.594
7/27/2024 2:20,14.551
7/27/2024 2:30,14.519
7/27/2024 2:40,14.476
7/27/2024 2:50,14.444
7/27/2024 3:00,14.39
7/27/2024 3:10,14.369
7/27/2024 3:20,14.369
7/27/2024 3:30,14.283
7/27/2024 3:40,14.294
7/27/2024 3:50,14.24
7/27/2024 4:00,14.229
7/27/2024 4:10,14.197
7/27/2024 4:20,14.133
7/27/2024 4:30,14.133
7/27/2024 4:40,14.101
7/27/2024 4:50,14.069
7/27/2024 5:00,14.058
7/27/2024 5:10,14.015
7/27/2024 5:20,14.004
7/27/2024 5:30,14.004
7/27/2024 5:40,13.972
7/27/2024 5:50,13.951
7/27/2024 6:00,13.961
7/27/2024 6:10,13.951
7/27/2024 6:20,13.951
7/27/2024 6:30,13.961
7/27/2024 6:40,13.94
7/27/2024 6:50,13.951
7/27/2024 7:00,13.961
7/27/2024 7:10,13.983
7/27/2024 7:20,14.015
7/27/2024 7:30,14.026
7/27/2024 7:40,14.026
7/27/2024 7:50,14.069
7/27/2024 8:00,14.09
7/27/2024 8:10,14.122
7/27/2024 8:20,14.176
7/27/2024 8:30,14.197
7/27/2024 8:40,14.229
7/27/2024 8:50,14.283
7/27/2024 9:00,14.337
7/27/2024 9:10,14.412
7/27/2024 9:20,14.444
7/27/2024 9:30,14.519
7/27/2024 9:40,14.583
7/27/2024 9:50,14.637
7/27/2024 10:00,14.744
7/27/2024 10:10,14.798
7/27/2024 10:20,14.905
7/27/2024 10:30,15.023
7/27/2024 10:40,15.152
7/27/2024 10:50,15.259
7/27/2024 11:00,15.366
7/27/2024 11:10,15.484
7/27/2024 11:20,15.602
7/27/2024 11:30,15.72
7/27/2024 11:40,15.87
7/27/2024 11:50,16.042
7/27/2024 12:00,16.171
7/27/2024 12:10,16.299
7/27/2024 12:20,16.439
7/27/2024 12:30,16.578
7/27/2024 12:40,16.696
7/27/2024 12:50,16.836
7/27/2024 13:00,16.964
7/27/2024 13:10,17.082
7/27/2024 13:20,17.211
7/27/2024 13:30,17.297
7/27/2024 13:40,17.372
7/27/2024 13:50,17.436
7/27/2024 14:00,17.479
7/27/2024 14:10,17.565
7/27/2024 14:20,17.64
7/27/2024 14:30,17.672
7/27/2024 14:40,17.758
7/27/2024 14:50,17.769
7/27/2024 15:00,17.833
7/27/2024 15:10,17.844
7/27/2024 15:20,17.897
7/27/2024 15:30,17.919
7/27/2024 15:40,17.951
7/27/2024 15:50,17.972
7/27/2024 16:00,18.015
7/27/2024 16:10,18.048
7/27/2024 16:20,18.048
7/27/2024 16:30,18.08
7/27/2024 16:40,18.069
7/27/2024 16:50,18.09
7/27/2024 17:00,18.101
7/27/2024 17:10,18.09
7/27/2024 17:20,18.09
7/27/2024 17:30,18.069
7/27/2024 17:40,18.058
7/27/2024 17:50,18.037
7/27/2024 18:00,18.015
7/27/2024 18:10,18.015
7/27/2024 18:20,17.972
7/27/2024 18:30,17.962
7/27/2024 18:40,17.951
7/27/2024 18:50,17.93
7/27/2024 19:00,17.897
7/27/2024 19:10,17.865
7/27/2024 19:20,17.855
7/27/2024 19:30,17.822
7/27/2024 19:40,17.801
7/27/2024 19:50,17.747
7/27/2024 20:00,17.747
7/27/2024 20:10,17.704
7/27/2024 20:20,17.683
7/27/2024 20:30,17.661
7/27/2024 20:40,17.629
7/27/2024 20:50,17.576
7/27/2024 21:00,17.576
7/27/2024 21:10,17.511
7/27/2024 21:20,17.49
7/27/2024 21:30,17.468
7/27/2024 21:40,17.415
7/27/2024 21:50,17.426
7/27/2024 22:00,17.372
7/27/2024 22:10,17.35
7/27/2024 22:20,17.329
7/27/2024 22:30,17.275
7/27/2024 22:40,17.254
7/27/2024 22:50,17.222
7/27/2024 23:00,17.2
7/27/2024 23:10,17.147
7/27/2024 23:20,17.147
7/27/2024 23:30,17.082
7/27/2024 23:40,17.072
7/27/2024 23:50,17.039
7/28/2024 0:00,16.986
7/28/2024 0:10,16.975
7/28/2024 0:20,16.932
7/28/2024 0:30,16.921
7/28/2024 0:40,16.879
7/28/2024 0:50,16.836
7/28/2024 1:00,16.803
7/28/2024 1:10,16.761
7/28/2024 1:20,16.728
7/28/2024 1:30,16.707
7/28/2024 1:40,16.685
7/28/2024 1:50,16.653
7/28/2024 2:00,16.632
7/28/2024 2:10,16.589
7/28/2024 2:20,16.557
7/28/2024 2:30,16.525
7/28/2024 2:40,16.503
7/28/2024 2:50,16.482
7/28/2024 3:00,16.45
7/28/2024 3:10,16.396
7/28/2024 3:20,16.374
7/28/2024 3:30,16.332
7/28/2024 3:40,16.321
7/28/2024 3:50,16.321
7/28/2024 4:00,16.299
7/28/2024 4:10,16.278
7/28/2024 4:20,16.246
7/28/2024 4:30,16.203
7/28/2024 4:40,16.181
7/28/2024 4:50,16.138
7/28/2024 5:00,16.138
7/28/2024 5:10,16.117
7/28/2024 5:20,16.085
7/28/2024 5:30,16.053
7/28/2024 5:40,16.042
7/28/2024 5:50,16.031
7/28/2024 6:00,16.031
7/28/2024 6:10,15.999
7/28/2024 6:20,15.967
7/28/2024 6:30,15.956
7/28/2024 6:40,15.956
7/28/2024 6:50,15.945
7/28/2024 7:00,15.945
7/28/2024 7:10,15.913
7/28/2024 7:20,15.892
7/28/2024 7:30,15.924
7/28/2024 7:40,15.903
7/28/2024 7:50,15.892
7/28/2024 8:00,15.903
7/28/2024 8:10,15.935
7/28/2024 8:20,15.956
7/28/2024 8:30,15.956
7/28/2024 8:40,15.967
7/28/2024 8:50,15.988
7/28/2024 9:00,16.021
7/28/2024 9:10,16.053
7/28/2024 9:20,16.096
7/28/2024 9:30,16.117
7/28/2024 9:40,16.16
7/28/2024 9:50,16.214
7/28/2024 10:00,16.246
7/28/2024 10:10,16.299
7/28/2024 10:20,16.342
7/28/2024 10:30,16.374
7/28/2024 10:40,16.407
7/28/2024 10:50,16.428
7/28/2024 11:00,16.428
7/28/2024 11:10,16.471
7/28/2024 11:20,16.503
7/28/2024 11:30,16.535
7/28/2024 11:40,16.546
7/28/2024 11:50,16.578
7/28/2024 12:00,16.6
7/28/2024 12:10,16.621
7/28/2024 12:20,16.61
7/28/2024 12:30,16.61
7/28/2024 12:40,16.653
7/28/2024 12:50,16.675
7/28/2024 13:00,16.728
7/28/2024 13:10,16.761
7/28/2024 13:20,16.782
7/28/2024 13:30,16.846
7/28/2024 13:40,16.889
7/28/2024 13:50,16.9
7/28/2024 14:00,16.954
7/28/2024 14:10,16.943
7/28/2024 14:20,16.986
7/28/2024 14:30,16.975
7/28/2024 14:40,16.986
7/28/2024 14:50,17.018
7/28/2024 15:00,17.007
7/28/2024 15:10,17.007
7/28/2024 15:20,17.007
7/28/2024 15:30,17.029
7/28/2024 15:40,16.997
7/28/2024 15:50,16.997
7/28/2024 16:00,17.007
7/28/2024 16:10,17.018
7/28/2024 16:20,17.018
7/28/2024 16:30,17.007
7/28/2024 16:40,17.039
7/28/2024 16:50,17.029
7/28/2024 17:00,17.039
7/28/2024 17:10,17.072
7/28/2024 17:20,17.061
7/28/2024 17:30,17.029
7/28/2024 17:40,17.039
7/28/2024 17:50,17.018
7/28/2024 18:00,17.018
7/28/2024 18:10,16.986
7/28/2024 18:20,17.007
7/28/2024 18:30,16.997
7/28/2024 18:40,16.986
7/28/2024 18:50,16.975
7/28/2024 19:00,16.975
7/28/2024 19:10,16.943
7/28/2024 19:20,16.943
7/28/2024 19:30,16.932
7/28/2024 19:40,16.9
7/28/2024 19:50,16.9
7/28/2024 20:00,16.889
7/28/2024 20:10,16.889
7/28/2024 20:20,16.846
7/28/2024 20:30,16.836
7/28/2024 20:40,16.836
7/28/2024 20:50,16.803
7/28/2024 21:00,16.803
7/28/2024 21:10,16.803
7/28/2024 21:20,16.771
7/28/2024 21:30,16.771
7/28/2024 21:40,16.739
7/28/2024 21:50,16.739
7/28/2024 22:00,16.707
7/28/2024 22:10,16.696
7/28/2024 22:20,16.707
7/28/2024 22:30,16.707
7/28/2024 22:40,16.675
7/28/2024 22:50,16.675
7/28/2024 23:00,16.643
7/28/2024 23:10,16.653
7/28/2024 23:20,16.632
7/28/2024 23:30,16.621
7/28/2024 23:40,16.61
7/28/2024 23:50,16.589
7/29/2024 0:00,16.578
7/29/2024 0:10,16.568
7/29/2024 0:20,16.546
7/29/2024 0:30,16.557
7/29/2024 0:40,16.535
7/29/2024 0:50,16.525
7/29/2024 1:00,16.546
7/29/2024 1:10,16.503
7/29/2024 1:20,16.503
7/29/2024 1:30,16.492
7/29/2024 1:40,16.503
7/29/2024 1:50,16.492
7/29/2024 2:00,16.482
7/29/2024 2:10,16.471
7/29/2024 2:20,16.471
7/29/2024 2:30,16.471
7/29/2024 2:40,16.46
7/29/2024 2:50,16.439
7/29/2024 3:00,16.45
7/29/2024 3:10,16.46
7/29/2024 3:20,16.439
7/29/2024 3:30,16.46
7/29/2024 3:40,16.428
7/29/2024 3:50,16.45
7/29/2024 4:00,16.428
7/29/2024 4:10,16.439
7/29/2024 4:20,16.439
7/29/2024 4:30,16.417
7/29/2024 4:40,16.407
7/29/2024 4:50,16.428
7/29/2024 5:00,16.417
7/29/2024 5:10,16.396
7/29/2024 5:20,16.417
7/29/2024 5:30,16.385
7/29/2024 5:40,16.385
7/29/2024 5:50,16.385
7/29/2024 6:00,16.385
7/29/2024 6:10,16.374
7/29/2024 6:20,16.364
7/29/2024 6:30,16.374
7/29/2024 6:40,16.385
7/29/2024 6:50,16.385
7/29/2024 7:00,16.407
7/29/2024 7:10,16.407
7/29/2024 7:20,16.385
7/29/2024 7:30,16.396
7/29/2024 7:40,16.396
7/29/2024 7:50,16.417
7/29/2024 8:00,16.417
7/29/2024 8:10,16.428
7/29/2024 8:20,16.46
7/29/2024 8:30,16.482
7/29/2024 8:40,16.482
7/29/2024 8:50,16.492
7/29/2024 9:00,16.492
7/29/2024 9:10,16.535
7/29/2024 9:20,16.525
7/29/2024 9:30,16.546
7/29/2024 9:40,16.568
7/29/2024 9:50,16.568
7/29/2024 10:00,16.546
7/29/2024 10:10,16.6
7/29/2024 10:20,16.589
7/29/2024 10:30,16.621
7/29/2024 10:40,16.589
7/29/2024 10:50,16.621
7/29/2024 11:00,16.643
7/29/2024 11:10,16.675
7/29/2024 11:20,16.718
7/29/2024 11:30,16.696
7/29/2024 11:40,16.718
7/29/2024 11:50,16.771
7/29/2024 12:00,16.803
7/29/2024 12:10,16.825
7/29/2024 12:20,16.857
7/29/2024 12:30,16.889
7/29/2024 12:40,16.921
7/29/2024 12:50,16.954
7/29/2024 13:00,16.975
7/29/2024 13:10,17.007
7/29/2024 13:20,17.029
7/29/2024 13:30,17.061
7/29/2024 13:40,17.072
7/29/2024 13:50,17.082
7/29/2024 14:00,17.093
7/29/2024 14:10,17.125
7/29/2024 14:20,17.114
7/29/2024 14:30,17.136
7/29/2024 14:40,17.147
7/29/2024 14:50,17.157
7/29/2024 15:00,17.157
7/29/2024 15:10,17.168
7/29/2024 15:20,17.157
7/29/2024 15:30,17.179
7/29/2024 15:40,17.19
7/29/2024 15:50,17.211
7/29/2024 16:00,17.19
7/29/2024 16:10,17.2
7/29/2024 16:20,17.211
7/29/2024 16:30,17.2
7/29/2024 16:40,17.211
7/29/2024 16:50,17.19
7/29/2024 17:00,17.211
7/29/2024 17:10,17.211
7/29/2024 17:20,17.19
7/29/2024 17:30,17.211
7/29/2024 17:40,17.179
7/29/2024 17:50,17.179
7/29/2024 18:00,17.168
7/29/2024 18:10,17.157
7/29/2024 18:20,17.168
7/29/2024 18:30,17.147
7/29/2024 18:40,17.157
7/29/2024 18:50,17.125
7/29/2024 19:00,17.114
7/29/2024 19:10,17.114
7/29/2024 19:20,17.093
7/29/2024 19:30,17.093
7/29/2024 19:40,17.082
7/29/2024 19:50,17.061
7/29/2024 20:00,17.072
7/29/2024 20:10,17.072
7/29/2024 20:20,17.061
7/29/2024 20:30,17.05
7/29/2024 20:40,17.039
7/29/2024 20:50,17.029
7/29/2024 21:00,17.029
7/29/2024 21:10,17.029
7/29/2024 21:20,16.997
7/29/2024 21:30,17.007
7/29/2024 21:40,16.975
7/29/2024 21:50,16.954
7/29/2024 22:00,16.954
7/29/2024 22:10,16.943
7/29/2024 22:20,16.943
7/29/2024 22:30,16.921
7/29/2024 22:40,16.9
7/29/2024 22:50,16.9
7/29/2024 23:00,16.879
7/29/2024 23:10,16.857
7/29/2024 23:20,16.836
7/29/2024 23:30,16.846
7/29/2024 23:40,16.814
7/29/2024 23:50,16.814
7/30/2024 0:00,16.761
7/30/2024 0:10,16.771
7/30/2024 0:20,16.75
7/30/2024 0:30,16.75
7/30/2024 0:40,16.707
7/30/2024 0:50,16.696
7/30/2024 1:00,16.675
7/30/2024 1:10,16.643
7/30/2024 1:20,16.621
7/30/2024 1:30,16.621
7/30/2024 1:40,16.589
7/30/2024 1:50,16.589
7/30/2024 2:00,16.568
7/30/2024 2:10,16.535
7/30/2024 2:20,16.535
7/30/2024 2:30,16.514
7/30/2024 2:40,16.503
7/30/2024 2:50,16.492
7/30/2024 3:00,16.45
7/30/2024 3:10,16.439
7/30/2024 3:20,16.407
7/30/2024 3:30,16.428
7/30/2024 3:40,16.385
7/30/2024 3:50,16.353
7/30/2024 4:00,16.321
7/30/2024 4:10,16.31
7/30/2024 4:20,16.289
7/30/2024 4:30,16.256
7/30/2024 4:40,16.256
7/30/2024 4:50,16.246
7/30/2024 5:00,16.214
7/30/2024 5:10,16.181
7/30/2024 5:20,16.171
7/30/2024 5:30,16.16
7/30/2024 5:40,16.138
7/30/2024 5:50,16.106
7/30/2024 6:00,16.096
7/30/2024 6:10,16.085
7/30/2024 6:20,16.074
7/30/2024 6:30,16.031
7/30/2024 6:40,15.999
7/30/2024 6:50,16.021
7/30/2024 7:00,15.999
7/30/2024 7:10,15.988
7/30/2024 7:20,15.999
7/30/2024 7:30,15.978
7/30/2024 7:40,15.988
7/30/2024 7:50,15.967
7/30/2024 8:00,15.956
7/30/2024 8:10,15.956
7/30/2024 8:20,15.988
7/30/2024 8:30,15.978
7/30/2024 8:40,15.988
7/30/2024 8:50,15.978
7/30/2024 9:00,15.988
7/30/2024 9:10,15.988
7/30/2024 9:20,15.988
7/30/2024 9:30,16.021
7/30/2024 9:40,16.01
7/30/2024 9:50,16.021
7/30/2024 10:00,16.031
7/30/2024 10:10,16.042
7/30/2024 10:20,16.042
7/30/2024 10:30,16.053
7/30/2024 10:40,16.042
7/30/2024 10:50,16.085
7/30/2024 11:00,16.085
7/30/2024 11:10,16.106
7/30/2024 11:20,16.096
7/30/2024 11:30,16.117
7/30/2024 11:40,16.128
7/30/2024 11:50,16.16
7/30/2024 12:00,16.171
7/30/2024 12:10,16.16
7/30/2024 12:20,16.171
7/30/2024 12:30,16.203
7/30/2024 12:40,16.181
7/30/2024 12:50,16.235
7/30/2024 13:00,16.246
7/30/2024 13:10,16.256
7/30/2024 13:20,16.267
7/30/2024 13:30,16.278
7/30/2024 13:40,16.289
7/30/2024 13:50,16.299
7/30/2024 14:00,16.31
7/30/2024 14:10,16.321
7/30/2024 14:20,16.332
7/30/2024 14:30,16.342
7/30/2024 14:40,16.321
7/30/2024 14:50,16.332
7/30/2024 15:00,16.342
7/30/2024 15:10,16.332
7/30/2024 15:20,16.332
7/30/2024 15:30,16.332
7/30/2024 15:40,16.321
7/30/2024 15:50,16.321
7/30/2024 16:00,16.31
7/30/2024 16:10,16.321
7/30/2024 16:20,16.31
7/30/2024 16:30,16.299
7/30/2024 16:40,16.289
7/30/2024 16:50,16.256
7/30/2024 17:00,16.278
7/30/2024 17:10,16.267
7/30/2024 17:20,16.246
7/30/2024 17:30,16.235
7/30/2024 17:40,16.192
7/30/2024 17:50,16.181
7/30/2024 18:00,16.171
7/30/2024 18:10,16.16
7/30/2024 18:20,16.149
7/30/2024 18:30,16.128
7/30/2024 18:40,16.117
7/30/2024 18:50,16.106
7/30/2024 19:00,16.063
7/30/2024 19:10,16.042
7/30/2024 19:20,16.031
7/30/2024 19:30,16.01
7/30/2024 19:40,15.999
7/30/2024 19:50,15.967
7/30/2024 20:00,15.956
7/30/2024 20:10,15.935
7/30/2024 20:20,15.913
7/30/2024 20:30,15.881
7/30/2024 20:40,15.86
7/30/2024 20:50,15.849
7/30/2024 21:00,15.827
7/30/2024 21:10,15.817
7/30/2024 21:20,15.785
7/30/2024 21:30,15.752
7/30/2024 21:40,15.763
7/30/2024 21:50,15.731
7/30/2024 22:00,15.72
7/30/2024 22:10,15.688
7/30/2024 22:20,15.667
7/30/2024 22:30,15.656
7/30/2024 22:40,15.645
7/30/2024 22:50,15.624
7/30/2024 23:00,15.602
7/30/2024 23:10,15.581
7/30/2024 23:20,15.57
7/30/2024 23:30,15.538
7/30/2024 23:40,15.527
7/30/2024 23:50,15.516
7/31/2024 0:00,15.516
7/31/2024 0:10,15.506
7/31/2024 0:20,15.474
7/31/2024 0:30,15.452
7/31/2024 0:40,15.463
7/31/2024 0:50,15.42
7/31/2024 1:00,15.409
7/31/2024 1:10,15.388
7/31/2024 1:20,15.377
7/31/2024 1:30,15.366
7/31/2024 1:40,15.356
7/31/2024 1:50,15.356
7/31/2024 2:00,15.323
7/31/2024 2:10,15.313
7/31/2024 2:20,15.28
7/31/2024 2:30,15.323
7/31/2024 2:40,15.28
7/31/2024 2:50,15.248
7/31/2024 3:00,15.248
7/31/2024 3:10,15.238
7/31/2024 3:20,15.195
7/31/2024 3:30,15.216
7/31/2024 3:40,15.163
7/31/2024 3:50,15.173
7/31/2024 4:00,15.173
7/31/2024 4:10,15.163
7/31/2024 4:20,15.13
7/31/2024 4:30,15.13
7/31/2024 4:40,15.109
7/31/2024 4:50,15.109
7/31/2024 5:00,15.12
7/31/2024 5:10,15.087
7/31/2024 5:20,15.066
7/31/2024 5:30,15.066
7/31/2024 5:40,15.023
7/31/2024 5:50,15.034
7/31/2024 6:00,15.034
7/31/2024 6:10,15.023
7/31/2024 6:20,15.012
7/31/2024 6:30,15.002
7/31/2024 6:40,15.012
7/31/2024 6:50,15.002
7/31/2024 7:00,15.002
7/31/2024 7:10,14.991
7/31/2024 7:20,15.002
7/31/2024 7:30,15.002
7/31/2024 7:40,15.012
7/31/2024 7:50,15.012
7/31/2024 8:00,15.012
7/31/2024 8:10,15.034
7/31/2024 8:20,15.055
7/31/2024 8:30,15.066
7/31/2024 8:40,15.066
7/31/2024 8:50,15.087
7/31/2024 9:00,15.098
7/31/2024 9:10,15.12
7/31/2024 9:20,15.13
7/31/2024 9:30,15.163
7/31/2024 9:40,15.173
7/31/2024 9:50,15.184
7/31/2024 10:00,15.227
7/31/2024 10:10,15.248
7/31/2024 10:20,15.291
7/31/2024 10:30,15.323
7/31/2024 10:40,15.366
7/31/2024 10:50,15.398
7/31/2024 11:00,15.452
7/31/2024 11:10,15.484
7/31/2024 11:20,15.516
7/31/2024 11:30,15.57
7/31/2024 11:40,15.602
7/31/2024 11:50,15.656
7/31/2024 12:00,15.699
7/31/2024 12:10,15.742
7/31/2024 12:20,15.817
7/31/2024 12:30,15.86
7/31/2024 12:40,15.881
7/31/2024 12:50,15.935
7/31/2024 13:00,15.945
7/31/2024 13:10,15.988
7/31/2024 13:20,16.021
7/31/2024 13:30,16.063
7/31/2024 13:40,16.096
7/31/2024 13:50,16.096
7/31/2024 14:00,16.138
7/31/2024 14:10,16.149
7/31/2024 14:20,16.192
7/31/2024 14:30,16.192
7/31/2024 14:40,16.214
7/31/2024 14:50,16.224
7/31/2024 15:00,16.246
7/31/2024 15:10,16.267
7/31/2024 15:20,16.278
7/31/2024 15:30,16.321
7/31/2024 15:40,16.321
7/31/2024 15:50,16.364
7/31/2024 16:00,16.353
7/31/2024 16:10,16.364
7/31/2024 16:20,16.417
7/31/2024 16:30,16.407
7/31/2024 16:40,16.407
7/31/2024 16:50,16.428
7/31/2024 17:00,16.439
7/31/2024 17:10,16.439
7/31/2024 17:20,16.439
7/31/2024 17:30,16.428
7/31/2024 17:40,16.439
7/31/2024 17:50,16.417
7/31/2024 18:00,16.407
7/31/2024 18:10,16.385
7/31/2024 18:20,16.374
7/31/2024 18:30,16.342
7/31/2024 18:40,16.342
7/31/2024 18:50,16.31
7/31/2024 19:00,16.278
7/31/2024 19:10,16.256
7/31/2024 19:20,16.235
7/31/2024 19:30,16.235
7/31/2024 19:40,16.171
7/31/2024 19:50,16.16
7/31/2024 20:00,16.16
7/31/2024 20:10,16.128
7/31/2024 20:20,16.085
7/31/2024 20:30,16.063
7/31/2024 20:40,16.01
7/31/2024 20:50,15.999
7/31/2024 21:00,15.978
7/31/2024 21:10,15.945
7/31/2024 21:20,15.913
7/31/2024 21:30,15.903
7/31/2024 21:40,15.892
7/31/2024 21:50,15.86
7/31/2024 22:00,15.827
7/31/2024 22:10,15.817
7/31/2024 22:20,15.806
7/31/2024 22:30,15.785
7/31/2024 22:40,15.731
7/31/2024 22:50,15.72
7/31/2024 23:00,15.677
7/31/2024 23:10,15.688
7/31/2024 23:20,15.645
7/31/2024 23:30,15.634
7/31/2024 23:40,15.624
7/31/2024 23:50,15.602
8/1/2024 0:00,15.581
8/1/2024 0:10,15.581
8/1/2024 0:20,15.549
8/1/2024 0:30,15.538
8/1/2024 0:40,15.527
8/1/2024 0:50,15.516
8/1/2024 1:00,15.495
8/1/2024 1:10,15.474
8/1/2024 1:20,15.452
8/1/2024 1:30,15.441
8/1/2024 1:40,15.431
8/1/2024 1:50,15.42
8/1/2024 2:00,15.398
8/1/2024 2:10,15.366
8/1/2024 2:20,15.356
8/1/2024 2:30,15.334
8/1/2024 2:40,15.356
8/1/2024 2:50,15.323
8/1/2024 3:00,15.323
8/1/2024 3:10,15.302
8/1/2024 3:20,15.313
8/1/2024 3:30,15.259
8/1/2024 3:40,15.27
8/1/2024 3:50,15.248
8/1/2024 4:00,15.227
8/1/2024 4:10,15.205
8/1/2024 4:20,15.195
8/1/2024 4:30,15.195
8/1/2024 4:40,15.163
8/1/2024 4:50,15.152
8/1/2024 5:00,15.152
8/1/2024 5:10,15.13
8/1/2024 5:20,15.13
8/1/2024 5:30,15.12
8/1/2024 5:40,15.087
8/1/2024 5:50,15.098
8/1/2024 6:00,15.087
8/1/2024 6:10,15.077
8/1/2024 6:20,15.077
8/1/2024 6:30,15.077
8/1/2024 6:40,15.077
8/1/2024 6:50,15.077
8/1/2024 7:00,15.087
8/1/2024 7:10,15.087
8/1/2024 7:20,15.077
8/1/2024 7:30,15.109
8/1/2024 7:40,15.109
8/1/2024 7:50,15.12
8/1/2024 8:00,15.13
8/1/2024 8:10,15.13
8/1/2024 8:20,15.163
8/1/2024 8:30,15.173
8/1/2024 8:40,15.184
8/1/2024 8:50,15.195
8/1/2024 9:00,15.227
8/1/2024 9:10,15.259
8/1/2024 9:20,15.28
8/1/2024 9:30,15.313
8/1/2024 9:40,15.366
8/1/2024 9:50,15.388
8/1/2024 10:00,15.409
8/1/2024 10:10,15.452
8/1/2024 10:20,15.495
8/1/2024 10:30,15.527
8/1/2024 10:40,15.581
8/1/2024 10:50,15.613
8/1/2024 11:00,15.656
8/1/2024 11:10,15.731
8/1/2024 11:20,15.763
8/1/2024 11:30,15.817
8/1/2024 11:40,15.881
8/1/2024 11:50,15.945
8/1/2024 12:00,16.021
8/1/2024 12:10,16.096
8/1/2024 12:20,16.16
8/1/2024 12:30,16.267
8/1/2024 12:40,16.332
8/1/2024 12:50,16.45
8/1/2024 13:00,16.482
8/1/2024 13:10,16.61
8/1/2024 13:20,16.653
8/1/2024 13:30,16.707
8/1/2024 13:40,16.803
8/1/2024 13:50,16.857
8/1/2024 14:00,16.921
8/1/2024 14:10,16.964
8/1/2024 14:20,17.029
8/1/2024 14:30,17.082
8/1/2024 14:40,17.104
8/1/2024 14:50,17.114
8/1/2024 15:00,17.114
8/1/2024 15:10,17.136
8/1/2024 15:20,17.136
8/1/2024 15:30,17.157
8/1/2024 15:40,17.168
8/1/2024 15:50,17.179
8/1/2024 16:00,17.19
8/1/2024 16:10,17.211
8/1/2024 16:20,17.232
8/1/2024 16:30,17.232
8/1/2024 16:40,17.232
8/1/2024 16:50,17.211
8/1/2024 17:00,17.222
8/1/2024 17:10,17.232
8/1/2024 17:20,17.243
8/1/2024 17:30,17.254
8/1/2024 17:40,17.243
8/1/2024 17:50,17.211
8/1/2024 18:00,17.232
8/1/2024 18:10,17.2
8/1/2024 18:20,17.19
8/1/2024 18:30,17.179
8/1/2024 18:40,17.179
8/1/2024 18:50,17.19
8/1/2024 19:00,17.168
8/1/2024 19:10,17.168
8/1/2024 19:20,17.147
8/1/2024 19:30,17.157
8/1/2024 19:40,17.114
8/1/2024 19:50,17.114
8/1/2024 20:00,17.104
8/1/2024 20:10,17.093
8/1/2024 20:20,17.093
8/1/2024 20:30,17.072
8/1/2024 20:40,17.05
8/1/2024 20:50,17.05
8/1/2024 21:00,17.029
8/1/2024 21:10,17.007
8/1/2024 21:20,17.018
8/1/2024 21:30,16.986
8/1/2024 21:40,16.954
8/1/2024 21:50,16.954
8/1/2024 22:00,16.943
8/1/2024 22:10,16.932
8/1/2024 22:20,16.9
8/1/2024 22:30,16.9
8/1/2024 22:40,16.879
8/1/2024 22:50,16.857
8/1/2024 23:00,16.857
8/1/2024 23:10,16.846
8/1/2024 23:20,16.846
8/1/2024 23:30,16.836
8/1/2024 23:40,16.814
8/1/2024 23:50,16.803
8/2/2024 0:00,16.793
8/2/2024 0:10,16.793
8/2/2024 0:20,16.782
8/2/2024 0:30,16.761
8/2/2024 0:40,16.761
8/2/2024 0:50,16.761
8/2/2024 1:00,16.761
8/2/2024 1:10,16.739
8/2/2024 1:20,16.771
8/2/2024 1:30,16.771
8/2/2024 1:40,16.761
8/2/2024 1:50,16.761
8/2/2024 2:00,16.761
8/2/2024 2:10,16.761
8/2/2024 2:20,16.739
8/2/2024 2:30,16.728
8/2/2024 2:40,16.728
8/2/2024 2:50,16.718
8/2/2024 3:00,16.739
8/2/2024 3:10,16.728
8/2/2024 3:20,16.707
8/2/2024 3:30,16.718
8/2/2024 3:40,16.696
8/2/2024 3:50,16.718
8/2/2024 4:00,16.718
8/2/2024 4:10,16.728
8/2/2024 4:20,16.728
8/2/2024 4:30,16.728
8/2/2024 4:40,16.728
8/2/2024 4:50,16.728
8/2/2024 5:00,16.739
8/2/2024 5:10,16.75
8/2/2024 5:20,16.771
8/2/2024 5:30,16.771
8/2/2024 5:40,16.771
8/2/2024 5:50,16.803
8/2/2024 6:00,16.814
8/2/2024 6:10,16.814
8/2/2024 6:20,16.803
8/2/2024 6:30,16.857
8/2/2024 6:40,16.868
8/2/2024 6:50,16.921
8/2/2024 7:00,16.911
8/2/2024 7:10,16.911
8/2/2024 7:20,16.986
8/2/2024 7:30,17.007
8/2/2024 7:40,17.018
8/2/2024 7:50,17.039
8/2/2024 8:00,17.093
8/2/2024 8:10,17.114
8/2/2024 8:20,17.147
8/2/2024 8:30,17.179
8/2/2024 8:40,17.222
8/2/2024 8:50,17.254
8/2/2024 9:00,17.275
8/2/2024 9:10,17.318
8/2/2024 9:20,17.34
8/2/2024 9:30,17.35
8/2/2024 9:40,17.393
8/2/2024 9:50,17.447
8/2/2024 10:00,17.458
8/2/2024 10:10,17.49
8/2/2024 10:20,17.511
8/2/2024 10:30,17.543
8/2/2024 10:40,17.619
8/2/2024 10:50,17.629
8/2/2024 11:00,17.683
8/2/2024 11:10,17.737
8/2/2024 11:20,17.801
8/2/2024 11:30,17.844
8/2/2024 11:40,17.897
8/2/2024 11:50,17.962
8/2/2024 12:00,17.972
8/2/2024 12:10,18.026
8/2/2024 12:20,18.069
8/2/2024 12:30,18.09
8/2/2024 12:40,18.133
8/2/2024 12:50,18.187
8/2/2024 13:00,18.198
8/2/2024 13:10,18.241
8/2/2024 13:20,18.273
8/2/2024 13:30,18.294
8/2/2024 13:40,18.326
8/2/2024 13:50,18.359
8/2/2024 14:00,18.38
8/2/2024 14:10,18.391
8/2/2024 14:20,18.401
8/2/2024 14:30,18.466
8/2/2024 14:40,18.466
8/2/2024 14:50,18.498
8/2/2024 15:00,18.53
8/2/2024 15:10,18.541
8/2/2024 15:20,18.53
8/2/2024 15:30,18.541
8/2/2024 15:40,18.541
8/2/2024 15:50,18.552
8/2/2024 16:00,18.552
8/2/2024 16:10,18.562
8/2/2024 16:20,18.541
8/2/2024 16:30,18.541
8/2/2024 16:40,18.552
8/2/2024 16:50,18.573
8/2/2024 17:00,18.573
8/2/2024 17:10,18.595
8/2/2024 17:20,18.584
8/2/2024 17:30,18.584
8/2/2024 17:40,18.584
8/2/2024 17:50,18.573
8/2/2024 18:00,18.573
8/2/2024 18:10,18.573
8/2/2024 18:20,18.573
8/2/2024 18:30,18.541
8/2/2024 18:40,18.541
8/2/2024 18:50,18.552
8/2/2024 19:00,18.519
8/2/2024 19:10,18.509
8/2/2024 19:20,18.487
8/2/2024 19:30,18.466
8/2/2024 19:40,18.466
8/2/2024 19:50,18.444
8/2/2024 20:00,18.444
8/2/2024 20:10,18.412
8/2/2024 20:20,18.412
8/2/2024 20:30,18.401
8/2/2024 20:40,18.401
8/2/2024 20:50,18.38
8/2/2024 21:00,18.369
8/2/2024 21:10,18.359
8/2/2024 21:20,18.337
8/2/2024 21:30,18.348
8/2/2024 21:40,18.326
8/2/2024 21:50,18.337
8/2/2024 22:00,18.305
8/2/2024 22:10,18.284
8/2/2024 22:20,18.284
8/2/2024 22:30,18.284
8/2/2024 22:40,18.262
8/2/2024 22:50,18.262
8/2/2024 23:00,18.241
8/2/2024 23:10,18.198
8/2/2024 23:20,18.187
8/2/2024 23:30,18.198
8/2/2024 23:40,18.176
8/2/2024 23:50,18.133
8/3/2024 0:00,18.123
8/3/2024 0:10,18.08
8/3/2024 0:20,18.048
8/3/2024 0:30,17.983
8/3/2024 0:40,17.972
8/3/2024 0:50,17.897
8/3/2024 1:00,17.865
8/3/2024 1:10,17.822
8/3/2024 1:20,17.779
8/3/2024 1:30,17.737
8/3/2024 1:40,17.683
8/3/2024 1:50,17.629
8/3/2024 2:00,17.619
8/3/2024 2:10,17.576
8/3/2024 2:20,17.511
8/3/2024 2:30,17.458
8/3/2024 2:40,17.415
8/3/2024 2:50,17.372
8/3/2024 3:00,17.308
8/3/2024 3:10,17.232
8/3/2024 3:20,17.19
8/3/2024 3:30,17.136
8/3/2024 3:40,17.093
8/3/2024 3:50,17.05
8/3/2024 4:00,17.029
8/3/2024 4:10,16.986
8/3/2024 4:20,16.943
8/3/2024 4:30,16.889
8/3/2024 4:40,16.836
8/3/2024 4:50,16.771
8/3/2024 5:00,16.653
8/3/2024 5:10,16.535
8/3/2024 5:20,16.374
8/3/2024 5:30,16.224
8/3/2024 5:40,16.096
8/3/2024 5:50,15.978
8/3/2024 6:00,15.892
8/3/2024 6:10,15.827
8/3/2024 6:20,15.763
8/3/2024 6:30,15.731
8/3/2024 6:40,15.634
8/3/2024 6:50,15.581
8/3/2024 7:00,15.484
8/3/2024 7:10,15.441
8/3/2024 7:20,15.345
8/3/2024 7:30,15.27
8/3/2024 7:40,15.173
8/3/2024 7:50,15.13
8/3/2024 8:00,15.023
8/3/2024 8:10,14.959
8/3/2024 8:20,14.884
8/3/2024 8:30,14.798
8/3/2024 8:40,14.712
8/3/2024 8:50,14.658
8/3/2024 9:00,14.562
8/3/2024 9:10,14.487
8/3/2024 9:20,14.412
8/3/2024 9:30,14.337
8/3/2024 9:40,14.24
8/3/2024 9:50,14.197
8/3/2024 10:00,14.144
8/3/2024 10:10,14.079
8/3/2024 10:20,14.004
8/3/2024 10:30,13.983
8/3/2024 10:40,13.929
8/3/2024 10:50,13.908
8/3/2024 11:00,13.854
8/3/2024 11:10,13.833
8/3/2024 11:20,13.8
8/3/2024 11:30,13.779
8/3/2024 11:40,13.768
8/3/2024 11:50,13.747
8/3/2024 12:00,13.715
8/3/2024 12:10,13.682
8/3/2024 12:20,13.65
8/3/2024 12:30,13.672
8/3/2024 12:40,13.65
8/3/2024 12:50,13.607
8/3/2024 13:00,13.597
8/3/2024 13:10,13.586
8/3/2024 13:20,13.575
8/3/2024 13:30,13.597
8/3/2024 13:40,13.554
8/3/2024 13:50,13.554
8/3/2024 14:00,13.532
8/3/2024 14:10,13.532
8/3/2024 14:20,13.522
8/3/2024 14:30,13.489
8/3/2024 14:40,13.468
8/3/2024 14:50,13.446
8/3/2024 15:00,13.457
8/3/2024 15:10,13.436
8/3/2024 15:20,13.425
8/3/2024 15:30,13.393
8/3/2024 15:40,13.382
8/3/2024 15:50,13.382
8/3/2024 16:00,13.361
8/3/2024 16:10,13.339
8/3/2024 16:20,13.339
8/3/2024 16:30,13.329
8/3/2024 16:40,13.296
8/3/2024 16:50,13.286
8/3/2024 17:00,13.296
8/3/2024 17:10,13.264
8/3/2024 17:20,13.275
8/3/2024 17:30,13.243
8/3/2024 17:40,13.211
8/3/2024 17:50,13.2
8/3/2024 18:00,13.178
8/3/2024 18:10,13.178
8/3/2024 18:20,13.168
8/3/2024 18:30,13.168
8/3/2024 18:40,13.146
8/3/2024 18:50,13.135
8/3/2024 19:00,13.114
8/3/2024 19:10,13.114
8/3/2024 19:20,13.103
8/3/2024 19:30,13.103
8/3/2024 19:40,13.093
8/3/2024 19:50,13.071
8/3/2024 20:00,13.05
8/3/2024 20:10,13.05
8/3/2024 20:20,13.028
8/3/2024 20:30,13.028
8/3/2024 20:40,13.007
8/3/2024 20:50,13.007
8/3/2024 21:00,13.007
8/3/2024 21:10,12.985
8/3/2024 21:20,12.975
8/3/2024 21:30,12.975
8/3/2024 21:40,12.964
8/3/2024 21:50,12.942
8/3/2024 22:00,12.964
8/3/2024 22:10,12.964
8/3/2024 22:20,12.942
8/3/2024 22:30,12.942
8/3/2024 22:40,12.932
8/3/2024 22:50,12.921
8/3/2024 23:00,12.942
8/3/2024 23:10,12.91
8/3/2024 23:20,12.921
8/3/2024 23:30,12.889
8/3/2024 23:40,12.9
8/3/2024 23:50,12.889
8/4/2024 0:00,12.878
8/4/2024 0:10,12.889
8/4/2024 0:20,12.857
8/4/2024 0:30,12.867
8/4/2024 0:40,12.867
8/4/2024 0:50,12.867
8/4/2024 1:00,12.846
8/4/2024 1:10,12.824
8/4/2024 1:20,12.835
8/4/2024 1:30,12.824
8/4/2024 1:40,12.814
8/4/2024 1:50,12.782
8/4/2024 2:00,12.792
8/4/2024 2:10,12.792
8/4/2024 2:20,12.792
8/4/2024 2:30,12.771
8/4/2024 2:40,12.76
8/4/2024 2:50,12.76
8/4/2024 3:00,12.717
8/4/2024 3:10,12.728
8/4/2024 3:20,12.728
8/4/2024 3:30,12.717
8/4/2024 3:40,12.696
8/4/2024 3:50,12.685
8/4/2024 4:00,12.674
8/4/2024 4:10,12.674
8/4/2024 4:20,12.664
8/4/2024 4:30,12.642
8/4/2024 4:40,12.631
8/4/2024 4:50,12.61
8/4/2024 5:00,12.599
8/4/2024 5:10,12.588
8/4/2024 5:20,12.588
8/4/2024 5:30,12.567
8/4/2024 5:40,12.556
8/4/2024 5:50,12.556
8/4/2024 6:00,12.535
8/4/2024 6:10,12.546
8/4/2024 6:20,12.524
8/4/2024 6:30,12.524
8/4/2024 6:40,12.492
8/4/2024 6:50,12.524
8/4/2024 7:00,12.481
8/4/2024 7:10,12.492
8/4/2024 7:20,12.492
8/4/2024 7:30,12.471
8/4/2024 7:40,12.492
8/4/2024 7:50,12.481
8/4/2024 8:00,12.492
8/4/2024 8:10,12.481
8/4/2024 8:20,12.481
8/4/2024 8:30,12.471
8/4/2024 8:40,12.492
8/4/2024 8:50,12.513
8/4/2024 9:00,12.503
8/4/2024 9:10,12.503
8/4/2024 9:20,12.524
8/4/2024 9:30,12.546
8/4/2024 9:40,12.535
8/4/2024 9:50,12.556
8/4/2024 10:00,12.556
8/4/2024 10:10,12.588
8/4/2024 10:20,12.588
8/4/2024 10:30,12.621
8/4/2024 10:40,12.621
8/4/2024 10:50,12.653
8/4/2024 11:00,12.664
8/4/2024 11:10,12.696
8/4/2024 11:20,12.706
8/4/2024 11:30,12.728
8/4/2024 11:40,12.739
8/4/2024 11:50,12.76
8/4/2024 12:00,12.782
8/4/2024 12:10,12.782
8/4/2024 12:20,12.771
8/4/2024 12:30,12.792
8/4/2024 12:40,12.803
8/4/2024 12:50,12.824
8/4/2024 13:00,12.835
8/4/2024 13:10,12.846
8/4/2024 13:20,12.824
8/4/2024 13:30,12.846
8/4/2024 13:40,12.857
8/4/2024 13:50,12.857
8/4/2024 14:00,12.846
8/4/2024 14:10,12.857
8/4/2024 14:20,12.867
8/4/2024 14:30,12.867
8/4/2024 14:40,12.857
8/4/2024 14:50,12.846
8/4/2024 15:00,12.867
8/4/2024 15:10,12.857
8/4/2024 15:20,12.846
8/4/2024 15:30,12.835
8/4/2024 15:40,12.824
8/4/2024 15:50,12.824
8/4/2024 16:00,12.792
8/4/2024 16:10,12.792
8/4/2024 16:20,12.792
8/4/2024 16:30,12.782
8/4/2024 16:40,12.739
8/4/2024 16:50,12.749
8/4/2024 17:00,12.728
8/4/2024 17:10,12.717
8/4/2024 17:20,12.706
8/4/2024 17:30,12.706
8/4/2024 17:40,12.685
8/4/2024 17:50,12.664
8/4/2024 18:00,12.631
8/4/2024 18:10,12.621
8/4/2024 18:20,12.61
8/4/2024 18:30,12.578
8/4/2024 18:40,12.567
8/4/2024 18:50,12.567
8/4/2024 19:00,12.535
8/4/2024 19:10,12.503
8/4/2024 19:20,12.492
8/4/2024 19:30,12.449
8/4/2024 19:40,12.417
8/4/2024 19:50,12.417
8/4/2024 20:00,12.374
8/4/2024 20:10,12.374
8/4/2024 20:20,12.353
8/4/2024 20:30,12.31
8/4/2024 20:40,12.31
8/4/2024 20:50,12.277
8/4/2024 21:00,12.256
8/4/2024 21:10,12.213
8/4/2024 21:20,12.235
8/4/2024 21:30,12.181
8/4/2024 21:40,12.181
8/4/2024 21:50,12.159
8/4/2024 22:00,12.127
8/4/2024 22:10,12.127
8/4/2024 22:20,12.084
8/4/2024 22:30,12.074
8/4/2024 22:40,12.052
8/4/2024 22:50,12.063
8/4/2024 23:00,12.031
8/4/2024 23:10,12.02
8/4/2024 23:20,11.999
8/4/2024 23:30,11.999
8/4/2024 23:40,11.956
8/4/2024 23:50,11.945
8/5/2024 0:00,11.924
8/5/2024 0:10,11.934
8/5/2024 0:20,11.924
8/5/2024 0:30,11.924
8/5/2024 0:40,11.891
8/5/2024 0:50,11.891
8/5/2024 1:00,11.87
8/5/2024 1:10,11.848
8/5/2024 1:20,11.838
8/5/2024 1:30,11.827
8/5/2024 1:40,11.816
8/5/2024 1:50,11.795
8/5/2024 2:00,11.816
8/5/2024 2:10,11.773
8/5/2024 2:20,11.795
8/5/2024 2:30,11.763
8/5/2024 2:40,11.741
8/5/2024 2:50,11.752
8/5/2024 3:00,11.741
8/5/2024 3:10,11.73
8/5/2024 3:20,11.741
8/5/2024 3:30,11.709
8/5/2024 3:40,11.698
8/5/2024 3:50,11.677
8/5/2024 4:00,11.698
8/5/2024 4:10,11.677
8/5/2024 4:20,11.677
8/5/2024 4:30,11.666
8/5/2024 4:40,11.666
8/5/2024 4:50,11.645
8/5/2024 5:00,11.645
8/5/2024 5:10,11.634
8/5/2024 5:20,11.623
8/5/2024 5:30,11.623
8/5/2024 5:40,11.634
8/5/2024 5:50,11.634
8/5/2024 6:00,11.645
8/5/2024 6:10,11.613
8/5/2024 6:20,11.623
8/5/2024 6:30,11.634
8/5/2024 6:40,11.634
8/5/2024 6:50,11.634
8/5/2024 7:00,11.655
8/5/2024 7:10,11.655
8/5/2024 7:20,11.677
8/5/2024 7:30,11.677
8/5/2024 7:40,11.688
8/5/2024 7:50,11.741
8/5/2024 8:00,11.709
8/5/2024 8:10,11.763
8/5/2024 8:20,11.773
8/5/2024 8:30,11.806
8/5/2024 8:40,11.816
8/5/2024 8:50,11.827
8/5/2024 9:00,11.859
8/5/2024 9:10,11.859
8/5/2024 9:20,11.902
8/5/2024 9:30,11.945
8/5/2024 9:40,11.977
8/5/2024 9:50,12.009
8/5/2024 10:00,12.042
8/5/2024 10:10,12.052
8/5/2024 10:20,12.063
8/5/2024 10:30,12.127
8/5/2024 10:40,12.127
8/5/2024 10:50,12.17
8/5/2024 11:00,12.213
8/5/2024 11:10,12.213
8/5/2024 11:20,12.288
8/5/2024 11:30,12.31
8/5/2024 11:40,12.331
8/5/2024 11:50,12.331
8/5/2024 12:00,12.363
8/5/2024 12:10,12.395
8/5/2024 12:20,12.417
8/5/2024 12:30,12.428
8/5/2024 12:40,12.471
8/5/2024 12:50,12.513
8/5/2024 13:00,12.535
8/5/2024 13:10,12.578
8/5/2024 13:20,12.578
8/5/2024 13:30,12.631
8/5/2024 13:40,12.642
8/5/2024 13:50,12.664
8/5/2024 14:00,12.728
8/5/2024 14:10,12.717
8/5/2024 14:20,12.739
8/5/2024 14:30,12.76
8/5/2024 14:40,12.782
8/5/2024 14:50,12.782
8/5/2024 15:00,12.803
8/5/2024 15:10,12.814
8/5/2024 15:20,12.814
8/5/2024 15:30,12.846
8/5/2024 15:40,12.835
8/5/2024 15:50,12.835
8/5/2024 16:00,12.824
8/5/2024 16:10,12.835
8/5/2024 16:20,12.846
8/5/2024 16:30,12.835
8/5/2024 16:40,12.846
8/5/2024 16:50,12.835
8/5/2024 17:00,12.835
8/5/2024 17:10,12.824
8/5/2024 17:20,12.824
8/5/2024 17:30,12.803
8/5/2024 17:40,12.792
8/5/2024 17:50,12.792
8/5/2024 18:00,12.792
8/5/2024 18:10,12.76
8/5/2024 18:20,12.76
8/5/2024 18:30,12.76
8/5/2024 18:40,12.739
8/5/2024 18:50,12.717
8/5/2024 19:00,12.696
8/5/2024 19:10,12.685
8/5/2024 19:20,12.685
8/5/2024 19:30,12.653
8/5/2024 19:40,12.631
8/5/2024 19:50,12.599
8/5/2024 20:00,12.61
8/5/2024 20:10,12.588
8/5/2024 20:20,12.567
8/5/2024 20:30,12.567
8/5/2024 20:40,12.513
8/5/2024 20:50,12.513
8/5/2024 21:00,12.492
8/5/2024 21:10,12.492
8/5/2024 21:20,12.481
8/5/2024 21:30,12.46
8/5/2024 21:40,12.428
8/5/2024 21:50,12.417
8/5/2024 22:00,12.406
8/5/2024 22:10,12.385
8/5/2024 22:20,12.385
8/5/2024 22:30,12.374
8/5/2024 22:40,12.342
8/5/2024 22:50,12.342
8/5/2024 23:00,12.331
8/5/2024 23:10,12.31
8/5/2024 23:20,12.299
8/5/2024 23:30,12.277
8/5/2024 23:40,12.267
8/5/2024 23:50,12.267
8/6/2024 0:00,12.256
8/6/2024 0:10,12.213
8/6/2024 0:20,12.213
8/6/2024 0:30,12.224
8/6/2024 0:40,12.202
8/6/2024 0:50,12.181
8/6/2024 1:00,12.17
8/6/2024 1:10,12.17
8/6/2024 1:20,12.149
8/6/2024 1:30,12.127
8/6/2024 1:40,12.138
8/6/2024 1:50,12.117
8/6/2024 2:00,12.117
8/6/2024 2:10,12.117
8/6/2024 2:20,12.095
8/6/2024 2:30,12.095
8/6/2024 2:40,12.084
8/6/2024 2:50,12.063
8/6/2024 3:00,12.084
8/6/2024 3:10,12.084
8/6/2024 3:20,12.084
8/6/2024 3:30,12.052
8/6/2024 3:40,12.042
8/6/2024 3:50,12.042
8/6/2024 4:00,12.02
8/6/2024 4:10,12.042
8/6/2024 4:20,12.042
8/6/2024 4:30,12.031
8/6/2024 4:40,12.02
8/6/2024 4:50,12.009
8/6/2024 5:00,12.02
8/6/2024 5:10,11.988
8/6/2024 5:20,11.999
8/6/2024 5:30,11.988
8/6/2024 5:40,11.988
8/6/2024 5:50,12.009
8/6/2024 6:00,11.999
8/6/2024 6:10,11.999
8/6/2024 6:20,12.009
8/6/2024 6:30,12.031
8/6/2024 6:40,12.009
8/6/2024 6:50,12.031
8/6/2024 7:00,12.042
8/6/2024 7:10,12.063
8/6/2024 7:20,12.074
8/6/2024 7:30,12.095
8/6/2024 7:40,12.149
8/6/2024 7:50,12.138
8/6/2024 8:00,12.159
8/6/2024 8:10,12.17
8/6/2024 8:20,12.181
8/6/2024 8:30,12.213
8/6/2024 8:40,12.245
8/6/2024 8:50,12.267
8/6/2024 9:00,12.288
8/6/2024 9:10,12.331
8/6/2024 9:20,12.363
8/6/2024 9:30,12.395
8/6/2024 9:40,12.438
8/6/2024 9:50,12.492
8/6/2024 10:00,12.535
8/6/2024 10:10,12.588
8/6/2024 10:20,12.653
8/6/2024 10:30,12.717
8/6/2024 10:40,12.782
8/6/2024 10:50,12.835
8/6/2024 11:00,12.91
8/6/2024 11:10,12.985
8/6/2024 11:20,13.028
8/6/2024 11:30,13.082
8/6/2024 11:40,13.146
8/6/2024 11:50,13.286
8/6/2024 12:00,13.35
8/6/2024 12:10,13.425
8/6/2024 12:20,13.532
8/6/2024 12:30,13.597
8/6/2024 12:40,13.672
8/6/2024 12:50,13.8
8/6/2024 13:00,13.876
8/6/2024 13:10,13.972
8/6/2024 13:20,14.026
8/6/2024 13:30,14.144
8/6/2024 13:40,14.229
8/6/2024 13:50,14.294
8/6/2024 14:00,14.369
8/6/2024 14:10,14.444
8/6/2024 14:20,14.508
8/6/2024 14:30,14.54
8/6/2024 14:40,14.562
8/6/2024 14:50,14.605
8/6/2024 15:00,14.669
8/6/2024 15:10,14.669
8/6/2024 15:20,14.691
8/6/2024 15:30,14.723
8/6/2024 15:40,14.755
8/6/2024 15:50,14.766
8/6/2024 16:00,14.819
8/6/2024 16:10,14.83
8/6/2024 16:20,14.862
8/6/2024 16:30,14.894
8/6/2024 16:40,14.927
8/6/2024 16:50,14.937
8/6/2024 17:00,14.98
8/6/2024 17:10,15.002
8/6/2024 17:20,15.023
8/6/2024 17:30,15.034
8/6/2024 17:40,15.034
8/6/2024 17:50,15.045
8/6/2024 18:00,15.045
8/6/2024 18:10,15.045
8/6/2024 18:20,15.034
8/6/2024 18:30,15.023
8/6/2024 18:40,14.991
8/6/2024 18:50,14.98
8/6/2024 19:00,14.948
8/6/2024 19:10,14.927
8/6/2024 19:20,14.905
8/6/2024 19:30,14.873
8/6/2024 19:40,14.841
8/6/2024 19:50,14.787
8/6/2024 20:00,14.787
8/6/2024 20:10,14.734
8/6/2024 20:20,14.691
8/6/2024 20:30,14.669
8/6/2024 20:40,14.626
8/6/2024 20:50,14.594
8/6/2024 21:00,14.562
8/6/2024 21:10,14.508
8/6/2024 21:20,14.498
8/6/2024 21:30,14.433
8/6/2024 21:40,14.38
8/6/2024 21:50,14.358
8/6/2024 22:00,14.326
8/6/2024 22:10,14.272
8/6/2024 22:20,14.251
8/6/2024 22:30,14.219
8/6/2024 22:40,14.165
8/6/2024 22:50,14.122
8/6/2024 23:00,14.079
8/6/2024 23:10,14.036
8/6/2024 23:20,14.015
8/6/2024 23:30,13.972
8/6/2024 23:40,13.929
8/6/2024 23:50,13.918
8/7/2024 0:00,13.865
8/7/2024 0:10,13.843
8/7/2024 0:20,13.8
8/7/2024 0:30,13.779
8/7/2024 0:40,13.736
8/7/2024 0:50,13.715
8/7/2024 1:00,13.682
8/7/2024 1:10,13.65
8/7/2024 1:20,13.618
8/7/2024 1:30,13.586
8/7/2024 1:40,13.575
8/7/2024 1:50,13.532
8/7/2024 2:00,13.522
8/7/2024 2:10,13.479
8/7/2024 2:20,13.446
8/7/2024 2:30,13.436
8/7/2024 2:40,13.414
8/7/2024 2:50,13.404
8/7/2024 3:00,13.35
8/7/2024 3:10,13.339
8/7/2024 3:20,13.318
8/7/2024 3:30,13.275
8/7/2024 3:40,13.275
8/7/2024 3:50,13.275
8/7/2024 4:00,13.221
8/7/2024 4:10,13.168
8/7/2024 4:20,13.168
8/7/2024 4:30,13.146
8/7/2024 4:40,13.135
8/7/2024 4:50,13.114
8/7/2024 5:00,13.103
8/7/2024 5:10,13.071
8/7/2024 5:20,13.071
8/7/2024 5:30,13.039
8/7/2024 5:40,13.028
8/7/2024 5:50,13.017
8/7/2024 6:00,13.007
8/7/2024 6:10,12.996
8/7/2024 6:20,13.007
8/7/2024 6:30,12.985
8/7/2024 6:40,12.975
8/7/2024 6:50,12.975
8/7/2024 7:00,12.964
8/7/2024 7:10,13.007
8/7/2024 7:20,13.017
8/7/2024 7:30,13.007
8/7/2024 7:40,13.05
8/7/2024 7:50,13.082
8/7/2024 8:00,13.103
8/7/2024 8:10,13.114
8/7/2024 8:20,13.146
8/7/2024 8:30,13.2
8/7/2024 8:40,13.264
8/7/2024 8:50,13.329
8/7/2024 9:00,13.371
8/7/2024 9:10,13.446
8/7/2024 9:20,13.511
8/7/2024 9:30,13.564
8/7/2024 9:40,13.586
8/7/2024 9:50,13.682
8/7/2024 10:00,13.736
8/7/2024 10:10,13.822
8/7/2024 10:20,13.918
8/7/2024 10:30,14.026
8/7/2024 10:40,14.133
8/7/2024 10:50,14.262
8/7/2024 11:00,14.39
8/7/2024 11:10,14.487
8/7/2024 11:20,14.573
8/7/2024 11:30,14.658
8/7/2024 11:40,14.776
8/7/2024 11:50,14.873
8/7/2024 12:00,14.948
8/7/2024 12:10,15.055
8/7/2024 12:20,15.163
8/7/2024 12:30,15.291
8/7/2024 12:40,15.42
8/7/2024 12:50,15.549
8/7/2024 13:00,15.656
8/7/2024 13:10,15.731
8/7/2024 13:20,15.806
8/7/2024 13:30,15.881
8/7/2024 13:40,15.924
8/7/2024 13:50,15.967
8/7/2024 14:00,16.021
8/7/2024 14:10,16.106
8/7/2024 14:20,16.149
8/7/2024 14:30,16.224
8/7/2024 14:40,16.31
8/7/2024 14:50,16.321
8/7/2024 15:00,16.364
8/7/2024 15:10,16.364
8/7/2024 15:20,16.417
8/7/2024 15:30,16.428
8/7/2024 15:40,16.45
8/7/2024 15:50,16.46
8/7/2024 16:00,16.492
8/7/2024 16:10,16.471
8/7/2024 16:20,16.503
8/7/2024 16:30,16.535
8/7/2024 16:40,16.525
8/7/2024 16:50,16.546
8/7/2024 17:00,16.535
8/7/2024 17:10,16.546
8/7/2024 17:20,16.514
8/7/2024 17:30,16.535
8/7/2024 17:40,16.492
8/7/2024 17:50,16.492
8/7/2024 18:00,16.492
8/7/2024 18:10,16.492
8/7/2024 18:20,16.471
8/7/2024 18:30,16.471
8/7/2024 18:40,16.439
8/7/2024 18:50,16.407
8/7/2024 19:00,16.417
8/7/2024 19:10,16.385
8/7/2024 19:20,16.342
8/7/2024 19:30,16.321
8/7/2024 19:40,16.31
8/7/2024 19:50,16.278
8/7/2024 20:00,16.278
8/7/2024 20:10,16.214
8/7/2024 20:20,16.214
8/7/2024 20:30,16.171
8/7/2024 20:40,16.117
8/7/2024 20:50,16.106
8/7/2024 21:00,16.042
8/7/2024 21:10,16.021
8/7/2024 21:20,16.021
8/7/2024 21:30,15.967
8/7/2024 21:40,15.945
8/7/2024 21:50,15.913
8/7/2024 22:00,15.87
8/7/2024 22:10,15.86
8/7/2024 22:20,15.806
8/7/2024 22:30,15.785
8/7/2024 22:40,15.752
8/7/2024 22:50,15.72
8/7/2024 23:00,15.677
8/7/2024 23:10,15.677
8/7/2024 23:20,15.634
8/7/2024 23:30,15.602
8/7/2024 23:40,15.57
8/7/2024 23:50,15.549
8/8/2024 0:00,15.516
8/8/2024 0:10,15.474
8/8/2024 0:20,15.452
8/8/2024 0:30,15.42
8/8/2024 0:40,15.377
8/8/2024 0:50,15.366
8/8/2024 1:00,15.313
8/8/2024 1:10,15.291
8/8/2024 1:20,15.27
8/8/2024 1:30,15.227
8/8/2024 1:40,15.195
8/8/2024 1:50,15.173
8/8/2024 2:00,15.152
8/8/2024 2:10,15.109
8/8/2024 2:20,15.087
8/8/2024 2:30,15.077
8/8/2024 2:40,15.034
8/8/2024 2:50,15.023
8/8/2024 3:00,14.991
8/8/2024 3:10,14.98
8/8/2024 3:20,14.948
8/8/2024 3:30,14.905
8/8/2024 3:40,14.894
8/8/2024 3:50,14.873
8/8/2024 4:00,14.862
8/8/2024 4:10,14.83
8/8/2024 4:20,14.83
8/8/2024 4:30,14.809
8/8/2024 4:40,14.776
8/8/2024 4:50,14.744
8/8/2024 5:00,14.723
8/8/2024 5:10,14.734
8/8/2024 5:20,14.723
8/8/2024 5:30,14.712
8/8/2024 5:40,14.691
8/8/2024 5:50,14.691
8/8/2024 6:00,14.658
8/8/2024 6:10,14.669
8/8/2024 6:20,14.669
8/8/2024 6:30,14.648
8/8/2024 6:40,14.648
8/8/2024 6:50,14.658
8/8/2024 7:00,14.658
8/8/2024 7:10,14.68
8/8/2024 7:20,14.669
8/8/2024 7:30,14.658
8/8/2024 7:40,14.669
8/8/2024 7:50,14.701
8/8/2024 8:00,14.701
8/8/2024 8:10,14.723
8/8/2024 8:20,14.744
8/8/2024 8:30,14.766
8/8/2024 8:40,14.776
8/8/2024 8:50,14.776
8/8/2024 9:00,14.787
8/8/2024 9:10,14.819
8/8/2024 9:20,14.841
8/8/2024 9:30,14.862
8/8/2024 9:40,14.873
8/8/2024 9:50,14.894
8/8/2024 10:00,14.927
8/8/2024 10:10,14.969
8/8/2024 10:20,15.012
8/8/2024 10:30,15.045
8/8/2024 10:40,15.077
8/8/2024 10:50,15.13
8/8/2024 11:00,15.152
8/8/2024 11:10,15.195
8/8/2024 11:20,15.238
8/8/2024 11:30,15.27
8/8/2024 11:40,15.28
8/8/2024 11:50,15.334
8/8/2024 12:00,15.377
8/8/2024 12:10,15.42
8/8/2024 12:20,15.474
8/8/2024 12:30,15.484
8/8/2024 12:40,15.527
8/8/2024 12:50,15.559
8/8/2024 13:00,15.592
8/8/2024 13:10,15.634
8/8/2024 13:20,15.656
8/8/2024 13:30,15.699
8/8/2024 13:40,15.742
8/8/2024 13:50,15.763
8/8/2024 14:00,15.795
8/8/2024 14:10,15.827
8/8/2024 14:20,15.849
8/8/2024 14:30,15.913
8/8/2024 14:40,15.967
8/8/2024 14:50,16.031
8/8/2024 15:00,16.085
8/8/2024 15:10,16.16
8/8/2024 15:20,16.203
8/8/2024 15:30,16.256
8/8/2024 15:40,16.31
8/8/2024 15:50,16.353
8/8/2024 16:00,16.385
8/8/2024 16:10,16.428
8/8/2024 16:20,16.471
8/8/2024 16:30,16.492
8/8/2024 16:40,16.503
8/8/2024 16:50,16.535
8/8/2024 17:00,16.535
8/8/2024 17:10,16.546
8/8/2024 17:20,16.557
8/8/2024 17:30,16.568
8/8/2024 17:40,16.568
8/8/2024 17:50,16.578
8/8/2024 18:00,16.578
8/8/2024 18:10,16.557
8/8/2024 18:20,16.557
8/8/2024 18:30,16.546
8/8/2024 18:40,16.546
8/8/2024 18:50,16.503
8/8/2024 19:00,16.503
8/8/2024 19:10,16.482
8/8/2024 19:20,16.428
8/8/2024 19:30,16.439
8/8/2024 19:40,16.417
8/8/2024 19:50,16.396
8/8/2024 20:00,16.374
8/8/2024 20:10,16.364
8/8/2024 20:20,16.364
8/8/2024 20:30,16.342
8/8/2024 20:40,16.31
8/8/2024 20:50,16.299
8/8/2024 21:00,16.256
8/8/2024 21:10,16.256
8/8/2024 21:20,16.235
8/8/2024 21:30,16.235
8/8/2024 21:40,16.192
8/8/2024 21:50,16.203
8/8/2024 22:00,16.181
8/8/2024 22:10,16.16
8/8/2024 22:20,16.171
8/8/2024 22:30,16.138
8/8/2024 22:40,16.117
8/8/2024 22:50,16.117
8/8/2024 23:00,16.085
8/8/2024 23:10,16.053
8/8/2024 23:20,16.053
8/8/2024 23:30,16.042
8/8/2024 23:40,16.031
8/8/2024 23:50,16.01
8/9/2024 0:00,15.988
8/9/2024 0:10,15.967
8/9/2024 0:20,15.988
8/9/2024 0:30,15.967
8/9/2024 0:40,15.935
8/9/2024 0:50,15.935
8/9/2024 1:00,15.924
8/9/2024 1:10,15.903
8/9/2024 1:20,15.903
8/9/2024 1:30,15.881
8/9/2024 1:40,15.892
8/9/2024 1:50,15.86
8/9/2024 2:00,15.838
8/9/2024 2:10,15.849
8/9/2024 2:20,15.849
8/9/2024 2:30,15.806
8/9/2024 2:40,15.806
8/9/2024 2:50,15.795
8/9/2024 3:00,15.785
8/9/2024 3:10,15.774
8/9/2024 3:20,15.774
8/9/2024 3:30,15.763
8/9/2024 3:40,15.763
8/9/2024 3:50,15.752
8/9/2024 4:00,15.763
8/9/2024 4:10,15.752
8/9/2024 4:20,15.731
8/9/2024 4:30,15.72
8/9/2024 4:40,15.731
8/9/2024 4:50,15.742
8/9/2024 5:00,15.72
8/9/2024 5:10,15.709
8/9/2024 5:20,15.709
8/9/2024 5:30,15.699
8/9/2024 5:40,15.709
8/9/2024 5:50,15.709
8/9/2024 6:00,15.699
8/9/2024 6:10,15.688
8/9/2024 6:20,15.699
8/9/2024 6:30,15.688
8/9/2024 6:40,15.677
8/9/2024 6:50,15.699
8/9/2024 7:00,15.667
8/9/2024 7:10,15.667
8/9/2024 7:20,15.677
8/9/2024 7:30,15.667
8/9/2024 7:40,15.688
8/9/2024 7:50,15.688
8/9/2024 8:00,15.72
8/9/2024 8:10,15.709
8/9/2024 8:20,15.72
8/9/2024 8:30,15.731
8/9/2024 8:40,15.742
8/9/2024 8:50,15.742
8/9/2024 9:00,15.763
8/9/2024 9:10,15.785
8/9/2024 9:20,15.795
8/9/2024 9:30,15.817
8/9/2024 9:40,15.849
8/9/2024 9:50,15.87
8/9/2024 10:00,15.881
8/9/2024 10:10,15.913
8/9/2024 10:20,15.924
8/9/2024 10:30,15.956
8/9/2024 10:40,15.967
8/9/2024 10:50,15.988
8/9/2024 11:00,15.999
8/9/2024 11:10,16.042
8/9/2024 11:20,16.106
8/9/2024 11:30,16.096
8/9/2024 11:40,16.149
8/9/2024 11:50,16.16
8/9/2024 12:00,16.214
8/9/2024 12:10,16.299
8/9/2024 12:20,16.364
8/9/2024 12:30,16.407
8/9/2024 12:40,16.46
8/9/2024 12:50,16.546
8/9/2024 13:00,16.589
8/9/2024 13:10,16.632
8/9/2024 13:20,16.707
8/9/2024 13:30,16.761
8/9/2024 13:40,16.793
8/9/2024 13:50,16.857
8/9/2024 14:00,16.868
8/9/2024 14:10,16.932
8/9/2024 14:20,16.954
8/9/2024 14:30,16.986
8/9/2024 14:40,17.029
8/9/2024 14:50,17.093
8/9/2024 15:00,17.125
8/9/2024 15:10,17.147
8/9/2024 15:20,17.2
8/9/2024 15:30,17.179
8/9/2024 15:40,17.222
8/9/2024 15:50,17.222
8/9/2024 16:00,17.243
8/9/2024 16:10,17.275
8/9/2024 16:20,17.265
8/9/2024 16:30,17.297
8/9/2024 16:40,17.297
8/9/2024 16:50,17.297
8/9/2024 17:00,17.34
8/9/2024 17:10,17.34
8/9/2024 17:20,17.34
8/9/2024 17:30,17.34
8/9/2024 17:40,17.34
8/9/2024 17:50,17.308
8/9/2024 18:00,17.308
8/9/2024 18:10,17.275
8/9/2024 18:20,17.286
8/9/2024 18:30,17.265
8/9/2024 18:40,17.243
8/9/2024 18:50,17.232
8/9/2024 19:00,17.2
8/9/2024 19:10,17.19
8/9/2024 19:20,17.168
8/9/2024 19:30,17.168
8/9/2024 19:40,17.136
8/9/2024 19:50,17.136
8/9/2024 20:00,17.125
8/9/2024 20:10,17.104
8/9/2024 20:20,17.072
8/9/2024 20:30,17.072
8/9/2024 20:40,17.072
8/9/2024 20:50,17.039
8/9/2024 21:00,17.029
8/9/2024 21:10,17.018
8/9/2024 21:20,16.986
8/9/2024 21:30,16.964
8/9/2024 21:40,16.932
8/9/2024 21:50,16.921
8/9/2024 22:00,16.9
8/9/2024 22:10,16.879
8/9/2024 22:20,16.857
8/9/2024 22:30,16.857
8/9/2024 22:40,16.825
8/9/2024 22:50,16.803
8/9/2024 23:00,16.771
8/9/2024 23:10,16.761
8/9/2024 23:20,16.75
8/9/2024 23:30,16.728
8/9/2024 23:40,16.739
8/9/2024 23:50,16.707
8/10/2024 0:00,16.707
8/10/2024 0:10,16.675
8/10/2024 0:20,16.643
8/10/2024 0:30,16.643
8/10/2024 0:40,16.621
8/10/2024 0:50,16.61
8/10/2024 1:00,16.568
8/10/2024 1:10,16.557
8/10/2024 1:20,16.535
8/10/2024 1:30,16.503
8/10/2024 1:40,16.492
8/10/2024 1:50,16.45
8/10/2024 2:00,16.428
8/10/2024 2:10,16.407
8/10/2024 2:20,16.385
8/10/2024 2:30,16.332
8/10/2024 2:40,16.332
8/10/2024 2:50,16.31
8/10/2024 3:00,16.267
8/10/2024 3:10,16.256
8/10/2024 3:20,16.214
8/10/2024 3:30,16.171
8/10/2024 3:40,16.138
8/10/2024 3:50,16.138
8/10/2024 4:00,16.128
8/10/2024 4:10,16.063
8/10/2024 4:20,16.042
8/10/2024 4:30,15.999
8/10/2024 4:40,15.978
8/10/2024 4:50,15.956
8/10/2024 5:00,15.913
8/10/2024 5:10,15.903
8/10/2024 5:20,15.881
8/10/2024 5:30,15.86
8/10/2024 5:40,15.849
8/10/2024 5:50,15.817
8/10/2024 6:00,15.763
8/10/2024 6:10,15.763
8/10/2024 6:20,15.72
8/10/2024 6:30,15.72
8/10/2024 6:40,15.667
8/10/2024 6:50,15.656
8/10/2024 7:00,15.634
8/10/2024 7:10,15.624
8/10/2024 7:20,15.624
8/10/2024 7:30,15.592
8/10/2024 7:40,15.592
8/10/2024 7:50,15.57
8/10/2024 8:00,15.57
8/10/2024 8:10,15.559
8/10/2024 8:20,15.527
8/10/2024 8:30,15.549
8/10/2024 8:40,15.538
8/10/2024 8:50,15.506
8/10/2024 9:00,15.506
8/10/2024 9:10,15.506
8/10/2024 9:20,15.506
8/10/2024 9:30,15.506
8/10/2024 9:40,15.516
8/10/2024 9:50,15.516
8/10/2024 10:00,15.506
8/10/2024 10:10,15.516
8/10/2024 10:20,15.527
8/10/2024 10:30,15.538
8/10/2024 10:40,15.538
8/10/2024 10:50,15.506
8/10/2024 11:00,15.538
8/10/2024 11:10,15.559
8/10/2024 11:20,15.559
8/10/2024 11:30,15.581
8/10/2024 11:40,15.592
8/10/2024 11:50,15.634
8/10/2024 12:00,15.634
8/10/2024 12:10,15.634
8/10/2024 12:20,15.645
8/10/2024 12:30,15.677
8/10/2024 12:40,15.677
8/10/2024 12:50,15.699
8/10/2024 13:00,15.688
8/10/2024 13:10,15.72
8/10/2024 13:20,15.709
8/10/2024 13:30,15.72
8/10/2024 13:40,15.699
8/10/2024 13:50,15.699
8/10/2024 14:00,15.688
8/10/2024 14:10,15.709
8/10/2024 14:20,15.688
8/10/2024 14:30,15.699
8/10/2024 14:40,15.688
8/10/2024 14:50,15.688
8/10/2024 15:00,15.709
8/10/2024 15:10,15.677
8/10/2024 15:20,15.677
8/10/2024 15:30,15.667
8/10/2024 15:40,15.677
8/10/2024 15:50,15.634
8/10/2024 16:00,15.624
8/10/2024 16:10,15.634
8/10/2024 16:20,15.645
8/10/2024 16:30,15.624
8/10/2024 16:40,15.602
8/10/2024 16:50,15.581
8/10/2024 17:00,15.57
8/10/2024 17:10,15.57
8/10/2024 17:20,15.549
8/10/2024 17:30,15.527
8/10/2024 17:40,15.538
8/10/2024 17:50,15.484
8/10/2024 18:00,15.495
8/10/2024 18:10,15.441
8/10/2024 18:20,15.441
8/10/2024 18:30,15.42
8/10/2024 18:40,15.398
8/10/2024 18:50,15.388
8/10/2024 19:00,15.366
8/10/2024 19:10,15.323
8/10/2024 19:20,15.302
8/10/2024 19:30,15.28
8/10/2024 19:40,15.27
8/10/2024 19:50,15.248
8/10/2024 20:00,15.216
8/10/2024 20:10,15.216
8/10/2024 20:20,15.195
8/10/2024 20:30,15.173
8/10/2024 20:40,15.12
8/10/2024 20:50,15.12
8/10/2024 21:00,15.13
8/10/2024 21:10,15.098
8/10/2024 21:20,15.066
8/10/2024 21:30,15.045
8/10/2024 21:40,15.023
8/10/2024 21:50,14.991
8/10/2024 22:00,14.991
8/10/2024 22:10,14.959
8/10/2024 22:20,14.959
8/10/2024 22:30,14.916
8/10/2024 22:40,14.905
8/10/2024 22:50,14.894
8/10/2024 23:00,14.884
8/10/2024 23:10,14.862
8/10/2024 23:20,14.841
8/10/2024 23:30,14.819
8/10/2024 23:40,14.798
8/10/2024 23:50,14.809
8/11/2024 0:00,14.787
8/11/2024 0:10,14.755
8/11/2024 0:20,14.766
8/11/2024 0:30,14.723
8/11/2024 0:40,14.734
8/11/2024 0:50,14.701
8/11/2024 1:00,14.68
8/11/2024 1:10,14.658
8/11/2024 1:20,14.658
8/11/2024 1:30,14.648
8/11/2024 1:40,14.626
8/11/2024 1:50,14.605
8/11/2024 2:00,14.594
8/11/2024 2:10,14.583
8/11/2024 2:20,14.562
8/11/2024 2:30,14.562
8/11/2024 2:40,14.562
8/11/2024 2:50,14.53
8/11/2024 3:00,14.519
8/11/2024 3:10,14.498
8/11/2024 3:20,14.487
8/11/2024 3:30,14.465
8/11/2024 3:40,14.455
8/11/2024 3:50,14.433
8/11/2024 4:00,14.422
8/11/2024 4:10,14.422
8/11/2024 4:20,14.412
8/11/2024 4:30,14.38
8/11/2024 4:40,14.38
8/11/2024 4:50,14.358
8/11/2024 5:00,14.337
8/11/2024 5:10,14.326
8/11/2024 5:20,14.315
8/11/2024 5:30,14.283
8/11/2024 5:40,14.294
8/11/2024 5:50,14.305
8/11/2024 6:00,14.283
8/11/2024 6:10,14.262
8/11/2024 6:20,14.262
8/11/2024 6:30,14.262
8/11/2024 6:40,14.24
8/11/2024 6:50,14.229
8/11/2024 7:00,14.24
8/11/2024 7:10,14.229
8/11/2024 7:20,14.208
8/11/2024 7:30,14.197
8/11/2024 7:40,14.219
8/11/2024 7:50,14.208
8/11/2024 8:00,14.208
8/11/2024 8:10,14.208
8/11/2024 8:20,14.229
8/11/2024 8:30,14.219
8/11/2024 8:40,14.219
8/11/2024 8:50,14.229
8/11/2024 9:00,14.251
8/11/2024 9:10,14.251
8/11/2024 9:20,14.262
8/11/2024 9:30,14.294
8/11/2024 9:40,14.294
8/11/2024 9:50,14.305
8/11/2024 10:00,14.305
8/11/2024 10:10,14.347
8/11/2024 10:20,14.337
8/11/2024 10:30,14.369
8/11/2024 10:40,14.39
8/11/2024 10:50,14.422
8/11/2024 11:00,14.444
8/11/2024 11:10,14.476
8/11/2024 11:20,14.508
8/11/2024 11:30,14.508
8/11/2024 11:40,14.519
8/11/2024 11:50,14.562
8/11/2024 12:00,14.573
8/11/2024 12:10,14.605
8/11/2024 12:20,14.637
8/11/2024 12:30,14.658
8/11/2024 12:40,14.691
8/11/2024 12:50,14.691
8/11/2024 13:00,14.755
8/11/2024 13:10,14.787
8/11/2024 13:20,14.798
8/11/2024 13:30,14.776
8/11/2024 13:40,14.83
8/11/2024 13:50,14.851
8/11/2024 14:00,14.884
8/11/2024 14:10,14.905
8/11/2024 14:20,14.905
8/11/2024 14:30,14.937
8/11/2024 14:40,14.948
8/11/2024 14:50,14.969
8/11/2024 15:00,14.959
8/11/2024 15:10,14.991
8/11/2024 15:20,15.012
8/11/2024 15:30,15.002
8/11/2024 15:40,15.023
8/11/2024 15:50,15.045
8/11/2024 16:00,15.034
8/11/2024 16:10,15.045
8/11/2024 16:20,15.066
8/11/2024 16:30,15.077
8/11/2024 16:40,15.066
8/11/2024 16:50,15.066
8/11/2024 17:00,15.077
8/11/2024 17:10,15.077
8/11/2024 17:20,15.087
8/11/2024 17:30,15.055
8/11/2024 17:40,15.045
8/11/2024 17:50,15.055
8/11/2024 18:00,15.034
8/11/2024 18:10,15.066
8/11/2024 18:20,15.055
8/11/2024 18:30,15.045
8/11/2024 18:40,15.023
8/11/2024 18:50,15.012
8/11/2024 19:00,15.023
8/11/2024 19:10,15.002
8/11/2024 19:20,14.991
8/11/2024 19:30,14.991
8/11/2024 19:40,14.969
8/11/2024 19:50,14.959
8/11/2024 20:00,14.948
8/11/2024 20:10,14.937
8/11/2024 20:20,14.948
8/11/2024 20:30,14.937
8/11/2024 20:40,14.948
8/11/2024 20:50,14.916
8/11/2024 21:00,14.894
8/11/2024 21:10,14.894
8/11/2024 21:20,14.894
8/11/2024 21:30,14.884
8/11/2024 21:40,14.862
8/11/2024 21:50,14.851
8/11/2024 22:00,14.862
8/11/2024 22:10,14.841
8/11/2024 22:20,14.83
8/11/2024 22:30,14.819
8/11/2024 22:40,14.83
8/11/2024 22:50,14.819
8/11/2024 23:00,14.819
8/11/2024 23:10,14.809
8/11/2024 23:20,14.776
8/11/2024 23:30,14.776
8/11/2024 23:40,14.766
8/11/2024 23:50,14.766
8/12/2024 0:00,14.755
8/12/2024 0:10,14.766
8/12/2024 0:20,14.766
8/12/2024 0:30,14.755
8/12/2024 0:40,14.734
8/12/2024 0:50,14.744
8/12/2024 1:00,14.734
8/12/2024 1:10,14.744
8/12/2024 1:20,14.734
8/12/2024 1:30,14.734
8/12/2024 1:40,14.712
8/12/2024 1:50,14.712
8/12/2024 2:00,14.701
8/12/2024 2:10,14.712
8/12/2024 2:20,14.691
8/12/2024 2:30,14.723
8/12/2024 2:40,14.701
8/12/2024 2:50,14.691
8/12/2024 3:00,14.669
8/12/2024 3:10,14.68
8/12/2024 3:20,14.68
8/12/2024 3:30,14.669
8/12/2024 3:40,14.669
8/12/2024 3:50,14.669
8/12/2024 4:00,14.658
8/12/2024 4:10,14.658
8/12/2024 4:20,14.68
8/12/2024 4:30,14.648
8/12/2024 4:40,14.658
8/12/2024 4:50,14.658
8/12/2024 5:00,14.658
8/12/2024 5:10,14.648
8/12/2024 5:20,14.637
8/12/2024 5:30,14.637
8/12/2024 5:40,14.616
8/12/2024 5:50,14.669
8/12/2024 6:00,14.658
8/12/2024 6:10,14.648
8/12/2024 6:20,14.637
8/12/2024 6:30,14.658
8/12/2024 6:40,14.658
8/12/2024 6:50,14.648
8/12/2024 7:00,14.658
8/12/2024 7:10,14.669
8/12/2024 7:20,14.669
8/12/2024 7:30,14.68
8/12/2024 7:40,14.691
8/12/2024 7:50,14.701
8/12/2024 8:00,14.734
8/12/2024 8:10,14.734
8/12/2024 8:20,14.734
8/12/2024 8:30,14.776
8/12/2024 8:40,14.798
8/12/2024 8:50,14.819
8/12/2024 9:00,14.83
8/12/2024 9:10,14.862
8/12/2024 9:20,14.894
8/12/2024 9:30,14.905
8/12/2024 9:40,14.937
8/12/2024 9:50,14.991
8/12/2024 10:00,15.002
8/12/2024 10:10,15.023
8/12/2024 10:20,15.045
8/12/2024 10:30,15.087
8/12/2024 10:40,15.13
8/12/2024 10:50,15.184
8/12/2024 11:00,15.205
8/12/2024 11:10,15.227
8/12/2024 11:20,15.27
8/12/2024 11:30,15.323
8/12/2024 11:40,15.366
8/12/2024 11:50,15.388
8/12/2024 12:00,15.441
8/12/2024 12:10,15.474
8/12/2024 12:20,15.516
8/12/2024 12:30,15.57
8/12/2024 12:40,15.602
8/12/2024 12:50,15.667
8/12/2024 13:00,15.699
8/12/2024 13:10,15.752
8/12/2024 13:20,15.763
8/12/2024 13:30,15.87
8/12/2024 13:40,15.913
8/12/2024 13:50,15.945
8/12/2024 14:00,16.01
8/12/2024 14:10,16.085
8/12/2024 14:20,16.128
8/12/2024 14:30,16.214
8/12/2024 14:40,16.246
8/12/2024 14:50,16.31
8/12/2024 15:00,16.353
8/12/2024 15:10,16.407
8/12/2024 15:20,16.439
8/12/2024 15:30,16.471
8/12/2024 15:40,16.492
8/12/2024 15:50,16.503
8/12/2024 16:00,16.546
8/12/2024 16:10,16.546
8/12/2024 16:20,16.546
8/12/2024 16:30,16.578
8/12/2024 16:40,16.6
8/12/2024 16:50,16.6
8/12/2024 17:00,16.61
8/12/2024 17:10,16.61
8/12/2024 17:20,16.632
8/12/2024 17:30,16.621
8/12/2024 17:40,16.621
8/12/2024 17:50,16.632
8/12/2024 18:00,16.61
8/12/2024 18:10,16.6
8/12/2024 18:20,16.6
8/12/2024 18:30,16.578
8/12/2024 18:40,16.568
8/12/2024 18:50,16.546
8/12/2024 19:00,16.525
8/12/2024 19:10,16.503
8/12/2024 19:20,16.492
8/12/2024 19:30,16.471
8/12/2024 19:40,16.471
8/12/2024 19:50,16.45
8/12/2024 20:00,16.407
8/12/2024 20:10,16.417
8/12/2024 20:20,16.407
8/12/2024 20:30,16.364
8/12/2024 20:40,16.364
8/12/2024 20:50,16.353
8/12/2024 21:00,16.332
8/12/2024 21:10,16.321
8/12/2024 21:20,16.31
8/12/2024 21:30,16.289
8/12/2024 21:40,16.267
8/12/2024 21:50,16.256
8/12/2024 22:00,16.235
8/12/2024 22:10,16.214
8/12/2024 22:20,16.192
8/12/2024 22:30,16.192
8/12/2024 22:40,16.16
8/12/2024 22:50,16.16
8/12/2024 23:00,16.128
8/12/2024 23:10,16.106
8/12/2024 23:20,16.117
8/12/2024 23:30,16.085
8/12/2024 23:40,16.063
8/12/2024 23:50,16.031
8/13/2024 0:00,16.031
8/13/2024 0:10,16.031
8/13/2024 0:20,15.999
8/13/2024 0:30,15.988
8/13/2024 0:40,15.967
8/13/2024 0:50,15.967
8/13/2024 1:00,15.945
8/13/2024 1:10,15.935
8/13/2024 1:20,15.924
8/13/2024 1:30,15.924
8/13/2024 1:40,15.892
8/13/2024 1:50,15.87
8/13/2024 2:00,15.86
8/13/2024 2:10,15.838
8/13/2024 2:20,15.817
8/13/2024 2:30,15.785
8/13/2024 2:40,15.806
8/13/2024 2:50,15.785
8/13/2024 3:00,15.774
8/13/2024 3:10,15.742
8/13/2024 3:20,15.731
8/13/2024 3:30,15.742
8/13/2024 3:40,15.709
8/13/2024 3:50,15.731
8/13/2024 4:00,15.656
8/13/2024 4:10,15.656
8/13/2024 4:20,15.645
8/13/2024 4:30,15.634
8/13/2024 4:40,15.634
8/13/2024 4:50,15.613
8/13/2024 5:00,15.592
8/13/2024 5:10,15.592
8/13/2024 5:20,15.581
8/13/2024 5:30,15.57
8/13/2024 5:40,15.527
8/13/2024 5:50,15.559
8/13/2024 6:00,15.527
8/13/2024 6:10,15.527
8/13/2024 6:20,15.506
8/13/2024 6:30,15.506
8/13/2024 6:40,15.506
8/13/2024 6:50,15.484
8/13/2024 7:00,15.484
8/13/2024 7:10,15.484
8/13/2024 7:20,15.484
8/13/2024 7:30,15.495
8/13/2024 7:40,15.495
8/13/2024 7:50,15.495
8/13/2024 8:00,15.527
8/13/2024 8:10,15.527
8/13/2024 8:20,15.538
8/13/2024 8:30,15.549
8/13/2024 8:40,15.559
8/13/2024 8:50,15.581
8/13/2024 9:00,15.592
8/13/2024 9:10,15.613
8/13/2024 9:20,15.634
8/13/2024 9:30,15.634
8/13/2024 9:40,15.645
8/13/2024 9:50,15.645
8/13/2024 10:00,15.667
8/13/2024 10:10,15.688
8/13/2024 10:20,15.688
8/13/2024 10:30,15.72
8/13/2024 10:40,15.742
8/13/2024 10:50,15.752
8/13/2024 11:00,15.774
8/13/2024 11:10,15.795
8/13/2024 11:20,15.838
8/13/2024 11:30,15.86
8/13/2024 11:40,15.945
8/13/2024 11:50,15.956
8/13/2024 12:00,16.01
8/13/2024 12:10,16.042
8/13/2024 12:20,16.096
8/13/2024 12:30,16.149
8/13/2024 12:40,16.192
8/13/2024 12:50,16.214
8/13/2024 13:00,16.267
8/13/2024 13:10,16.321
8/13/2024 13:20,16.299
8/13/2024 13:30,16.364
8/13/2024 13:40,16.385
8/13/2024 13:50,16.417
8/13/2024 14:00,16.407
8/13/2024 14:10,16.428
8/13/2024 14:20,16.45
8/13/2024 14:30,16.439
8/13/2024 14:40,16.46
8/13/2024 14:50,16.46
8/13/2024 15:00,16.492
8/13/2024 15:10,16.503
8/13/2024 15:20,16.503
8/13/2024 15:30,16.557
8/13/2024 15:40,16.546
8/13/2024 15:50,16.514
8/13/2024 16:00,16.535
8/13/2024 16:10,16.568
8/13/2024 16:20,16.568
8/13/2024 16:30,16.568
8/13/2024 16:40,16.546
8/13/2024 16:50,16.578
8/13/2024 17:00,16.578
8/13/2024 17:10,16.578
8/13/2024 17:20,16.568
8/13/2024 17:30,16.546
8/13/2024 17:40,16.557
8/13/2024 17:50,16.546
8/13/2024 18:00,16.546
8/13/2024 18:10,16.535
8/13/2024 18:20,16.525
8/13/2024 18:30,16.525
8/13/2024 18:40,16.525
8/13/2024 18:50,16.492
8/13/2024 19:00,16.503
8/13/2024 19:10,16.503
8/13/2024 19:20,16.482
8/13/2024 19:30,16.482
8/13/2024 19:40,16.45
8/13/2024 19:50,16.439
8/13/2024 20:00,16.439
8/13/2024 20:10,16.428
8/13/2024 20:20,16.417
8/13/2024 20:30,16.428
8/13/2024 20:40,16.417
8/13/2024 20:50,16.407
8/13/2024 21:00,16.374
8/13/2024 21:10,16.364
8/13/2024 21:20,16.364
8/13/2024 21:30,16.353
8/13/2024 21:40,16.321
8/13/2024 21:50,16.342
8/13/2024 22:00,16.321
8/13/2024 22:10,16.321
8/13/2024 22:20,16.299
8/13/2024 22:30,16.289
8/13/2024 22:40,16.299
8/13/2024 22:50,16.289
8/13/2024 23:00,16.278
8/13/2024 23:10,16.256
8/13/2024 23:20,16.246
8/13/2024 23:30,16.235
8/13/2024 23:40,16.235
8/13/2024 23:50,16.235
8/14/2024 0:00,16.214
8/14/2024 0:10,16.214
8/14/2024 0:20,16.203
8/14/2024 0:30,16.181
8/14/2024 0:40,16.181
8/14/2024 0:50,16.16
8/14/2024 1:00,16.16
8/14/2024 1:10,16.16
8/14/2024 1:20,16.128
8/14/2024 1:30,16.138
8/14/2024 1:40,16.117
8/14/2024 1:50,16.117
8/14/2024 2:00,16.128
8/14/2024 2:10,16.128
8/14/2024 2:20,16.096
8/14/2024 2:30,16.074
8/14/2024 2:40,16.063
8/14/2024 2:50,16.074
8/14/2024 3:00,16.074
8/14/2024 3:10,16.053
8/14/2024 3:20,16.042
8/14/2024 3:30,16.042
8/14/2024 3:40,15.999
8/14/2024 3:50,16.01
8/14/2024 4:00,15.988
8/14/2024 4:10,15.978
8/14/2024 4:20,15.978
8/14/2024 4:30,15.956
8/14/2024 4:40,15.956
8/14/2024 4:50,15.956
8/14/2024 5:00,15.945
8/14/2024 5:10,15.913
8/14/2024 5:20,15.903
8/14/2024 5:30,15.892
8/14/2024 5:40,15.892
8/14/2024 5:50,15.87
8/14/2024 6:00,15.892
8/14/2024 6:10,15.86
8/14/2024 6:20,15.849
8/14/2024 6:30,15.838
8/14/2024 6:40,15.849
8/14/2024 6:50,15.86
8/14/2024 7:00,15.838
8/14/2024 7:10,15.838
8/14/2024 7:20,15.849
8/14/2024 7:30,15.827
8/14/2024 7:40,15.827
8/14/2024 7:50,15.817
8/14/2024 8:00,15.817
8/14/2024 8:10,15.817
8/14/2024 8:20,15.806
8/14/2024 8:30,15.817
8/14/2024 8:40,15.817
8/14/2024 8:50,15.827
8/14/2024 9:00,15.817
8/14/2024 9:10,15.827
8/14/2024 9:20,15.838
8/14/2024 9:30,15.838
8/14/2024 9:40,15.838
8/14/2024 9:50,15.849
8/14/2024 10:00,15.86
8/14/2024 10:10,15.86
8/14/2024 10:20,15.881
8/14/2024 10:30,15.87
8/14/2024 10:40,15.86
8/14/2024 10:50,15.892
8/14/2024 11:00,15.903
8/14/2024 11:10,15.892
8/14/2024 11:20,15.903
8/14/2024 11:30,15.913
8/14/2024 11:40,15.924
8/14/2024 11:50,15.913
8/14/2024 12:00,15.945
8/14/2024 12:10,15.956
8/14/2024 12:20,15.935
8/14/2024 12:30,15.967
8/14/2024 12:40,15.967
8/14/2024 12:50,15.988
8/14/2024 13:00,15.988
8/14/2024 13:10,16.01
8/14/2024 13:20,15.999
8/14/2024 13:30,16.031
8/14/2024 13:40,16.042
8/14/2024 13:50,16.031
8/14/2024 14:00,16.031
8/14/2024 14:10,16.042
8/14/2024 14:20,16.074
8/14/2024 14:30,16.085
8/14/2024 14:40,16.053
8/14/2024 14:50,16.074
8/14/2024 15:00,16.085
8/14/2024 15:10,16.096
8/14/2024 15:20,16.117
8/14/2024 15:30,16.085
8/14/2024 15:40,16.096
8/14/2024 15:50,16.117
8/14/2024 16:00,16.096
8/14/2024 16:10,16.096
8/14/2024 16:20,16.117
8/14/2024 16:30,16.096
8/14/2024 16:40,16.085
8/14/2024 16:50,16.096
8/14/2024 17:00,16.063
8/14/2024 17:10,16.085
8/14/2024 17:20,16.063
8/14/2024 17:30,16.063
8/14/2024 17:40,16.031
8/14/2024 17:50,16.031
8/14/2024 18:00,16.031
8/14/2024 18:10,15.988
8/14/2024 18:20,15.999
8/14/2024 18:30,15.988
8/14/2024 18:40,15.978
8/14/2024 18:50,15.945
8/14/2024 19:00,15.945
8/14/2024 19:10,15.935
8/14/2024 19:20,15.903
8/14/2024 19:30,15.903
8/14/2024 19:40,15.881
8/14/2024 19:50,15.86
8/14/2024 20:00,15.849
8/14/2024 20:10,15.827
8/14/2024 20:20,15.817
8/14/2024 20:30,15.817
8/14/2024 20:40,15.774
8/14/2024 20:50,15.763
8/14/2024 21:00,15.752
8/14/2024 21:10,15.742
8/14/2024 21:20,15.72
8/14/2024 21:30,15.699
8/14/2024 21:40,15.688
8/14/2024 21:50,15.677
8/14/2024 22:00,15.656
8/14/2024 22:10,15.645
8/14/2024 22:20,15.624
8/14/2024 22:30,15.613
8/14/2024 22:40,15.602
8/14/2024 22:50,15.581
8/14/2024 23:00,15.57
8/14/2024 23:10,15.581
8/14/2024 23:20,15.559
8/14/2024 23:30,15.538
8/14/2024 23:40,15.516
8/14/2024 23:50,15.516
8/15/2024 0:00,15.516
8/15/2024 0:10,15.495
8/15/2024 0:20,15.474
8/15/2024 0:30,15.463
8/15/2024 0:40,15.452
8/15/2024 0:50,15.431
8/15/2024 1:00,15.42
8/15/2024 1:10,15.398
8/15/2024 1:20,15.398
8/15/2024 1:30,15.377
8/15/2024 1:40,15.366
8/15/2024 1:50,15.356
8/15/2024 2:00,15.345
8/15/2024 2:10,15.313
8/15/2024 2:20,15.323
8/15/2024 2:30,15.313
8/15/2024 2:40,15.302
8/15/2024 2:50,15.302
8/15/2024 3:00,15.28
8/15/2024 3:10,15.259
8/15/2024 3:20,15.238
8/15/2024 3:30,15.238
8/15/2024 3:40,15.205
8/15/2024 3:50,15.205
8/15/2024 4:00,15.195
8/15/2024 4:10,15.173
8/15/2024 4:20,15.163
8/15/2024 4:30,15.163
8/15/2024 4:40,15.152
8/15/2024 4:50,15.13
8/15/2024 5:00,15.141
8/15/2024 5:10,15.13
8/15/2024 5:20,15.141
8/15/2024 5:30,15.12
8/15/2024 5:40,15.109
8/15/2024 5:50,15.087
8/15/2024 6:00,15.098
8/15/2024 6:10,15.087
8/15/2024 6:20,15.077
8/15/2024 6:30,15.087
8/15/2024 6:40,15.087
8/15/2024 6:50,15.12
8/15/2024 7:00,15.087
8/15/2024 7:10,15.098
8/15/2024 7:20,15.12
8/15/2024 7:30,15.13
8/15/2024 7:40,15.13
8/15/2024 7:50,15.152
8/15/2024 8:00,15.152
8/15/2024 8:10,15.195
8/15/2024 8:20,15.195
8/15/2024 8:30,15.227
8/15/2024 8:40,15.28
8/15/2024 8:50,15.302
8/15/2024 9:00,15.356
8/15/2024 9:10,15.388
8/15/2024 9:20,15.42
8/15/2024 9:30,15.484
8/15/2024 9:40,15.559
8/15/2024 9:50,15.613
8/15/2024 10:00,15.634
8/15/2024 10:10,15.709
8/15/2024 10:20,15.774
8/15/2024 10:30,15.86
8/15/2024 10:40,15.924
8/15/2024 10:50,15.999
8/15/2024 11:00,16.106
8/15/2024 11:10,16.203
8/15/2024 11:20,16.321
8/15/2024 11:30,16.45
8/15/2024 11:40,16.589
8/15/2024 11:50,16.696
8/15/2024 12:00,16.803
8/15/2024 12:10,16.921
8/15/2024 12:20,17.05
8/15/2024 12:30,17.136
8/15/2024 12:40,17.222
8/15/2024 12:50,17.308
8/15/2024 13:00,17.393
8/15/2024 13:10,17.479
8/15/2024 13:20,17.565
8/15/2024 13:30,17.651
8/15/2024 13:40,17.704
8/15/2024 13:50,17.758
8/15/2024 14:00,17.833
8/15/2024 14:10,17.844
8/15/2024 14:20,17.908
8/15/2024 14:30,17.93
8/15/2024 14:40,17.994
8/15/2024 14:50,18.015
8/15/2024 15:00,18.015
8/15/2024 15:10,18.058
8/15/2024 15:20,18.048
8/15/2024 15:30,18.08
8/15/2024 15:40,18.08
8/15/2024 15:50,18.08
8/15/2024 16:00,18.08
8/15/2024 16:10,18.08
8/15/2024 16:20,18.058
8/15/2024 16:30,18.048
8/15/2024 16:40,18.037
8/15/2024 16:50,18.048
8/15/2024 17:00,18.015
8/15/2024 17:10,18.005
8/15/2024 17:20,17.972
8/15/2024 17:30,17.962
8/15/2024 17:40,17.908
8/15/2024 17:50,17.897
8/15/2024 18:00,17.844
8/15/2024 18:10,17.812
8/15/2024 18:20,17.758
8/15/2024 18:30,17.737
8/15/2024 18:40,17.715
8/15/2024 18:50,17.672
8/15/2024 19:00,17.629
8/15/2024 19:10,17.597
8/15/2024 19:20,17.565
8/15/2024 19:30,17.501
8/15/2024 19:40,17.501
8/15/2024 19:50,17.458
8/15/2024 20:00,17.426
8/15/2024 20:10,17.383
8/15/2024 20:20,17.35
8/15/2024 20:30,17.329
8/15/2024 20:40,17.275
8/15/2024 20:50,17.265
8/15/2024 21:00,17.232
8/15/2024 21:10,17.211
8/15/2024 21:20,17.147
8/15/2024 21:30,17.125
8/15/2024 21:40,17.104
8/15/2024 21:50,17.072
8/15/2024 22:00,17.029
8/15/2024 22:10,16.997
8/15/2024 22:20,16.975
8/15/2024 22:30,16.921
8/15/2024 22:40,16.911
8/15/2024 22:50,16.868
8/15/2024 23:00,16.836
8/15/2024 23:10,16.803
8/15/2024 23:20,16.761
8/15/2024 23:30,16.728
8/15/2024 23:40,16.696
8/15/2024 23:50,16.675
8/16/2024 0:00,16.632
8/16/2024 0:10,16.6
8/16/2024 0:20,16.557
8/16/2024 0:30,16.535
8/16/2024 0:40,16.492
8/16/2024 0:50,16.482
8/16/2024 1:00,16.439
8/16/2024 1:10,16.396
8/16/2024 1:20,16.374
8/16/2024 1:30,16.364
8/16/2024 1:40,16.332
8/16/2024 1:50,16.289
8/16/2024 2:00,16.278
8/16/2024 2:10,16.246
8/16/2024 2:20,16.256
8/16/2024 2:30,16.192
8/16/2024 2:40,16.203
8/16/2024 2:50,16.149
8/16/2024 3:00,16.149
8/16/2024 3:10,16.128
8/16/2024 3:20,16.117
8/16/2024 3:30,16.096
8/16/2024 3:40,16.063
8/16/2024 3:50,16.053
8/16/2024 4:00,16.031
8/16/2024 4:10,16.021
8/16/2024 4:20,15.978
8/16/2024 4:30,15.988
8/16/2024 4:40,15.945
8/16/2024 4:50,15.956
8/16/2024 5:00,15.913
8/16/2024 5:10,15.881
8/16/2024 5:20,15.87
8/16/2024 5:30,15.86
8/16/2024 5:40,15.86
8/16/2024 5:50,15.86
8/16/2024 6:00,15.817
8/16/2024 6:10,15.806
8/16/2024 6:20,15.795
8/16/2024 6:30,15.763
8/16/2024 6:40,15.731
8/16/2024 6:50,15.752
8/16/2024 7:00,15.774
8/16/2024 7:10,15.731
8/16/2024 7:20,15.742
8/16/2024 7:30,15.731
8/16/2024 7:40,15.72
8/16/2024 7:50,15.731
8/16/2024 8:00,15.731
8/16/2024 8:10,15.709
8/16/2024 8:20,15.709
8/16/2024 8:30,15.709
8/16/2024 8:40,15.709
8/16/2024 8:50,15.709
8/16/2024 9:00,15.731
8/16/2024 9:10,15.731
8/16/2024 9:20,15.731
8/16/2024 9:30,15.742
8/16/2024 9:40,15.752
8/16/2024 9:50,15.752
8/16/2024 10:00,15.774
8/16/2024 10:10,15.785
8/16/2024 10:20,15.795
8/16/2024 10:30,15.795
8/16/2024 10:40,15.817
8/16/2024 10:50,15.827
8/16/2024 11:00,15.838
8/16/2024 11:10,15.86
8/16/2024 11:20,15.87
8/16/2024 11:30,15.892
8/16/2024 11:40,15.892
8/16/2024 11:50,15.903
8/16/2024 12:00,15.924
8/16/2024 12:10,15.945
8/16/2024 12:20,15.956
8/16/2024 12:30,15.978
8/16/2024 12:40,15.988
8/16/2024 12:50,16.021
8/16/2024 13:00,16.021
8/16/2024 13:10,16.042
8/16/2024 13:20,16.053
8/16/2024 13:30,16.074
8/16/2024 13:40,16.074
8/16/2024 13:50,16.085
8/16/2024 14:00,16.096
8/16/2024 14:10,16.096
8/16/2024 14:20,16.128
8/16/2024 14:30,16.117
8/16/2024 14:40,16.16
8/16/2024 14:50,16.16
8/16/2024 15:00,16.16
8/16/2024 15:10,16.149
8/16/2024 15:20,16.171
8/16/2024 15:30,16.171
8/16/2024 15:40,16.16
8/16/2024 15:50,16.181
8/16/2024 16:00,16.171
8/16/2024 16:10,16.149
8/16/2024 16:20,16.171
8/16/2024 16:30,16.138
8/16/2024 16:40,16.16
8/16/2024 16:50,16.16
8/16/2024 17:00,16.149
8/16/2024 17:10,16.128
8/16/2024 17:20,16.128
8/16/2024 17:30,16.117
8/16/2024 17:40,16.117
8/16/2024 17:50,16.096
8/16/2024 18:00,16.085
8/16/2024 18:10,16.074
8/16/2024 18:20,16.042
8/16/2024 18:30,16.063
8/16/2024 18:40,16.021
8/16/2024 18:50,16.021
8/16/2024 19:00,16.01
8/16/2024 19:10,15.999
8/16/2024 19:20,15.967
8/16/2024 19:30,15.956
8/16/2024 19:40,15.935
8/16/2024 19:50,15.935
8/16/2024 20:00,15.913
8/16/2024 20:10,15.903
8/16/2024 20:20,15.892
8/16/2024 20:30,15.87
8/16/2024 20:40,15.87
8/16/2024 20:50,15.849
8/16/2024 21:00,15.827
8/16/2024 21:10,15.817
8/16/2024 21:20,15.795
8/16/2024 21:30,15.785
8/16/2024 21:40,15.795
8/16/2024 21:50,15.752
8/16/2024 22:00,15.731
8/16/2024 22:10,15.72
8/16/2024 22:20,15.72
8/16/2024 22:30,15.72
8/16/2024 22:40,15.688
8/16/2024 22:50,15.699
8/16/2024 23:00,15.688
8/16/2024 23:10,15.667
8/16/2024 23:20,15.656
8/16/2024 23:30,15.656
8/16/2024 23:40,15.656
8/16/2024 23:50,15.624
8/17/2024 0:00,15.634
8/17/2024 0:10,15.602
8/17/2024 0:20,15.592
8/17/2024 0:30,15.613
8/17/2024 0:40,15.581
8/17/2024 0:50,15.57
8/17/2024 1:00,15.57
8/17/2024 1:10,15.57
8/17/2024 1:20,15.527
8/17/2024 1:30,15.527
8/17/2024 1:40,15.516
8/17/2024 1:50,15.516
8/17/2024 2:00,15.506
8/17/2024 2:10,15.484
8/17/2024 2:20,15.495
8/17/2024 2:30,15.506
8/17/2024 2:40,15.495
8/17/2024 2:50,15.484
8/17/2024 3:00,15.484
8/17/2024 3:10,15.463
8/17/2024 3:20,15.474
8/17/2024 3:30,15.452
8/17/2024 3:40,15.441
8/17/2024 3:50,15.431
8/17/2024 4:00,15.431
8/17/2024 4:10,15.431
8/17/2024 4:20,15.409
8/17/2024 4:30,15.409
8/17/2024 4:40,15.42
8/17/2024 4:50,15.398
8/17/2024 5:00,15.388
8/17/2024 5:10,15.366
8/17/2024 5:20,15.356
8/17/2024 5:30,15.366
8/17/2024 5:40,15.366
8/17/2024 5:50,15.366
8/17/2024 6:00,15.356
8/17/2024 6:10,15.334
8/17/2024 6:20,15.345
8/17/2024 6:30,15.323
8/17/2024 6:40,15.345
8/17/2024 6:50,15.345
8/17/2024 7:00,15.356
8/17/2024 7:10,15.356
8/17/2024 7:20,15.345
8/17/2024 7:30,15.345
8/17/2024 7:40,15.366
8/17/2024 7:50,15.356
8/17/2024 8:00,15.356
8/17/2024 8:10,15.366
8/17/2024 8:20,15.377
8/17/2024 8:30,15.377
8/17/2024 8:40,15.377
8/17/2024 8:50,15.366
8/17/2024 9:00,15.431
8/17/2024 9:10,15.409
8/17/2024 9:20,15.441
8/17/2024 9:30,15.452
8/17/2024 9:40,15.484
8/17/2024 9:50,15.527
8/17/2024 10:00,15.527
8/17/2024 10:10,15.559
8/17/2024 10:20,15.549
8/17/2024 10:30,15.57
8/17/2024 10:40,15.581
8/17/2024 10:50,15.634
8/17/2024 11:00,15.624
8/17/2024 11:10,15.634
8/17/2024 11:20,15.656
8/17/2024 11:30,15.688
8/17/2024 11:40,15.677
8/17/2024 11:50,15.72
8/17/2024 12:00,15.731
8/17/2024 12:10,15.731
8/17/2024 12:20,15.763
8/17/2024 12:30,15.795
8/17/2024 12:40,15.795
8/17/2024 12:50,15.795
8/17/2024 13:00,15.827
8/17/2024 13:10,15.827
8/17/2024 13:20,15.86
8/17/2024 13:30,15.87
8/17/2024 13:40,15.86
8/17/2024 13:50,15.892
8/17/2024 14:00,15.913
8/17/2024 14:10,15.924
8/17/2024 14:20,15.935
8/17/2024 14:30,15.945
8/17/2024 14:40,15.945
8/17/2024 14:50,15.956
8/17/2024 15:00,15.967
8/17/2024 15:10,15.988
8/17/2024 15:20,15.988
8/17/2024 15:30,15.978
8/17/2024 15:40,15.988
8/17/2024 15:50,15.999
8/17/2024 16:00,15.978
8/17/2024 16:10,15.999
8/17/2024 16:20,15.978
8/17/2024 16:30,15.978
8/17/2024 16:40,15.999
8/17/2024 16:50,15.988
8/17/2024 17:00,15.988
8/17/2024 17:10,15.988
8/17/2024 17:20,15.978
8/17/2024 17:30,15.999
8/17/2024 17:40,15.978
8/17/2024 17:50,15.956
8/17/2024 18:00,15.945
8/17/2024 18:10,15.956
8/17/2024 18:20,15.924
8/17/2024 18:30,15.924
8/17/2024 18:40,15.935
8/17/2024 18:50,15.913
8/17/2024 19:00,15.913
8/17/2024 19:10,15.87
8/17/2024 19:20,15.881
8/17/2024 19:30,15.87
8/17/2024 19:40,15.86
8/17/2024 19:50,15.849
8/17/2024 20:00,15.86
8/17/2024 20:10,15.817
8/17/2024 20:20,15.827
8/17/2024 20:30,15.806
8/17/2024 20:40,15.785
8/17/2024 20:50,15.774
8/17/2024 21:00,15.763
8/17/2024 21:10,15.763
8/17/2024 21:20,15.731
8/17/2024 21:30,15.742
8/17/2024 21:40,15.731
8/17/2024 21:50,15.709
8/17/2024 22:00,15.699
8/17/2024 22:10,15.709
8/17/2024 22:20,15.677
8/17/2024 22:30,15.677
8/17/2024 22:40,15.656
8/17/2024 22:50,15.645
8/17/2024 23:00,15.645
8/17/2024 23:10,15.634
8/17/2024 23:20,15.602
8/17/2024 23:30,15.613
8/17/2024 23:40,15.592
8/17/2024 23:50,15.592
8/18/2024 0:00,15.57
8/18/2024 0:10,15.57
8/18/2024 0:20,15.559
8/18/2024 0:30,15.559
8/18/2024 0:40,15.527
8/18/2024 0:50,15.527
8/18/2024 1:00,15.538
8/18/2024 1:10,15.506
8/18/2024 1:20,15.495
8/18/2024 1:30,15.474
8/18/2024 1:40,15.474
8/18/2024 1:50,15.474
8/18/2024 2:00,15.452
8/18/2024 2:10,15.463
8/18/2024 2:20,15.452
8/18/2024 2:30,15.42
8/18/2024 2:40,15.398
8/18/2024 2:50,15.377
8/18/2024 3:00,15.409
8/18/2024 3:10,15.377
8/18/2024 3:20,15.345
8/18/2024 3:30,15.366
8/18/2024 3:40,15.334
8/18/2024 3:50,15.334
8/18/2024 4:00,15.313
8/18/2024 4:10,15.323
8/18/2024 4:20,15.302
8/18/2024 4:30,15.28
8/18/2024 4:40,15.27
8/18/2024 4:50,15.248
8/18/2024 5:00,15.259
8/18/2024 5:10,15.238
8/18/2024 5:20,15.238
8/18/2024 5:30,15.205
8/18/2024 5:40,15.195
8/18/2024 5:50,15.205
8/18/2024 6:00,15.184
8/18/2024 6:10,15.173
8/18/2024 6:20,15.173
8/18/2024 6:30,15.173
8/18/2024 6:40,15.152
8/18/2024 6:50,15.173
8/18/2024 7:00,15.141
8/18/2024 7:10,15.173
8/18/2024 7:20,15.152
8/18/2024 7:30,15.163
8/18/2024 7:40,15.141
8/18/2024 7:50,15.13
8/18/2024 8:00,15.152
8/18/2024 8:10,15.13
8/18/2024 8:20,15.141
8/18/2024 8:30,15.152
8/18/2024 8:40,15.152
8/18/2024 8:50,15.173
8/18/2024 9:00,15.152
8/18/2024 9:10,15.173
8/18/2024 9:20,15.195
8/18/2024 9:30,15.195
8/18/2024 9:40,15.227
8/18/2024 9:50,15.238
8/18/2024 10:00,15.27
8/18/2024 10:10,15.302
8/18/2024 10:20,15.28
8/18/2024 10:30,15.323
8/18/2024 10:40,15.345
8/18/2024 10:50,15.377
8/18/2024 11:00,15.409
8/18/2024 11:10,15.441
8/18/2024 11:20,15.495
8/18/2024 11:30,15.57
8/18/2024 11:40,15.613
8/18/2024 11:50,15.645
8/18/2024 12:00,15.688
8/18/2024 12:10,15.742
8/18/2024 12:20,15.785
8/18/2024 12:30,15.838
8/18/2024 12:40,15.903
8/18/2024 12:50,15.956
8/18/2024 13:00,16.074
8/18/2024 13:10,16.117
8/18/2024 13:20,16.192
8/18/2024 13:30,16.235
8/18/2024 13:40,16.31
8/18/2024 13:50,16.364
8/18/2024 14:00,16.46
8/18/2024 14:10,16.525
8/18/2024 14:20,16.589
8/18/2024 14:30,16.632
8/18/2024 14:40,16.696
8/18/2024 14:50,16.761
8/18/2024 15:00,16.771
8/18/2024 15:10,16.803
8/18/2024 15:20,16.836
8/18/2024 15:30,16.846
8/18/2024 15:40,16.868
8/18/2024 15:50,16.9
8/18/2024 16:00,16.921
8/18/2024 16:10,16.932
8/18/2024 16:20,16.954
8/18/2024 16:30,16.943
8/18/2024 16:40,16.943
8/18/2024 16:50,16.964
8/18/2024 17:00,16.975
8/18/2024 17:10,16.986
8/18/2024 17:20,16.975
8/18/2024 17:30,16.975
8/18/2024 17:40,16.975
8/18/2024 17:50,16.954
8/18/2024 18:00,16.975
8/18/2024 18:10,16.921
8/18/2024 18:20,16.911
8/18/2024 18:30,16.879
8/18/2024 18:40,16.857
8/18/2024 18:50,16.846
8/18/2024 19:00,16.814
8/18/2024 19:10,16.782
8/18/2024 19:20,16.75
8/18/2024 19:30,16.739
8/18/2024 19:40,16.707
8/18/2024 19:50,16.653
8/18/2024 20:00,16.632
8/18/2024 20:10,16.589
8/18/2024 20:20,16.557
8/18/2024 20:30,16.535
8/18/2024 20:40,16.492
8/18/2024 20:50,16.46
8/18/2024 21:00,16.45
8/18/2024 21:10,16.407
8/18/2024 21:20,16.374
8/18/2024 21:30,16.353
8/18/2024 21:40,16.321
8/18/2024 21:50,16.278
8/18/2024 22:00,16.267
8/18/2024 22:10,16.246
8/18/2024 22:20,16.192
8/18/2024 22:30,16.203
8/18/2024 22:40,16.171
8/18/2024 22:50,16.149
8/18/2024 23:00,16.128
8/18/2024 23:10,16.085
8/18/2024 23:20,16.074
8/18/2024 23:30,16.063
8/18/2024 23:40,16.042
8/18/2024 23:50,16.031
8/19/2024 0:00,15.999
8/19/2024 0:10,15.999
8/19/2024 0:20,15.945
8/19/2024 0:30,15.935
8/19/2024 0:40,15.924
8/19/2024 0:50,15.903
8/19/2024 1:00,15.87
8/19/2024 1:10,15.87
8/19/2024 1:20,15.86
8/19/2024 1:30,15.849
8/19/2024 1:40,15.849
8/19/2024 1:50,15.817
8/19/2024 2:00,15.785
8/19/2024 2:10,15.795
8/19/2024 2:20,15.774
8/19/2024 2:30,15.774
8/19/2024 2:40,15.763
8/19/2024 2:50,15.752
8/19/2024 3:00,15.731
8/19/2024 3:10,15.731
8/19/2024 3:20,15.742
8/19/2024 3:30,15.709
8/19/2024 3:40,15.72
8/19/2024 3:50,15.699
8/19/2024 4:00,15.688
8/19/2024 4:10,15.667
8/19/2024 4:20,15.634
8/19/2024 4:30,15.634
8/19/2024 4:40,15.624
8/19/2024 4:50,15.602
8/19/2024 5:00,15.613
8/19/2024 5:10,15.602
8/19/2024 5:20,15.57
8/19/2024 5:30,15.549
8/19/2024 5:40,15.57
8/19/2024 5:50,15.549
8/19/2024 6:00,15.527
8/19/2024 6:10,15.549
8/19/2024 6:20,15.527
8/19/2024 6:30,15.549
8/19/2024 6:40,15.538
8/19/2024 6:50,15.516
8/19/2024 7:00,15.538
8/19/2024 7:10,15.559
8/19/2024 7:20,15.538
8/19/2024 7:30,15.559
8/19/2024 7:40,15.57
8/19/2024 7:50,15.559
8/19/2024 8:00,15.581
8/19/2024 8:10,15.592
8/19/2024 8:20,15.602
8/19/2024 8:30,15.624
8/19/2024 8:40,15.645
8/19/2024 8:50,15.634
8/19/2024 9:00,15.667
8/19/2024 9:10,15.667
8/19/2024 9:20,15.688
8/19/2024 9:30,15.72
8/19/2024 9:40,15.709
8/19/2024 9:50,15.72
8/19/2024 10:00,15.742
8/19/2024 10:10,15.763
8/19/2024 10:20,15.763
8/19/2024 10:30,15.752
8/19/2024 10:40,15.763
8/19/2024 10:50,15.763
8/19/2024 11:00,15.795
8/19/2024 11:10,15.817
8/19/2024 11:20,15.806
8/19/2024 11:30,15.827
8/19/2024 11:40,15.827
8/19/2024 11:50,15.817
8/19/2024 12:00,15.817
8/19/2024 12:10,15.838
8/19/2024 12:20,15.817
8/19/2024 12:30,15.86
8/19/2024 12:40,15.87
8/19/2024 12:50,15.849
8/19/2024 13:00,15.87
8/19/2024 13:10,15.849
8/19/2024 13:20,15.849
8/19/2024 13:30,15.86
8/19/2024 13:40,15.838
8/19/2024 13:50,15.849
8/19/2024 14:00,15.817
8/19/2024 14:10,15.827
8/19/2024 14:20,15.806
8/19/2024 14:30,15.806
8/19/2024 14:40,15.817
8/19/2024 14:50,15.817
8/19/2024 15:00,15.806
8/19/2024 15:10,15.817
8/19/2024 15:20,15.806
8/19/2024 15:30,15.817
8/19/2024 15:40,15.795
8/19/2024 15:50,15.806
8/19/2024 16:00,15.806
8/19/2024 16:10,15.795
8/19/2024 16:20,15.817
8/19/2024 16:30,15.806
8/19/2024 16:40,15.752
8/19/2024 16:50,15.763
8/19/2024 17:00,15.731
8/19/2024 17:10,15.731
8/19/2024 17:20,15.72
8/19/2024 17:30,15.709
8/19/2024 17:40,15.688
8/19/2024 17:50,15.656
8/19/2024 18:00,15.634
8/19/2024 18:10,15.634
8/19/2024 18:20,15.613
8/19/2024 18:30,15.602
8/19/2024 18:40,15.57
8/19/2024 18:50,15.549
8/19/2024 19:00,15.538
8/19/2024 19:10,15.527
8/19/2024 19:20,15.484
8/19/2024 19:30,15.474
8/19/2024 19:40,15.474
8/19/2024 19:50,15.431
8/19/2024 20:00,15.409
8/19/2024 20:10,15.409
8/19/2024 20:20,15.398
8/19/2024 20:30,15.377
8/19/2024 20:40,15.356
8/19/2024 20:50,15.334
8/19/2024 21:00,15.323
8/19/2024 21:10,15.313
8/19/2024 21:20,15.302
8/19/2024 21:30,15.27
8/19/2024 21:40,15.259
8/19/2024 21:50,15.238
8/19/2024 22:00,15.238
8/19/2024 22:10,15.195
8/19/2024 22:20,15.195
8/19/2024 22:30,15.195
8/19/2024 22:40,15.163
8/19/2024 22:50,15.152
8/19/2024 23:00,15.152
8/19/2024 23:10,15.13
8/19/2024 23:20,15.12
8/19/2024 23:30,15.087
8/19/2024 23:40,15.087
8/19/2024 23:50,15.055
8/20/2024 0:00,15.045
8/20/2024 0:10,15.023
8/20/2024 0:20,15.012
8/20/2024 0:30,15.002
8/20/2024 0:40,14.959
8/20/2024 0:50,14.969
8/20/2024 1:00,14.948
8/20/2024 1:10,14.916
8/20/2024 1:20,14.894
8/20/2024 1:30,14.873
8/20/2024 1:40,14.862
8/20/2024 1:50,14.841
8/20/2024 2:00,14.83
8/20/2024 2:10,14.798
8/20/2024 2:20,14.798
8/20/2024 2:30,14.755
8/20/2024 2:40,14.755
8/20/2024 2:50,14.723
8/20/2024 3:00,14.701
8/20/2024 3:10,14.669
8/20/2024 3:20,14.637
8/20/2024 3:30,14.605
8/20/2024 3:40,14.594
8/20/2024 3:50,14.583
8/20/2024 4:00,14.53
8/20/2024 4:10,14.53
8/20/2024 4:20,14.487
8/20/2024 4:30,14.444
8/20/2024 4:40,14.422
8/20/2024 4:50,14.38
8/20/2024 5:00,14.358
8/20/2024 5:10,14.337
8/20/2024 5:20,14.315
8/20/2024 5:30,14.305
8/20/2024 5:40,14.251
8/20/2024 5:50,14.219
8/20/2024 6:00,14.197
8/20/2024 6:10,14.187
8/20/2024 6:20,14.133
8/20/2024 6:30,14.144
8/20/2024 6:40,14.079
8/20/2024 6:50,14.09
8/20/2024 7:00,14.079
8/20/2024 7:10,14.069
8/20/2024 7:20,14.047
8/20/2024 7:30,14.036
8/20/2024 7:40,14.036
8/20/2024 7:50,14.036
8/20/2024 8:00,14.047
8/20/2024 8:10,14.079
8/20/2024 8:20,14.101
8/20/2024 8:30,14.122
8/20/2024 8:40,14.144
8/20/2024 8:50,14.197
8/20/2024 9:00,14.24
8/20/2024 9:10,14.283
8/20/2024 9:20,14.305
8/20/2024 9:30,14.347
8/20/2024 9:40,14.401
8/20/2024 9:50,14.476
8/20/2024 10:00,14.53
8/20/2024 10:10,14.616
8/20/2024 10:20,14.691
8/20/2024 10:30,14.776
8/20/2024 10:40,14.873
8/20/2024 10:50,14.98
8/20/2024 11:00,15.066
8/20/2024 11:10,15.184
8/20/2024 11:20,15.334
8/20/2024 11:30,15.452
8/20/2024 11:40,15.581
8/20/2024 11:50,15.688
8/20/2024 12:00,15.806
8/20/2024 12:10,15.903
8/20/2024 12:20,15.999
8/20/2024 12:30,16.106
8/20/2024 12:40,16.214
8/20/2024 12:50,16.31
8/20/2024 13:00,16.407
8/20/2024 13:10,16.482
8/20/2024 13:20,16.578
8/20/2024 13:30,16.653
8/20/2024 13:40,16.718
8/20/2024 13:50,16.782
8/20/2024 14:00,16.825
8/20/2024 14:10,16.9
8/20/2024 14:20,16.921
8/20/2024 14:30,16.954
8/20/2024 14:40,16.975
8/20/2024 14:50,17.007
8/20/2024 15:00,17.018
8/20/2024 15:10,17.072
8/20/2024 15:20,17.061
8/20/2024 15:30,17.072
8/20/2024 15:40,17.072
8/20/2024 15:50,17.072
8/20/2024 16:00,17.072
8/20/2024 16:10,17.039
8/20/2024 16:20,17.05
8/20/2024 16:30,17.029
8/20/2024 16:40,17.039
8/20/2024 16:50,17.029
8/20/2024 17:00,17.018
8/20/2024 17:10,17.007
8/20/2024 17:20,16.986
8/20/2024 17:30,16.943
8/20/2024 17:40,16.921
8/20/2024 17:50,16.879
8/20/2024 18:00,16.846
8/20/2024 18:10,16.803
8/20/2024 18:20,16.761
8/20/2024 18:30,16.718
8/20/2024 18:40,16.675
8/20/2024 18:50,16.621
8/20/2024 19:00,16.589
8/20/2024 19:10,16.546
8/20/2024 19:20,16.492
8/20/2024 19:30,16.46
8/20/2024 19:40,16.407
8/20/2024 19:50,16.342
8/20/2024 20:00,16.278
8/20/2024 20:10,16.235
8/20/2024 20:20,16.181
8/20/2024 20:30,16.117
8/20/2024 20:40,16.063
8/20/2024 20:50,15.999
8/20/2024 21:00,15.924
8/20/2024 21:10,15.924
8/20/2024 21:20,15.849
8/20/2024 21:30,15.774
8/20/2024 21:40,15.731
8/20/2024 21:50,15.677
8/20/2024 22:00,15.613
8/20/2024 22:10,15.549
8/20/2024 22:20,15.516
8/20/2024 22:30,15.452
8/20/2024 22:40,15.388
8/20/2024 22:50,15.345
8/20/2024 23:00,15.28
8/20/2024 23:10,15.238
8/20/2024 23:20,15.173
8/20/2024 23:30,15.098
8/20/2024 23:40,15.055
8/20/2024 23:50,14.991
8/21/2024 0:00,14.948
8/21/2024 0:10,14.894
8/21/2024 0:20,14.819
8/21/2024 0:30,14.787
8/21/2024 0:40,14.701
8/21/2024 0:50,14.648
8/21/2024 1:00,14.594
8/21/2024 1:10,14.562
8/21/2024 1:20,14.476
8/21/2024 1:30,14.422
8/21/2024 1:40,14.369
8/21/2024 1:50,14.294
8/21/2024 2:00,14.229
8/21/2024 2:10,14.165
8/21/2024 2:20,14.133
8/21/2024 2:30,14.069
8/21/2024 2:40,14.026
8/21/2024 2:50,13.951
8/21/2024 3:00,13.897
8/21/2024 3:10,13.833
8/21/2024 3:20,13.779
8/21/2024 3:30,13.725
8/21/2024 3:40,13.661
8/21/2024 3:50,13.629
8/21/2024 4:00,13.564
8/21/2024 4:10,13.5
8/21/2024 4:20,13.436
8/21/2024 4:30,13.361
8/21/2024 4:40,13.307
8/21/2024 4:50,13.264
8/21/2024 5:00,13.221
8/21/2024 5:10,13.125
8/21/2024 5:20,13.093
8/21/2024 5:30,13.039
8/21/2024 5:40,12.996
8/21/2024 5:50,12.942
8/21/2024 6:00,12.921
8/21/2024 6:10,12.846
8/21/2024 6:20,12.803
8/21/2024 6:30,12.792
8/21/2024 6:40,12.771
8/21/2024 6:50,12.717
8/21/2024 7:00,12.706
8/21/2024 7:10,12.674
8/21/2024 7:20,12.664
8/21/2024 7:30,12.653
8/21/2024 7:40,12.674
8/21/2024 7:50,12.642
8/21/2024 8:00,12.664
8/21/2024 8:10,12.664
8/21/2024 8:20,12.685
8/21/2024 8:30,12.706
8/21/2024 8:40,12.76
8/21/2024 8:50,12.792
8/21/2024 9:00,12.824
8/21/2024 9:10,12.867
8/21/2024 9:20,12.932
8/21/2024 9:30,13.007
8/21/2024 9:40,13.039
8/21/2024 9:50,13.103
8/21/2024 10:00,13.178
8/21/2024 10:10,13.286
8/21/2024 10:20,13.35
8/21/2024 10:30,13.446
8/21/2024 10:40,13.575
8/21/2024 10:50,13.65
8/21/2024 11:00,13.758
8/21/2024 11:10,13.876
8/21/2024 11:20,13.993
8/21/2024 11:30,14.133
8/21/2024 11:40,14.262
8/21/2024 11:50,14.38
8/21/2024 12:00,14.476
8/21/2024 12:10,14.616
8/21/2024 12:20,14.734
8/21/2024 12:30,14.83
8/21/2024 12:40,14.916
8/21/2024 12:50,15.045
8/21/2024 13:00,15.141
8/21/2024 13:10,15.248
8/21/2024 13:20,15.323
8/21/2024 13:30,15.388
8/21/2024 13:40,15.506
8/21/2024 13:50,15.57
8/21/2024 14:00,15.645
8/21/2024 14:10,15.72
8/21/2024 14:20,15.763
8/21/2024 14:30,15.827
8/21/2024 14:40,15.881
8/21/2024 14:50,15.945
8/21/2024 15:00,15.988
8/21/2024 15:10,16.01
8/21/2024 15:20,16.053
8/21/2024 15:30,16.074
8/21/2024 15:40,16.085
8/21/2024 15:50,16.106
8/21/2024 16:00,16.117
8/21/2024 16:10,16.16
8/21/2024 16:20,16.138
8/21/2024 16:30,16.149
8/21/2024 16:40,16.192
8/21/2024 16:50,16.149
8/21/2024 17:00,16.192
8/21/2024 17:10,16.171
8/21/2024 17:20,16.171
8/21/2024 17:30,16.171
8/21/2024 17:40,16.149
8/21/2024 17:50,16.149
8/21/2024 18:00,16.128
8/21/2024 18:10,16.117
8/21/2024 18:20,16.096
8/21/2024 18:30,16.074
8/21/2024 18:40,16.042
8/21/2024 18:50,15.999
8/21/2024 19:00,15.956
8/21/2024 19:10,15.956
8/21/2024 19:20,15.903
8/21/2024 19:30,15.86
8/21/2024 19:40,15.86
8/21/2024 19:50,15.838
8/21/2024 20:00,15.785
8/21/2024 20:10,15.752
8/21/2024 20:20,15.731
8/21/2024 20:30,15.688
8/21/2024 20:40,15.634
8/21/2024 20:50,15.613
8/21/2024 21:00,15.581
8/21/2024 21:10,15.549
8/21/2024 21:20,15.474
8/21/2024 21:30,15.431
8/21/2024 21:40,15.42
8/21/2024 21:50,15.356
8/21/2024 22:00,15.323
8/21/2024 22:10,15.28
8/21/2024 22:20,15.238
8/21/2024 22:30,15.216
8/21/2024 22:40,15.163
8/21/2024 22:50,15.109
8/21/2024 23:00,15.109
8/21/2024 23:10,15.034
8/21/2024 23:20,15.034
8/21/2024 23:30,14.991
8/21/2024 23:40,14.927
8/21/2024 23:50,14.884
8/22/2024 0:00,14.873
8/22/2024 0:10,14.83
8/22/2024 0:20,14.787
8/22/2024 0:30,14.766
8/22/2024 0:40,14.723
8/22/2024 0:50,14.68
8/22/2024 1:00,14.637
8/22/2024 1:10,14.573
8/22/2024 1:20,14.562
8/22/2024 1:30,14.508
8/22/2024 1:40,14.465
8/22/2024 1:50,14.412
8/22/2024 2:00,14.38
8/22/2024 2:10,14.347
8/22/2024 2:20,14.326
8/22/2024 2:30,14.283
8/22/2024 2:40,14.251
8/22/2024 2:50,14.229
8/22/2024 3:00,14.187
8/22/2024 3:10,14.144
8/22/2024 3:20,14.111
8/22/2024 3:30,14.09
8/22/2024 3:40,14.069
8/22/2024 3:50,14.026
8/22/2024 4:00,14.015
8/22/2024 4:10,13.983
8/22/2024 4:20,13.972
8/22/2024 4:30,13.961
8/22/2024 4:40,13.929
8/22/2024 4:50,13.94
8/22/2024 5:00,13.929
8/22/2024 5:10,13.929
8/22/2024 5:20,13.94
8/22/2024 5:30,13.929
8/22/2024 5:40,13.951
8/22/2024 5:50,13.929
8/22/2024 6:00,13.961
8/22/2024 6:10,13.972
8/22/2024 6:20,13.961
8/22/2024 6:30,13.993
8/22/2024 6:40,14.015
8/22/2024 6:50,14.026
8/22/2024 7:00,14.047
8/22/2024 7:10,14.09
8/22/2024 7:20,14.09
8/22/2024 7:30,14.111
8/22/2024 7:40,14.144
8/22/2024 7:50,14.187
8/22/2024 8:00,14.208
8/22/2024 8:10,14.272
8/22/2024 8:20,14.294
8/22/2024 8:30,14.337
8/22/2024 8:40,14.369
8/22/2024 8:50,14.38
8/22/2024 9:00,14.455
8/22/2024 9:10,14.53
8/22/2024 9:20,14.583
8/22/2024 9:30,14.616
8/22/2024 9:40,14.701
8/22/2024 9:50,14.744
8/22/2024 10:00,14.798
8/22/2024 10:10,14.862
8/22/2024 10:20,14.959
8/22/2024 10:30,15.034
8/22/2024 10:40,15.098
8/22/2024 10:50,15.205
8/22/2024 11:00,15.28
8/22/2024 11:10,15.377
8/22/2024 11:20,15.484
8/22/2024 11:30,15.559
8/22/2024 11:40,15.645
8/22/2024 11:50,15.731
8/22/2024 12:00,15.817
8/22/2024 12:10,15.913
8/22/2024 12:20,15.988
8/22/2024 12:30,16.042
8/22/2024 12:40,16.106
8/22/2024 12:50,16.16
8/22/2024 13:00,16.214
8/22/2024 13:10,16.299
8/22/2024 13:20,16.31
8/22/2024 13:30,16.364
8/22/2024 13:40,16.407
8/22/2024 13:50,16.45
8/22/2024 14:00,16.482
8/22/2024 14:10,16.492
8/22/2024 14:20,16.535
8/22/2024 14:30,16.557
8/22/2024 14:40,16.589
8/22/2024 14:50,16.61
8/22/2024 15:00,16.643
8/22/2024 15:10,16.643
8/22/2024 15:20,16.675
8/22/2024 15:30,16.685
8/22/2024 15:40,16.696
8/22/2024 15:50,16.696
8/22/2024 16:00,16.728
8/22/2024 16:10,16.707
8/22/2024 16:20,16.718
8/22/2024 16:30,16.739
8/22/2024 16:40,16.75
8/22/2024 16:50,16.728
8/22/2024 17:00,16.739
8/22/2024 17:10,16.728
8/22/2024 17:20,16.75
8/22/2024 17:30,16.728
8/22/2024 17:40,16.728
8/22/2024 17:50,16.707
8/22/2024 18:00,16.707
8/22/2024 18:10,16.718
8/22/2024 18:20,16.696
8/22/2024 18:30,16.675
8/22/2024 18:40,16.675
8/22/2024 18:50,16.653
8/22/2024 19:00,16.675
8/22/2024 19:10,16.653
8/22/2024 19:20,16.632
8/22/2024 19:30,16.61
8/22/2024 19:40,16.6
8/22/2024 19:50,16.589
8/22/2024 20:00,16.589
8/22/2024 20:10,16.568
8/22/2024 20:20,16.546
8/22/2024 20:30,16.546
8/22/2024 20:40,16.546
8/22/2024 20:50,16.535
8/22/2024 21:00,16.525
8/22/2024 21:10,16.503
8/22/2024 21:20,16.492
8/22/2024 21:30,16.471
8/22/2024 21:40,16.482
8/22/2024 21:50,16.46
8/22/2024 22:00,16.46
8/22/2024 22:10,16.45
8/22/2024 22:20,16.428
8/22/2024 22:30,16.396
8/22/2024 22:40,16.407
8/22/2024 22:50,16.407
8/22/2024 23:00,16.374
8/22/2024 23:10,16.364
8/22/2024 23:20,16.364
8/22/2024 23:30,16.342
8/22/2024 23:40,16.332
8/22/2024 23:50,16.31
8/23/2024 0:00,16.321
8/23/2024 0:10,16.31
8/23/2024 0:20,16.299
8/23/2024 0:30,16.289
8/23/2024 0:40,16.267
8/23/2024 0:50,16.289
8/23/2024 1:00,16.246
8/23/2024 1:10,16.256
8/23/2024 1:20,16.235
8/23/2024 1:30,16.235
8/23/2024 1:40,16.246
8/23/2024 1:50,16.235
8/23/2024 2:00,16.214
8/23/2024 2:10,16.224
8/23/2024 2:20,16.171
8/23/2024 2:30,16.192
8/23/2024 2:40,16.181
8/23/2024 2:50,16.149
8/23/2024 3:00,16.171
8/23/2024 3:10,16.138
8/23/2024 3:20,16.149
8/23/2024 3:30,16.16
8/23/2024 3:40,16.149
8/23/2024 3:50,16.138
8/23/2024 4:00,16.149
8/23/2024 4:10,16.16
8/23/2024 4:20,16.149
8/23/2024 4:30,16.171
8/23/2024 4:40,16.171
8/23/2024 4:50,16.214
8/23/2024 5:00,16.235
8/23/2024 5:10,16.278
8/23/2024 5:20,16.332
8/23/2024 5:30,16.364
8/23/2024 5:40,16.385
8/23/2024 5:50,16.428
8/23/2024 6:00,16.482
8/23/2024 6:10,16.514
8/23/2024 6:20,16.557
8/23/2024 6:30,16.578
8/23/2024 6:40,16.643
8/23/2024 6:50,16.675
8/23/2024 7:00,16.696
8/23/2024 7:10,16.761
8/23/2024 7:20,16.803
8/23/2024 7:30,16.836
8/23/2024 7:40,16.879
8/23/2024 7:50,16.9
8/23/2024 8:00,16.964
8/23/2024 8:10,16.986
8/23/2024 8:20,17.039
8/23/2024 8:30,17.072
8/23/2024 8:40,17.104
8/23/2024 8:50,17.168
8/23/2024 9:00,17.179
8/23/2024 9:10,17.254
8/23/2024 9:20,17.275
8/23/2024 9:30,17.329
8/23/2024 9:40,17.393
8/23/2024 9:50,17.436
8/23/2024 10:00,17.458
8/23/2024 10:10,17.511
8/23/2024 10:20,17.565
8/23/2024 10:30,17.597
8/23/2024 10:40,17.651
8/23/2024 10:50,17.715
8/23/2024 11:00,17.79
8/23/2024 11:10,17.844
8/23/2024 11:20,17.887
8/23/2024 11:30,17.94
8/23/2024 11:40,17.972
8/23/2024 11:50,18.037
8/23/2024 12:00,18.09
8/23/2024 12:10,18.133
8/23/2024 12:20,18.198
8/23/2024 12:30,18.251
8/23/2024 12:40,18.305
8/23/2024 12:50,18.359
8/23/2024 13:00,18.401
8/23/2024 13:10,18.466
8/23/2024 13:20,18.487
8/23/2024 13:30,18.53
8/23/2024 13:40,18.584
8/23/2024 13:50,18.595
8/23/2024 14:00,18.659
8/23/2024 14:10,18.67
8/23/2024 14:20,18.702
8/23/2024 14:30,18.734
8/23/2024 14:40,18.734
8/23/2024 14:50,18.788
8/23/2024 15:00,18.798
8/23/2024 15:10,18.841
8/23/2024 15:20,18.863
8/23/2024 15:30,18.873
8/23/2024 15:40,18.927
8/23/2024 15:50,18.959
8/23/2024 16:00,18.97
8/23/2024 16:10,19.013
8/23/2024 16:20,19.024
8/23/2024 16:30,19.066
8/23/2024 16:40,19.077
8/23/2024 16:50,19.099
8/23/2024 17:00,19.131
8/23/2024 17:10,19.152
8/23/2024 17:20,19.152
8/23/2024 17:30,19.152
8/23/2024 17:40,19.174
8/23/2024 17:50,19.184
8/23/2024 18:00,19.217
8/23/2024 18:10,19.206
8/23/2024 18:20,19.217
8/23/2024 18:30,19.227
8/23/2024 18:40,19.26
8/23/2024 18:50,19.292
8/23/2024 19:00,19.281
8/23/2024 19:10,19.324
8/23/2024 19:20,19.324
8/23/2024 19:30,19.345
8/23/2024 19:40,19.335
8/23/2024 19:50,19.367
8/23/2024 20:00,19.377
8/23/2024 20:10,19.388
8/23/2024 20:20,19.388
8/23/2024 20:30,19.388
8/23/2024 20:40,19.356
8/23/2024 20:50,19.388
8/23/2024 21:00,19.377
8/23/2024 21:10,19.367
8/23/2024 21:20,19.377
8/23/2024 21:30,19.41
8/23/2024 21:40,19.388
8/23/2024 21:50,19.377
8/23/2024 22:00,19.377
8/23/2024 22:10,19.377
8/23/2024 22:20,19.399
8/23/2024 22:30,19.367
8/23/2024 22:40,19.377
8/23/2024 22:50,19.442
8/23/2024 23:00,19.506
8/23/2024 23:10,19.549
8/23/2024 23:20,19.592
8/23/2024 23:30,19.581
8/23/2024 23:40,19.571
8/23/2024 23:50,19.56
8/24/2024 0:00,19.463
8/24/2024 0:10,19.345
8/24/2024 0:20,19.27
8/24/2024 0:30,19.152
8/24/2024 0:40,19.024
8/24/2024 0:50,18.884
8/24/2024 1:00,18.723
8/24/2024 1:10,18.584
8/24/2024 1:20,18.423
8/24/2024 1:30,18.284
8/24/2024 1:40,18.176
8/24/2024 1:50,18.058
8/24/2024 2:00,17.94
8/24/2024 2:10,17.822
8/24/2024 2:20,17.715
8/24/2024 2:30,17.576
8/24/2024 2:40,17.436
8/24/2024 2:50,17.318
8/24/2024 3:00,17.168
8/24/2024 3:10,17.029
8/24/2024 3:20,16.921
8/24/2024 3:30,16.803
8/24/2024 3:40,16.675
8/24/2024 3:50,16.568
8/24/2024 4:00,16.439
8/24/2024 4:10,16.321
8/24/2024 4:20,16.224
8/24/2024 4:30,16.096
8/24/2024 4:40,15.988
8/24/2024 4:50,15.903
8/24/2024 5:00,15.817
8/24/2024 5:10,15.72
8/24/2024 5:20,15.634
8/24/2024 5:30,15.527
8/24/2024 5:40,15.463
8/24/2024 5:50,15.356
8/24/2024 6:00,15.302
8/24/2024 6:10,15.205
8/24/2024 6:20,15.195
8/24/2024 6:30,15.098
8/24/2024 6:40,15.045
8/24/2024 6:50,15.034
8/24/2024 7:00,14.98
8/24/2024 7:10,14.948
8/24/2024 7:20,14.916
8/24/2024 7:30,14.884
8/24/2024 7:40,14.841
8/24/2024 7:50,14.83
8/24/2024 8:00,14.819
8/24/2024 8:10,14.787
8/24/2024 8:20,14.776
8/24/2024 8:30,14.766
8/24/2024 8:40,14.755
8/24/2024 8:50,14.734
8/24/2024 9:00,14.712
8/24/2024 9:10,14.691
8/24/2024 9:20,14.691
8/24/2024 9:30,14.669
8/24/2024 9:40,14.68
8/24/2024 9:50,14.68
8/24/2024 10:00,14.691
8/24/2024 10:10,14.68
8/24/2024 10:20,14.691
8/24/2024 10:30,14.669
8/24/2024 10:40,14.669
8/24/2024 10:50,14.691
8/24/2024 11:00,14.691
8/24/2024 11:10,14.701
8/24/2024 11:20,14.723
8/24/2024 11:30,14.766
8/24/2024 11:40,14.787
8/24/2024 11:50,14.819
8/24/2024 12:00,14.851
8/24/2024 12:10,14.873
8/24/2024 12:20,14.948
8/24/2024 12:30,14.969
8/24/2024 12:40,15.012
8/24/2024 12:50,15.045
8/24/2024 13:00,15.077
8/24/2024 13:10,15.098
8/24/2024 13:20,15.12
8/24/2024 13:30,15.163
8/24/2024 13:40,15.195
8/24/2024 13:50,15.195
8/24/2024 14:00,15.248
8/24/2024 14:10,15.27
8/24/2024 14:20,15.28
8/24/2024 14:30,15.28
8/24/2024 14:40,15.291
8/24/2024 14:50,15.291
8/24/2024 15:00,15.313
8/24/2024 15:10,15.313
8/24/2024 15:20,15.313
8/24/2024 15:30,15.302
8/24/2024 15:40,15.302
8/24/2024 15:50,15.259
8/24/2024 16:00,15.216
8/24/2024 16:10,15.216
8/24/2024 16:20,15.173
8/24/2024 16:30,15.152
8/24/2024 16:40,15.12
8/24/2024 16:50,15.066
8/24/2024 17:00,15.045
8/24/2024 17:10,15.002
8/24/2024 17:20,14.969
8/24/2024 17:30,14.905
8/24/2024 17:40,14.873
8/24/2024 17:50,14.809
8/24/2024 18:00,14.776
8/24/2024 18:10,14.734
8/24/2024 18:20,14.669
8/24/2024 18:30,14.616
8/24/2024 18:40,14.583
8/24/2024 18:50,14.519
8/24/2024 19:00,14.444
8/24/2024 19:10,14.401
8/24/2024 19:20,14.38
8/24/2024 19:30,14.294
8/24/2024 19:40,14.272
8/24/2024 19:50,14.187
8/24/2024 20:00,14.144
8/24/2024 20:10,14.09
8/24/2024 20:20,14.047
8/24/2024 20:30,13.983
8/24/2024 20:40,13.929
8/24/2024 20:50,13.854
8/24/2024 21:00,13.811
8/24/2024 21:10,13.8
8/24/2024 21:20,13.725
8/24/2024 21:30,13.682
8/24/2024 21:40,13.629
8/24/2024 21:50,13.586
8/24/2024 22:00,13.543
8/24/2024 22:10,13.489
8/24/2024 22:20,13.425
8/24/2024 22:30,13.382
8/24/2024 22:40,13.361
8/24/2024 22:50,13.286
8/24/2024 23:00,13.253
8/24/2024 23:10,13.221
8/24/2024 23:20,13.178
8/24/2024 23:30,13.125
8/24/2024 23:40,13.103
8/24/2024 23:50,13.103
8/25/2024 0:00,13.028
8/25/2024 0:10,13.007
8/25/2024 0:20,12.985
8/25/2024 0:30,12.942
8/25/2024 0:40,12.9
8/25/2024 0:50,12.878
8/25/2024 1:00,12.857
8/25/2024 1:10,12.835
8/25/2024 1:20,12.814
8/25/2024 1:30,12.782
8/25/2024 1:40,12.76
8/25/2024 1:50,12.739
8/25/2024 2:00,12.696
8/25/2024 2:10,12.674
8/25/2024 2:20,12.664
8/25/2024 2:30,12.631
8/25/2024 2:40,12.61
8/25/2024 2:50,12.61
8/25/2024 3:00,12.578
8/25/2024 3:10,12.567
8/25/2024 3:20,12.535
8/25/2024 3:30,12.524
8/25/2024 3:40,12.503
8/25/2024 3:50,12.471
8/25/2024 4:00,12.471
8/25/2024 4:10,12.46
8/25/2024 4:20,12.46
8/25/2024 4:30,12.438
8/25/2024 4:40,12.406
8/25/2024 4:50,12.428
8/25/2024 5:00,12.385
8/25/2024 5:10,12.395
8/25/2024 5:20,12.374
8/25/2024 5:30,12.363
8/25/2024 5:40,12.363
8/25/2024 5:50,12.363
8/25/2024 6:00,12.363
8/25/2024 6:10,12.353
8/25/2024 6:20,12.374
8/25/2024 6:30,12.395
8/25/2024 6:40,12.395
8/25/2024 6:50,12.406
8/25/2024 7:00,12.406
8/25/2024 7:10,12.438
8/25/2024 7:20,12.46
8/25/2024 7:30,12.492
8/25/2024 7:40,12.524
8/25/2024 7:50,12.535
8/25/2024 8:00,12.578
8/25/2024 8:10,12.621
8/25/2024 8:20,12.674
8/25/2024 8:30,12.728
8/25/2024 8:40,12.749
8/25/2024 8:50,12.814
8/25/2024 9:00,12.846
8/25/2024 9:10,12.91
8/25/2024 9:20,12.964
8/25/2024 9:30,12.985
8/25/2024 9:40,13.06
8/25/2024 9:50,13.146
8/25/2024 10:00,13.189
8/25/2024 10:10,13.296
8/25/2024 10:20,13.339
8/25/2024 10:30,13.404
8/25/2024 10:40,13.479
8/25/2024 10:50,13.532
8/25/2024 11:00,13.607
8/25/2024 11:10,13.661
8/25/2024 11:20,13.682
8/25/2024 11:30,13.747
8/25/2024 11:40,13.8
8/25/2024 11:50,13.854
8/25/2024 12:00,13.897
8/25/2024 12:10,13.961
8/25/2024 12:20,13.993
8/25/2024 12:30,14.058
8/25/2024 12:40,14.079
8/25/2024 12:50,14.144
8/25/2024 13:00,14.176
8/25/2024 13:10,14.219
8/25/2024 13:20,14.262
8/25/2024 13:30,14.305
8/25/2024 13:40,14.347
8/25/2024 13:50,14.38
8/25/2024 14:00,14.433
8/25/2024 14:10,14.498
8/25/2024 14:20,14.508
8/25/2024 14:30,14.551
8/25/2024 14:40,14.594
8/25/2024 14:50,14.626
8/25/2024 15:00,14.648
8/25/2024 15:10,14.68
8/25/2024 15:20,14.691
8/25/2024 15:30,14.734
8/25/2024 15:40,14.734
8/25/2024 15:50,14.744
8/25/2024 16:00,14.776
8/25/2024 16:10,14.755
8/25/2024 16:20,14.776
8/25/2024 16:30,14.776
8/25/2024 16:40,14.755
8/25/2024 16:50,14.744
8/25/2024 17:00,14.744
8/25/2024 17:10,14.712
8/25/2024 17:20,14.734
8/25/2024 17:30,14.691
8/25/2024 17:40,14.68
8/25/2024 17:50,14.691
8/25/2024 18:00,14.658
8/25/2024 18:10,14.648
8/25/2024 18:20,14.605
8/25/2024 18:30,14.594
8/25/2024 18:40,14.562
8/25/2024 18:50,14.54
8/25/2024 19:00,14.519
8/25/2024 19:10,14.465
8/25/2024 19:20,14.444
8/25/2024 19:30,14.401
8/25/2024 19:40,14.38
8/25/2024 19:50,14.369
8/25/2024 20:00,14.326
8/25/2024 20:10,14.283
8/25/2024 20:20,14.24
8/25/2024 20:30,14.24
8/25/2024 20:40,14.197
8/25/2024 20:50,14.176
8/25/2024 21:00,14.144
8/25/2024 21:10,14.133
8/25/2024 21:20,14.09
8/25/2024 21:30,14.026
8/25/2024 21:40,14.036
8/25/2024 21:50,13.972
8/25/2024 22:00,13.961
8/25/2024 22:10,13.929
8/25/2024 22:20,13.918
8/25/2024 22:30,13.865
8/25/2024 22:40,13.822
8/25/2024 22:50,13.811
8/25/2024 23:00,13.768
8/25/2024 23:10,13.747
8/25/2024 23:20,13.715
8/25/2024 23:30,13.661
8/25/2024 23:40,13.672
8/25/2024 23:50,13.65
8/26/2024 0:00,13.597
8/26/2024 0:10,13.564
8/26/2024 0:20,13.522
8/26/2024 0:30,13.511
8/26/2024 0:40,13.5
8/26/2024 0:50,13.489
8/26/2024 1:00,13.446
8/26/2024 1:10,13.436
8/26/2024 1:20,13.404
8/26/2024 1:30,13.382
8/26/2024 1:40,13.361
8/26/2024 1:50,13.35
8/26/2024 2:00,13.318
8/26/2024 2:10,13.307
8/26/2024 2:20,13.286
8/26/2024 2:30,13.264
8/26/2024 2:40,13.264
8/26/2024 2:50,13.232
8/26/2024 3:00,13.232
8/26/2024 3:10,13.211
8/26/2024 3:20,13.2
8/26/2024 3:30,13.189
8/26/2024 3:40,13.168
8/26/2024 3:50,13.168
8/26/2024 4:00,13.168
8/26/2024 4:10,13.157
8/26/2024 4:20,13.125
8/26/2024 4:30,13.135
8/26/2024 4:40,13.125
8/26/2024 4:50,13.093
8/26/2024 5:00,13.071
8/26/2024 5:10,13.093
8/26/2024 5:20,13.082
8/26/2024 5:30,13.05
8/26/2024 5:40,13.071
8/26/2024 5:50,13.05
8/26/2024 6:00,13.071
8/26/2024 6:10,13.06
8/26/2024 6:20,13.05
8/26/2024 6:30,13.039
8/26/2024 6:40,13.05
8/26/2024 6:50,13.007
8/26/2024 7:00,13.028
8/26/2024 7:10,13.007
8/26/2024 7:20,13.017
8/26/2024 7:30,13.028
8/26/2024 7:40,13.039
8/26/2024 7:50,13.05
8/26/2024 8:00,13.05
8/26/2024 8:10,13.071
8/26/2024 8:20,13.082
8/26/2024 8:30,13.114
8/26/2024 8:40,13.114
8/26/2024 8:50,13.125
8/26/2024 9:00,13.125
8/26/2024 9:10,13.189
8/26/2024 9:20,13.211
8/26/2024 9:30,13.253
8/26/2024 9:40,13.307
8/26/2024 9:50,13.318
8/26/2024 10:00,13.371
8/26/2024 10:10,13.414
8/26/2024 10:20,13.468
8/26/2024 10:30,13.489
8/26/2024 10:40,13.575
8/26/2024 10:50,13.65
8/26/2024 11:00,13.682
8/26/2024 11:10,13.736
8/26/2024 11:20,13.779
8/26/2024 11:30,13.833
8/26/2024 11:40,13.854
8/26/2024 11:50,13.897
8/26/2024 12:00,13.951
8/26/2024 12:10,14.004
8/26/2024 12:20,14.036
8/26/2024 12:30,14.09
8/26/2024 12:40,14.165
8/26/2024 12:50,14.187
8/26/2024 13:00,14.251
8/26/2024 13:10,14.347
8/26/2024 13:20,14.444
8/26/2024 13:30,14.551
8/26/2024 13:40,14.648
8/26/2024 13:50,14.734
8/26/2024 14:00,14.798
8/26/2024 14:10,14.884
8/26/2024 14:20,14.927
8/26/2024 14:30,14.991
8/26/2024 14:40,15.066
8/26/2024 14:50,15.13
8/26/2024 15:00,15.163
8/26/2024 15:10,15.227
8/26/2024 15:20,15.291
8/26/2024 15:30,15.313
8/26/2024 15:40,15.345
8/26/2024 15:50,15.345
8/26/2024 16:00,15.398
8/26/2024 16:10,15.409
8/26/2024 16:20,15.431
8/26/2024 16:30,15.431
8/26/2024 16:40,15.463
8/26/2024 16:50,15.495
8/26/2024 17:00,15.516
8/26/2024 17:10,15.484
8/26/2024 17:20,15.527
8/26/2024 17:30,15.474
8/26/2024 17:40,15.506
8/26/2024 17:50,15.495
8/26/2024 18:00,15.484
8/26/2024 18:10,15.495
8/26/2024 18:20,15.484
8/26/2024 18:30,15.484
8/26/2024 18:40,15.474
8/26/2024 18:50,15.463
8/26/2024 19:00,15.42
8/26/2024 19:10,15.42
8/26/2024 19:20,15.377
8/26/2024 19:30,15.356
8/26/2024 19:40,15.366
8/26/2024 19:50,15.313
8/26/2024 20:00,15.291
8/26/2024 20:10,15.291
8/26/2024 20:20,15.248
8/26/2024 20:30,15.238
8/26/2024 20:40,15.205
8/26/2024 20:50,15.173
8/26/2024 21:00,15.152
8/26/2024 21:10,15.13
8/26/2024 21:20,15.087
8/26/2024 21:30,15.066
8/26/2024 21:40,15.045
8/26/2024 21:50,15.002
8/26/2024 22:00,14.98
8/26/2024 22:10,14.959
8/26/2024 22:20,14.948
8/26/2024 22:30,14.905
8/26/2024 22:40,14.884
8/26/2024 22:50,14.841
8/26/2024 23:00,14.809
8/26/2024 23:10,14.776
8/26/2024 23:20,14.776
8/26/2024 23:30,14.734
8/26/2024 23:40,14.701
8/26/2024 23:50,14.68
8/27/2024 0:00,14.648
8/27/2024 0:10,14.605
8/27/2024 0:20,14.573
8/27/2024 0:30,14.573
8/27/2024 0:40,14.53
8/27/2024 0:50,14.53
8/27/2024 1:00,14.476
8/27/2024 1:10,14.455
8/27/2024 1:20,14.422
8/27/2024 1:30,14.401
8/27/2024 1:40,14.347
8/27/2024 1:50,14.347
8/27/2024 2:00,14.337
8/27/2024 2:10,14.305
8/27/2024 2:20,14.272
8/27/2024 2:30,14.251
8/27/2024 2:40,14.262
8/27/2024 2:50,14.208
8/27/2024 3:00,14.197
8/27/2024 3:10,14.187
8/27/2024 3:20,14.144
8/27/2024 3:30,14.144
8/27/2024 3:40,14.133
8/27/2024 3:50,14.101
8/27/2024 4:00,14.079
8/27/2024 4:10,14.079
8/27/2024 4:20,14.047
8/27/2024 4:30,14.047
8/27/2024 4:40,14.058
8/27/2024 4:50,14.004
8/27/2024 5:00,14.015
8/27/2024 5:10,14.026
8/27/2024 5:20,14.026
8/27/2024 5:30,14.015
8/27/2024 5:40,14.036
8/27/2024 5:50,14.036
8/27/2024 6:00,14.069
8/27/2024 6:10,14.047
8/27/2024 6:20,14.069
8/27/2024 6:30,14.069
8/27/2024 6:40,14.079
8/27/2024 6:50,14.101
8/27/2024 7:00,14.101
8/27/2024 7:10,14.101
8/27/2024 7:20,14.122
8/27/2024 7:30,14.133
8/27/2024 7:40,14.144
8/27/2024 7:50,14.144
8/27/2024 8:00,14.154
8/27/2024 8:10,14.165
8/27/2024 8:20,14.154
8/27/2024 8:30,14.154
8/27/2024 8:40,14.165
8/27/2024 8:50,14.176
8/27/2024 9:00,14.176
8/27/2024 9:10,14.208
8/27/2024 9:20,14.24
8/27/2024 9:30,14.262
8/27/2024 9:40,14.294
8/27/2024 9:50,14.294
8/27/2024 10:00,14.347
8/27/2024 10:10,14.39
8/27/2024 10:20,14.422
8/27/2024 10:30,14.444
8/27/2024 10:40,14.476
8/27/2024 10:50,14.519
8/27/2024 11:00,14.562
8/27/2024 11:10,14.594
8/27/2024 11:20,14.605
8/27/2024 11:30,14.669
8/27/2024 11:40,14.658
8/27/2024 11:50,14.712
8/27/2024 12:00,14.734
8/27/2024 12:10,14.744
8/27/2024 12:20,14.755
8/27/2024 12:30,14.787
8/27/2024 12:40,14.787
8/27/2024 12:50,14.83
8/27/2024 13:00,14.787
8/27/2024 13:10,14.83
8/27/2024 13:20,14.851
8/27/2024 13:30,14.862
8/27/2024 13:40,14.884
8/27/2024 13:50,14.905
8/27/2024 14:00,14.894
8/27/2024 14:10,14.916
8/27/2024 14:20,14.894
8/27/2024 14:30,14.894
8/27/2024 14:40,14.905
8/27/2024 14:50,14.894
8/27/2024 15:00,14.905
8/27/2024 15:10,14.894
8/27/2024 15:20,14.862
8/27/2024 15:30,14.873
8/27/2024 15:40,14.862
8/27/2024 15:50,14.851
8/27/2024 16:00,14.809
8/27/2024 16:10,14.776
8/27/2024 16:20,14.776
8/27/2024 16:30,14.734
8/27/2024 16:40,14.68
8/27/2024 16:50,14.68
8/27/2024 17:00,14.648
8/27/2024 17:10,14.605
8/27/2024 17:20,14.562
8/27/2024 17:30,14.53
8/27/2024 17:40,14.465
8/27/2024 17:50,14.444
8/27/2024 18:00,14.412
8/27/2024 18:10,14.358
8/27/2024 18:20,14.305
8/27/2024 18:30,14.251
8/27/2024 18:40,14.208
8/27/2024 18:50,14.176
8/27/2024 19:00,14.144
8/27/2024 19:10,14.079
8/27/2024 19:20,14.036
8/27/2024 19:30,14.015
8/27/2024 19:40,13.972
8/27/2024 19:50,13.961
8/27/2024 20:00,13.897
8/27/2024 20:10,13.854
8/27/2024 20:20,13.822
8/27/2024 20:30,13.822
8/27/2024 20:40,13.747
8/27/2024 20:50,13.725
8/27/2024 21:00,13.704
8/27/2024 21:10,13.672
8/27/2024 21:20,13.64
8/27/2024 21:30,13.607
8/27/2024 21:40,13.575
8/27/2024 21:50,13.554
8/27/2024 22:00,13.532
8/27/2024 22:10,13.522
8/27/2024 22:20,13.5
8/27/2024 22:30,13.468
8/27/2024 22:40,13.436
8/27/2024 22:50,13.414
8/27/2024 23:00,13.393
8/27/2024 23:10,13.382
8/27/2024 23:20,13.35
8/27/2024 23:30,13.339
8/27/2024 23:40,13.318
8/27/2024 23:50,13.296
8/28/2024 0:00,13.264
8/28/2024 0:10,13.286
8/28/2024 0:20,13.221
8/28/2024 0:30,13.243
8/28/2024 0:40,13.232
8/28/2024 0:50,13.2
8/28/2024 1:00,13.189
8/28/2024 1:10,13.168
8/28/2024 1:20,13.168
8/28/2024 1:30,13.157
8/28/2024 1:40,13.135
8/28/2024 1:50,13.125
8/28/2024 2:00,13.103
8/28/2024 2:10,13.093
8/28/2024 2:20,13.071
8/28/2024 2:30,13.06
8/28/2024 2:40,13.06
8/28/2024 2:50,13.05
8/28/2024 3:00,13.039
8/28/2024 3:10,13.007
8/28/2024 3:20,13.017
8/28/2024 3:30,13.017
8/28/2024 3:40,12.985
8/28/2024 3:50,12.996
8/28/2024 4:00,12.975
8/28/2024 4:10,12.942
8/28/2024 4:20,12.942
8/28/2024 4:30,12.942
8/28/2024 4:40,12.942
8/28/2024 4:50,12.921
8/28/2024 5:00,12.9
8/28/2024 5:10,12.9
8/28/2024 5:20,12.9
8/28/2024 5:30,12.857
8/28/2024 5:40,12.846
8/28/2024 5:50,12.846
8/28/2024 6:00,12.857
8/28/2024 6:10,12.846
8/28/2024 6:20,12.846
8/28/2024 6:30,12.846
8/28/2024 6:40,12.835
8/28/2024 6:50,12.846
8/28/2024 7:00,12.835
8/28/2024 7:10,12.846
8/28/2024 7:20,12.835
8/28/2024 7:30,12.824
8/28/2024 7:40,12.846
8/28/2024 7:50,12.846
8/28/2024 8:00,12.867
8/28/2024 8:10,12.857
8/28/2024 8:20,12.889
8/28/2024 8:30,12.9
8/28/2024 8:40,12.921
8/28/2024 8:50,12.921
8/28/2024 9:00,12.953
8/28/2024 9:10,13.017
8/28/2024 9:20,13.06
8/28/2024 9:30,13.093
8/28/2024 9:40,13.146
8/28/2024 9:50,13.189
8/28/2024 10:00,13.232
8/28/2024 10:10,13.296
8/28/2024 10:20,13.371
8/28/2024 10:30,13.425
8/28/2024 10:40,13.468
8/28/2024 10:50,13.564
8/28/2024 11:00,13.607
8/28/2024 11:10,13.661
8/28/2024 11:20,13.725
8/28/2024 11:30,13.8
8/28/2024 11:40,13.876
8/28/2024 11:50,13.94
8/28/2024 12:00,13.993
8/28/2024 12:10,14.058
8/28/2024 12:20,14.122
8/28/2024 12:30,14.165
8/28/2024 12:40,14.187
8/28/2024 12:50,14.24
8/28/2024 13:00,14.294
8/28/2024 13:10,14.337
8/28/2024 13:20,14.39
8/28/2024 13:30,14.455
8/28/2024 13:40,14.508
8/28/2024 13:50,14.519
8/28/2024 14:00,14.551
8/28/2024 14:10,14.594
8/28/2024 14:20,14.637
8/28/2024 14:30,14.648
8/28/2024 14:40,14.701
8/28/2024 14:50,14.723
8/28/2024 15:00,14.691
8/28/2024 15:10,14.701
8/28/2024 15:20,14.734
8/28/2024 15:30,14.723
8/28/2024 15:40,14.744
8/28/2024 15:50,14.755
8/28/2024 16:00,14.712
8/28/2024 16:10,14.691
8/28/2024 16:20,14.701
8/28/2024 16:30,14.701
8/28/2024 16:40,14.691
8/28/2024 16:50,14.691
8/28/2024 17:00,14.669
8/28/2024 17:10,14.658
8/28/2024 17:20,14.637
8/28/2024 17:30,14.616
8/28/2024 17:40,14.573
8/28/2024 17:50,14.583
8/28/2024 18:00,14.551
8/28/2024 18:10,14.519
8/28/2024 18:20,14.476
8/28/2024 18:30,14.444
8/28/2024 18:40,14.401
8/28/2024 18:50,14.39
8/28/2024 19:00,14.326
8/28/2024 19:10,14.283
8/28/2024 19:20,14.251
8/28/2024 19:30,14.197
8/28/2024 19:40,14.154
8/28/2024 19:50,14.144
8/28/2024 20:00,14.09
8/28/2024 20:10,14.047
8/28/2024 20:20,14.026
8/28/2024 20:30,13.972
8/28/2024 20:40,13.929
8/28/2024 20:50,13.886
8/28/2024 21:00,13.843
8/28/2024 21:10,13.779
8/28/2024 21:20,13.736
8/28/2024 21:30,13.715
8/28/2024 21:40,13.661
8/28/2024 21:50,13.629
8/28/2024 22:00,13.597
8/28/2024 22:10,13.543
8/28/2024 22:20,13.5
8/28/2024 22:30,13.468
8/28/2024 22:40,13.404
8/28/2024 22:50,13.393
8/28/2024 23:00,13.35
8/28/2024 23:10,13.307
8/28/2024 23:20,13.275
8/28/2024 23:30,13.243
8/28/2024 23:40,13.178
8/28/2024 23:50,13.178
8/29/2024 0:00,13.125
8/29/2024 0:10,13.103
8/29/2024 0:20,13.06
8/29/2024 0:30,13.017
8/29/2024 0:40,12.996
8/29/2024 0:50,12.964
8/29/2024 1:00,12.921
8/29/2024 1:10,12.889
8/29/2024 1:20,12.878
8/29/2024 1:30,12.835
8/29/2024 1:40,12.824
8/29/2024 1:50,12.792
8/29/2024 2:00,12.782
8/29/2024 2:10,12.717
8/29/2024 2:20,12.706
8/29/2024 2:30,12.696
8/29/2024 2:40,12.653
8/29/2024 2:50,12.61
8/29/2024 3:00,12.588
8/29/2024 3:10,12.599
8/29/2024 3:20,12.556
8/29/2024 3:30,12.524
8/29/2024 3:40,12.503
8/29/2024 3:50,12.492
8/29/2024 4:00,12.438
8/29/2024 4:10,12.428
8/29/2024 4:20,12.417
8/29/2024 4:30,12.395
8/29/2024 4:40,12.342
8/29/2024 4:50,12.353
8/29/2024 5:00,12.32
8/29/2024 5:10,12.31
8/29/2024 5:20,12.288
8/29/2024 5:30,12.288
8/29/2024 5:40,12.277
8/29/2024 5:50,12.235
8/29/2024 6:00,12.245
8/29/2024 6:10,12.245
8/29/2024 6:20,12.245
8/29/2024 6:30,12.202
8/29/2024 6:40,12.181
8/29/2024 6:50,12.213
8/29/2024 7:00,12.213
8/29/2024 7:10,12.224
8/29/2024 7:20,12.245
8/29/2024 7:30,12.224
8/29/2024 7:40,12.245
8/29/2024 7:50,12.256
8/29/2024 8:00,12.288
8/29/2024 8:10,12.32
8/29/2024 8:20,12.342
8/29/2024 8:30,12.395
8/29/2024 8:40,12.417
8/29/2024 8:50,12.471
8/29/2024 9:00,12.524
8/29/2024 9:10,12.567
8/29/2024 9:20,12.61
8/29/2024 9:30,12.631
8/29/2024 9:40,12.674
8/29/2024 9:50,12.717
8/29/2024 10:00,12.749
8/29/2024 10:10,12.824
8/29/2024 10:20,12.846
8/29/2024 10:30,12.91
8/29/2024 10:40,12.985
8/29/2024 10:50,13.028
8/29/2024 11:00,13.093
8/29/2024 11:10,13.135
8/29/2024 11:20,13.211
8/29/2024 11:30,13.243
8/29/2024 11:40,13.318
8/29/2024 11:50,13.404
8/29/2024 12:00,13.457
8/29/2024 12:10,13.564
8/29/2024 12:20,13.65
8/29/2024 12:30,13.747
8/29/2024 12:40,13.854
8/29/2024 12:50,13.951
8/29/2024 13:00,14.036
8/29/2024 13:10,14.154
8/29/2024 13:20,14.24
8/29/2024 13:30,14.315
8/29/2024 13:40,14.39
8/29/2024 13:50,14.444
8/29/2024 14:00,14.498
8/29/2024 14:10,14.551
8/29/2024 14:20,14.594
8/29/2024 14:30,14.648
8/29/2024 14:40,14.691
8/29/2024 14:50,14.701
8/29/2024 15:00,14.734
8/29/2024 15:10,14.766
8/29/2024 15:20,14.766
8/29/2024 15:30,14.809
8/29/2024 15:40,14.819
8/29/2024 15:50,14.851
8/29/2024 16:00,14.927
8/29/2024 16:10,14.959
8/29/2024 16:20,14.991
8/29/2024 16:30,15.012
8/29/2024 16:40,15.012
8/29/2024 16:50,15.023
8/29/2024 17:00,15.055
8/29/2024 17:10,15.055
8/29/2024 17:20,15.034
8/29/2024 17:30,15.045
8/29/2024 17:40,15.045
8/29/2024 17:50,15.002
8/29/2024 18:00,14.991
8/29/2024 18:10,14.969
8/29/2024 18:20,14.959
8/29/2024 18:30,14.927
8/29/2024 18:40,14.905
8/29/2024 18:50,14.894
8/29/2024 19:00,14.862
8/29/2024 19:10,14.841
8/29/2024 19:20,14.787
8/29/2024 19:30,14.776
8/29/2024 19:40,14.755
8/29/2024 19:50,14.701
8/29/2024 20:00,14.691
8/29/2024 20:10,14.637
8/29/2024 20:20,14.616
8/29/2024 20:30,14.594
8/29/2024 20:40,14.54
8/29/2024 20:50,14.551
8/29/2024 21:00,14.487
8/29/2024 21:10,14.465
8/29/2024 21:20,14.422
8/29/2024 21:30,14.38
8/29/2024 21:40,14.369
8/29/2024 21:50,14.337
8/29/2024 22:00,14.294
8/29/2024 22:10,14.251
8/29/2024 22:20,14.24
8/29/2024 22:30,14.197
8/29/2024 22:40,14.165
8/29/2024 22:50,14.144
8/29/2024 23:00,14.09
8/29/2024 23:10,14.079
8/29/2024 23:20,14.036
8/29/2024 23:30,14.015
8/29/2024 23:40,13.983
8/29/2024 23:50,13.94
8/30/2024 0:00,13.929
8/30/2024 0:10,13.876
8/30/2024 0:20,13.843
8/30/2024 0:30,13.843
8/30/2024 0:40,13.79
8/30/2024 0:50,13.758
8/30/2024 1:00,13.747
8/30/2024 1:10,13.704
8/30/2024 1:20,13.693
8/30/2024 1:30,13.629
8/30/2024 1:40,13.629
8/30/2024 1:50,13.607
8/30/2024 2:00,13.564
8/30/2024 2:10,13.543
8/30/2024 2:20,13.522
8/30/2024 2:30,13.532
8/30/2024 2:40,13.489
8/30/2024 2:50,13.468
8/30/2024 3:00,13.446
8/30/2024 3:10,13.436
8/30/2024 3:20,13.404
8/30/2024 3:30,13.382
8/30/2024 3:40,13.361
8/30/2024 3:50,13.339
8/30/2024 4:00,13.307
8/30/2024 4:10,13.275
8/30/2024 4:20,13.296
8/30/2024 4:30,13.253
8/30/2024 4:40,13.253
8/30/2024 4:50,13.221
8/30/2024 5:00,13.2
8/30/2024 5:10,13.189
8/30/2024 5:20,13.146
8/30/2024 5:30,13.168
8/30/2024 5:40,13.146
8/30/2024 5:50,13.146
8/30/2024 6:00,13.103
8/30/2024 6:10,13.093
8/30/2024 6:20,13.114
8/30/2024 6:30,13.071
8/30/2024 6:40,13.093
8/30/2024 6:50,13.093
8/30/2024 7:00,13.093
8/30/2024 7:10,13.071
8/30/2024 7:20,13.103
8/30/2024 7:30,13.093
8/30/2024 7:40,13.093
8/30/2024 7:50,13.114
8/30/2024 8:00,13.157
8/30/2024 8:10,13.146
8/30/2024 8:20,13.189
8/30/2024 8:30,13.243
8/30/2024 8:40,13.275
8/30/2024 8:50,13.307
8/30/2024 9:00,13.371
8/30/2024 9:10,13.393
8/30/2024 9:20,13.446
8/30/2024 9:30,13.489
8/30/2024 9:40,13.564
8/30/2024 9:50,13.607
8/30/2024 10:00,13.693
8/30/2024 10:10,13.79
8/30/2024 10:20,13.876
8/30/2024 10:30,13.972
8/30/2024 10:40,14.047
8/30/2024 10:50,14.122
8/30/2024 11:00,14.219
8/30/2024 11:10,14.272
8/30/2024 11:20,14.358
8/30/2024 11:30,14.422
8/30/2024 11:40,14.487
8/30/2024 11:50,14.551
8/30/2024 12:00,14.616
8/30/2024 12:10,14.701
8/30/2024 12:20,14.766
8/30/2024 12:30,14.787
8/30/2024 12:40,14.851
8/30/2024 12:50,14.894
8/30/2024 13:00,14.98
8/30/2024 13:10,15.045
8/30/2024 13:20,15.098
8/30/2024 13:30,15.163
8/30/2024 13:40,15.227
8/30/2024 13:50,15.313
8/30/2024 14:00,15.366
8/30/2024 14:10,15.431
8/30/2024 14:20,15.506
8/30/2024 14:30,15.581
8/30/2024 14:40,15.656
8/30/2024 14:50,15.699
8/30/2024 15:00,15.774
8/30/2024 15:10,15.795
8/30/2024 15:20,15.87
8/30/2024 15:30,15.903
8/30/2024 15:40,15.903
8/30/2024 15:50,15.924
8/30/2024 16:00,15.967
8/30/2024 16:10,15.988
8/30/2024 16:20,16.01
8/30/2024 16:30,16.031
8/30/2024 16:40,16.053
8/30/2024 16:50,16.063
8/30/2024 17:00,16.063
8/30/2024 17:10,16.031
8/30/2024 17:20,16.074
8/30/2024 17:30,16.042
8/30/2024 17:40,16.031
8/30/2024 17:50,16.031
8/30/2024 18:00,16.021
8/30/2024 18:10,15.999
8/30/2024 18:20,16.01
8/30/2024 18:30,15.988
8/30/2024 18:40,15.967
8/30/2024 18:50,15.978
8/30/2024 19:00,15.956
8/30/2024 19:10,15.945
8/30/2024 19:20,15.935
8/30/2024 19:30,15.924
8/30/2024 19:40,15.881
8/30/2024 19:50,15.881
8/30/2024 20:00,15.849
8/30/2024 20:10,15.817
8/30/2024 20:20,15.817
8/30/2024 20:30,15.795
8/30/2024 20:40,15.774
8/30/2024 20:50,15.731
8/30/2024 21:00,15.688
8/30/2024 21:10,15.699
8/30/2024 21:20,15.667
8/30/2024 21:30,15.634
8/30/2024 21:40,15.613
8/30/2024 21:50,15.581
8/30/2024 22:00,15.549
8/30/2024 22:10,15.516
8/30/2024 22:20,15.495
8/30/2024 22:30,15.452
8/30/2024 22:40,15.431
8/30/2024 22:50,15.388
8/30/2024 23:00,15.345
8/30/2024 23:10,15.334
8/30/2024 23:20,15.291
8/30/2024 23:30,15.28
8/30/2024 23:40,15.227
8/30/2024 23:50,15.227
8/31/2024 0:00,15.184
8/31/2024 0:10,15.13
8/31/2024 0:20,15.098
8/31/2024 0:30,15.098
8/31/2024 0:40,15.034
8/31/2024 0:50,15.012
8/31/2024 1:00,14.991
8/31/2024 1:10,14.969
8/31/2024 1:20,14.927
8/31/2024 1:30,14.905
8/31/2024 1:40,14.884
8/31/2024 1:50,14.862
8/31/2024 2:00,14.83
8/31/2024 2:10,14.819
8/31/2024 2:20,14.787
8/31/2024 2:30,14.755
8/31/2024 2:40,14.734
8/31/2024 2:50,14.723
8/31/2024 3:00,14.701
8/31/2024 3:10,14.691
8/31/2024 3:20,14.637
8/31/2024 3:30,14.648
8/31/2024 3:40,14.626
8/31/2024 3:50,14.616
8/31/2024 4:00,14.594
8/31/2024 4:10,14.573
8/31/2024 4:20,14.573
8/31/2024 4:30,14.54
8/31/2024 4:40,14.53
8/31/2024 4:50,14.54
8/31/2024 5:00,14.519
8/31/2024 5:10,14.53
8/31/2024 5:20,14.519
8/31/2024 5:30,14.519
8/31/2024 5:40,14.508
8/31/2024 5:50,14.498
8/31/2024 6:00,14.519
8/31/2024 6:10,14.487
8/31/2024 6:20,14.487
8/31/2024 6:30,14.465
8/31/2024 6:40,14.444
8/31/2024 6:50,14.465
8/31/2024 7:00,14.444
8/31/2024 7:10,14.455
8/31/2024 7:20,14.476
8/31/2024 7:30,14.455
8/31/2024 7:40,14.455
8/31/2024 7:50,14.476
8/31/2024 8:00,14.455
8/31/2024 8:10,14.476
8/31/2024 8:20,14.476
8/31/2024 8:30,14.476
8/31/2024 8:40,14.476
8/31/2024 8:50,14.508
8/31/2024 9:00,14.498
8/31/2024 9:10,14.519
8/31/2024 9:20,14.519
8/31/2024 9:30,14.53
8/31/2024 9:40,14.551
8/31/2024 9:50,14.54
8/31/2024 10:00,14.562
8/31/2024 10:10,14.573
8/31/2024 10:20,14.594
8/31/2024 10:30,14.583
8/31/2024 10:40,14.616
8/31/2024 10:50,14.594
8/31/2024 11:00,14.648
8/31/2024 11:10,14.691
8/31/2024 11:20,14.669
8/31/2024 11:30,14.712
8/31/2024 11:40,14.744
8/31/2024 11:50,14.787
8/31/2024 12:00,14.851
8/31/2024 12:10,14.927
8/31/2024 12:20,14.969
8/31/2024 12:30,15.066
8/31/2024 12:40,15.109
8/31/2024 12:50,15.205
8/31/2024 13:00,15.291
8/31/2024 13:10,15.323
8/31/2024 13:20,15.409
8/31/2024 13:30,15.441
8/31/2024 13:40,15.474
8/31/2024 13:50,15.484
8/31/2024 14:00,15.549
8/31/2024 14:10,15.57
8/31/2024 14:20,15.581
8/31/2024 14:30,15.634
8/31/2024 14:40,15.667
8/31/2024 14:50,15.72
8/31/2024 15:00,15.774
8/31/2024 15:10,15.817
8/31/2024 15:20,15.849
8/31/2024 15:30,15.881
8/31/2024 15:40,15.924
8/31/2024 15:50,15.945
8/31/2024 16:00,15.978
8/31/2024 16:10,15.999
8/31/2024 16:20,16.031
8/31/2024 16:30,16.031
8/31/2024 16:40,16.042
8/31/2024 16:50,16.053
8/31/2024 17:00,16.085
8/31/2024 17:10,16.096
8/31/2024 17:20,16.096
8/31/2024 17:30,16.106
8/31/2024 17:40,16.128
8/31/2024 17:50,16.117
8/31/2024 18:00,16.128
8/31/2024 18:10,16.117
8/31/2024 18:20,16.128
8/31/2024 18:30,16.128
8/31/2024 18:40,16.128
8/31/2024 18:50,16.128
8/31/2024 19:00,16.128
8/31/2024 19:10,16.106
8/31/2024 19:20,16.096
8/31/2024 19:30,16.085
8/31/2024 19:40,16.063
8/31/2024 19:50,16.063
8/31/2024 20:00,16.042
8/31/2024 20:10,16.031
8/31/2024 20:20,16.031
8/31/2024 20:30,16.01
8/31/2024 20:40,16.01
8/31/2024 20:50,15.988
8/31/2024 21:00,15.956
8/31/2024 21:10,15.988
8/31/2024 21:20,15.945
8/31/2024 21:30,15.945
8/31/2024 21:40,15.935
8/31/2024 21:50,15.913
8/31/2024 22:00,15.903
8/31/2024 22:10,15.903
8/31/2024 22:20,15.881
8/31/2024 22:30,15.87
8/31/2024 22:40,15.87
8/31/2024 22:50,15.87
8/31/2024 23:00,15.87
8/31/2024 23:10,15.87
8/31/2024 23:20,15.849
8/31/2024 23:30,15.827
8/31/2024 23:40,15.849
8/31/2024 23:50,15.827
9/1/2024 0:00,15.817
9/1/2024 0:10,15.785
9/1/2024 0:20,15.774
9/1/2024 0:30,15.763
9/1/2024 0:40,15.752
9/1/2024 0:50,15.731
9/1/2024 1:00,15.72
9/1/2024 1:10,15.699
9/1/2024 1:20,15.699
9/1/2024 1:30,15.667
9/1/2024 1:40,15.667
9/1/2024 1:50,15.634
9/1/2024 2:00,15.613
9/1/2024 2:10,15.581
9/1/2024 2:20,15.538
9/1/2024 2:30,15.527
9/1/2024 2:40,15.506
9/1/2024 2:50,15.495
9/1/2024 3:00,15.463
9/1/2024 3:10,15.452
9/1/2024 3:20,15.409
9/1/2024 3:30,15.388
9/1/2024 3:40,15.356
9/1/2024 3:50,15.356
9/1/2024 4:00,15.302
9/1/2024 4:10,15.302
9/1/2024 4:20,15.28
9/1/2024 4:30,15.259
9/1/2024 4:40,15.227
9/1/2024 4:50,15.227
9/1/2024 5:00,15.205
9/1/2024 5:10,15.195
9/1/2024 5:20,15.163
9/1/2024 5:30,15.173
9/1/2024 5:40,15.152
9/1/2024 5:50,15.109
9/1/2024 6:00,15.109
9/1/2024 6:10,15.087
9/1/2024 6:20,15.087
9/1/2024 6:30,15.055
9/1/2024 6:40,15.077
9/1/2024 6:50,15.045
9/1/2024 7:00,15.066
9/1/2024 7:10,15.055
9/1/2024 7:20,15.045
9/1/2024 7:30,15.045
9/1/2024 7:40,15.066
9/1/2024 7:50,15.066
9/1/2024 8:00,15.087
9/1/2024 8:10,15.098
9/1/2024 8:20,15.12
9/1/2024 8:30,15.152
9/1/2024 8:40,15.173
9/1/2024 8:50,15.205
9/1/2024 9:00,15.238
9/1/2024 9:10,15.28
9/1/2024 9:20,15.334
9/1/2024 9:30,15.366
9/1/2024 9:40,15.42
9/1/2024 9:50,15.484
9/1/2024 10:00,15.527
9/1/2024 10:10,15.581
9/1/2024 10:20,15.667
9/1/2024 10:30,15.709
9/1/2024 10:40,15.774
9/1/2024 10:50,15.849
9/1/2024 11:00,15.945
9/1/2024 11:10,15.999
9/1/2024 11:20,16.053
9/1/2024 11:30,16.096
9/1/2024 11:40,16.149
9/1/2024 11:50,16.181
9/1/2024 12:00,16.246
9/1/2024 12:10,16.31
9/1/2024 12:20,16.364
9/1/2024 12:30,16.45
9/1/2024 12:40,16.546
9/1/2024 12:50,16.61
9/1/2024 13:00,16.685
9/1/2024 13:10,16.761
9/1/2024 13:20,16.846
9/1/2024 13:30,16.889
9/1/2024 13:40,16.943
9/1/2024 13:50,17.007
9/1/2024 14:00,17.029
9/1/2024 14:10,17.072
9/1/2024 14:20,17.125
9/1/2024 14:30,17.168
9/1/2024 14:40,17.222
9/1/2024 14:50,17.254
9/1/2024 15:00,17.286
9/1/2024 15:10,17.286
9/1/2024 15:20,17.318
9/1/2024 15:30,17.35
9/1/2024 15:40,17.393
9/1/2024 15:50,17.361
9/1/2024 16:00,17.372
9/1/2024 16:10,17.383
9/1/2024 16:20,17.404
9/1/2024 16:30,17.393
9/1/2024 16:40,17.404
9/1/2024 16:50,17.404
9/1/2024 17:00,17.361
9/1/2024 17:10,17.361
9/1/2024 17:20,17.35
9/1/2024 17:30,17.35
9/1/2024 17:40,17.318
9/1/2024 17:50,17.286
9/1/2024 18:00,17.286
9/1/2024 18:10,17.254
9/1/2024 18:20,17.254
9/1/2024 18:30,17.222
9/1/2024 18:40,17.2
9/1/2024 18:50,17.168
9/1/2024 19:00,17.136
9/1/2024 19:10,17.114
9/1/2024 19:20,17.093
9/1/2024 19:30,17.072
9/1/2024 19:40,17.018
9/1/2024 19:50,17.007
9/1/2024 20:00,17.007
9/1/2024 20:10,16.932
9/1/2024 20:20,16.921
9/1/2024 20:30,16.9
9/1/2024 20:40,16.911
9/1/2024 20:50,16.879
9/1/2024 21:00,16.836
9/1/2024 21:10,16.836
9/1/2024 21:20,16.803
9/1/2024 21:30,16.761
9/1/2024 21:40,16.761
9/1/2024 21:50,16.75
9/1/2024 22:00,16.728
9/1/2024 22:10,16.707
9/1/2024 22:20,16.675
9/1/2024 22:30,16.643
9/1/2024 22:40,16.643
9/1/2024 22:50,16.632
9/1/2024 23:00,16.621
9/1/2024 23:10,16.6
9/1/2024 23:20,16.61
9/1/2024 23:30,16.589
9/1/2024 23:40,16.568
9/1/2024 23:50,16.568
9/2/2024 0:00,16.546
9/2/2024 0:10,16.535
9/2/2024 0:20,16.514
9/2/2024 0:30,16.492
9/2/2024 0:40,16.482
9/2/2024 0:50,16.482
9/2/2024 1:00,16.45
9/2/2024 1:10,16.428
9/2/2024 1:20,16.407
9/2/2024 1:30,16.407
9/2/2024 1:40,16.385
9/2/2024 1:50,16.364
9/2/2024 2:00,16.364
9/2/2024 2:10,16.332
9/2/2024 2:20,16.31
9/2/2024 2:30,16.31
9/2/2024 2:40,16.289
9/2/2024 2:50,16.256
9/2/2024 3:00,16.256
9/2/2024 3:10,16.214
9/2/2024 3:20,16.224
9/2/2024 3:30,16.214
9/2/2024 3:40,16.171
9/2/2024 3:50,16.16
9/2/2024 4:00,16.128
9/2/2024 4:10,16.117
9/2/2024 4:20,16.106
9/2/2024 4:30,16.106
9/2/2024 4:40,16.085
9/2/2024 4:50,16.053
9/2/2024 5:00,16.074
9/2/2024 5:10,16.042
9/2/2024 5:20,15.988
9/2/2024 5:30,15.978
9/2/2024 5:40,15.956
9/2/2024 5:50,15.945
9/2/2024 6:00,15.903
9/2/2024 6:10,15.87
9/2/2024 6:20,15.87
9/2/2024 6:30,15.827
9/2/2024 6:40,15.827
9/2/2024 6:50,15.817
9/2/2024 7:00,15.774
9/2/2024 7:10,15.763
9/2/2024 7:20,15.742
9/2/2024 7:30,15.709
9/2/2024 7:40,15.699
9/2/2024 7:50,15.699
9/2/2024 8:00,15.709
9/2/2024 8:10,15.677
9/2/2024 8:20,15.667
9/2/2024 8:30,15.645
9/2/2024 8:40,15.645
9/2/2024 8:50,15.624
9/2/2024 9:00,15.624
9/2/2024 9:10,15.634
9/2/2024 9:20,15.634
9/2/2024 9:30,15.645
9/2/2024 9:40,15.634
9/2/2024 9:50,15.677
9/2/2024 10:00,15.688
9/2/2024 10:10,15.688
9/2/2024 10:20,15.699
9/2/2024 10:30,15.699
9/2/2024 10:40,15.731
9/2/2024 10:50,15.731
9/2/2024 11:00,15.72
9/2/2024 11:10,15.731
9/2/2024 11:20,15.731
9/2/2024 11:30,15.731
9/2/2024 11:40,15.731
9/2/2024 11:50,15.742
9/2/2024 12:00,15.752
9/2/2024 12:10,15.752
9/2/2024 12:20,15.763
9/2/2024 12:30,15.774
9/2/2024 12:40,15.774
9/2/2024 12:50,15.806
9/2/2024 13:00,15.817
9/2/2024 13:10,15.827
9/2/2024 13:20,15.849
9/2/2024 13:30,15.849
9/2/2024 13:40,15.86
9/2/2024 13:50,15.87
9/2/2024 14:00,15.892
9/2/2024 14:10,15.924
9/2/2024 14:20,15.924
9/2/2024 14:30,15.945
9/2/2024 14:40,15.967
9/2/2024 14:50,15.988
9/2/2024 15:00,16.021
9/2/2024 15:10,16.063
9/2/2024 15:20,16.096
9/2/2024 15:30,16.096
9/2/2024 15:40,16.128
9/2/2024 15:50,16.128
9/2/2024 16:00,16.149
9/2/2024 16:10,16.181
9/2/2024 16:20,16.181
9/2/2024 16:30,16.192
9/2/2024 16:40,16.203
9/2/2024 16:50,16.214
9/2/2024 17:00,16.224
9/2/2024 17:10,16.235
9/2/2024 17:20,16.235
9/2/2024 17:30,16.214
9/2/2024 17:40,16.235
9/2/2024 17:50,16.214
9/2/2024 18:00,16.203
9/2/2024 18:10,16.203
9/2/2024 18:20,16.181
9/2/2024 18:30,16.171
9/2/2024 18:40,16.16
9/2/2024 18:50,16.117
9/2/2024 19:00,16.117
9/2/2024 19:10,16.085
9/2/2024 19:20,16.053
9/2/2024 19:30,16.053
9/2/2024 19:40,16.053
9/2/2024 19:50,16.031
9/2/2024 20:00,15.988
9/2/2024 20:10,15.978
9/2/2024 20:20,15.945
9/2/2024 20:30,15.913
9/2/2024 20:40,15.892
9/2/2024 20:50,15.881
9/2/2024 21:00,15.817
9/2/2024 21:10,15.817
9/2/2024 21:20,15.785
9/2/2024 21:30,15.763
9/2/2024 21:40,15.72
9/2/2024 21:50,15.731
9/2/2024 22:00,15.688
9/2/2024 22:10,15.667
9/2/2024 22:20,15.634
9/2/2024 22:30,15.57
9/2/2024 22:40,15.549
9/2/2024 22:50,15.538
9/2/2024 23:00,15.506
9/2/2024 23:10,15.484
9/2/2024 23:20,15.452
9/2/2024 23:30,15.398
9/2/2024 23:40,15.388
9/2/2024 23:50,15.345
9/3/2024 0:00,15.323
9/3/2024 0:10,15.291
9/3/2024 0:20,15.248
9/3/2024 0:30,15.227
9/3/2024 0:40,15.205
9/3/2024 0:50,15.163
9/3/2024 1:00,15.13
9/3/2024 1:10,15.087
9/3/2024 1:20,15.066
9/3/2024 1:30,15.045
9/3/2024 1:40,15.002
9/3/2024 1:50,14.98
9/3/2024 2:00,14.937
9/3/2024 2:10,14.905
9/3/2024 2:20,14.884
9/3/2024 2:30,14.841
9/3/2024 2:40,14.83
9/3/2024 2:50,14.776
9/3/2024 3:00,14.744
9/3/2024 3:10,14.712
9/3/2024 3:20,14.691
9/3/2024 3:30,14.648
9/3/2024 3:40,14.648
9/3/2024 3:50,14.583
9/3/2024 4:00,14.551
9/3/2024 4:10,14.519
9/3/2024 4:20,14.487
9/3/2024 4:30,14.444
9/3/2024 4:40,14.433
9/3/2024 4:50,14.38
9/3/2024 5:00,14.337
9/3/2024 5:10,14.326
9/3/2024 5:20,14.294
9/3/2024 5:30,14.24
9/3/2024 5:40,14.197
9/3/2024 5:50,14.187
9/3/2024 6:00,14.154
9/3/2024 6:10,14.133
9/3/2024 6:20,14.111
9/3/2024 6:30,14.079
9/3/2024 6:40,14.047
9/3/2024 6:50,14.036
9/3/2024 7:00,14.015
9/3/2024 7:10,14.047
9/3/2024 7:20,14.004
9/3/2024 7:30,13.993
9/3/2024 7:40,13.993
9/3/2024 7:50,13.993
9/3/2024 8:00,14.004
9/3/2024 8:10,14.026
9/3/2024 8:20,14.058
9/3/2024 8:30,14.09
9/3/2024 8:40,14.133
9/3/2024 8:50,14.154
9/3/2024 9:00,14.176
9/3/2024 9:10,14.229
9/3/2024 9:20,14.272
9/3/2024 9:30,14.337
9/3/2024 9:40,14.38
9/3/2024 9:50,14.433
9/3/2024 10:00,14.508
9/3/2024 10:10,14.583
9/3/2024 10:20,14.648
9/3/2024 10:30,14.734
9/3/2024 10:40,14.873
9/3/2024 10:50,14.937
9/3/2024 11:00,15.087
9/3/2024 11:10,15.173
9/3/2024 11:20,15.291
9/3/2024 11:30,15.388
9/3/2024 11:40,15.495
9/3/2024 11:50,15.592
9/3/2024 12:00,15.709
9/3/2024 12:10,15.795
9/3/2024 12:20,15.903
9/3/2024 12:30,16.031
9/3/2024 12:40,16.128
9/3/2024 12:50,16.192
9/3/2024 13:00,16.299
9/3/2024 13:10,16.374
9/3/2024 13:20,16.439
9/3/2024 13:30,16.525
9/3/2024 13:40,16.557
9/3/2024 13:50,16.632
9/3/2024 14:00,16.696
9/3/2024 14:10,16.728
9/3/2024 14:20,16.793
9/3/2024 14:30,16.825
9/3/2024 14:40,16.879
9/3/2024 14:50,16.911
9/3/2024 15:00,16.932
9/3/2024 15:10,16.964
9/3/2024 15:20,16.997
9/3/2024 15:30,17.029
9/3/2024 15:40,17.039
9/3/2024 15:50,17.061
9/3/2024 16:00,17.05
9/3/2024 16:10,17.093
9/3/2024 16:20,17.114
9/3/2024 16:30,17.104
9/3/2024 16:40,17.104
9/3/2024 16:50,17.082
9/3/2024 17:00,17.093
9/3/2024 17:10,17.082
9/3/2024 17:20,17.029
9/3/2024 17:30,17.018
9/3/2024 17:40,16.986
9/3/2024 17:50,16.954
9/3/2024 18:00,16.932
9/3/2024 18:10,16.889
9/3/2024 18:20,16.857
9/3/2024 18:30,16.836
9/3/2024 18:40,16.793
9/3/2024 18:50,16.75
9/3/2024 19:00,16.728
9/3/2024 19:10,16.685
9/3/2024 19:20,16.653
9/3/2024 19:30,16.589
9/3/2024 19:40,16.589
9/3/2024 19:50,16.514
9/3/2024 20:00,16.46
9/3/2024 20:10,16.45
9/3/2024 20:20,16.407
9/3/2024 20:30,16.364
9/3/2024 20:40,16.321
9/3/2024 20:50,16.31
9/3/2024 21:00,16.256
9/3/2024 21:10,16.224
9/3/2024 21:20,16.16
9/3/2024 21:30,16.128
9/3/2024 21:40,16.074
9/3/2024 21:50,16.021
9/3/2024 22:00,15.999
9/3/2024 22:10,15.945
9/3/2024 22:20,15.892
9/3/2024 22:30,15.838
9/3/2024 22:40,15.785
9/3/2024 22:50,15.763
9/3/2024 23:00,15.72
9/3/2024 23:10,15.667
9/3/2024 23:20,15.624
9/3/2024 23:30,15.57
9/3/2024 23:40,15.549
9/3/2024 23:50,15.506
9/4/2024 0:00,15.474
9/4/2024 0:10,15.409
9/4/2024 0:20,15.409
9/4/2024 0:30,15.356
9/4/2024 0:40,15.302
9/4/2024 0:50,15.27
9/4/2024 1:00,15.205
9/4/2024 1:10,15.184
9/4/2024 1:20,15.163
9/4/2024 1:30,15.098
9/4/2024 1:40,15.045
9/4/2024 1:50,15.034
9/4/2024 2:00,14.991
9/4/2024 2:10,14.959
9/4/2024 2:20,14.894
9/4/2024 2:30,14.894
9/4/2024 2:40,14.83
9/4/2024 2:50,14.776
9/4/2024 3:00,14.755
9/4/2024 3:10,14.691
9/4/2024 3:20,14.658
9/4/2024 3:30,14.637
9/4/2024 3:40,14.605
9/4/2024 3:50,14.562
9/4/2024 4:00,14.54
9/4/2024 4:10,14.519
9/4/2024 4:20,14.455
9/4/2024 4:30,14.433
9/4/2024 4:40,14.401
9/4/2024 4:50,14.358
9/4/2024 5:00,14.347
9/4/2024 5:10,14.326
9/4/2024 5:20,14.283
9/4/2024 5:30,14.283
9/4/2024 5:40,14.24
9/4/2024 5:50,14.208
9/4/2024 6:00,14.187
9/4/2024 6:10,14.176
9/4/2024 6:20,14.154
9/4/2024 6:30,14.111
9/4/2024 6:40,14.122
9/4/2024 6:50,14.122
9/4/2024 7:00,14.111
9/4/2024 7:10,14.111
9/4/2024 7:20,14.09
9/4/2024 7:30,14.09
9/4/2024 7:40,14.122
9/4/2024 7:50,14.079
9/4/2024 8:00,14.111
9/4/2024 8:10,14.133
9/4/2024 8:20,14.176
9/4/2024 8:30,14.197
9/4/2024 8:40,14.251
9/4/2024 8:50,14.283
9/4/2024 9:00,14.315
9/4/2024 9:10,14.38
9/4/2024 9:20,14.444
9/4/2024 9:30,14.508
9/4/2024 9:40,14.562
9/4/2024 9:50,14.648
9/4/2024 10:00,14.734
9/4/2024 10:10,14.798
9/4/2024 10:20,14.894
9/4/2024 10:30,14.991
9/4/2024 10:40,15.077
9/4/2024 10:50,15.173
9/4/2024 11:00,15.291
9/4/2024 11:10,15.398
9/4/2024 11:20,15.516
9/4/2024 11:30,15.634
9/4/2024 11:40,15.742
9/4/2024 11:50,15.86
9/4/2024 12:00,15.988
9/4/2024 12:10,16.096
9/4/2024 12:20,16.214
9/4/2024 12:30,16.332
9/4/2024 12:40,16.417
9/4/2024 12:50,16.525
9/4/2024 13:00,16.643
9/4/2024 13:10,16.718
9/4/2024 13:20,16.782
9/4/2024 13:30,16.879
9/4/2024 13:40,16.921
9/4/2024 13:50,16.975
9/4/2024 14:00,17.029
9/4/2024 14:10,17.061
9/4/2024 14:20,17.114
9/4/2024 14:30,17.136
9/4/2024 14:40,17.2
9/4/2024 14:50,17.2
9/4/2024 15:00,17.243
9/4/2024 15:10,17.286
9/4/2024 15:20,17.297
9/4/2024 15:30,17.308
9/4/2024 15:40,17.308
9/4/2024 15:50,17.308
9/4/2024 16:00,17.35
9/4/2024 16:10,17.329
9/4/2024 16:20,17.34
9/4/2024 16:30,17.34
9/4/2024 16:40,17.34
9/4/2024 16:50,17.318
9/4/2024 17:00,17.308
9/4/2024 17:10,17.297
9/4/2024 17:20,17.286
9/4/2024 17:30,17.232
9/4/2024 17:40,17.222
9/4/2024 17:50,17.168
9/4/2024 18:00,17.147
9/4/2024 18:10,17.114
9/4/2024 18:20,17.072
9/4/2024 18:30,17.029
9/4/2024 18:40,16.986
9/4/2024 18:50,16.975
9/4/2024 19:00,16.932
9/4/2024 19:10,16.879
9/4/2024 19:20,16.857
9/4/2024 19:30,16.814
9/4/2024 19:40,16.771
9/4/2024 19:50,16.728
9/4/2024 20:00,16.685
9/4/2024 20:10,16.643
9/4/2024 20:20,16.578
9/4/2024 20:30,16.546
9/4/2024 20:40,16.525
9/4/2024 20:50,16.45
9/4/2024 21:00,16.417
9/4/2024 21:10,16.374
9/4/2024 21:20,16.353
9/4/2024 21:30,16.278
9/4/2024 21:40,16.235
9/4/2024 21:50,16.192
9/4/2024 22:00,16.138
9/4/2024 22:10,16.117
9/4/2024 22:20,16.085
9/4/2024 22:30,16.042
9/4/2024 22:40,15.988
9/4/2024 22:50,15.945
9/4/2024 23:00,15.913
9/4/2024 23:10,15.87
9/4/2024 23:20,15.817
9/4/2024 23:30,15.817
9/4/2024 23:40,15.752
9/4/2024 23:50,15.72
9/5/2024 0:00,15.688
9/5/2024 0:10,15.656
9/5/2024 0:20,15.592
9/5/2024 0:30,15.57
9/5/2024 0:40,15.538
9/5/2024 0:50,15.474
9/5/2024 1:00,15.452
9/5/2024 1:10,15.409
9/5/2024 1:20,15.377
9/5/2024 1:30,15.345
9/5/2024 1:40,15.291
9/5/2024 1:50,15.248
9/5/2024 2:00,15.195
9/5/2024 2:10,15.195
9/5/2024 2:20,15.152
9/5/2024 2:30,15.13
9/5/2024 2:40,15.066
9/5/2024 2:50,15.034
9/5/2024 3:00,15.034
9/5/2024 3:10,14.969
9/5/2024 3:20,14.959
9/5/2024 3:30,14.916
9/5/2024 3:40,14.894
9/5/2024 3:50,14.862
9/5/2024 4:00,14.83
9/5/2024 4:10,14.798
9/5/2024 4:20,14.755
9/5/2024 4:30,14.734
9/5/2024 4:40,14.701
9/5/2024 4:50,14.691
9/5/2024 5:00,14.68
9/5/2024 5:10,14.626
9/5/2024 5:20,14.637
9/5/2024 5:30,14.594
9/5/2024 5:40,14.573
9/5/2024 5:50,14.562
9/5/2024 6:00,14.551
9/5/2024 6:10,14.54
9/5/2024 6:20,14.53
9/5/2024 6:30,14.519
9/5/2024 6:40,14.53
9/5/2024 6:50,14.519
9/5/2024 7:00,14.54
9/5/2024 7:10,14.519
9/5/2024 7:20,14.551
9/5/2024 7:30,14.562
9/5/2024 7:40,14.562
9/5/2024 7:50,14.583
9/5/2024 8:00,14.605
9/5/2024 8:10,14.616
9/5/2024 8:20,14.648
9/5/2024 8:30,14.658
9/5/2024 8:40,14.669
9/5/2024 8:50,14.701
9/5/2024 9:00,14.701
9/5/2024 9:10,14.734
9/5/2024 9:20,14.755
9/5/2024 9:30,14.776
9/5/2024 9:40,14.83
9/5/2024 9:50,14.83
9/5/2024 10:00,14.873
9/5/2024 10:10,14.884
9/5/2024 10:20,14.905
9/5/2024 10:30,14.916
9/5/2024 10:40,14.959
9/5/2024 10:50,14.98
9/5/2024 11:00,14.98
9/5/2024 11:10,15.055
9/5/2024 11:20,15.087
9/5/2024 11:30,15.098
9/5/2024 11:40,15.152
9/5/2024 11:50,15.195
9/5/2024 12:00,15.205
9/5/2024 12:10,15.238
9/5/2024 12:20,15.291
9/5/2024 12:30,15.334
9/5/2024 12:40,15.356
9/5/2024 12:50,15.409
9/5/2024 13:00,15.474
9/5/2024 13:10,15.527
9/5/2024 13:20,15.559
9/5/2024 13:30,15.624
9/5/2024 13:40,15.699
9/5/2024 13:50,15.742
9/5/2024 14:00,15.774
9/5/2024 14:10,15.838
9/5/2024 14:20,15.881
9/5/2024 14:30,15.935
9/5/2024 14:40,15.978
9/5/2024 14:50,16.021
9/5/2024 15:00,16.053
9/5/2024 15:10,16.096
9/5/2024 15:20,16.117
9/5/2024 15:30,16.16
9/5/2024 15:40,16.16
9/5/2024 15:50,16.214
9/5/2024 16:00,16.224
9/5/2024 16:10,16.256
9/5/2024 16:20,16.256
9/5/2024 16:30,16.299
9/5/2024 16:40,16.289
9/5/2024 16:50,16.332
9/5/2024 17:00,16.353
9/5/2024 17:10,16.374
9/5/2024 17:20,16.374
9/5/2024 17:30,16.396
9/5/2024 17:40,16.417
9/5/2024 17:50,16.407
9/5/2024 18:00,16.417
9/5/2024 18:10,16.407
9/5/2024 18:20,16.417
9/5/2024 18:30,16.439
9/5/2024 18:40,16.439
9/5/2024 18:50,16.428
9/5/2024 19:00,16.428
9/5/2024 19:10,16.439
9/5/2024 19:20,16.45
9/5/2024 19:30,16.439
9/5/2024 19:40,16.439
9/5/2024 19:50,16.439
9/5/2024 20:00,16.46
9/5/2024 20:10,16.46
9/5/2024 20:20,16.45
9/5/2024 20:30,16.45
9/5/2024 20:40,16.439
9/5/2024 20:50,16.439
9/5/2024 21:00,16.439
9/5/2024 21:10,16.407
9/5/2024 21:20,16.417
9/5/2024 21:30,16.396
9/5/2024 21:40,16.396
9/5/2024 21:50,16.374
9/5/2024 22:00,16.385
9/5/2024 22:10,16.374
9/5/2024 22:20,16.364
9/5/2024 22:30,16.364
9/5/2024 22:40,16.353
9/5/2024 22:50,16.364
9/5/2024 23:00,16.364
9/5/2024 23:10,16.342
9/5/2024 23:20,16.353
9/5/2024 23:30,16.364
9/5/2024 23:40,16.396
9/5/2024 23:50,16.374
9/6/2024 0:00,16.407
9/6/2024 0:10,16.374
9/6/2024 0:20,16.407
9/6/2024 0:30,16.407
9/6/2024 0:40,16.396
9/6/2024 0:50,16.407
9/6/2024 1:00,16.407
9/6/2024 1:10,16.396
9/6/2024 1:20,16.374
9/6/2024 1:30,16.342
9/6/2024 1:40,16.31
9/6/2024 1:50,16.235
9/6/2024 2:00,16.192
9/6/2024 2:10,16.128
9/6/2024 2:20,16.074
9/6/2024 2:30,16.031
9/6/2024 2:40,15.978
9/6/2024 2:50,15.935
9/6/2024 3:00,15.903
9/6/2024 3:10,15.86
9/6/2024 3:20,15.817
9/6/2024 3:30,15.806
9/6/2024 3:40,15.774
9/6/2024 3:50,15.742
9/6/2024 4:00,15.677
9/6/2024 4:10,15.667
9/6/2024 4:20,15.613
9/6/2024 4:30,15.592
9/6/2024 4:40,15.527
9/6/2024 4:50,15.463
9/6/2024 5:00,15.431
9/6/2024 5:10,15.388
9/6/2024 5:20,15.334
9/6/2024 5:30,15.28
9/6/2024 5:40,15.216
9/6/2024 5:50,15.173
9/6/2024 6:00,15.12
9/6/2024 6:10,15.077
9/6/2024 6:20,15.023
9/6/2024 6:30,14.991
9/6/2024 6:40,14.927
9/6/2024 6:50,14.894
9/6/2024 7:00,14.841
9/6/2024 7:10,14.798
9/6/2024 7:20,14.776
9/6/2024 7:30,14.734
9/6/2024 7:40,14.734
9/6/2024 7:50,14.712
9/6/2024 8:00,14.658
9/6/2024 8:10,14.658
9/6/2024 8:20,14.626
9/6/2024 8:30,14.626
9/6/2024 8:40,14.626
9/6/2024 8:50,14.616
9/6/2024 9:00,14.626
9/6/2024 9:10,14.605
9/6/2024 9:20,14.626
9/6/2024 9:30,14.616
9/6/2024 9:40,14.648
9/6/2024 9:50,14.658
9/6/2024 10:00,14.701
9/6/2024 10:10,14.734
9/6/2024 10:20,14.798
9/6/2024 10:30,14.83
9/6/2024 10:40,14.873
9/6/2024 10:50,14.916
9/6/2024 11:00,14.98
9/6/2024 11:10,15.045
9/6/2024 11:20,15.077
9/6/2024 11:30,15.152
9/6/2024 11:40,15.205
9/6/2024 11:50,15.259
9/6/2024 12:00,15.323
9/6/2024 12:10,15.377
9/6/2024 12:20,15.42
9/6/2024 12:30,15.463
9/6/2024 12:40,15.527
9/6/2024 12:50,15.559
9/6/2024 13:00,15.592
9/6/2024 13:10,15.645
9/6/2024 13:20,15.688
9/6/2024 13:30,15.699
9/6/2024 13:40,15.742
9/6/2024 13:50,15.774
9/6/2024 14:00,15.795
9/6/2024 14:10,15.817
9/6/2024 14:20,15.817
9/6/2024 14:30,15.827
9/6/2024 14:40,15.827
9/6/2024 14:50,15.827
9/6/2024 15:00,15.817
9/6/2024 15:10,15.817
9/6/2024 15:20,15.806
9/6/2024 15:30,15.763
9/6/2024 15:40,15.752
9/6/2024 15:50,15.742
9/6/2024 16:00,15.699
9/6/2024 16:10,15.72
9/6/2024 16:20,15.667
9/6/2024 16:30,15.645
9/6/2024 16:40,15.613
9/6/2024 16:50,15.559
9/6/2024 17:00,15.527
9/6/2024 17:10,15.506
9/6/2024 17:20,15.452
9/6/2024 17:30,15.431
9/6/2024 17:40,15.345
9/6/2024 17:50,15.334
9/6/2024 18:00,15.28
9/6/2024 18:10,15.238
9/6/2024 18:20,15.195
9/6/2024 18:30,15.141
9/6/2024 18:40,15.077
9/6/2024 18:50,15.023
9/6/2024 19:00,14.991
9/6/2024 19:10,14.948
9/6/2024 19:20,14.873
9/6/2024 19:30,14.809
9/6/2024 19:40,14.766
9/6/2024 19:50,14.712
9/6/2024 20:00,14.658
9/6/2024 20:10,14.594
9/6/2024 20:20,14.594
9/6/2024 20:30,14.508
9/6/2024 20:40,14.465
9/6/2024 20:50,14.39
9/6/2024 21:00,14.347
9/6/2024 21:10,14.283
9/6/2024 21:20,14.262
9/6/2024 21:30,14.208
9/6/2024 21:40,14.144
9/6/2024 21:50,14.122
9/6/2024 22:00,14.058
9/6/2024 22:10,14.026
9/6/2024 22:20,13.961
9/6/2024 22:30,13.918
9/6/2024 22:40,13.886
9/6/2024 22:50,13.854
9/6/2024 23:00,13.779
9/6/2024 23:10,13.779
9/6/2024 23:20,13.715
9/6/2024 23:30,13.672
9/6/2024 23:40,13.629
9/6/2024 23:50,13.575
9/7/2024 0:00,13.554
9/7/2024 0:10,13.522
9/7/2024 0:20,13.489
9/7/2024 0:30,13.457
9/7/2024 0:40,13.404
9/7/2024 0:50,13.393
9/7/2024 1:00,13.361
9/7/2024 1:10,13.339
9/7/2024 1:20,13.329
9/7/2024 1:30,13.275
9/7/2024 1:40,13.296
9/7/2024 1:50,13.253
9/7/2024 2:00,13.232
9/7/2024 2:10,13.243
9/7/2024 2:20,13.211
9/7/2024 2:30,13.168
9/7/2024 2:40,13.157
9/7/2024 2:50,13.157
9/7/2024 3:00,13.146
9/7/2024 3:10,13.135
9/7/2024 3:20,13.114
9/7/2024 3:30,13.082
9/7/2024 3:40,13.082
9/7/2024 3:50,13.05
9/7/2024 4:00,13.028
9/7/2024 4:10,13.017
9/7/2024 4:20,12.975
9/7/2024 4:30,12.953
9/7/2024 4:40,12.953
9/7/2024 4:50,12.942
9/7/2024 5:00,12.932
9/7/2024 5:10,12.91
9/7/2024 5:20,12.932
9/7/2024 5:30,12.932
9/7/2024 5:40,12.91
9/7/2024 5:50,12.932
9/7/2024 6:00,12.921
9/7/2024 6:10,12.953
9/7/2024 6:20,12.921
9/7/2024 6:30,12.942
9/7/2024 6:40,12.964
9/7/2024 6:50,12.996
9/7/2024 7:00,13.017
9/7/2024 7:10,13.05
9/7/2024 7:20,13.093
9/7/2024 7:30,13.114
9/7/2024 7:40,13.168
9/7/2024 7:50,13.2
9/7/2024 8:00,13.264
9/7/2024 8:10,13.307
9/7/2024 8:20,13.35
9/7/2024 8:30,13.382
9/7/2024 8:40,13.446
9/7/2024 8:50,13.5
9/7/2024 9:00,13.575
9/7/2024 9:10,13.629
9/7/2024 9:20,13.693
9/7/2024 9:30,13.768
9/7/2024 9:40,13.833
9/7/2024 9:50,13.908
9/7/2024 10:00,14.015
9/7/2024 10:10,14.069
9/7/2024 10:20,14.219
9/7/2024 10:30,14.305
9/7/2024 10:40,14.422
9/7/2024 10:50,14.498
9/7/2024 11:00,14.626
9/7/2024 11:10,14.734
9/7/2024 11:20,14.841
9/7/2024 11:30,14.959
9/7/2024 11:40,15.077
9/7/2024 11:50,15.195
9/7/2024 12:00,15.291
9/7/2024 12:10,15.398
9/7/2024 12:20,15.495
9/7/2024 12:30,15.602
9/7/2024 12:40,15.709
9/7/2024 12:50,15.817
9/7/2024 13:00,15.881
9/7/2024 13:10,15.956
9/7/2024 13:20,16.031
9/7/2024 13:30,16.085
9/7/2024 13:40,16.149
9/7/2024 13:50,16.181
9/7/2024 14:00,16.246
9/7/2024 14:10,16.278
9/7/2024 14:20,16.299
9/7/2024 14:30,16.342
9/7/2024 14:40,16.385
9/7/2024 14:50,16.417
9/7/2024 15:00,16.407
9/7/2024 15:10,16.428
9/7/2024 15:20,16.45
9/7/2024 15:30,16.439
9/7/2024 15:40,16.439
9/7/2024 15:50,16.46
9/7/2024 16:00,16.46
9/7/2024 16:10,16.439
9/7/2024 16:20,16.417
9/7/2024 16:30,16.407
9/7/2024 16:40,16.396
9/7/2024 16:50,16.364
9/7/2024 17:00,16.321
9/7/2024 17:10,16.31
9/7/2024 17:20,16.299
9/7/2024 17:30,16.246
9/7/2024 17:40,16.235
9/7/2024 17:50,16.181
9/7/2024 18:00,16.181
9/7/2024 18:10,16.128
9/7/2024 18:20,16.106
9/7/2024 18:30,16.085
9/7/2024 18:40,16.053
9/7/2024 18:50,16.021
9/7/2024 19:00,15.988
9/7/2024 19:10,15.967
9/7/2024 19:20,15.945
9/7/2024 19:30,15.924
9/7/2024 19:40,15.87
9/7/2024 19:50,15.817
9/7/2024 20:00,15.795
9/7/2024 20:10,15.774
9/7/2024 20:20,15.731
9/7/2024 20:30,15.709
9/7/2024 20:40,15.677
9/7/2024 20:50,15.645
9/7/2024 21:00,15.624
9/7/2024 21:10,15.57
9/7/2024 21:20,15.538
9/7/2024 21:30,15.527
9/7/2024 21:40,15.441
9/7/2024 21:50,15.463
9/7/2024 22:00,15.388
9/7/2024 22:10,15.366
9/7/2024 22:20,15.323
9/7/2024 22:30,15.291
9/7/2024 22:40,15.248
9/7/2024 22:50,15.238
9/7/2024 23:00,15.195
9/7/2024 23:10,15.152
9/7/2024 23:20,15.163
9/7/2024 23:30,15.13
9/7/2024 23:40,15.098
9/7/2024 23:50,15.077
9/8/2024 0:00,15.045
9/8/2024 0:10,15.045
9/8/2024 0:20,15.034
9/8/2024 0:30,14.991
9/8/2024 0:40,14.969
9/8/2024 0:50,14.948
9/8/2024 1:00,14.905
9/8/2024 1:10,14.894
9/8/2024 1:20,14.862
9/8/2024 1:30,14.862
9/8/2024 1:40,14.83
9/8/2024 1:50,14.841
9/8/2024 2:00,14.798
9/8/2024 2:10,14.776
9/8/2024 2:20,14.776
9/8/2024 2:30,14.755
9/8/2024 2:40,14.744
9/8/2024 2:50,14.734
9/8/2024 3:00,14.701
9/8/2024 3:10,14.68
9/8/2024 3:20,14.648
9/8/2024 3:30,14.648
9/8/2024 3:40,14.616
9/8/2024 3:50,14.594
9/8/2024 4:00,14.573
9/8/2024 4:10,14.573
9/8/2024 4:20,14.54
9/8/2024 4:30,14.508
9/8/2024 4:40,14.487
9/8/2024 4:50,14.444
9/8/2024 5:00,14.422
9/8/2024 5:10,14.39
9/8/2024 5:20,14.401
9/8/2024 5:30,14.38
9/8/2024 5:40,14.347
9/8/2024 5:50,14.326
9/8/2024 6:00,14.305
9/8/2024 6:10,14.262
9/8/2024 6:20,14.262
9/8/2024 6:30,14.229
9/8/2024 6:40,14.229
9/8/2024 6:50,14.208
9/8/2024 7:00,14.24
9/8/2024 7:10,14.24
9/8/2024 7:20,14.208
9/8/2024 7:30,14.197
9/8/2024 7:40,14.197
9/8/2024 7:50,14.176
9/8/2024 8:00,14.262
9/8/2024 8:10,14.262
9/8/2024 8:20,14.251
9/8/2024 8:30,14.283
9/8/2024 8:40,14.347
9/8/2024 8:50,14.38
9/8/2024 9:00,14.444
9/8/2024 9:10,14.455
9/8/2024 9:20,14.519
9/8/2024 9:30,14.562
9/8/2024 9:40,14.616
9/8/2024 9:50,14.691
9/8/2024 10:00,14.755
9/8/2024 10:10,14.819
9/8/2024 10:20,14.927
9/8/2024 10:30,15.034
9/8/2024 10:40,15.109
9/8/2024 10:50,15.205
9/8/2024 11:00,15.313
9/8/2024 11:10,15.398
9/8/2024 11:20,15.506
9/8/2024 11:30,15.634
9/8/2024 11:40,15.763
9/8/2024 11:50,15.827
9/8/2024 12:00,15.945
9/8/2024 12:10,16.042
9/8/2024 12:20,16.149
9/8/2024 12:30,16.246
9/8/2024 12:40,16.321
9/8/2024 12:50,16.417
9/8/2024 13:00,16.482
9/8/2024 13:10,16.514
9/8/2024 13:20,16.6
9/8/2024 13:30,16.653
9/8/2024 13:40,16.707
9/8/2024 13:50,16.75
9/8/2024 14:00,16.771
9/8/2024 14:10,16.814
9/8/2024 14:20,16.846
9/8/2024 14:30,16.879
9/8/2024 14:40,16.911
9/8/2024 14:50,16.921
9/8/2024 15:00,16.943
9/8/2024 15:10,16.975
9/8/2024 15:20,16.975
9/8/2024 15:30,16.986
9/8/2024 15:40,16.986
9/8/2024 15:50,16.986
9/8/2024 16:00,16.986
9/8/2024 16:10,16.964
9/8/2024 16:20,16.943
9/8/2024 16:30,16.943
9/8/2024 16:40,16.932
9/8/2024 16:50,16.911
9/8/2024 17:00,16.879
9/8/2024 17:10,16.846
9/8/2024 17:20,16.825
9/8/2024 17:30,16.782
9/8/2024 17:40,16.761
9/8/2024 17:50,16.728
9/8/2024 18:00,16.696
9/8/2024 18:10,16.675
9/8/2024 18:20,16.643
9/8/2024 18:30,16.6
9/8/2024 18:40,16.578
9/8/2024 18:50,16.525
9/8/2024 19:00,16.525
9/8/2024 19:10,16.471
9/8/2024 19:20,16.46
9/8/2024 19:30,16.417
9/8/2024 19:40,16.407
9/8/2024 19:50,16.374
9/8/2024 20:00,16.353
9/8/2024 20:10,16.342
9/8/2024 20:20,16.31
9/8/2024 20:30,16.289
9/8/2024 20:40,16.299
9/8/2024 20:50,16.278
9/8/2024 21:00,16.246
9/8/2024 21:10,16.214
9/8/2024 21:20,16.192
9/8/2024 21:30,16.181
9/8/2024 21:40,16.16
9/8/2024 21:50,16.128
9/8/2024 22:00,16.106
9/8/2024 22:10,16.074
9/8/2024 22:20,16.074
9/8/2024 22:30,16.042
9/8/2024 22:40,16.01
9/8/2024 22:50,15.956
9/8/2024 23:00,15.935
9/8/2024 23:10,15.903
9/8/2024 23:20,15.849
9/8/2024 23:30,15.817
9/8/2024 23:40,15.785
9/8/2024 23:50,15.731
9/9/2024 0:00,15.699
9/9/2024 0:10,15.656
9/9/2024 0:20,15.57
9/9/2024 0:30,15.538
9/9/2024 0:40,15.495
9/9/2024 0:50,15.431
9/9/2024 1:00,15.366
9/9/2024 1:10,15.334
9/9/2024 1:20,15.27
9/9/2024 1:30,15.248
9/9/2024 1:40,15.184
9/9/2024 1:50,15.184
9/9/2024 2:00,15.152
9/9/2024 2:10,15.066
9/9/2024 2:20,15.045
9/9/2024 2:30,14.991
9/9/2024 2:40,14.937
9/9/2024 2:50,14.894
9/9/2024 3:00,14.841
9/9/2024 3:10,14.809
9/9/2024 3:20,14.744
9/9/2024 3:30,14.723
9/9/2024 3:40,14.691
9/9/2024 3:50,14.605
9/9/2024 4:00,14.583
9/9/2024 4:10,14.562
9/9/2024 4:20,14.487
9/9/2024 4:30,14.433
9/9/2024 4:40,14.412
9/9/2024 4:50,14.369
9/9/2024 5:00,14.294
9/9/2024 5:10,14.262
9/9/2024 5:20,14.229
9/9/2024 5:30,14.154
9/9/2024 5:40,14.133
9/9/2024 5:50,14.09
9/9/2024 6:00,14.036
9/9/2024 6:10,14.004
9/9/2024 6:20,13.94
9/9/2024 6:30,13.908
9/9/2024 6:40,13.865
9/9/2024 6:50,13.854
9/9/2024 7:00,13.843
9/9/2024 7:10,13.822
9/9/2024 7:20,13.779
9/9/2024 7:30,13.768
9/9/2024 7:40,13.758
9/9/2024 7:50,13.758
9/9/2024 8:00,13.747
9/9/2024 8:10,13.736
9/9/2024 8:20,13.736
9/9/2024 8:30,13.736
9/9/2024 8:40,13.768
9/9/2024 8:50,13.758
9/9/2024 9:00,13.8
9/9/2024 9:10,13.811
9/9/2024 9:20,13.833
9/9/2024 9:30,13.876
9/9/2024 9:40,13.897
9/9/2024 9:50,13.961
9/9/2024 10:00,13.993
9/9/2024 10:10,14.047
9/9/2024 10:20,14.111
9/9/2024 10:30,14.154
9/9/2024 10:40,14.251
9/9/2024 10:50,14.326
9/9/2024 11:00,14.401
9/9/2024 11:10,14.476
9/9/2024 11:20,14.594
9/9/2024 11:30,14.669
9/9/2024 11:40,14.766
9/9/2024 11:50,14.841
9/9/2024 12:00,14.937
9/9/2024 12:10,15.002
9/9/2024 12:20,15.098
9/9/2024 12:30,15.173
9/9/2024 12:40,15.28
9/9/2024 12:50,15.334
9/9/2024 13:00,15.398
9/9/2024 13:10,15.463
9/9/2024 13:20,15.495
9/9/2024 13:30,15.559
9/9/2024 13:40,15.57
9/9/2024 13:50,15.624
9/9/2024 14:00,15.667
9/9/2024 14:10,15.677
9/9/2024 14:20,15.699
9/9/2024 14:30,15.72
9/9/2024 14:40,15.742
9/9/2024 14:50,15.774
9/9/2024 15:00,15.774
9/9/2024 15:10,15.806
9/9/2024 15:20,15.774
9/9/2024 15:30,15.785
9/9/2024 15:40,15.785
9/9/2024 15:50,15.774
9/9/2024 16:00,15.795
9/9/2024 16:10,15.774
9/9/2024 16:20,15.774
9/9/2024 16:30,15.763
9/9/2024 16:40,15.763
9/9/2024 16:50,15.763
9/9/2024 17:00,15.742
9/9/2024 17:10,15.731
9/9/2024 17:20,15.709
9/9/2024 17:30,15.688
9/9/2024 17:40,15.634
9/9/2024 17:50,15.592
9/9/2024 18:00,15.57
9/9/2024 18:10,15.538
9/9/2024 18:20,15.527
9/9/2024 18:30,15.474
9/9/2024 18:40,15.42
9/9/2024 18:50,15.409
9/9/2024 19:00,15.377
9/9/2024 19:10,15.356
9/9/2024 19:20,15.313
9/9/2024 19:30,15.259
9/9/2024 19:40,15.216
9/9/2024 19:50,15.195
9/9/2024 20:00,15.13
9/9/2024 20:10,15.109
9/9/2024 20:20,15.045
9/9/2024 20:30,15.002
9/9/2024 20:40,14.991
9/9/2024 20:50,14.937
9/9/2024 21:00,14.873
9/9/2024 21:10,14.83
9/9/2024 21:20,14.776
9/9/2024 21:30,14.755
9/9/2024 21:40,14.701
9/9/2024 21:50,14.648
9/9/2024 22:00,14.616
9/9/2024 22:10,14.562
9/9/2024 22:20,14.508
9/9/2024 22:30,14.465
9/9/2024 22:40,14.412
9/9/2024 22:50,14.358
9/9/2024 23:00,14.305
9/9/2024 23:10,14.251
9/9/2024 23:20,14.197
9/9/2024 23:30,14.144
9/9/2024 23:40,14.09
9/9/2024 23:50,14.047
9/10/2024 0:00,13.993
9/10/2024 0:10,13.94
9/10/2024 0:20,13.876
9/10/2024 0:30,13.822
9/10/2024 0:40,13.758
9/10/2024 0:50,13.693
9/10/2024 1:00,13.64
9/10/2024 1:10,13.607
9/10/2024 1:20,13.522
9/10/2024 1:30,13.468
9/10/2024 1:40,13.404
9/10/2024 1:50,13.371
9/10/2024 2:00,13.296
9/10/2024 2:10,13.253
9/10/2024 2:20,13.168
9/10/2024 2:30,13.125
9/10/2024 2:40,13.082
9/10/2024 2:50,13.007
9/10/2024 3:00,12.975
9/10/2024 3:10,12.9
9/10/2024 3:20,12.867
9/10/2024 3:30,12.814
9/10/2024 3:40,12.771
9/10/2024 3:50,12.717
9/10/2024 4:00,12.653
9/10/2024 4:10,12.631
9/10/2024 4:20,12.578
9/10/2024 4:30,12.503
9/10/2024 4:40,12.492
9/10/2024 4:50,12.449
9/10/2024 5:00,12.385
9/10/2024 5:10,12.342
9/10/2024 5:20,12.288
9/10/2024 5:30,12.256
9/10/2024 5:40,12.235
9/10/2024 5:50,12.192
9/10/2024 6:00,12.181
9/10/2024 6:10,12.159
9/10/2024 6:20,12.117
9/10/2024 6:30,12.117
9/10/2024 6:40,12.095
9/10/2024 6:50,12.084
9/10/2024 7:00,12.052
9/10/2024 7:10,12.063
9/10/2024 7:20,12.052
9/10/2024 7:30,12.052
9/10/2024 7:40,12.074
9/10/2024 7:50,12.084
9/10/2024 8:00,12.106
9/10/2024 8:10,12.149
9/10/2024 8:20,12.138
9/10/2024 8:30,12.181
9/10/2024 8:40,12.213
9/10/2024 8:50,12.245
9/10/2024 9:00,12.288
9/10/2024 9:10,12.342
9/10/2024 9:20,12.417
9/10/2024 9:30,12.471
9/10/2024 9:40,12.513
9/10/2024 9:50,12.567
9/10/2024 10:00,12.664
9/10/2024 10:10,12.749
9/10/2024 10:20,12.846
9/10/2024 10:30,12.91
9/10/2024 10:40,13.028
9/10/2024 10:50,13.103
9/10/2024 11:00,13.178
9/10/2024 11:10,13.296
9/10/2024 11:20,13.382
9/10/2024 11:30,13.457
9/10/2024 11:40,13.564
9/10/2024 11:50,13.661
9/10/2024 12:00,13.747
9/10/2024 12:10,13.833
9/10/2024 12:20,13.908
9/10/2024 12:30,13.983
9/10/2024 12:40,14.047
9/10/2024 12:50,14.09
9/10/2024 13:00,14.165
9/10/2024 13:10,14.208
9/10/2024 13:20,14.283
9/10/2024 13:30,14.315
9/10/2024 13:40,14.369
9/10/2024 13:50,14.412
9/10/2024 14:00,14.465
9/10/2024 14:10,14.508
9/10/2024 14:20,14.53
9/10/2024 14:30,14.594
9/10/2024 14:40,14.637
9/10/2024 14:50,14.68
9/10/2024 15:00,14.744
9/10/2024 15:10,14.798
9/10/2024 15:20,14.819
9/10/2024 15:30,14.905
9/10/2024 15:40,14.916
9/10/2024 15:50,14.98
9/10/2024 16:00,15.023
9/10/2024 16:10,15.055
9/10/2024 16:20,15.12
9/10/2024 16:30,15.152
9/10/2024 16:40,15.195
9/10/2024 16:50,15.227
9/10/2024 17:00,15.27
9/10/2024 17:10,15.291
9/10/2024 17:20,15.334
9/10/2024 17:30,15.356
9/10/2024 17:40,15.398
9/10/2024 17:50,15.42
9/10/2024 18:00,15.441
9/10/2024 18:10,15.474
9/10/2024 18:20,15.495
9/10/2024 18:30,15.527
9/10/2024 18:40,15.549
9/10/2024 18:50,15.57
9/10/2024 19:00,15.57
9/10/2024 19:10,15.613
9/10/2024 19:20,15.602
9/10/2024 19:30,15.645
9/10/2024 19:40,15.677
9/10/2024 19:50,15.709
9/10/2024 20:00,15.72
9/10/2024 20:10,15.763
9/10/2024 20:20,15.795
9/10/2024 20:30,15.806
9/10/2024 20:40,15.827
9/10/2024 20:50,15.86
9/10/2024 21:00,15.87
9/10/2024 21:10,15.903
9/10/2024 21:20,15.913
9/10/2024 21:30,15.935
9/10/2024 21:40,15.945
9/10/2024 21:50,15.967
9/10/2024 22:00,15.988
9/10/2024 22:10,16.01
9/10/2024 22:20,16.042
9/10/2024 22:30,16.042
9/10/2024 22:40,16.063
9/10/2024 22:50,16.096
9/10/2024 23:00,16.117
9/10/2024 23:10,16.138
9/10/2024 23:20,16.16
9/10/2024 23:30,16.181
9/10/2024 23:40,16.235
9/10/2024 23:50,16.235
9/11/2024 0:00,16.278
9/11/2024 0:10,16.321
9/11/2024 0:20,16.321
9/11/2024 0:30,16.332
9/11/2024 0:40,16.332
9/11/2024 0:50,16.364
9/11/2024 1:00,16.353
9/11/2024 1:10,16.385
9/11/2024 1:20,16.396
9/11/2024 1:30,16.407
9/11/2024 1:40,16.407
9/11/2024 1:50,16.396
9/11/2024 2:00,16.407
9/11/2024 2:10,16.407
9/11/2024 2:20,16.396
9/11/2024 2:30,16.396
9/11/2024 2:40,16.396
9/11/2024 2:50,16.374
9/11/2024 3:00,16.364
9/11/2024 3:10,16.321
9/11/2024 3:20,16.31
9/11/2024 3:30,16.299
9/11/2024 3:40,16.256
9/11/2024 3:50,16.235
9/11/2024 4:00,16.224
9/11/2024 4:10,16.203
9/11/2024 4:20,16.16
9/11/2024 4:30,16.138
9/11/2024 4:40,16.128
9/11/2024 4:50,16.117
9/11/2024 5:00,16.085
9/11/2024 5:10,16.063
9/11/2024 5:20,16.031
9/11/2024 5:30,15.999
9/11/2024 5:40,15.988
9/11/2024 5:50,15.945
9/11/2024 6:00,15.913
9/11/2024 6:10,15.903
9/11/2024 6:20,15.87
9/11/2024 6:30,15.849
9/11/2024 6:40,15.827
9/11/2024 6:50,15.817
9/11/2024 7:00,15.785
9/11/2024 7:10,15.763
9/11/2024 7:20,15.763
9/11/2024 7:30,15.72
9/11/2024 7:40,15.731
9/11/2024 7:50,15.709
9/11/2024 8:00,15.688
9/11/2024 8:10,15.731
9/11/2024 8:20,15.72
9/11/2024 8:30,15.731
9/11/2024 8:40,15.731
9/11/2024 8:50,15.742
9/11/2024 9:00,15.752
9/11/2024 9:10,15.752
9/11/2024 9:20,15.795
9/11/2024 9:30,15.806
9/11/2024 9:40,15.806
9/11/2024 9:50,15.87
9/11/2024 10:00,15.913
9/11/2024 10:10,15.945
9/11/2024 10:20,16.021
9/11/2024 10:30,16.063
9/11/2024 10:40,16.138
9/11/2024 10:50,16.203
9/11/2024 11:00,16.256
9/11/2024 11:10,16.353
9/11/2024 11:20,16.428
9/11/2024 11:30,16.492
9/11/2024 11:40,16.578
9/11/2024 11:50,16.643
9/11/2024 12:00,16.739
9/11/2024 12:10,16.803
9/11/2024 12:20,16.9
9/11/2024 12:30,16.943
9/11/2024 12:40,17.039
9/11/2024 12:50,17.104
9/11/2024 13:00,17.157
9/11/2024 13:10,17.2
9/11/2024 13:20,17.222
9/11/2024 13:30,17.265
9/11/2024 13:40,17.286
9/11/2024 13:50,17.318
9/11/2024 14:00,17.329
9/11/2024 14:10,17.34
9/11/2024 14:20,17.329
9/11/2024 14:30,17.35
9/11/2024 14:40,17.372
9/11/2024 14:50,17.361
9/11/2024 15:00,17.361
9/11/2024 15:10,17.372
9/11/2024 15:20,17.361
9/11/2024 15:30,17.361
9/11/2024 15:40,17.35
9/11/2024 15:50,17.329
9/11/2024 16:00,17.308
9/11/2024 16:10,17.275
9/11/2024 16:20,17.286
9/11/2024 16:30,17.243
9/11/2024 16:40,17.211
9/11/2024 16:50,17.168
9/11/2024 17:00,17.125
9/11/2024 17:10,17.072
9/11/2024 17:20,17.05
9/11/2024 17:30,17.007
9/11/2024 17:40,16.964
9/11/2024 17:50,16.9
9/11/2024 18:00,16.879
9/11/2024 18:10,16.814
9/11/2024 18:20,16.761
9/11/2024 18:30,16.728
9/11/2024 18:40,16.696
9/11/2024 18:50,16.632
9/11/2024 19:00,16.578
9/11/2024 19:10,16.546
9/11/2024 19:20,16.482
9/11/2024 19:30,16.471
9/11/2024 19:40,16.417
9/11/2024 19:50,16.385
9/11/2024 20:00,16.353
9/11/2024 20:10,16.299
9/11/2024 20:20,16.256
9/11/2024 20:30,16.235
9/11/2024 20:40,16.192
9/11/2024 20:50,16.171
9/11/2024 21:00,16.096
9/11/2024 21:10,16.053
9/11/2024 21:20,16.042
9/11/2024 21:30,16.021
9/11/2024 21:40,15.988
9/11/2024 21:50,15.956
9/11/2024 22:00,15.935
9/11/2024 22:10,15.892
9/11/2024 22:20,15.827
9/11/2024 22:30,15.827
9/11/2024 22:40,15.785
9/11/2024 22:50,15.763
9/11/2024 23:00,15.731
9/11/2024 23:10,15.699
9/11/2024 23:20,15.667
9/11/2024 23:30,15.634
9/11/2024 23:40,15.602
9/11/2024 23:50,15.581
9/12/2024 0:00,15.538
9/12/2024 0:10,15.484
9/12/2024 0:20,15.474
9/12/2024 0:30,15.441
9/12/2024 0:40,15.431
9/12/2024 0:50,15.377
9/12/2024 1:00,15.377
9/12/2024 1:10,15.323
9/12/2024 1:20,15.302
9/12/2024 1:30,15.259
9/12/2024 1:40,15.238
9/12/2024 1:50,15.227
9/12/2024 2:00,15.184
9/12/2024 2:10,15.184
9/12/2024 2:20,15.13
9/12/2024 2:30,15.12
9/12/2024 2:40,15.077
9/12/2024 2:50,15.066
9/12/2024 3:00,15.023
9/12/2024 3:10,14.98
9/12/2024 3:20,14.98
9/12/2024 3:30,14.937
9/12/2024 3:40,14.905
9/12/2024 3:50,14.894
9/12/2024 4:00,14.851
9/12/2024 4:10,14.841
9/12/2024 4:20,14.798
9/12/2024 4:30,14.776
9/12/2024 4:40,14.723
9/12/2024 4:50,14.712
9/12/2024 5:00,14.691
9/12/2024 5:10,14.669
9/12/2024 5:20,14.637
9/12/2024 5:30,14.626
9/12/2024 5:40,14.573
9/12/2024 5:50,14.53
9/12/2024 6:00,14.519
9/12/2024 6:10,14.487
9/12/2024 6:20,14.455
9/12/2024 6:30,14.433
9/12/2024 6:40,14.412
9/12/2024 6:50,14.401
9/12/2024 7:00,14.38
9/12/2024 7:10,14.38
9/12/2024 7:20,14.38
9/12/2024 7:30,14.358
9/12/2024 7:40,14.337
9/12/2024 7:50,14.358
9/12/2024 8:00,14.326
9/12/2024 8:10,14.337
9/12/2024 8:20,14.369
9/12/2024 8:30,14.38
9/12/2024 8:40,14.412
9/12/2024 8:50,14.422
9/12/2024 9:00,14.455
9/12/2024 9:10,14.498
9/12/2024 9:20,14.54
9/12/2024 9:30,14.562
9/12/2024 9:40,14.616
9/12/2024 9:50,14.669
9/12/2024 10:00,14.734
9/12/2024 10:10,14.809
9/12/2024 10:20,14.873
9/12/2024 10:30,14.927
9/12/2024 10:40,15.012
9/12/2024 10:50,15.12
9/12/2024 11:00,15.184
9/12/2024 11:10,15.291
9/12/2024 11:20,15.366
9/12/2024 11:30,15.452
9/12/2024 11:40,15.559
9/12/2024 11:50,15.624
9/12/2024 12:00,15.731
9/12/2024 12:10,15.827
9/12/2024 12:20,15.935
9/12/2024 12:30,16.031
9/12/2024 12:40,16.117
9/12/2024 12:50,16.192
9/12/2024 13:00,16.278
9/12/2024 13:10,16.332
9/12/2024 13:20,16.396
9/12/2024 13:30,16.46
9/12/2024 13:40,16.482
9/12/2024 13:50,16.525
9/12/2024 14:00,16.568
9/12/2024 14:10,16.589
9/12/2024 14:20,16.589
9/12/2024 14:30,16.621
9/12/2024 14:40,16.643
9/12/2024 14:50,16.664
9/12/2024 15:00,16.675
9/12/2024 15:10,16.718
9/12/2024 15:20,16.696
9/12/2024 15:30,16.728
9/12/2024 15:40,16.728
9/12/2024 15:50,16.696
9/12/2024 16:00,16.675
9/12/2024 16:10,16.696
9/12/2024 16:20,16.707
9/12/2024 16:30,16.675
9/12/2024 16:40,16.675
9/12/2024 16:50,16.643
9/12/2024 17:00,16.653
9/12/2024 17:10,16.61
9/12/2024 17:20,16.589
9/12/2024 17:30,16.589
9/12/2024 17:40,16.546
9/12/2024 17:50,16.492
9/12/2024 18:00,16.482
9/12/2024 18:10,16.45
9/12/2024 18:20,16.439
9/12/2024 18:30,16.364
9/12/2024 18:40,16.353
9/12/2024 18:50,16.321
9/12/2024 19:00,16.289
9/12/2024 19:10,16.256
9/12/2024 19:20,16.214
9/12/2024 19:30,16.181
9/12/2024 19:40,16.149
9/12/2024 19:50,16.128
9/12/2024 20:00,16.106
9/12/2024 20:10,16.074
9/12/2024 20:20,16.063
9/12/2024 20:30,16.021
9/12/2024 20:40,15.999
9/12/2024 20:50,15.967
9/12/2024 21:00,15.945
9/12/2024 21:10,15.945
9/12/2024 21:20,15.903
9/12/2024 21:30,15.86
9/12/2024 21:40,15.849
9/12/2024 21:50,15.838
9/12/2024 22:00,15.817
9/12/2024 22:10,15.806
9/12/2024 22:20,15.763
9/12/2024 22:30,15.774
9/12/2024 22:40,15.72
9/12/2024 22:50,15.731
9/12/2024 23:00,15.688
9/12/2024 23:10,15.677
9/12/2024 23:20,15.677
9/12/2024 23:30,15.656
9/12/2024 23:40,15.634
9/12/2024 23:50,15.624
9/13/2024 0:00,15.602
9/13/2024 0:10,15.592
9/13/2024 0:20,15.581
9/13/2024 0:30,15.57
9/13/2024 0:40,15.527
9/13/2024 0:50,15.527
9/13/2024 1:00,15.484
9/13/2024 1:10,15.495
9/13/2024 1:20,15.463
9/13/2024 1:30,15.441
9/13/2024 1:40,15.431
9/13/2024 1:50,15.42
9/13/2024 2:00,15.409
9/13/2024 2:10,15.388
9/13/2024 2:20,15.377
9/13/2024 2:30,15.356
9/13/2024 2:40,15.334
9/13/2024 2:50,15.323
9/13/2024 3:00,15.302
9/13/2024 3:10,15.28
9/13/2024 3:20,15.28
9/13/2024 3:30,15.259
9/13/2024 3:40,15.238
9/13/2024 3:50,15.227
9/13/2024 4:00,15.205
9/13/2024 4:10,15.184
9/13/2024 4:20,15.195
9/13/2024 4:30,15.13
9/13/2024 4:40,15.141
9/13/2024 4:50,15.109
9/13/2024 5:00,15.12
9/13/2024 5:10,15.066
9/13/2024 5:20,15.087
9/13/2024 5:30,15.034
9/13/2024 5:40,15.045
9/13/2024 5:50,15.034
9/13/2024 6:00,15.002
9/13/2024 6:10,15.002
9/13/2024 6:20,14.98
9/13/2024 6:30,14.959
9/13/2024 6:40,14.98
9/13/2024 6:50,14.948
9/13/2024 7:00,14.927
9/13/2024 7:10,14.948
9/13/2024 7:20,14.927
9/13/2024 7:30,14.927
9/13/2024 7:40,14.959
9/13/2024 7:50,14.948
9/13/2024 8:00,14.969
9/13/2024 8:10,14.98
9/13/2024 8:20,15.023
9/13/2024 8:30,15.034
9/13/2024 8:40,15.055
9/13/2024 8:50,15.077
9/13/2024 9:00,15.087
9/13/2024 9:10,15.13
9/13/2024 9:20,15.13
9/13/2024 9:30,15.163
9/13/2024 9:40,15.173
9/13/2024 9:50,15.184
9/13/2024 10:00,15.184
9/13/2024 10:10,15.238
9/13/2024 10:20,15.216
9/13/2024 10:30,15.248
9/13/2024 10:40,15.216
9/13/2024 10:50,15.238
9/13/2024 11:00,15.227
9/13/2024 11:10,15.227
9/13/2024 11:20,15.227
9/13/2024 11:30,15.238
9/13/2024 11:40,15.216
9/13/2024 11:50,15.238
9/13/2024 12:00,15.227
9/13/2024 12:10,15.195
9/13/2024 12:20,15.216
9/13/2024 12:30,15.195
9/13/2024 12:40,15.195
9/13/2024 12:50,15.195
9/13/2024 13:00,15.184
9/13/2024 13:10,15.173
9/13/2024 13:20,15.152
9/13/2024 13:30,15.152
9/13/2024 13:40,15.12
9/13/2024 13:50,15.12
9/13/2024 14:00,15.087
9/13/2024 14:10,15.066
9/13/2024 14:20,15.045
9/13/2024 14:30,15.055
9/13/2024 14:40,15.023
9/13/2024 14:50,14.991
9/13/2024 15:00,14.991
9/13/2024 15:10,14.991
9/13/2024 15:20,14.959
9/13/2024 15:30,14.948
9/13/2024 15:40,14.948
9/13/2024 15:50,14.916
9/13/2024 16:00,14.894
9/13/2024 16:10,14.894
9/13/2024 16:20,14.884
9/13/2024 16:30,14.862
9/13/2024 16:40,14.83
9/13/2024 16:50,14.83
9/13/2024 17:00,14.809
9/13/2024 17:10,14.809
9/13/2024 17:20,14.755
9/13/2024 17:30,14.734
9/13/2024 17:40,14.691
9/13/2024 17:50,14.68
9/13/2024 18:00,14.616
9/13/2024 18:10,14.594
9/13/2024 18:20,14.551
9/13/2024 18:30,14.519
9/13/2024 18:40,14.455
9/13/2024 18:50,14.412
9/13/2024 19:00,14.369
9/13/2024 19:10,14.315
9/13/2024 19:20,14.251
9/13/2024 19:30,14.208
9/13/2024 19:40,14.176
9/13/2024 19:50,14.111
9/13/2024 20:00,14.058
9/13/2024 20:10,14.004
9/13/2024 20:20,13.951
9/13/2024 20:30,13.886
9/13/2024 20:40,13.822
9/13/2024 20:50,13.779
9/13/2024 21:00,13.725
9/13/2024 21:10,13.672
9/13/2024 21:20,13.597
9/13/2024 21:30,13.554
9/13/2024 21:40,13.522
9/13/2024 21:50,13.446
9/13/2024 22:00,13.404
9/13/2024 22:10,13.329
9/13/2024 22:20,13.275
9/13/2024 22:30,13.221
9/13/2024 22:40,13.146
9/13/2024 22:50,13.093
9/13/2024 23:00,13.039
9/13/2024 23:10,12.964
9/13/2024 23:20,12.9
9/13/2024 23:30,12.835
9/13/2024 23:40,12.803
9/13/2024 23:50,12.739
9/14/2024 0:00,12.696
9/14/2024 0:10,12.621
9/14/2024 0:20,12.567
9/14/2024 0:30,12.492
9/14/2024 0:40,12.449
9/14/2024 0:50,12.395
9/14/2024 1:00,12.342
9/14/2024 1:10,12.277
9/14/2024 1:20,12.213
9/14/2024 1:30,12.17
9/14/2024 1:40,12.106
9/14/2024 1:50,12.052
9/14/2024 2:00,11.999
9/14/2024 2:10,11.956
9/14/2024 2:20,11.881
9/14/2024 2:30,11.827
9/14/2024 2:40,11.784
9/14/2024 2:50,11.709
9/14/2024 3:00,11.634
9/14/2024 3:10,11.623
9/14/2024 3:20,11.559
9/14/2024 3:30,11.495
9/14/2024 3:40,11.452
9/14/2024 3:50,11.377
9/14/2024 4:00,11.334
9/14/2024 4:10,11.291
9/14/2024 4:20,11.216
9/14/2024 4:30,11.184
9/14/2024 4:40,11.141
9/14/2024 4:50,11.076
9/14/2024 5:00,11.033
9/14/2024 5:10,10.969
9/14/2024 5:20,10.948
9/14/2024 5:30,10.883
9/14/2024 5:40,10.851
9/14/2024 5:50,10.787
9/14/2024 6:00,10.765
9/14/2024 6:10,10.722
9/14/2024 6:20,10.679
9/14/2024 6:30,10.637
9/14/2024 6:40,10.604
9/14/2024 6:50,10.594
9/14/2024 7:00,10.604
9/14/2024 7:10,10.604
9/14/2024 7:20,10.594
9/14/2024 7:30,10.572
9/14/2024 7:40,10.54
9/14/2024 7:50,10.529
9/14/2024 8:00,10.476
9/14/2024 8:10,10.508
9/14/2024 8:20,10.54
9/14/2024 8:30,10.54
9/14/2024 8:40,10.583
9/14/2024 8:50,10.572
9/14/2024 9:00,10.583
9/14/2024 9:10,10.637
9/14/2024 9:20,10.669
9/14/2024 9:30,10.744
9/14/2024 9:40,10.84
9/14/2024 9:50,10.862
9/14/2024 10:00,10.926
9/14/2024 10:10,10.98
9/14/2024 10:20,11.066
9/14/2024 10:30,11.151
9/14/2024 10:40,11.216
9/14/2024 10:50,11.28
9/14/2024 11:00,11.366
9/14/2024 11:10,11.398
9/14/2024 11:20,11.484
9/14/2024 11:30,11.559
9/14/2024 11:40,11.602
9/14/2024 11:50,11.666
9/14/2024 12:00,11.741
9/14/2024 12:10,11.795
9/14/2024 12:20,11.87
9/14/2024 12:30,11.934
9/14/2024 12:40,11.999
9/14/2024 12:50,12.052
9/14/2024 13:00,12.117
9/14/2024 13:10,12.192
9/14/2024 13:20,12.267
9/14/2024 13:30,12.331
9/14/2024 13:40,12.395
9/14/2024 13:50,12.471
9/14/2024 14:00,12.513
9/14/2024 14:10,12.567
9/14/2024 14:20,12.599
9/14/2024 14:30,12.674
9/14/2024 14:40,12.706
9/14/2024 14:50,12.739
9/14/2024 15:00,12.782
9/14/2024 15:10,12.814
9/14/2024 15:20,12.824
9/14/2024 15:30,12.846
9/14/2024 15:40,12.878
9/14/2024 15:50,12.9
9/14/2024 16:00,12.921
9/14/2024 16:10,12.932
9/14/2024 16:20,12.932
9/14/2024 16:30,12.975
9/14/2024 16:40,12.964
9/14/2024 16:50,12.975
9/14/2024 17:00,12.996
9/14/2024 17:10,13.007
9/14/2024 17:20,13.017
9/14/2024 17:30,13.007
9/14/2024 17:40,13.007
9/14/2024 17:50,12.985
9/14/2024 18:00,13.017
9/14/2024 18:10,13.017
9/14/2024 18:20,13.007
9/14/2024 18:30,13.017
9/14/2024 18:40,13.017
9/14/2024 18:50,12.996
9/14/2024 19:00,13.017
9/14/2024 19:10,12.985
9/14/2024 19:20,12.996
9/14/2024 19:30,12.985
9/14/2024 19:40,12.996
9/14/2024 19:50,12.975
9/14/2024 20:00,12.975
9/14/2024 20:10,12.964
9/14/2024 20:20,12.975
9/14/2024 20:30,12.964
9/14/2024 20:40,12.964
9/14/2024 20:50,12.953
9/14/2024 21:00,12.942
9/14/2024 21:10,12.942
9/14/2024 21:20,12.91
9/14/2024 21:30,12.91
9/14/2024 21:40,12.91
9/14/2024 21:50,12.9
9/14/2024 22:00,12.9
9/14/2024 22:10,12.878
9/14/2024 22:20,12.878
9/14/2024 22:30,12.889
9/14/2024 22:40,12.878
9/14/2024 22:50,12.857
9/14/2024 23:00,12.867
9/14/2024 23:10,12.835
9/14/2024 23:20,12.835
9/14/2024 23:30,12.835
9/14/2024 23:40,12.814
9/14/2024 23:50,12.792
9/15/2024 0:00,12.803
9/15/2024 0:10,12.782
9/15/2024 0:20,12.782
9/15/2024 0:30,12.782
9/15/2024 0:40,12.749
9/15/2024 0:50,12.728
9/15/2024 1:00,12.717
9/15/2024 1:10,12.706
9/15/2024 1:20,12.696
9/15/2024 1:30,12.685
9/15/2024 1:40,12.685
9/15/2024 1:50,12.664
9/15/2024 2:00,12.642
9/15/2024 2:10,12.642
9/15/2024 2:20,12.631
9/15/2024 2:30,12.61
9/15/2024 2:40,12.588
9/15/2024 2:50,12.578
9/15/2024 3:00,12.599
9/15/2024 3:10,12.567
9/15/2024 3:20,12.546
9/15/2024 3:30,12.524
9/15/2024 3:40,12.535
9/15/2024 3:50,12.513
9/15/2024 4:00,12.481
9/15/2024 4:10,12.481
9/15/2024 4:20,12.449
9/15/2024 4:30,12.46
9/15/2024 4:40,12.428
9/15/2024 4:50,12.449
9/15/2024 5:00,12.428
9/15/2024 5:10,12.428
9/15/2024 5:20,12.406
9/15/2024 5:30,12.374
9/15/2024 5:40,12.395
9/15/2024 5:50,12.395
9/15/2024 6:00,12.363
9/15/2024 6:10,12.353
9/15/2024 6:20,12.353
9/15/2024 6:30,12.331
9/15/2024 6:40,12.331
9/15/2024 6:50,12.32
9/15/2024 7:00,12.331
9/15/2024 7:10,12.31
9/15/2024 7:20,12.342
9/15/2024 7:30,12.342
9/15/2024 7:40,12.342
9/15/2024 7:50,12.331
9/15/2024 8:00,12.331
9/15/2024 8:10,12.342
9/15/2024 8:20,12.353
9/15/2024 8:30,12.363
9/15/2024 8:40,12.374
9/15/2024 8:50,12.374
9/15/2024 9:00,12.395
9/15/2024 9:10,12.438
9/15/2024 9:20,12.449
9/15/2024 9:30,12.449
9/15/2024 9:40,12.481
9/15/2024 9:50,12.503
9/15/2024 10:00,12.556
9/15/2024 10:10,12.578
9/15/2024 10:20,12.674
9/15/2024 10:30,12.664
9/15/2024 10:40,12.706
9/15/2024 10:50,12.771
9/15/2024 11:00,12.846
9/15/2024 11:10,12.91
9/15/2024 11:20,12.985
9/15/2024 11:30,13.071
9/15/2024 11:40,13.178
9/15/2024 11:50,13.286
9/15/2024 12:00,13.35
9/15/2024 12:10,13.446
9/15/2024 12:20,13.511
9/15/2024 12:30,13.554
9/15/2024 12:40,13.65
9/15/2024 12:50,13.747
9/15/2024 13:00,13.779
9/15/2024 13:10,13.854
9/15/2024 13:20,13.929
9/15/2024 13:30,14.004
9/15/2024 13:40,14.069
9/15/2024 13:50,14.133
9/15/2024 14:00,14.197
9/15/2024 14:10,14.251
9/15/2024 14:20,14.326
9/15/2024 14:30,14.358
9/15/2024 14:40,14.38
9/15/2024 14:50,14.444
9/15/2024 15:00,14.476
9/15/2024 15:10,14.508
9/15/2024 15:20,14.519
9/15/2024 15:30,14.53
9/15/2024 15:40,14.508
9/15/2024 15:50,14.562
9/15/2024 16:00,14.551
9/15/2024 16:10,14.551
9/15/2024 16:20,14.551
9/15/2024 16:30,14.54
9/15/2024 16:40,14.53
9/15/2024 16:50,14.519
9/15/2024 17:00,14.508
9/15/2024 17:10,14.487
9/15/2024 17:20,14.444
9/15/2024 17:30,14.444
9/15/2024 17:40,14.38
9/15/2024 17:50,14.315
9/15/2024 18:00,14.315
9/15/2024 18:10,14.283
9/15/2024 18:20,14.24
9/15/2024 18:30,14.187
9/15/2024 18:40,14.187
9/15/2024 18:50,14.133
9/15/2024 19:00,14.09
9/15/2024 19:10,14.069
9/15/2024 19:20,14.015
9/15/2024 19:30,13.961
9/15/2024 19:40,13.929
9/15/2024 19:50,13.876
9/15/2024 20:00,13.833
9/15/2024 20:10,13.779
9/15/2024 20:20,13.736
9/15/2024 20:30,13.704
9/15/2024 20:40,13.64
9/15/2024 20:50,13.597
9/15/2024 21:00,13.554
9/15/2024 21:10,13.522
9/15/2024 21:20,13.436
9/15/2024 21:30,13.436
9/15/2024 21:40,13.382
9/15/2024 21:50,13.307
9/15/2024 22:00,13.275
9/15/2024 22:10,13.232
9/15/2024 22:20,13.189
9/15/2024 22:30,13.135
9/15/2024 22:40,13.071
9/15/2024 22:50,13.039
9/15/2024 23:00,12.985
9/15/2024 23:10,12.942
9/15/2024 23:20,12.9
9/15/2024 23:30,12.835
9/15/2024 23:40,12.792
9/15/2024 23:50,12.717
9/16/2024 0:00,12.696
9/16/2024 0:10,12.642
9/16/2024 0:20,12.599
9/16/2024 0:30,12.535
9/16/2024 0:40,12.481
9/16/2024 0:50,12.438
9/16/2024 1:00,12.395
9/16/2024 1:10,12.353
9/16/2024 1:20,12.31
9/16/2024 1:30,12.256
9/16/2024 1:40,12.192
9/16/2024 1:50,12.149
9/16/2024 2:00,12.106
9/16/2024 2:10,12.063
9/16/2024 2:20,12.02
9/16/2024 2:30,11.956
9/16/2024 2:40,11.891
9/16/2024 2:50,11.859
9/16/2024 3:00,11.816
9/16/2024 3:10,11.795
9/16/2024 3:20,11.73
9/16/2024 3:30,11.677
9/16/2024 3:40,11.623
9/16/2024 3:50,11.559
9/16/2024 4:00,11.537
9/16/2024 4:10,11.505
9/16/2024 4:20,11.43
9/16/2024 4:30,11.409
9/16/2024 4:40,11.355
9/16/2024 4:50,11.323
9/16/2024 5:00,11.269
9/16/2024 5:10,11.205
9/16/2024 5:20,11.184
9/16/2024 5:30,11.13
9/16/2024 5:40,11.076
9/16/2024 5:50,11.066
9/16/2024 6:00,11.033
9/16/2024 6:10,10.99
9/16/2024 6:20,10.937
9/16/2024 6:30,10.905
9/16/2024 6:40,10.872
9/16/2024 6:50,10.851
9/16/2024 7:00,10.872
9/16/2024 7:10,10.862
9/16/2024 7:20,10.808
9/16/2024 7:30,10.808
9/16/2024 7:40,10.776
9/16/2024 7:50,10.765
9/16/2024 8:00,10.754
9/16/2024 8:10,10.765
9/16/2024 8:20,10.797
9/16/2024 8:30,10.797
9/16/2024 8:40,10.808
9/16/2024 8:50,10.83
9/16/2024 9:00,10.872
9/16/2024 9:10,10.905
9/16/2024 9:20,10.926
9/16/2024 9:30,10.99
9/16/2024 9:40,11.033
9/16/2024 9:50,11.119
9/16/2024 10:00,11.173
9/16/2024 10:10,11.248
9/16/2024 10:20,11.334
9/16/2024 10:30,11.419
9/16/2024 10:40,11.495
9/16/2024 10:50,11.58
9/16/2024 11:00,11.666
9/16/2024 11:10,11.763
9/16/2024 11:20,11.881
9/16/2024 11:30,11.988
9/16/2024 11:40,12.106
9/16/2024 11:50,12.192
9/16/2024 12:00,12.277
9/16/2024 12:10,12.374
9/16/2024 12:20,12.449
9/16/2024 12:30,12.556
9/16/2024 12:40,12.61
9/16/2024 12:50,12.706
9/16/2024 13:00,12.749
9/16/2024 13:10,12.792
9/16/2024 13:20,12.835
9/16/2024 13:30,12.9
9/16/2024 13:40,12.953
9/16/2024 13:50,13.007
9/16/2024 14:00,13.05
9/16/2024 14:10,13.093
9/16/2024 14:20,13.135
9/16/2024 14:30,13.189
9/16/2024 14:40,13.2
9/16/2024 14:50,13.253
9/16/2024 15:00,13.286
9/16/2024 15:10,13.329
9/16/2024 15:20,13.35
9/16/2024 15:30,13.371
9/16/2024 15:40,13.414
9/16/2024 15:50,13.425
9/16/2024 16:00,13.425
9/16/2024 16:10,13.436
9/16/2024 16:20,13.5
9/16/2024 16:30,13.479
9/16/2024 16:40,13.479
9/16/2024 16:50,13.5
9/16/2024 17:00,13.5
9/16/2024 17:10,13.5
9/16/2024 17:20,13.511
9/16/2024 17:30,13.522
9/16/2024 17:40,13.532
9/16/2024 17:50,13.511
9/16/2024 18:00,13.522
9/16/2024 18:10,13.532
9/16/2024 18:20,13.522
9/16/2024 18:30,13.543
9/16/2024 18:40,13.522
9/16/2024 18:50,13.511
9/16/2024 19:00,13.511
9/16/2024 19:10,13.511
9/16/2024 19:20,13.5
9/16/2024 19:30,13.489
9/16/2024 19:40,13.457
9/16/2024 19:50,13.479
9/16/2024 20:00,13.436
9/16/2024 20:10,13.436
9/16/2024 20:20,13.425
9/16/2024 20:30,13.425
9/16/2024 20:40,13.414
9/16/2024 20:50,13.382
9/16/2024 21:00,13.361
9/16/2024 21:10,13.361
9/16/2024 21:20,13.339
9/16/2024 21:30,13.329
9/16/2024 21:40,13.296
9/16/2024 21:50,13.264
9/16/2024 22:00,13.286
9/16/2024 22:10,13.264
9/16/2024 22:20,13.253
9/16/2024 22:30,13.243
9/16/2024 22:40,13.221
9/16/2024 22:50,13.211
9/16/2024 23:00,13.189
9/16/2024 23:10,13.168
9/16/2024 23:20,13.146
9/16/2024 23:30,13.125
9/16/2024 23:40,13.114
9/16/2024 23:50,13.103
9/17/2024 0:00,13.082
9/17/2024 0:10,13.093
9/17/2024 0:20,13.06
9/17/2024 0:30,13.06
9/17/2024 0:40,13.06
9/17/2024 0:50,13.028
9/17/2024 1:00,13.028
9/17/2024 1:10,13.007
9/17/2024 1:20,12.996
9/17/2024 1:30,12.953
9/17/2024 1:40,12.964
9/17/2024 1:50,12.964
9/17/2024 2:00,12.953
9/17/2024 2:10,12.953
9/17/2024 2:20,12.932
9/17/2024 2:30,12.942
9/17/2024 2:40,12.953
9/17/2024 2:50,12.921
9/17/2024 3:00,12.921
9/17/2024 3:10,12.91
9/17/2024 3:20,12.953
9/17/2024 3:30,12.942
9/17/2024 3:40,12.942
9/17/2024 3:50,12.942
9/17/2024 4:00,12.964
9/17/2024 4:10,12.932
9/17/2024 4:20,12.942
9/17/2024 4:30,12.942
9/17/2024 4:40,12.964
9/17/2024 4:50,12.953
9/17/2024 5:00,12.942
9/17/2024 5:10,12.953
9/17/2024 5:20,12.953
9/17/2024 5:30,12.953
9/17/2024 5:40,12.964
9/17/2024 5:50,12.975
9/17/2024 6:00,12.996
9/17/2024 6:10,12.985
9/17/2024 6:20,12.985
9/17/2024 6:30,13.007
9/17/2024 6:40,13.007
9/17/2024 6:50,13.007
9/17/2024 7:00,13.028
9/17/2024 7:10,13.06
9/17/2024 7:20,13.071
9/17/2024 7:30,13.082
9/17/2024 7:40,13.114
9/17/2024 7:50,13.125
9/17/2024 8:00,13.135
9/17/2024 8:10,13.178
9/17/2024 8:20,13.2
9/17/2024 8:30,13.253
9/17/2024 8:40,13.275
9/17/2024 8:50,13.307
9/17/2024 9:00,13.307
9/17/2024 9:10,13.361
9/17/2024 9:20,13.404
9/17/2024 9:30,13.446
9/17/2024 9:40,13.457
9/17/2024 9:50,13.511
9/17/2024 10:00,13.564
9/17/2024 10:10,13.586
9/17/2024 10:20,13.629
9/17/2024 10:30,13.682
9/17/2024 10:40,13.758
9/17/2024 10:50,13.779
9/17/2024 11:00,13.843
9/17/2024 11:10,13.876
9/17/2024 11:20,13.961
9/17/2024 11:30,14.036
9/17/2024 11:40,14.122
9/17/2024 11:50,14.165
9/17/2024 12:00,14.229
9/17/2024 12:10,14.294
9/17/2024 12:20,14.401
9/17/2024 12:30,14.444
9/17/2024 12:40,14.498
9/17/2024 12:50,14.562
9/17/2024 13:00,14.648
9/17/2024 13:10,14.734
9/17/2024 13:20,14.798
9/17/2024 13:30,14.841
9/17/2024 13:40,14.894
9/17/2024 13:50,14.98
9/17/2024 14:00,15.012
9/17/2024 14:10,15.066
9/17/2024 14:20,15.13
9/17/2024 14:30,15.152
9/17/2024 14:40,15.163
9/17/2024 14:50,15.205
9/17/2024 15:00,15.248
9/17/2024 15:10,15.238
9/17/2024 15:20,15.248
9/17/2024 15:30,15.28
9/17/2024 15:40,15.313
9/17/2024 15:50,15.323
9/17/2024 16:00,15.323
9/17/2024 16:10,15.334
9/17/2024 16:20,15.334
9/17/2024 16:30,15.334
9/17/2024 16:40,15.334
9/17/2024 16:50,15.323
9/17/2024 17:00,15.323
9/17/2024 17:10,15.313
9/17/2024 17:20,15.291
9/17/2024 17:30,15.28
9/17/2024 17:40,15.259
9/17/2024 17:50,15.227
9/17/2024 18:00,15.195
9/17/2024 18:10,15.195
9/17/2024 18:20,15.184
9/17/2024 18:30,15.13
9/17/2024 18:40,15.098
9/17/2024 18:50,15.066
9/17/2024 19:00,15.012
9/17/2024 19:10,15.002
9/17/2024 19:20,14.959
9/17/2024 19:30,14.948
9/17/2024 19:40,14.905
9/17/2024 19:50,14.873
9/17/2024 20:00,14.851
9/17/2024 20:10,14.809
9/17/2024 20:20,14.766
9/17/2024 20:30,14.744
9/17/2024 20:40,14.691
9/17/2024 20:50,14.658
9/17/2024 21:00,14.626
9/17/2024 21:10,14.583
9/17/2024 21:20,14.54
9/17/2024 21:30,14.487
9/17/2024 21:40,14.487
9/17/2024 21:50,14.444
9/17/2024 22:00,14.401
9/17/2024 22:10,14.39
9/17/2024 22:20,14.337
9/17/2024 22:30,14.315
9/17/2024 22:40,14.283
9/17/2024 22:50,14.272
9/17/2024 23:00,14.229
9/17/2024 23:10,14.219
9/17/2024 23:20,14.197
9/17/2024 23:30,14.165
9/17/2024 23:40,14.111
9/17/2024 23:50,14.079
9/18/2024 0:00,14.09
9/18/2024 0:10,14.058
9/18/2024 0:20,14.026
9/18/2024 0:30,14.015
9/18/2024 0:40,14.015
9/18/2024 0:50,13.972
9/18/2024 1:00,13.972
9/18/2024 1:10,13.929
9/18/2024 1:20,13.929
9/18/2024 1:30,13.897
9/18/2024 1:40,13.854
9/18/2024 1:50,13.843
9/18/2024 2:00,13.833
9/18/2024 2:10,13.811
9/18/2024 2:20,13.8
9/18/2024 2:30,13.747
9/18/2024 2:40,13.725
9/18/2024 2:50,13.736
9/18/2024 3:00,13.715
9/18/2024 3:10,13.661
9/18/2024 3:20,13.661
9/18/2024 3:30,13.629
9/18/2024 3:40,13.586
9/18/2024 3:50,13.564
9/18/2024 4:00,13.554
9/18/2024 4:10,13.489
9/18/2024 4:20,13.489
9/18/2024 4:30,13.436
9/18/2024 4:40,13.414
9/18/2024 4:50,13.393
9/18/2024 5:00,13.371
9/18/2024 5:10,13.329
9/18/2024 5:20,13.307
9/18/2024 5:30,13.286
9/18/2024 5:40,13.243
9/18/2024 5:50,13.253
9/18/2024 6:00,13.189
9/18/2024 6:10,13.168
9/18/2024 6:20,13.157
9/18/2024 6:30,13.114
9/18/2024 6:40,13.103
9/18/2024 6:50,13.082
9/18/2024 7:00,13.103
9/18/2024 7:10,13.082
9/18/2024 7:20,13.071
9/18/2024 7:30,13.06
9/18/2024 7:40,13.039
9/18/2024 7:50,12.996
9/18/2024 8:00,12.996
9/18/2024 8:10,12.996
9/18/2024 8:20,13.017
9/18/2024 8:30,13.06
9/18/2024 8:40,13.06
9/18/2024 8:50,13.071
9/18/2024 9:00,13.103
9/18/2024 9:10,13.125
9/18/2024 9:20,13.168
9/18/2024 9:30,13.2
9/18/2024 9:40,13.253
9/18/2024 9:50,13.329
9/18/2024 10:00,13.361
9/18/2024 10:10,13.436
9/18/2024 10:20,13.532
9/18/2024 10:30,13.597
9/18/2024 10:40,13.65
9/18/2024 10:50,13.725
9/18/2024 11:00,13.8
9/18/2024 11:10,13.929
9/18/2024 11:20,13.983
9/18/2024 11:30,14.09
9/18/2024 11:40,14.208
9/18/2024 11:50,14.315
9/18/2024 12:00,14.401
9/18/2024 12:10,14.498
9/18/2024 12:20,14.605
9/18/2024 12:30,14.691
9/18/2024 12:40,14.819
9/18/2024 12:50,14.894
9/18/2024 13:00,15.002
9/18/2024 13:10,15.087
9/18/2024 13:20,15.152
9/18/2024 13:30,15.238
9/18/2024 13:40,15.28
9/18/2024 13:50,15.334
9/18/2024 14:00,15.366
9/18/2024 14:10,15.388
9/18/2024 14:20,15.441
9/18/2024 14:30,15.441
9/18/2024 14:40,15.474
9/18/2024 14:50,15.474
9/18/2024 15:00,15.495
9/18/2024 15:10,15.495
9/18/2024 15:20,15.506
9/18/2024 15:30,15.495
9/18/2024 15:40,15.516
9/18/2024 15:50,15.527
9/18/2024 16:00,15.527
9/18/2024 16:10,15.506
9/18/2024 16:20,15.527
9/18/2024 16:30,15.527
9/18/2024 16:40,15.516
9/18/2024 16:50,15.516
9/18/2024 17:00,15.527
9/18/2024 17:10,15.484
9/18/2024 17:20,15.474
9/18/2024 17:30,15.452
9/18/2024 17:40,15.441
9/18/2024 17:50,15.409
9/18/2024 18:00,15.366
9/18/2024 18:10,15.345
9/18/2024 18:20,15.28
9/18/2024 18:30,15.238
9/18/2024 18:40,15.216
9/18/2024 18:50,15.184
9/18/2024 19:00,15.141
9/18/2024 19:10,15.098
9/18/2024 19:20,15.066
9/18/2024 19:30,15.045
9/18/2024 19:40,15.002
9/18/2024 19:50,14.948
9/18/2024 20:00,14.927
9/18/2024 20:10,14.894
9/18/2024 20:20,14.862
9/18/2024 20:30,14.83
9/18/2024 20:40,14.776
9/18/2024 20:50,14.723
9/18/2024 21:00,14.701
9/18/2024 21:10,14.669
9/18/2024 21:20,14.637
9/18/2024 21:30,14.605
9/18/2024 21:40,14.583
9/18/2024 21:50,14.54
9/18/2024 22:00,14.498
9/18/2024 22:10,14.455
9/18/2024 22:20,14.444
9/18/2024 22:30,14.412
9/18/2024 22:40,14.38
9/18/2024 22:50,14.369
9/18/2024 23:00,14.347
9/18/2024 23:10,14.337
9/18/2024 23:20,14.305
9/18/2024 23:30,14.315
9/18/2024 23:40,14.283
9/18/2024 23:50,14.283
9/19/2024 0:00,14.251
9/19/2024 0:10,14.262
9/19/2024 0:20,14.24
9/19/2024 0:30,14.262
9/19/2024 0:40,14.219
9/19/2024 0:50,14.219
9/19/2024 1:00,14.208
9/19/2024 1:10,14.197
9/19/2024 1:20,14.229
9/19/2024 1:30,14.197
9/19/2024 1:40,14.197
9/19/2024 1:50,14.176
9/19/2024 2:00,14.197
9/19/2024 2:10,14.165
9/19/2024 2:20,14.144
9/19/2024 2:30,14.144
9/19/2024 2:40,14.133
9/19/2024 2:50,14.101
9/19/2024 3:00,14.122
9/19/2024 3:10,14.09
9/19/2024 3:20,14.069
9/19/2024 3:30,14.069
9/19/2024 3:40,14.036
9/19/2024 3:50,14.026
9/19/2024 4:00,14.015
9/19/2024 4:10,13.993
9/19/2024 4:20,13.972
9/19/2024 4:30,13.951
9/19/2024 4:40,13.951
9/19/2024 4:50,13.908
9/19/2024 5:00,13.897
9/19/2024 5:10,13.886
9/19/2024 5:20,13.843
9/19/2024 5:30,13.811
9/19/2024 5:40,13.8
9/19/2024 5:50,13.768
9/19/2024 6:00,13.768
9/19/2024 6:10,13.725
9/19/2024 6:20,13.704
9/19/2024 6:30,13.682
9/19/2024 6:40,13.682
9/19/2024 6:50,13.661
9/19/2024 7:00,13.65
9/19/2024 7:10,13.65
9/19/2024 7:20,13.65
9/19/2024 7:30,13.65
9/19/2024 7:40,13.575
9/19/2024 7:50,13.554
9/19/2024 8:00,13.543
9/19/2024 8:10,13.532
9/19/2024 8:20,13.532
9/19/2024 8:30,13.522
9/19/2024 8:40,13.564
9/19/2024 8:50,13.532
9/19/2024 9:00,13.532
9/19/2024 9:10,13.543
9/19/2024 9:20,13.554
9/19/2024 9:30,13.575
9/19/2024 9:40,13.586
9/19/2024 9:50,13.629
9/19/2024 10:00,13.672
9/19/2024 10:10,13.682
9/19/2024 10:20,13.736
9/19/2024 10:30,13.779
