"","FishID","Species","temp_bin","rate","rate_final","rate_ggd","rep","trial","mass","vol","rsq","sd","deltatemp"
"1","Masu1","Masu",17,-0.000725215337593761,4.61500669377848,0.00664560963904101,1,1,3.3,350,0.995273408946156,0.00352120827878333,0.00600000000000023
"2","Masu1","Masu",17,-0.000610898860794662,3.88753820505694,0.00559805501528199,2,1,3.3,350,0.989339272307674,0.00446798839027502,0.0119999999999969
"3","Masu1","Masu",18,-0.000614476243400924,3.91030336709679,0.00563083684861938,3,1,3.3,350,0.990230093489628,0.00430035353566561,0.0150000000000006
"4","Masu1","Masu",18,-0.000586683801055844,3.73344237035537,0.00537615701331174,4,1,3.3,350,0.989849984560683,0.00418576341911851,0.0189999999999984
"5","Masu1","Masu",18,-0.000560225062517367,3.56506857965597,0.0051336987547046,5,1,3.3,350,0.993497597923654,0.00319328700310145,0.0200000000000031
"6","Masu1","Masu",18,-0.00129030286190608,8.21101821212962,0.0118238662254667,6,1,3.3,350,0.995995555205414,0.00576442556843751,0.0240000000000009
"7","Masu1","Masu",18,-0.000606751875520991,3.86114829876994,0.00556005355022871,7,1,3.3,350,0.988167697656114,0.00467791525796379,0.0259999999999998
"8","Masu1","Masu",19,-0.00102524312308974,6.52427441966195,0.00939495516431321,8,1,3.3,350,0.960092922776893,0.0147270957847694,0.0280000000000022
"9","Masu1","Masu",19,-0.00100645318143928,6.4047020637045,0.00922277097173447,9,1,3.3,350,0.986191332618992,0.00839094338217558,0.027000000000001
"10","Masu1","Masu",19,-0.000548152264517923,3.48824168329587,0.00502306802394606,10,1,3.3,350,0.96750710709682,0.00707766886998581,0.0269999999999975
"11","Masu1","Masu",19,-0.000969345651569881,6.16856323726288,0.00888273106165855,11,1,3.3,350,0.93256297546851,0.0183658359996775,0.0370000000000026
"12","Masu1","Masu",20,-0.00109096971380937,6.94253454242329,0.00999724974108954,15,1,3.3,350,0.989930868952825,0.00775225727887847,0.0229999999999997
"13","Masu1","Masu",21,-0.00155593220338982,9.90138674884429,0.0142579969183358,17,1,3.3,350,0.955340585818847,0.0237022724782079,0.0380000000000003
"14","Masu1","Masu",21,-0.000727035287579871,4.62658819369009,0.00666228699891373,18,1,3.3,350,0.977733470864713,0.00773024808319841,0.0310000000000024
"15","Masu1","Masu",21,-0.00069392886913031,4.4159109853747,0.00635891181893956,19,1,3.3,350,0.981716433928234,0.00667228053420445,0.0380000000000003
"16","Masu1","Masu",22,-0.000661204501250342,4.20766500795672,0.00605903761145768,20,1,3.3,350,0.948161104351507,0.010892925268344,0.0180000000000007
"17","Masu1","Masu",22,-0.00144054598499582,9.16711081360979,0.0132006395715981,22,1,3.3,350,0.956751340969024,0.0215792243255234,0.00600000000000023
"18","Masu1","Masu",22,-0.00086718532925812,5.51845209527894,0.00794657101720168,23,1,3.3,350,0.990647543510744,0.00593659069140812,0.0139999999999993
"19","Masu1","Masu",22,-0.000910363989997236,5.7932253908915,0.00834224456288376,24,1,3.3,350,0.983719617169371,0.00825151381497666,0.017000000000003
"20","Masu1","Masu",22,-0.000959759655459841,6.10756144383535,0.00879488847912291,25,1,3.3,350,0.983648431424551,0.00871854810505801,0.00799999999999912
"21","Masu1","Masu",22,-0.000829008057793838,5.27550582232443,0.00759672838414717,26,1,3.3,350,0.981720176676515,0.00797026590072475,0.0189999999999984
"22","Masu1","Masu",21,-0.000604126146151699,3.84443911187445,0.00553599232109921,27,1,3.3,350,0.961294248687354,0.00854100804809842,0.0199999999999996
"23","Masu1","Masu",21,-0.000799402611836607,5.08710752986932,0.00732543484301182,28,1,3.3,350,0.981294514433329,0.00777628717500924,0.0249999999999986
"24","Masu1","Masu",21,-0.000683516254515151,4.34964889236914,0.00626349440501157,29,1,3.3,350,0.981803803335591,0.00655614760717322,0.0229999999999997
"25","Masu1","Masu",21,-0.000712559044178935,4.53446664477504,0.00652963196847606,30,1,3.3,350,0.96980680746675,0.00885838763796937,0.0219999999999985
"26","Masu1","Masu",21,-0.000745616838010555,4.74483442370353,0.00683256157013308,31,1,3.3,350,0.994830812141328,0.00378681571619716,0.0269999999999975
"27","Masu1","Masu",21,-0.000857321478188384,5.45568213392608,0.00785618227285356,32,1,3.3,350,0.988151313664324,0.00661437783102781,0.0240000000000009
"28","Masu1","Masu",21,-0.000885141706029441,5.63271994746008,0.00811111672434252,33,1,3.3,350,0.97406300069516,0.0101765616032271,0.0210000000000008
"29","Masu1","Masu",21,-0.00078602389552654,5.0019702442598,0.00720283715173411,34,1,3.3,350,0.974283553934133,0.00899747105810005,0.0120000000000005
"30","Masu1","Masu",21,-0.000828521811614328,5.27241152845481,0.00759227260097493,35,1,3.3,350,0.980345791301272,0.00826540242780163,0.0160000000000018
"31","Masu1","Masu",21,-0.000787239510975268,5.00970597893353,0.00721397660966428,36,1,3.3,350,0.975866027497429,0.00872264324128707,0.0169999999999995
"32","Masu1","Masu",21,-0.000921429563767695,5.8636426785217,0.00844364545707125,37,1,3.3,350,0.984916968471528,0.00803393977822478,0.0219999999999985
"33","Masu1","Masu",20,-0.000702806335093078,4.47240395059232,0.00644026168885294,38,1,3.3,350,0.987610510668561,0.00554614780038939,0.0139999999999993
"34","Masu1","Masu",20,-0.000743581550430671,4.73188259364972,0.0068139109348556,39,1,3.3,350,0.990865699098257,0.00503014825516102,0.0139999999999993
"35","Masu1","Masu",20,-0.00124751319811056,7.93872035161268,0.0114317573063223,40,1,3.3,350,0.955962651891783,0.0188650163288927,0.017000000000003
"36","Masu1","Masu",20,-0.00142441650458459,9.06446866553832,0.0130528348783752,42,1,3.3,350,0.981654502899087,0.0137196909247545,0.0110000000000028
"37","Masu1","Masu",20,-0.000806223951097522,5.13051605243878,0.00738794311551184,43,1,3.3,350,0.91681544623782,0.0171103148359927,0.00799999999999912
"38","Masu1","Masu",20,-0.000537906362878584,3.42304049104553,0.00492917830710557,44,1,3.3,350,0.946454278099534,0.00901449020833966,0.0169999999999995
"39","Masu1","Masu",20,-0.00177982078355098,11.3261322589608,0.0163096304529035,45,1,3.3,350,0.959087054606778,0.025899987380427,0.00799999999999912
"40","Masu1","Masu",20,-0.000756376771325365,4.81330672661596,0.00693116168632698,46,1,3.3,350,0.986346030913319,0.00627010639130473,0.00400000000000134
"41","Masu1","Masu",20,-0.000671179494303974,4.27114223647984,0.00615044482053096,47,1,3.3,350,0.935089910480551,0.0124591960062381,0.00799999999999912
"42","Masu1","Masu",20,-0.000779924979160872,4.96315895829646,0.0071469488999469,48,1,3.3,350,0.991094103129354,0.00520902131841387,0
"43","Masu1","Masu",20,-0.000725090302861903,4.61421101821211,0.00664446386622543,49,1,3.3,350,0.972455004502498,0.0085980627851478,0.00499999999999901
"44","Masu1","Masu",17,-0.000480244512364538,3.05610144231979,0.00440078607694049,53,1,3.3,350,0.982023582991854,0.00457799105101301,0.0390000000000015
"45","Masu1","Masu",17,-0.00116064879133092,7.38594685392407,0.0106357634696507,54,1,3.3,350,0.99142074234858,0.00760709077011045,0.0339999999999989
"46","Masu1","Masu",18,-0.00057061683801055,3.63119806006714,0.00522892520649668,55,1,3.3,350,0.940434541703416,0.0101181114920226,0.0310000000000024
"47","Masu1","Masu",18,-0.000966289247013058,6.1491133900831,0.00885472328171966,56,1,3.3,350,0.930615282103392,0.0185898501991897,0.0329999999999977
"48","Masu1","Masu",18,-0.000488760766879691,3.1102957892344,0.00447882593649754,57,1,3.3,350,0.915865915515368,0.010437303105684,0.032
"49","Masu1","Masu",19,-0.0014341414281745,9.12635454292866,0.0131419505418173,59,1,3.3,350,0.963722848414148,0.019604438754235,0.0350000000000001
"50","Masu1","Masu",19,-0.000961656015559877,6.11962918992649,0.00881226603349414,60,1,3.3,350,0.940590786009203,0.0170281793553259,0.0279999999999987
"51","Masu1","Masu",19,-0.00106251736593498,6.76147414685896,0.00973652277147691,61,1,3.3,350,0.981136371581808,0.010380203926726,0.0309999999999988
"52","Masu1","Masu",20,-0.000567289524867999,3.61002424915999,0.00519843491879039,62,1,3.3,350,0.92419056653688,0.0114474180785238,0.0280000000000022
"53","Masu1","Masu",20,-0.000598395387607671,3.80797064841245,0.00548347773371393,63,1,3.3,350,0.981543103139461,0.00578142388261595,0.0279999999999987
"54","Ito1","Ito",17,-0.000623437065851619,2.38039606961527,0.00342777034024599,1,1,5.5,350,0.978858494958185,0.00645539070770172,0.00600000000000023
"55","Ito1","Ito",17,-0.000724485968324531,2.76621915178457,0.00398335557856979,2,1,5.5,350,0.968659292629519,0.00918165079500842,0.0119999999999969
"56","Ito1","Ito",18,-0.00127911919977771,4.88390967187854,0.0070328299275051,3,1,5.5,350,0.996868964939109,0.00505077317808867,0.0150000000000006
"57","Ito1","Ito",18,-0.000669227563211999,2.55523251408218,0.00367953482027834,4,1,5.5,350,0.984592420934036,0.00589840648175395,0.0189999999999984
"58","Ito1","Ito",18,-0.000692247846624058,2.6431281416555,0.00380610452398391,5,1,5.5,350,0.97942503823574,0.00706915413049255,0.0200000000000031
"59","Ito1","Ito",18,-0.000718234231731022,2.74234888479118,0.00394898239409929,6,1,5.5,350,0.978571120023886,0.00748844352957477,0.0240000000000009
"60","Ito1","Ito",18,-0.000714198388441235,2.72693930132108,0.00392679259390235,7,1,5.5,350,0.983652741869526,0.0064869767696588,0.0259999999999998
"61","Ito1","Ito",19,-0.000752521533759367,2.87326403799031,0.00413750021470605,8,1,5.5,350,0.98758883534834,0.00594372947835905,0.0280000000000022
"62","Ito1","Ito",19,-0.00112109613781606,4.28054888984313,0.00616399040137411,9,1,5.5,350,0.966672794758244,0.0146664321121625,0.027000000000001
"63","Ito1","Ito",19,-0.00125371631008613,4.78691682032886,0.00689316022127356,10,1,5.5,350,0.996536195955599,0.00520776423260901,0.0269999999999975
"64","Ito1","Ito",19,-0.000787982772992497,3.00866149688044,0.00433247255550784,11,1,5.5,350,0.985283549940014,0.00678515163166797,0.0370000000000026
"65","Ito1","Ito",20,-0.000786586551819941,3.00333047058523,0.00432479587764273,12,1,5.5,350,0.986708942467474,0.00643211312473191,0.0390000000000015
"66","Ito1","Ito",20,-0.000830091692136709,3.16944100634016,0.00456399504912983,14,1,5.5,350,0.983004726711266,0.00769014025326181,0.0259999999999998
"67","Ito1","Ito",20,-0.000895866907474289,3.4205827376291,0.00492563914218591,15,1,5.5,350,0.991665679232386,0.00578652559865884,0.0229999999999997
"68","Ito1","Ito",20,-0.000901583773270351,3.44241077066861,0.0049570715097628,16,1,5.5,350,0.986848257518875,0.00733321580293751,0.0300000000000011
"69","Ito1","Ito",21,-0.00198668380105584,7.58551996766777,0.0109231487534416,17,1,5.5,350,0.990726390086397,0.0135424804345578,0.0380000000000003
"70","Ito1","Ito",21,-0.000898332870241731,3.42999823183206,0.00493919745383817,18,1,5.5,350,0.978848737003002,0.0093039972046221,0.0310000000000024
"71","Ito1","Ito",21,-0.00101010002778548,3.85674556063548,0.00555371360731509,19,1,5.5,350,0.988610582232165,0.00763878765039499,0.0380000000000003
"72","Ito1","Ito",22,-0.00105123645457072,4.01381191745183,0.00577988916113063,20,1,5.5,350,0.989874886377524,0.00749086779901258,0.0180000000000007
"73","Ito1","Ito",22,-0.00100629341483745,3.84221122028845,0.00553278415721536,21,1,5.5,350,0.989871180500149,0.00717193965209155,0.000999999999997669
"74","Ito1","Ito",22,-0.00101890108363434,3.89034959205839,0.00560210341256408,22,1,5.5,350,0.989918484110929,0.00724464562827151,0.00600000000000023
"75","Ito1","Ito",22,-0.00100655737704917,3.84321907600593,0.00553423546944854,23,1,5.5,350,0.991545693844055,0.00654851874818857,0.0139999999999993
"76","Ito1","Ito",22,-0.000998263406501806,3.81155118846144,0.00548863371138448,24,1,5.5,350,0.984735710175671,0.00875680198991245,0.017000000000003
"77","Ito1","Ito",22,-0.000974701305918313,3.72158680441538,0.00535908499835814,25,1,5.5,350,0.990457178170146,0.00674084007560355,0.00799999999999912
"78","Ito1","Ito",22,-0.00103587802167269,3.95517062820481,0.00569544570461492,26,1,5.5,350,0.989100979490949,0.00766132626658121,0.0189999999999984
"79","Ito1","Ito",21,-0.00092817449291469,3.543938972947,0.00510327212104368,27,1,5.5,350,0.987816311519908,0.00726277928041544,0.0199999999999996
"80","Ito1","Ito",21,-0.000888621839399822,3.39291975043569,0.00488580444062739,28,1,5.5,350,0.990895156106403,0.00600152061077182,0.0249999999999986
"81","Ito1","Ito",21,-0.000988198110586275,3.77312005860214,0.00543329288438708,29,1,5.5,350,0.991855490994033,0.00630919851154975,0.0229999999999997
"82","Ito1","Ito",21,-0.00117763962211724,4.49644219353855,0.00647487675869551,30,1,5.5,350,0.989753659670161,0.00844219072646071,0.0219999999999985
"83","Ito1","Ito",21,-0.000895616838010552,3.41962792694938,0.00492426421480711,31,1,5.5,350,0.979851131155359,0.00904876804617662,0.0269999999999975
"84","Ito1","Ito",21,-0.000889761044734646,3.39726944353228,0.00489206799868649,32,1,5.5,350,0.983302608865733,0.00816913404421662,0.0240000000000009
"85","Ito1","Ito",21,-0.000921624062239516,3.51892823764179,0.00506725666220417,33,1,5.5,350,0.980956789981009,0.00904733902757175,0.0210000000000008
"86","Ito1","Ito",21,-0.000932515976660177,3.56051554724795,0.00512714238803705,34,1,5.5,350,0.985187298883459,0.008056305547689,0.0120000000000005
"87","Ito1","Ito",21,-0.00224504723534316,8.5719985349466,0.0123436778903231,35,1,5.5,350,0.991465926115922,0.0146752904517645,0.0160000000000018
"88","Ito1","Ito",21,-0.00184601972770214,7.04843896031727,0.0101497521028569,36,1,5.5,350,0.998247328885465,0.00544991079956493,0.0169999999999995
"89","Ito1","Ito",20,-0.000849722145040291,3.24439364469929,0.00467192684836698,38,1,5.5,350,0.978579452651457,0.00885760057894605,0.0139999999999993
"90","Ito1","Ito",20,-0.0008498055015282,3.24471191492585,0.00467238515749323,39,1,5.5,350,0.975415029472476,0.00950564482151223,0.0139999999999993
"91","Ito1","Ito",20,-0.000953535704362313,3.64077268938338,0.00524271267271206,40,1,5.5,350,0.969660390967389,0.011883764632163,0.017000000000003
"92","Ito1","Ito",20,-0.000847117254792983,3.23444770011866,0.00465760468817087,41,1,5.5,350,0.981683771545574,0.0081526287857022,0.0129999999999981
"93","Ito1","Ito",20,-0.000803681578216174,3.06860238955267,0.00441878744095584,42,1,5.5,350,0.986368685017736,0.00665664156342063,0.0110000000000028
"94","Ito1","Ito",20,-0.000820721033620445,3.13366212836897,0.00451247346485132,43,1,5.5,350,0.981502573699249,0.00793829831364675,0.00799999999999912
"95","Ito1","Ito",20,-0.000930272297860514,3.55194877364924,0.0051148062340549,44,1,5.5,350,0.98625498276662,0.00773766721934852,0.0169999999999995
"96","Ito1","Ito",20,-0.000857397888302304,3.27370102806334,0.00471412948041121,45,1,5.5,350,0.987115608438251,0.00690163960768872,0.00799999999999912
"97","Ito1","Ito",20,-0.000813871908863573,3.10751092475182,0.00447481573164263,46,1,5.5,350,0.988145345570942,0.00628075732493253,0.00400000000000134
"98","Ito1","Ito",20,-0.00086001667129757,3.28370001768163,0.00472852802546155,47,1,5.5,350,0.989932521629929,0.0061106350479539,0.00799999999999912
"99","Ito1","Ito",20,-0.000910565434843005,3.47670438758238,0.00500645431811863,48,1,5.5,350,0.990310889376997,0.00634584208229827,0
"100","Ito1","Ito",20,-0.000861155876632397,3.28804971077824,0.00473479158352067,49,1,5.5,350,0.9825308638795,0.00809033124251562,0.00499999999999901
"101","Ito1","Ito",18,-0.000787232564601262,3.00579706484118,0.0043283477733713,50,1,5.5,350,0.977609142325912,0.00839416899504564,0.289999999999999
"102","Ito1","Ito",17,-0.000539844401222548,2.06122407739518,0.00296816267144906,51,1,5.5,350,0.956395395333631,0.00812153200524572,0.102
"103","Ito1","Ito",17,-0.000586704640177822,2.24014498976987,0.00322580878526861,52,1,5.5,350,0.970273232388085,0.00723549523593349,0.0279999999999987
"104","Ito1","Ito",17,-0.000629931925534861,2.40519462476947,0.00346348025966804,53,1,5.5,350,0.978502240556308,0.00657856585584376,0.0390000000000015
"105","Ito1","Ito",17,-0.000627896637954976,2.39742352673718,0.00345228987850154,54,1,5.5,350,0.984776970930922,0.00550036707857488,0.0339999999999989
"106","Ito1","Ito",18,-0.000743442622950805,2.83859910581216,0.00408758271236952,55,1,5.5,350,0.986882407432083,0.00603898209071152,0.0310000000000024
"107","Ito1","Ito",18,-0.000680015282022778,2.59642198590515,0.00373884765970342,56,1,5.5,350,0.982957435144139,0.00630871218359134,0.0329999999999977
"108","Ito1","Ito",18,-0.000719234509585997,2.74616812751017,0.00395448210361464,57,1,5.5,350,0.988192274054563,0.00553929943791296,0.032
"109","Ito1","Ito",19,-0.000742817449291473,2.8362120791129,0.00408414539392257,58,1,5.5,350,0.990557065812727,0.00510996291650608,0.0340000000000025
"110","Ito1","Ito",19,-0.000836162823006392,3.19262168784259,0.00459737523049333,59,1,5.5,350,0.9902508348475,0.00584552980823107,0.0350000000000001
"111","Ito1","Ito",19,-0.000753348152264511,2.87642021773722,0.0041420451135416,60,1,5.5,350,0.980595597108353,0.00746659885936954,0.0279999999999987
"112","Ito1","Ito",19,-0.00084463739927758,3.22497916087803,0.00464396999166437,61,1,5.5,350,0.990275639292747,0.00589718442142559,0.0309999999999988
"113","Ito1","Ito",20,-0.00081380244512365,3.10724569956303,0.00447443380737076,62,1,5.5,350,0.983226685766021,0.00748899470304719,0.0280000000000022
"114","Ito1","Ito",20,-0.000823409280355639,3.14392634317607,0.00452725393417355,63,1,5.5,350,0.981584119260007,0.00794639524695129,0.0279999999999987
"115","Ito2","Ito",17,-0.00155155598777438,2.76124370705609,0.00397619093816077,1,1,11.8,350,0.99458589670377,0.00806550365147222,0.00600000000000023
"116","Ito2","Ito",17,-0.00149353987218672,2.65799468778992,0.00382751235041749,2,1,11.8,350,0.993160831454163,0.00873233931567887,0.0119999999999969
"117","Ito2","Ito",18,-0.00150498749652681,2.67836757856466,0.00385684931313311,3,1,11.8,350,0.996488303435561,0.00629473136059739,0.0150000000000006
"118","Ito2","Ito",18,-0.00148352320088913,2.64016840836202,0.0038018425080413,4,1,11.8,350,0.996503218589966,0.00619171776949638,0.0189999999999984
"119","Ito2","Ito",18,-0.00154585996110031,2.75110671043276,0.00396159366302317,5,1,11.8,350,0.996829735112313,0.00614227634845328,0.0200000000000031
"120","Ito2","Ito",18,-0.00159941650458459,2.84641920307428,0.00409884365242696,6,1,11.8,350,0.998067607875982,0.00495850941538808,0.0240000000000009
"121","Ito2","Ito",18,-0.00290756460127813,5.174479375156,0.00745125030022464,7,1,11.8,350,0.997871649359418,0.00946096727067752,0.0259999999999998
"122","Ito2","Ito",19,-0.00154633231453181,2.75194733942102,0.00396280416876626,8,1,11.8,350,0.996125421746538,0.00679485131841007,0.0280000000000022
"123","Ito2","Ito",19,-0.00158974715198665,2.82921103319657,0.00407406388780307,9,1,11.8,350,0.997535790898779,0.00556704216745645,0.027000000000001
"124","Ito2","Ito",19,-0.0019416226729647,3.45543018069989,0.00497581946020785,10,1,11.8,350,0.999485083001632,0.0031050400830075,0.0269999999999975
"125","Ito2","Ito",19,-0.00165625868296748,2.94757901206076,0.0042445137773675,11,1,11.8,350,0.997893117026787,0.00536201816948471,0.0370000000000026
"126","Ito2","Ito",20,-0.00166466379549876,2.96253726317575,0.00426605365897308,12,1,11.8,350,0.996058156204429,0.00737829153752449,0.0390000000000015
"127","Ito2","Ito",20,-0.00175440400111141,3.1222444087576,0.00449603194861095,13,1,11.8,350,0.998399821132036,0.0049486136336602,0.0309999999999988
"128","Ito2","Ito",20,-0.00187009585996109,3.32813669993076,0.00479251684790029,14,1,11.8,350,0.998430387774855,0.00522423951612297,0.0259999999999998
"129","Ito2","Ito",20,-0.00182294387329813,3.24422214739498,0.00467167989224877,15,1,11.8,350,0.997234848665521,0.00676325786922434,0.0229999999999997
"130","Ito2","Ito",20,-0.00310407752153376,5.52420575866177,0.00795485629247294,16,1,11.8,350,0.999195298588055,0.00620649871179625,0.0300000000000011
"131","Ito2","Ito",21,-0.00302223534315088,5.37855442425156,0.00774511837092225,17,1,11.8,350,0.996917738270757,0.0118400979530165,0.0380000000000003
"132","Ito2","Ito",21,-0.0021837524312309,3.88633907252956,0.00559632826444257,18,1,11.8,350,0.998886202848835,0.00513771921527686,0.0310000000000024
"133","Ito2","Ito",21,-0.00223492636843566,3.97741133365669,0.00572747232046563,19,1,11.8,350,0.998491580980522,0.00612031726557003,0.0380000000000003
"134","Ito2","Ito",22,-0.00233914281744929,4.16288128529112,0.00599454905081921,20,1,11.8,350,0.997603135948031,0.0080783275205302,0.0180000000000007
"135","Ito2","Ito",22,-0.00232774381772715,4.1425949298534,0.00596533669898889,21,1,11.8,350,0.997874666999053,0.00756889701494954,0.000999999999997669
"136","Ito2","Ito",22,-0.00387666018338428,6.89914100432795,0.00993476304623225,22,1,11.8,350,0.998066863751535,0.0120207362257141,0.00600000000000023
"137","Ito2","Ito",22,-0.00226025979438733,4.02249624424864,0.00579239459171804,23,1,11.8,350,0.998201186418354,0.00676027430160808,0.0139999999999993
"138","Ito2","Ito",22,-0.00229357460405668,4.08178531230426,0.00587777084971814,24,1,11.8,350,0.998901052013234,0.00535996711074286,0.017000000000003
"139","Ito2","Ito",22,-0.00229394276187829,4.08244050842747,0.00587871433213556,25,1,11.8,350,0.997585887870315,0.00795074945146291,0.00799999999999912
"140","Ito2","Ito",22,-0.00252852875798833,4.49992406082668,0.00647989064759042,26,1,11.8,350,0.998524214133351,0.0068489215300252,0.0189999999999984
"141","Ito2","Ito",21,-0.00223755904417894,3.98209660404726,0.00573421910982805,27,1,11.8,350,0.998580173064499,0.00594460031657598,0.0199999999999996
"142","Ito2","Ito",21,-0.00214743678799666,3.82170953796016,0.00550326173466262,28,1,11.8,350,0.998324551127359,0.00619829187103534,0.0249999999999986
"143","Ito2","Ito",21,-0.00233000833564878,4.14662500412071,0.00597114000593383,29,1,11.8,350,0.99848995059612,0.00638415060641856,0.0229999999999997
"144","Ito2","Ito",21,-0.00222430536260072,3.95850954361146,0.0057002537428005,30,1,11.8,350,0.996815429563849,0.00885797362000141,0.0219999999999985
"145","Ito2","Ito",21,-0.0020323006390664,3.61680622206732,0.00520820095977695,31,1,11.8,350,0.998423080059468,0.0056905912314536,0.0269999999999975
"146","Ito2","Ito",21,-0.00206756043345374,3.67955670360411,0.00529856165318992,32,1,11.8,350,0.997659205757964,0.00705619616250534,0.0240000000000009
"147","Ito2","Ito",21,-0.00200308419005279,3.56481084670411,0.00513332761925392,33,1,11.8,350,0.997532785617003,0.00701876946582307,0.0210000000000008
"148","Ito2","Ito",21,-0.0020638371769936,3.6729305692259,0.00528902001968529,34,1,11.8,350,0.998490990327851,0.00565289980542776,0.0120000000000005
"149","Ito2","Ito",21,-0.00204292164490135,3.63570801211258,0.00523541953744211,35,1,11.8,350,0.997978181947183,0.00647864437755719,0.0160000000000018
"150","Ito2","Ito",21,-0.00203868435676576,3.62816707560008,0.00522456058886412,36,1,11.8,350,0.998363359975296,0.00581572921818549,0.0169999999999995
"151","Ito2","Ito",21,-0.0020040358432898,3.56650446687168,0.00513576643229522,37,1,11.8,350,0.998345870039472,0.0057474037368468,0.0219999999999985
"152","Ito2","Ito",20,-0.00201035704362323,3.57775406068541,0.00515196584738698,38,1,11.8,350,0.997657037278028,0.00686415639631155,0.0139999999999993
"153","Ito2","Ito",20,-0.00338141844956932,6.01777859669116,0.00866560117923527,39,1,11.8,350,0.995455127032774,0.016097960910994,0.0139999999999993
"154","Ito2","Ito",20,-0.00486935954431785,8.66580935853177,0.0124787654762858,40,1,11.8,350,0.997740055880705,0.0163280345087555,0.017000000000003
"155","Ito2","Ito",20,-0.0022108641289247,3.93458870401854,0.0056658077337867,41,1,11.8,350,0.998276573534436,0.00647224446056382,0.0129999999999981
"156","Ito2","Ito",20,-0.00201781744929146,3.59103105382379,0.00517108471750625,42,1,11.8,350,0.997592774034018,0.00698370001042936,0.0110000000000028
"157","Ito2","Ito",20,-0.00198872603500972,3.53925819789866,0.00509653180497407,43,1,11.8,350,0.998818455614358,0.00481924072865395,0.00799999999999912
"158","Ito2","Ito",20,-0.0021876910252848,3.89334843482888,0.00560642174615358,44,1,11.8,350,0.997842728133894,0.00716686620177858,0.0169999999999995
"159","Ito2","Ito",20,-0.00227156154487357,4.04260952901229,0.0058213577217777,45,1,11.8,350,0.999347869720872,0.00408841775051551,0.00799999999999912
"160","Ito2","Ito",20,-0.00201865796054459,3.59252687893529,0.00517323870566681,46,1,11.8,350,0.997869173592641,0.0065723682761883,0.00400000000000134
"161","Ito2","Ito",20,-0.00208964295637677,3.71885610880612,0.00535515279668082,47,1,11.8,350,0.998940939123206,0.00479385135867971,0.00799999999999912
"162","Ito2","Ito",20,-0.0020508613503751,3.64983799643027,0.00525576671485958,48,1,11.8,350,0.998722592834042,0.00516773764687259,0
"163","Ito2","Ito",20,-0.0020236524034454,3.60141529426724,0.00518603802374482,49,1,11.8,350,0.999461641304203,0.00330910568674332,0.00499999999999901
"164","Ito2","Ito",18,-0.00174217143651013,3.10047459039939,0.00446468341017512,50,1,11.8,350,0.997280123756162,0.0064103065600315,0.289999999999999
"165","Ito2","Ito",17,-0.00137503473186995,2.44709570926008,0.00352381782133452,51,1,11.8,350,0.993956969159546,0.00755403863895999,0.102
"166","Ito2","Ito",17,-0.00154386635176437,2.74755876161456,0.00395648461672497,52,1,11.8,350,0.996892492914267,0.00607314322016997,0.0279999999999987
"167","Ito2","Ito",17,-0.0014947068630175,2.66007153587861,0.0038305030116652,53,1,11.8,350,0.996503041982957,0.00623855263281422,0.0390000000000015
"168","Ito2","Ito",17,-0.00148663517643788,2.64570666993182,0.00380981760470182,54,1,11.8,350,0.997142516923477,0.00560711600260576,0.0339999999999989
"169","Ito2","Ito",18,-0.00153881633787162,2.73857144875457,0.00394354288620659,55,1,11.8,350,0.997012506506861,0.00593487928192725,0.0310000000000024
"170","Ito2","Ito",18,-0.00161695609891636,2.87763373535962,0.00414379257891786,56,1,11.8,350,0.997984088988318,0.0051202836303848,0.0329999999999977
"171","Ito2","Ito",18,-0.00179674909697137,3.19760432511854,0.00460455022817069,57,1,11.8,350,0.997096665566416,0.00683107818028467,0.032
"172","Ito2","Ito",19,-0.00178477354820783,3.17629190782749,0.00457386034727159,58,1,11.8,350,0.998039515781136,0.00557330547724642,0.0340000000000025
"173","Ito2","Ito",19,-0.00196938038343983,3.50482949595225,0.00504695447417123,59,1,11.8,350,0.99593872936667,0.00886066225088509,0.0350000000000001
"174","Ito2","Ito",19,-0.00221100305640454,3.93483594783859,0.00566616376488757,60,1,11.8,350,0.998462003119033,0.00611396881462977,0.0279999999999987
"175","Ito2","Ito",19,-0.00197559044178938,3.51588129470991,0.00506286906438227,61,1,11.8,350,0.988911953860411,0.0147389835881196,0.0309999999999988
"176","Ito2","Ito",20,-0.00198889969435953,3.53956725267374,0.00509697684385018,62,1,11.8,350,0.997239907491452,0.00737219468154158,0.0280000000000022
"177","Ito2","Ito",20,-0.00193227979994443,3.43880303379941,0.00495187636867115,63,1,11.8,350,0.997648560852799,0.00660952144004215,0.0279999999999987
"178","Ito3","Ito",17,-0.000608106418449581,2.28039906918593,0.00328377465962774,1,1,5.6,350,0.975551145721285,0.00678274893328946,0.00600000000000023
"179","Ito3","Ito",17,-0.00065817588218949,2.46815955821059,0.00355414976382325,2,1,5.6,350,0.986855154994259,0.00535198530141374,0.0119999999999969
"180","Ito3","Ito",18,-0.000648360655737695,2.43135245901635,0.00350114754098355,3,1,5.6,350,0.980773817889657,0.00639588530108516,0.0150000000000006
"181","Ito3","Ito",18,-0.000655994720755758,2.45998020283409,0.00354237149208109,4,1,5.6,350,0.979178592544886,0.00673978978147219,0.0189999999999984
"182","Ito3","Ito",18,-0.000645269519310919,2.41976069741595,0.00348445540427896,5,1,5.6,350,0.984604196608383,0.00568503846867005,0.0200000000000031
"183","Ito3","Ito",18,-0.000670068074465126,2.51275527924422,0.00361836760211168,6,1,5.6,350,0.986331742060212,0.00555758257896057,0.0240000000000009
"184","Ito3","Ito",18,-0.000682918866351766,2.56094574881912,0.00368776187829954,7,1,5.6,350,0.985141798074552,0.00590914689087126,0.0259999999999998
"185","Ito3","Ito",19,-0.00144765907196444,5.42872151986663,0.00781735898860795,8,1,5.6,350,0.998288525301174,0.00422323665406929,0.0280000000000022
"186","Ito3","Ito",19,-0.00110620311197555,4.14826166990831,0.00597349680466797,9,1,5.6,350,0.942745715570448,0.0192071756415833,0.027000000000001
"187","Ito3","Ito",19,-0.000710308419005284,2.66365657126982,0.00383566546262854,10,1,5.6,350,0.984035020109332,0.00637452447501941,0.0269999999999975
"188","Ito3","Ito",19,-0.000696019727702128,2.61007397888298,0.00375850652959149,11,1,5.6,350,0.990532047910794,0.00479443272916561,0.0370000000000026
"189","Ito3","Ito",20,-0.000758245345929428,2.84342004723536,0.00409452486801891,12,1,5.6,350,0.994873392963579,0.00383497714352054,0.0390000000000015
"190","Ito3","Ito",20,-0.000806418449569321,3.02406918588495,0.00435465962767433,13,1,5.6,350,0.9917574605008,0.00517976617964511,0.0309999999999988
"191","Ito3","Ito",20,-0.00105357043623228,3.95088913587104,0.0056892803556543,14,1,5.6,350,0.994297115600352,0.00562179092351443,0.0259999999999998
"192","Ito3","Ito",20,-0.00144071964434564,5.40269866629616,0.00777988607946647,15,1,5.6,350,0.997089394811864,0.00548436055906349,0.0229999999999997
"193","Ito3","Ito",20,-0.000887607668796873,3.32852875798827,0.00479308141150312,16,1,5.6,350,0.988862217347943,0.00663704012706762,0.0300000000000011
"194","Ito3","Ito",21,-0.00091237149208112,3.4213930953042,0.00492680605723805,17,1,5.6,350,0.994354339999715,0.00484373528065855,0.0380000000000003
"195","Ito3","Ito",21,-0.000927299249791617,3.47737218671856,0.00500741594887473,18,1,5.6,350,0.986909802470217,0.00752447488904166,0.0310000000000024
"196","Ito3","Ito",21,-0.000960509863851066,3.6019119894415,0.00518675326479576,19,1,5.6,350,0.992841629141553,0.00574633389172396,0.0380000000000003
"197","Ito3","Ito",22,-0.000942095026396221,3.53285634898583,0.00508731314253959,20,1,5.6,350,0.984476144683593,0.00833515779116644,0.0180000000000007
"198","Ito3","Ito",22,-0.000982265907196442,3.68349715198666,0.00530423589886079,21,1,5.6,350,0.988530777887949,0.00745457476081426,0.000999999999997669
"199","Ito3","Ito",22,-0.00104332453459293,3.9124670047235,0.00563395248680183,22,1,5.6,350,0.996793575332022,0.00416916656026884,0.00600000000000023
"200","Ito3","Ito",22,-0.000950201444845789,3.56325541817171,0.00513108780216726,23,1,5.6,350,0.992877480646937,0.00567030728991404,0.0139999999999993
"201","Ito3","Ito",22,-0.000966956098916352,3.62608537093632,0.0052215629341483,24,1,5.6,350,0.989641348706957,0.00697013785351345,0.017000000000003
"202","Ito3","Ito",22,-0.000985801611558764,3.69675604334537,0.00532332870241733,25,1,5.6,350,0.992573993800351,0.0060076918914815,0.00799999999999912
"203","Ito3","Ito",22,-0.00100931508752431,3.78493157821615,0.00545030147263125,26,1,5.6,350,0.994913308657306,0.00508479862381177,0.0189999999999984
"204","Ito3","Ito",21,-0.00103864267852181,3.89491004445679,0.00560867046401778,27,1,5.6,350,0.992639794778704,0.00630140226881624,0.0199999999999996
"205","Ito3","Ito",21,-0.000937281189219226,3.5148044595721,0.00506131842178382,28,1,5.6,350,0.991624848685696,0.00606896246731435,0.0249999999999986
"206","Ito3","Ito",21,-0.000962579883300905,3.60967456237839,0.00519793136982488,29,1,5.6,350,0.994271527379325,0.00514784688171269,0.0229999999999997
"207","Ito3","Ito",21,-0.00111069046957486,4.16508926090574,0.00599772853570426,30,1,5.6,350,0.996634899353602,0.00454721981750033,0.0219999999999985
"208","Ito3","Ito",21,-0.000872395109752714,3.27148166157268,0.00471093359266466,31,1,5.6,350,0.986433314861246,0.00720838791299862,0.0269999999999975
"209","Ito3","Ito",21,-0.000908481522645176,3.40680570991941,0.00490580022228395,32,1,5.6,350,0.978878345160996,0.00940237630916828,0.0240000000000009
"210","Ito3","Ito",21,-0.000841469852736869,3.15551194776326,0.00454393720477909,33,1,5.6,350,0.98884188867779,0.00629785124593268,0.0210000000000008
"211","Ito3","Ito",21,-0.000794331758821882,2.97874409558206,0.00428939149763817,35,1,5.6,350,0.98890316000293,0.00592852460333729,0.0160000000000018
"212","Ito3","Ito",21,-0.000778751041956096,2.92031640733536,0.00420525562656292,36,1,5.6,350,0.985352335691962,0.00668973592938917,0.0169999999999995
"213","Ito3","Ito",21,-0.00082376354542928,3.0891132953598,0.00444832314531811,37,1,5.6,350,0.991728297129926,0.00530060691955436,0.0219999999999985
"214","Ito3","Ito",20,-0.000798367602111688,2.99387850791883,0.00431118505140312,38,1,5.6,350,0.991434951086276,0.00522826553016408,0.0139999999999993
"215","Ito3","Ito",20,-0.00116460822450681,4.36728084190053,0.00628888441233676,39,1,5.6,350,0.992200952614235,0.00727482804756824,0.0139999999999993
"216","Ito3","Ito",20,-0.000721123923312025,2.7042147124201,0.00389406918588494,40,1,5.6,350,0.977396795747996,0.00772647445113003,0.017000000000003
"217","Ito3","Ito",20,-0.000782856348985814,2.9357113086968,0.0042274242845234,41,1,5.6,350,0.989364265764389,0.00571886212447564,0.0129999999999981
"218","Ito3","Ito",20,-0.000821429563767709,3.08036086412891,0.00443571964434563,42,1,5.6,350,0.986694135457162,0.00672082403552104,0.0110000000000028
"219","Ito3","Ito",20,-0.000866289247013059,3.24858467629897,0.00467796193387052,43,1,5.6,350,0.987583484978696,0.00684380762749112,0.00799999999999912
"220","Ito3","Ito",20,-0.0008043206446235,3.01620241733813,0.0043433314809669,44,1,5.6,350,0.988359101435179,0.00615016837180299,0.0169999999999995
"221","Ito3","Ito",20,-0.000818366212836897,3.06887329813836,0.00441917754931924,45,1,5.6,350,0.98918605851402,0.00602868545151497,0.00799999999999912
"222","Ito3","Ito",20,-0.000874854126146141,3.28070297304803,0.00472421228118916,46,1,5.6,350,0.989476501137362,0.00635674662862728,0.00400000000000134
"223","Ito3","Ito",20,-0.000858446790775213,3.21917546540705,0.00463561267018615,47,1,5.6,350,0.990161759065009,0.00602893988818214,0.00799999999999912
"224","Ito3","Ito",20,-0.000892331203111978,3.34624201166992,0.00481858849680468,48,1,5.6,350,0.986399544544153,0.00738241226556042,0
"225","Ito3","Ito",20,-0.000880890525145877,3.30333946929704,0.00475680883578774,49,1,5.6,350,0.99106668237775,0.00589248937892889,0.00499999999999901
"226","Ito3","Ito",18,-0.000784238677410381,2.94089504028893,0.00423488885801606,50,1,5.6,350,0.972827317918716,0.00923460986059498,0.289999999999999
"227","Ito3","Ito",17,-0.000561447624340086,2.10542859127532,0.00303181717143646,52,1,5.6,350,0.975716489470751,0.00624058181901419,0.0279999999999987
"228","Ito3","Ito",17,-0.000637503473186989,2.39063802445121,0.00344251875520974,53,1,5.6,350,0.969018083340432,0.00803142623768627,0.0390000000000015
"229","Ito3","Ito",17,-0.000692622950819671,2.59733606557377,0.00374016393442622,54,1,5.6,350,0.988846962328321,0.00518263759381927,0.0339999999999989
"230","Ito3","Ito",18,-0.000637253403723255,2.38970026396221,0.00344116838010558,55,1,5.6,350,0.981501297229736,0.00616395248206149,0.0310000000000024
"231","Ito3","Ito",18,-0.000690865518199485,2.59074569324807,0.00373067379827722,56,1,5.6,350,0.991123015421047,0.00460664121950771,0.0329999999999977
"232","Ito3","Ito",18,-0.000724374826340634,2.71640559877738,0.00391162406223943,57,1,5.6,350,0.989806129919656,0.00517940351058277,0.032
"233","Ito3","Ito",19,-0.000797839677688242,2.99189879133091,0.00430833425951651,58,1,5.6,350,0.992269170294218,0.00496176115758012,0.0340000000000025
"234","Ito3","Ito",19,-0.000772839677688257,2.89814879133096,0.00417333425951659,59,1,5.6,350,0.990683565765973,0.00528042298384341,0.0350000000000001
"235","Ito3","Ito",19,-0.000767699360933579,2.87887260350092,0.00414557654904133,60,1,5.6,350,0.989517921561183,0.00556704804773612,0.0279999999999987
"236","Ito3","Ito",19,-0.000835822450680749,3.13433419005281,0.00451344123367604,61,1,5.6,350,0.988371042094675,0.00638772697643611,0.0309999999999988
"237","Ito3","Ito",20,-0.00116981800500139,4.38681751875521,0.0063170172270075,62,1,5.6,350,0.984429047926574,0.0103658661193611,0.0280000000000022
"238","Ito3","Ito",20,-0.000861753264795767,3.23157474298412,0.00465346762989714,63,1,5.6,350,0.992969074485191,0.00510908637028684,0.0279999999999987
"239","Masu2","Masu",20,-0.000846693525979439,3.17510072242289,0.00457214504028897,1,2,5.6,350,0.990170336969277,0.00594377715263732,0.0429999999999993
"240","Masu2","Masu",19,-0.000671457349263685,2.51796505973882,0.0036258696860239,2,2,5.6,350,0.974417757814226,0.00766543949027084,0.379999999999999
"241","Masu2","Masu",18,-0.000607911919977767,2.27966969991663,0.00328272436787994,3,2,5.6,350,0.97350953244306,0.00706540866820115,0.097999999999999
"242","Masu2","Masu",18,-0.000615302861906069,2.30738573214776,0.00332263545429277,4,2,5.6,350,0.982710399536596,0.00575030072743191,0.0400000000000027
"243","Masu2","Masu",18,-0.000755154209502635,2.83182828563488,0.00407783273131423,5,2,5.6,350,0.976166777397786,0.00831355818925159,0.0509999999999984
"244","Masu2","Masu",19,-0.00078523200889136,2.9446200333426,0.00424025284801335,6,2,5.6,350,0.990130729327206,0.00552352310598952,0.0500000000000007
"245","Masu2","Masu",19,-0.000742150597388161,2.7830647402056,0.00400761322589607,7,2,5.6,350,0.983760231971238,0.00671829764728683,0.0539999999999985
"246","Masu2","Masu",20,-0.000810412614615166,3.03904730480687,0.0043762281189219,8,2,5.6,350,0.982623060637156,0.00759313776105412,0.0629999999999988
"247","Masu2","Masu",20,-0.000805675187552098,3.02128195332037,0.00435064601278133,9,2,5.6,350,0.990414601156379,0.00558442529926759,0.0599999999999987
"248","Masu2","Masu",21,-0.00112822311753265,4.23083669074744,0.00609240483467631,10,2,5.6,350,0.995061634828595,0.00559994193360139,0.0579999999999998
"249","Masu2","Masu",21,-0.000982571547652117,3.68464330369544,0.00530588635732143,11,2,5.6,350,0.985671798602133,0.00834671870222086,0.0680000000000014
"250","Masu2","Masu",22,-0.000958175882189495,3.59315955821061,0.00517414976382327,12,2,5.6,350,0.984854208210746,0.00837196056357381,0.0629999999999988
"251","Masu2","Masu",20,-0.000739247013059189,2.77217629897196,0.00399193387051962,14,2,5.6,350,0.976173661076065,0.00813723040844185,0.106999999999999
"252","Masu2","Masu",20,-0.000799388719088626,2.99770769658235,0.00431669908307858,15,2,5.6,350,0.980650576414153,0.00791146310911552,0.0330000000000013
"253","Masu2","Masu",20,-0.000770179216448994,2.88817206168373,0.00415896776882457,16,2,5.6,350,0.987466437543531,0.00611349847040864,0.0289999999999999
"254","Masu2","Masu",21,-0.000852382606279522,3.19643477354821,0.00460286607390942,17,2,5.6,350,0.987850486843692,0.00666024687863355,0.0249999999999986
"255","Masu2","Masu",21,-0.000934954153931651,3.50607807724369,0.00504875243123092,18,2,5.6,350,0.980961090095665,0.00917714057352776,0.0219999999999985
"256","Masu2","Masu",21,-0.000856654626285071,3.21245484856902,0.00462593498193938,19,2,5.6,350,0.989618302564181,0.00618198588415757,0.0259999999999998
"257","Masu2","Masu",21,-0.000898013337038065,3.36755001389274,0.00484927202000555,20,2,5.6,350,0.99168425269439,0.00579386858152526,0.0280000000000022
"258","Masu2","Masu",22,-0.000981578216171151,3.68091831064182,0.00530052236732421,21,2,5.6,350,0.991762211612248,0.00630301541396806,0.0299999999999976
"259","Masu2","Masu",22,-0.000968748263406501,3.63280598777438,0.00523124062239511,22,2,5.6,350,0.994168368452362,0.00522754674357819,0.0280000000000022
"260","Masu2","Masu",22,-0.00109092108919144,4.09095408446789,0.00589097388163377,23,2,5.6,350,0.990605768575487,0.00748506297297662,0.0189999999999984
"261","Masu2","Masu",22,-0.00102713253681577,3.85174701305912,0.00554651569880514,24,2,5.6,350,0.990350107170691,0.00714356951695825,0.0169999999999995
"262","Masu2","Masu",23,-0.00118084190052792,4.42815712697972,0.00637654626285079,25,2,5.6,350,0.995111286900222,0.00583143077509205,0.0130000000000017
"263","Masu2","Masu",23,-0.00106103084190052,3.97886565712695,0.00572956654626281,26,2,5.6,350,0.994510100932633,0.00555427666766738,0.00999999999999801
"264","Masu2","Masu",23,-0.00111624062239511,4.18590233398165,0.00602769936093358,27,2,5.6,350,0.994085602289435,0.0060662892466792,0.00600000000000023
"265","Masu2","Masu",23,-0.00116272575715476,4.36022158933035,0.0062787190886357,28,2,5.6,350,0.987450442482057,0.00923540117847271,0.00600000000000023
"266","Masu2","Masu",23,-0.00119427618782995,4.47853570436231,0.00644909141428173,29,2,5.6,350,0.992726290223582,0.00720261026783334,0.00400000000000134
"267","Masu2","Masu",23,-0.00117380522367324,4.40176958877464,0.00633854820783548,30,2,5.6,350,0.995228119469193,0.00572666027264934,0.00499999999999901
"268","Masu2","Masu",23,-0.00113365518199499,4.25120693248123,0.00612173798277297,31,2,5.6,350,0.995638712383135,0.00528639212703001,0
"269","Masu2","Masu",23,-0.00124448457904973,4.6668171714365,0.00672021672686857,32,2,5.6,350,0.992721952233126,0.00750766831527238,0.00300000000000011
"270","Masu2","Masu",23,-0.00114526951931091,4.29476069741593,0.00618445540427893,33,2,5.6,350,0.991385267370755,0.00752193010504645,0.00499999999999901
"271","Masu2","Masu",23,-0.00119831897749375,4.49369616560156,0.00647092247846624,34,2,5.6,350,0.994544492143261,0.00625316432784552,0.00700000000000145
"272","Masu2","Masu",24,-0.0011816337871631,4.43112670186163,0.00638082245068075,35,2,5.6,350,0.992261522227172,0.00735223728540451,0.00700000000000145
"273","Masu2","Masu",24,-0.00115331342039455,4.32492532647957,0.00622789247013058,36,2,5.6,350,0.995386515677673,0.00553207314491045,0.00600000000000023
"274","Masu2","Masu",24,-0.00110412614615171,4.14047304806891,0.00596228118921923,37,2,5.6,350,0.986514242915246,0.00909550047124962,0.00700000000000145
"275","Masu2","Masu",24,-0.00115189636010003,4.3196113503751,0.00622024034454014,38,2,5.6,350,0.994031573583167,0.00628876199014677,0.00500000000000256
"276","Masu2","Masu",24,-0.001319234509586,4.9471294109475,0.00712386635176439,39,2,5.6,350,0.996422414505952,0.00556951258610375,0.00500000000000256
"277","Masu2","Masu",24,-0.00116332314531815,4.36246179494305,0.00628194498471799,40,2,5.6,350,0.994796280660224,0.00592805391671933,0.0109999999999992
"278","Masu2","Masu",24,-0.0011823978883023,4.43399208113363,0.00638494859683242,41,2,5.6,350,0.992487769300088,0.00724782071635982,0.00799999999999912
"279","Masu2","Masu",24,-0.00126888719088635,4.75832696582383,0.00685199083078631,42,2,5.6,350,0.987425400906648,0.0100888080609789,0.00600000000000023
"280","Masu2","Masu",24,-0.00118423173103639,4.44086899138646,0.00639485134759651,43,2,5.6,350,0.989466387404203,0.00860888213360661,0.00200000000000244
"281","Masu2","Masu",21,-0.000693164767991096,2.59936787996661,0.00374308974715192,44,2,5.6,350,0.97536575928446,0.00776147455707516,0.400000000000002
"282","Masu2","Masu",19,-0.000612982772992494,2.29868539872185,0.00331010697415947,45,2,5.6,350,0.977930128223354,0.00648807977882919,0.0620000000000012
"283","Masu2","Masu",19,-0.000682772992497909,2.56039872186716,0.00368697415948871,46,2,5.6,350,0.982015314245568,0.00651014333597981,0.0440000000000005
"284","Masu2","Masu",20,-0.000743387051958865,2.78770144484574,0.00401429008057787,47,2,5.6,350,0.986623927430467,0.00609853328927567,0.0429999999999993
"285","Masu2","Masu",20,-0.000696436510141704,2.61163691303139,0.0037607571547652,48,2,5.6,350,0.970796267756691,0.00851056867577912,0.0410000000000004
"286","Masu2","Masu",20,-0.000831293414837455,3.11735030564046,0.00448898444012226,49,2,5.6,350,0.979320434938602,0.00851107763512745,0.0389999999999979
"287","Masu2","Masu",21,-0.000745297304806895,2.79486489302586,0.00402460544595723,50,2,5.6,350,0.984845965834315,0.00651375540644335,0.0409999999999968
"288","Masu2","Masu",21,-0.000790532092247837,2.96449534592939,0.00426887329813832,51,2,5.6,350,0.985594876046971,0.00673365259730374,0.0450000000000017
"289","Masu2","Masu",21,-0.000843956654626279,3.16483745484855,0.00455736593498191,52,2,5.6,350,0.985912432013414,0.00710789335279114,0.0460000000000029
"290","Masu2","Masu",22,-0.000949402611836611,3.56025979438729,0.0051267741039177,53,2,5.6,350,0.985222869095458,0.00819219271859268,0.0430000000000028
"291","Masu2","Masu",22,-0.000988496804667956,3.70686301750484,0.00533788274520696,54,2,5.6,350,0.99079932136162,0.00671141772506789,0.0370000000000026
"292","Masu2","Masu",20,-0.00054927757710475,2.05979091414281,0.00296609891636565,55,2,5.6,350,0.953800764324267,0.00851730800657191,0.283000000000001
"293","Masu2","Masu",19,-0.000635072242289527,2.38152090858573,0.00342939010836345,56,2,5.6,350,0.97982000388959,0.0064214401525395,0.0539999999999985
"294","Masu2","Masu",17,-0.000545464017782722,2.04549006668521,0.0029455056960267,64,2,5.6,350,0.970654809023354,0.00668227111474753,0.0549999999999997
"295","Masu2","Masu",17,-0.000648138371769936,2.43051889413726,0.00349994720755765,65,2,5.6,350,0.978581035192107,0.006756013286519,0.0500000000000007
"296","Masu2","Masu",18,-0.000509183106418452,1.9094366490692,0.00274958877465964,66,2,5.6,350,0.957631640074916,0.00754601196335413,0.0400000000000027
"297","Masu2","Masu",18,-0.000568143928869125,2.13053973325922,0.00306797721589327,67,2,5.6,350,0.978461880626851,0.00593898494885968,0.0429999999999993
"298","Masu2","Masu",18,-0.000561273964990277,2.10477736871354,0.0030308794109475,68,2,5.6,350,0.961845699633305,0.00787618413973491,0.0380000000000003
"299","Masu2","Masu",19,-0.000594144206724091,2.22804077521534,0.00320837871631009,69,2,5.6,350,0.97786094887526,0.00629875530379389,0.0380000000000003
"300","Masu2","Masu",19,-0.000639267852181164,2.39725444567936,0.00345204640177828,70,2,5.6,350,0.97434087640691,0.00730920651924101,0.036999999999999
"301","Masu2","Masu",19,-0.000637392331203104,2.39022124201164,0.00344191858849676,71,2,5.6,350,0.97483821519262,0.00721494795976287,0.0339999999999989
"302","Masu2","Masu",20,-0.000654334537371492,2.45375451514309,0.00353340650180605,72,2,5.6,350,0.982594992273401,0.00613580573547248,0.0300000000000011
"303","Masu2","Masu",20,-0.000718539872186712,2.69452452070017,0.00388011530980824,73,2,5.6,350,0.985468409706692,0.00614763410561865,0.0269999999999975
"304","Masu2","Masu",20,-0.000719081689358145,2.69655633509305,0.00388304112253398,74,2,5.6,350,0.985304766826835,0.00618732742520363,0.0210000000000008
"305","Masu2","Masu",21,-0.00097807724367879,3.66778966379546,0.00528161711586546,75,2,5.6,350,0.979721663485551,0.00991425036329643,0.0219999999999985
"306","Masu2","Masu",21,-0.000732001944984717,2.74500729369269,0.00395281050291747,76,2,5.6,350,0.984972657281219,0.00637034808262987,0.0219999999999985
"307","Masu2","Masu",21,-0.000780536260072246,2.92701097527092,0.00421489580439013,77,2,5.6,350,0.986562155903494,0.00641826399181146,0.0150000000000006
"308","Masu2","Masu",21,-0.00086091969991664,3.2284488746874,0.00464896637954985,78,2,5.6,350,0.991835449002769,0.00550339779600496,0.0139999999999993
"309","Masu2","Masu",21,-0.00106167685468185,3.98128820505693,0.00573305501528197,79,2,5.6,350,0.99062887454013,0.00727536278815789,0.0129999999999981
"310","Masu2","Masu",22,-0.00090977354820783,3.41165080577936,0.00491277716032229,80,2,5.6,350,0.991601911449336,0.00589897794870017,0.0150000000000006
"311","Masu2","Masu",22,-0.000874096971380934,3.2778636426785,0.00472012364545704,81,2,5.6,350,0.982279291058742,0.00827188689841801,0.0120000000000005
"312","Masu2","Masu",22,-0.000871714365101418,3.26892886913032,0.00470725757154766,82,2,5.6,350,0.991104680455783,0.00581858169320043,0.00900000000000034
"313","Masu2","Masu",22,-0.000915087524312301,3.43157821617113,0.00494147263128643,83,2,5.6,350,0.98994861876175,0.00649667438495727,0.0100000000000016
"314","Masu2","Masu",22,-0.00110973881633787,4.16152056126701,0.0059925896082245,84,2,5.6,350,0.985926804818509,0.00934150209344695,0.00999999999999801
"315","Masu2","Masu",22,-0.000920978049458181,3.45366768546818,0.00497328146707418,85,2,5.6,350,0.984055240227142,0.00825981747586393,0.00799999999999912
"316","Masu2","Masu",22,-0.00110689080300083,4.15084051125313,0.0059772103362045,86,2,5.6,350,0.993986231512619,0.00606610421505647,0.00799999999999912
"317","Masu2","Masu",23,-0.00117349958321755,4.40062343706581,0.00633689774937477,87,2,5.6,350,0.984466865601401,0.0103856541916081,0.00900000000000034
"318","Masu2","Masu",23,-0.000943366212836887,3.53762329813833,0.00509417754931919,88,2,5.6,350,0.990918931685,0.00636284943017,0.0100000000000016
"319","Masu2","Masu",23,-0.000950777993887189,3.56541747707696,0.00513420116699082,89,2,5.6,350,0.992071166526684,0.00598872368922693,0.0139999999999993
"320","Masu2","Masu",23,-0.00102902195054182,3.85883231453181,0.0055567185329258,90,2,5.6,350,0.996247906480349,0.00444938181410503,0.00800000000000267
"321","Masu2","Masu",23,-0.00102649347040845,3.84935051403169,0.00554306474020563,91,2,5.6,350,0.993513072896102,0.00584400833901774,0.00900000000000034
"322","Masu2","Masu",23,-0.00106213531536537,3.98300743262016,0.00573553070297302,92,2,5.6,350,0.994310522856779,0.00566078851191848,0.0130000000000017
"323","Masu2","Masu",23,-0.00100195887746596,3.75734579049733,0.00541057793831616,93,2,5.6,350,0.993880153167557,0.00553955762961005,0.0130000000000017
"324","Masu2","Masu",24,-0.00106177410391775,3.98165288969156,0.00573358016115584,94,2,5.6,350,0.990949509166106,0.0071493136730147,0.0330000000000013
"325","Ito5","Ito",20,-0.00100825229230342,5.51813754571464,0.00794611806582908,1,2,14.8,1350,0.985558889241307,0.00859904353825261,0.0429999999999993
"326","Ito5","Ito",19,-0.000920213948318973,5.03630606850249,0.00725228073864358,2,2,14.8,1350,0.978645241711051,0.00957735129509213,0.379999999999999
"327","Ito5","Ito",18,-0.00104028202278409,5.69343539496698,0.00819854696875245,3,2,14.8,1350,0.976873378498659,0.0112774256506544,0.097999999999999
"328","Ito5","Ito",18,-0.000895415393164756,4.90058424637468,0.00705684131477954,4,2,14.8,1350,0.989770878146657,0.00641354751338917,0.0400000000000027
"329","Ito5","Ito",18,-0.000892525701583773,4.88476904245173,0.00703406742113049,5,2,14.8,1350,0.984399009626022,0.00791649882317828,0.0509999999999984
"330","Ito5","Ito",19,-0.000857036676854673,4.69053856927219,0.00675437553975196,6,2,14.8,1350,0.986373613455775,0.00709726395318191,0.0500000000000007
"331","Ito5","Ito",19,-0.000828820505696027,4.53611222712015,0.00653200160705302,7,2,14.8,1350,0.974593102158908,0.00942858588487806,0.0539999999999985
"332","Ito5","Ito",20,-0.00102455543206446,5.60736418900142,0.00807460443216205,8,2,14.8,1350,0.985755932851118,0.00867740138213198,0.0629999999999988
"333","Ito5","Ito",20,-0.00101042650736315,5.530036965974,0.00796325323100257,9,2,14.8,1350,0.986585488605876,0.00830131165189473,0.0599999999999987
"334","Ito5","Ito",21,-0.00103955265351486,5.68944357666919,0.00819279875040363,10,2,14.8,1350,0.98293683022706,0.00965018109094513,0.0579999999999998
"335","Ito5","Ito",21,-0.00108074465129202,5.91488626720632,0.0085174362247771,11,2,14.8,1350,0.984583094844842,0.00952834399630988,0.0680000000000014
"336","Ito5","Ito",22,-0.00115291053070298,6.30984817479333,0.0090861813717024,12,2,14.8,1350,0.98956675048937,0.00834074369110804,0.0629999999999988
"337","Ito5","Ito",20,-0.000917949430397335,5.02391242312055,0.00723443388929359,14,2,14.8,1350,0.984746535294553,0.00804938493799357,0.106999999999999
"338","Ito5","Ito",20,-0.000704813837177001,3.8574270818471,0.00555469499785982,15,2,14.8,1350,0.963533579248457,0.00966071975169524,0.0330000000000013
"339","Ito5","Ito",20,-0.000725930814115025,3.9729997258998,0.00572111960529571,16,2,14.8,1350,0.985693507307964,0.00616187370063687,0.0289999999999999
"340","Ito5","Ito",21,-0.00073362739649903,4.01512291327172,0.00578177699511127,17,2,14.8,1350,0.981688696018721,0.00705943920198271,0.0249999999999986
"341","Ito5","Ito",21,-0.000785669630452898,4.29994865315438,0.0061919260605423,18,2,14.8,1350,0.981305198986252,0.00764047325283445,0.0219999999999985
"342","Ito5","Ito",21,-0.000804772158933046,4.40449627524167,0.00634247463634801,19,2,14.8,1350,0.98045942055566,0.0080047683924351,0.0259999999999998
"343","Ito5","Ito",21,-0.000832467352042216,4.55607131860943,0.00656074269879758,20,2,14.8,1350,0.985073036864943,0.00722005730360999,0.0280000000000022
"344","Ito5","Ito",22,-0.00086006529591552,4.70711411953764,0.0067782443321342,21,2,14.8,1350,0.982286508625205,0.00813741264667372,0.0299999999999976
"345","Ito5","Ito",22,-0.000830640455682132,4.54607276420626,0.00654634478045702,22,2,14.8,1350,0.97963221283683,0.00843869702446914,0.0280000000000022
"346","Ito5","Ito",22,-0.000924645734926368,5.06056111682674,0.00728720800823051,23,2,14.8,1350,0.978190012592966,0.00972777206743169,0.0189999999999984
"347","Ito5","Ito",22,-0.000865657126979719,4.73771805982144,0.00682231400614287,24,2,14.8,1350,0.973790717819029,0.0100060478880278,0.0169999999999995
"348","Ito5","Ito",23,-0.000867539594331759,4.74802075276165,0.00683714988397678,25,2,14.8,1350,0.988421475413356,0.00661556208933864,0.0130000000000017
"349","Ito5","Ito",23,-0.000981460127813284,5.3715047535727,0.00773496684514469,26,2,14.8,1350,0.994407069837159,0.00518599600094798,0.00999999999999801
"350","Ito5","Ito",23,-0.000946929702695196,5.18252067015614,0.00746282976502484,27,2,14.8,1350,0.990129475904074,0.00666137328854597,0.00600000000000023
"351","Ito5","Ito",23,-0.000983530147263133,5.38283391407526,0.00775128083626837,28,2,14.8,1350,0.98763100607795,0.00775495758192772,0.00600000000000023
"352","Ito5","Ito",23,-0.00100607113086968,5.50620010813812,0.0079289281557189,29,2,14.8,1350,0.988759611320502,0.00755780900475844,0.00400000000000134
"353","Ito5","Ito",23,-0.00115717560433453,6.33319080750654,0.00911979476280942,30,2,14.8,1350,0.968857056442837,0.014617434796329,0.00499999999999901
"354","Ito5","Ito",23,-0.000946603223117529,5.18073385625134,0.00746025675300193,31,2,14.8,1350,0.983635886313446,0.00860238668319935,0
"355","Ito5","Ito",23,-0.00166790080577938,9.12837603163038,0.0131448614855477,32,2,14.8,1350,0.957397389003797,0.0247892922449587,0.00300000000000011
"356","Ito5","Ito",23,-0.00170223673242567,9.31629563016752,0.0134154657074412,33,2,14.8,1350,0.987364132614246,0.0135676844416772,0.00499999999999901
"357","Ito5","Ito",23,-0.00107384690191721,5.87713507130364,0.00846307450267724,34,2,14.8,1350,0.985725255809499,0.00910480216677015,0.00700000000000145
"358","Ito5","Ito",24,-0.0019742220061128,10.8048636821038,0.0155590037022295,35,2,14.8,1350,0.985929639234002,0.0166168065434305,0.00700000000000145
"359","Ito5","Ito",24,-0.00139532509030285,7.6365765077386,0.0109966701711436,36,2,14.8,1350,0.994490549554496,0.00731730460182462,0.00600000000000023
"360","Ito5","Ito",24,-0.00123645457071408,6.76708244782708,0.00974459872487099,37,2,14.8,1350,0.991014292249605,0.00829537971297899,0.00700000000000145
"361","Ito5","Ito",24,-0.00157013059183106,8.59328229312947,0.0123743265021064,38,2,14.8,1350,0.955893553466758,0.0237631475126568,0.00500000000000256
"362","Ito5","Ito",24,-0.00100436926924145,5.49688586544308,0.00791551564623803,39,2,14.8,1350,0.9897863233983,0.00718845673407841,0.00500000000000256
"363","Ito5","Ito",24,-0.00118921228118922,6.50852667407614,0.00937227841066965,40,2,14.8,1350,0.992351676789169,0.00735582888588337,0.0109999999999992
"364","Ito5","Ito",24,-0.00119352597943873,6.53213542800925,0.00940627501633332,41,2,14.8,1350,0.983369912616926,0.0109355996942345,0.00799999999999912
"365","Ito5","Ito",24,-0.0013161503195332,7.20325512717495,0.0103726873831319,42,2,14.8,1350,0.993281035429878,0.0076268027989437,0.00600000000000023
"366","Ito5","Ito",24,-0.00122979299805502,6.73062384070651,0.00969209833061737,43,2,14.8,1350,0.986150814855271,0.0102682013859024,0.00200000000000244
"367","Ito5","Ito",21,-0.00229391497638232,12.5545346680384,0.0180785299219753,44,2,14.8,1350,0.991043299839274,0.0153648010029842,0.400000000000002
"368","Ito5","Ito",19,-0.00113343289802723,6.20324761758146,0.0089326765693173,45,2,14.8,1350,0.977496094588352,0.0121168342027271,0.0620000000000012
"369","Ito5","Ito",19,-0.00101107946651847,5.53361059378354,0.0079683992550483,46,2,14.8,1350,0.989726507810387,0.00725786117817892,0.0440000000000005
"370","Ito5","Ito",20,-0.00107081828285634,5.86055952103807,0.00843920571029482,47,2,14.8,1350,0.989639698301847,0.00771943198050192,0.0429999999999993
"371","Ito5","Ito",20,-0.00091687274242845,5.01801973896652,0.00722594842411179,48,2,14.8,1350,0.970959332747451,0.011172072799745,0.0410000000000004
"372","Ito5","Ito",20,-0.000989761044734653,5.41693544753425,0.00780038704444932,49,2,14.8,1350,0.98872457452741,0.00744699533624959,0.0389999999999979
"373","Ito5","Ito",21,-0.00101420533481522,5.55071838648871,0.00799303447654374,50,2,14.8,1350,0.986304074584042,0.00842050403309505,0.0409999999999968
"374","Ito5","Ito",21,-0.00101641428174493,5.56280789333376,0.00801044336640062,51,2,14.8,1350,0.976415616398686,0.0111298057716163,0.0450000000000017
"375","Ito5","Ito",21,-0.00112117254792997,6.13614705285997,0.00883605175611836,52,2,14.8,1350,0.965361620874202,0.0149633261337638,0.0460000000000029
"376","Ito5","Ito",22,-0.00116657404834676,6.38462823757348,0.00919386466210581,53,2,14.8,1350,0.979860307327129,0.0117836156277952,0.0430000000000028
"377","Ito5","Ito",22,-0.00125046540705751,6.84376337646342,0.00985501926210733,54,2,14.8,1350,0.977729205607446,0.0132969538699838,0.0370000000000026
"378","Ito5","Ito",20,-0.00135053487079744,7.39144084693194,0.010643674819582,55,2,14.8,1350,0.982605369267686,0.0126603514708733,0.283000000000001
"379","Ito5","Ito",19,-0.00122972353431508,6.73024366753526,0.00969155088125077,56,2,14.8,1350,0.982055409364022,0.0117119224007764,0.0539999999999985
"380","Ito5","Ito",14,-0.00087539594331759,4.79101833842735,0.00689906640733538,59,2,14.8,1350,0.974157496211946,0.0100456757401842,0.0539999999999985
"381","Ito5","Ito",14,-0.000688281467074181,3.76694586709518,0.00542440204861706,60,2,14.8,1350,0.968168143951673,0.00879313179262985,0.0800000000000001
"382","Ito5","Ito",15,-0.000737531258682965,4.0364886454946,0.00581254364951223,61,2,14.8,1350,0.982907922664664,0.00685241028826443,0.0970000000000013
"383","Ito5","Ito",16,-0.000812197832731308,4.44513678724567,0.00640099697363377,63,2,14.8,1350,0.978749479726592,0.00843204193726894,0.0689999999999991
"384","Ito5","Ito",17,-0.000929702695193102,5.08823772369198,0.00732706232211644,64,2,14.8,1350,0.98434782631632,0.00825998095379377,0.0549999999999997
"385","Ito5","Ito",17,-0.00104977771603224,5.74540506747374,0.00827338329716219,65,2,14.8,1350,0.970140389374579,0.0129760959100175,0.0500000000000007
"386","Ito5","Ito",18,-0.00110570297304806,6.0514824876279,0.00871413478218418,67,2,14.8,1350,0.979078375597663,0.0113880500875922,0.0429999999999993
"387","Ito5","Ito",18,-0.00145349402611837,7.9549335213235,0.0114551042707058,68,2,14.8,1350,0.985583444269775,0.0123856621383136,0.0380000000000003
"388","Ito5","Ito",19,-0.00128292581272576,7.02141829937745,0.0101108423511035,69,2,14.8,1350,0.983427588319908,0.0117339741251877,0.0380000000000003
"389","Ito5","Ito",19,-0.00111700472353431,6.11333666258643,0.00880320479412446,70,2,14.8,1350,0.983639817263764,0.0101496941295648,0.036999999999999
"390","Ito5","Ito",19,-0.000953174492914692,5.21669823824933,0.00751204546307903,71,2,14.8,1350,0.982838262918832,0.00887429632645976,0.0339999999999989
"391","Ito5","Ito",20,-0.00120307029730481,6.58437122173578,0.00948149455929953,72,2,14.8,1350,0.988405403718482,0.00918064479853905,0.0300000000000011
"392","Ito5","Ito",20,-0.00124542233953875,6.81616280423237,0.00981527443809461,73,2,14.8,1350,0.992151075365267,0.00780467364053571,0.0269999999999975
"393","Ito5","Ito",20,-0.00121407335370936,6.64459065205797,0.00956821053896347,74,2,14.8,1350,0.97085932885342,0.0148196677938145,0.0210000000000008
"394","Ito5","Ito",21,-0.00138691303139761,7.59053753670315,0.0109303740528525,75,2,14.8,1350,0.983923108000456,0.0124908391504911,0.0219999999999985
"395","Ito5","Ito",21,-0.0011551889413726,6.3223178548095,0.00910413771092569,78,2,14.8,1350,0.99143813868841,0.00756355947827656,0.0139999999999993
"396","Ito5","Ito",21,-0.00130824534592941,7.15999142028934,0.0103103876452166,79,2,14.8,1350,0.978558454266605,0.0136441277517163,0.0129999999999981
"397","Ito5","Ito",22,-0.00134696443456515,7.37189994593088,0.0106155359221405,80,2,14.8,1350,0.977651649107936,0.0143485733095566,0.0150000000000006
"398","Ito5","Ito",22,-0.0013247151986663,7.25013047918718,0.0104401878900295,81,2,14.8,1350,0.98385154426126,0.0119576311273358,0.0120000000000005
"399","Ito5","Ito",22,-0.00118113364823561,6.46431253426248,0.00930861004933797,82,2,14.8,1350,0.985969457385129,0.0099271929832512,0.00900000000000034
"400","Ito5","Ito",22,-0.000970477910530704,5.31139937520182,0.00764841510029063,83,2,14.8,1350,0.987408480487207,0.00772143855281525,0.0100000000000016
"401","Ito5","Ito",22,-0.000907495137538202,4.96669636085097,0.0071520427596254,84,2,14.8,1350,0.989117474769375,0.00670667298489429,0.00999999999999801
"402","Ito5","Ito",22,-0.000943567657682681,5.16412028866873,0.00743633321568297,85,2,14.8,1350,0.990564205718409,0.00648847869551025,0.00799999999999912
"403","Ito5","Ito",22,-0.000912975826618502,4.99669202406072,0.00719523651464744,86,2,14.8,1350,0.984679878967103,0.00802351677676398,0.00799999999999912
"404","Ito5","Ito",23,-0.000940990552931363,5.15001586401624,0.00741602284418339,87,2,14.8,1350,0.987029143492343,0.00760022628327352,0.00900000000000034
"405","Ito5","Ito",23,-0.00092631981105863,5.06972329025332,0.00730040153796477,88,2,14.8,1350,0.989824315398344,0.00661737325712377,0.0100000000000016
"406","Ito5","Ito",23,-0.000969109474854122,5.30390996372864,0.00763763034776924,89,2,14.8,1350,0.990082905772004,0.00683362587321318,0.0139999999999993
"407","Ito5","Ito",23,-0.00098400250069463,5.38541909163953,0.00775500349196092,90,2,14.8,1350,0.991752055000321,0.00632250884775008,0.00800000000000267
"408","Ito5","Ito",23,-0.000999715198666293,5.47141426297093,0.00787883653867814,91,2,14.8,1350,0.993453665849148,0.00571772799648522,0.00900000000000034
"409","Ito5","Ito",23,-0.000952667407613228,5.21392297409942,0.00750804908270317,92,2,14.8,1350,0.986816897117976,0.00775807117457465,0.0130000000000017
"410","Ito5","Ito",23,-0.000978243956654623,5.35390273574489,0.00770961993947265,93,2,14.8,1350,0.992580176475666,0.00595913306269728,0.0130000000000017
"411","Ito5","Ito",24,-0.00106610864128924,5.83478378002896,0.0084020886432417,94,2,14.8,1350,0.986971314711274,0.00863021102454458,0.0330000000000013
"412","Ito7","Ito",20,-0.00190557099194221,7.99229775261197,0.0115089087637612,1,2,41.2,2880,0.951481076503554,0.0303181399729311,0.0429999999999993
"413","Ito7","Ito",19,-0.000821255904417894,3.44449078357796,0.00496006672835227,2,2,41.2,2880,0.986564846237199,0.00675241191258964,0.379999999999999
"414","Ito7","Ito",18,-0.00085477910530702,3.58509294653041,0.00516253384300379,3,2,41.2,2880,0.982346709332881,0.00807339601994103,0.097999999999999
"415","Ito7","Ito",18,-0.000922367324256734,3.86856974833892,0.00557074043760805,4,2,41.2,2880,0.986006039992098,0.00774205684726042,0.0400000000000027
"416","Ito7","Ito",18,-0.00087572242289525,3.6729328804927,0.00528902334790949,5,2,41.2,2880,0.946422869002218,0.0146803193786144,0.0509999999999984
"417","Ito7","Ito",19,-0.000942928591275352,3.95480729544614,0.00569492250544244,6,2,41.2,2880,0.986771027295274,0.00769228895709752,0.0500000000000007
"418","Ito7","Ito",19,-0.00083037649347041,3.48274412795356,0.00501515154425313,7,2,41.2,2880,0.971032068361552,0.0101050606316672,0.0539999999999985
"419","Ito7","Ito",20,-0.000877236732425666,3.67928415929988,0.00529816918939183,8,2,41.2,2880,0.99106097227227,0.0058699402927088,0.0629999999999988
"420","Ito7","Ito",20,-0.000926590719644345,3.88628340666366,0.00559624810559567,9,2,41.2,2880,0.98151027324942,0.0089604059942426,0.0599999999999987
"421","Ito7","Ito",21,-0.000812961933870515,3.40970442167051,0.00490997436720553,10,2,41.2,2880,0.98456798782575,0.0071710137264049,0.0579999999999998
"422","Ito7","Ito",21,-0.00164801333703806,6.91205593786838,0.00995336055053047,11,2,41.2,2880,0.983241626559128,0.0151589264484997,0.0680000000000014
"423","Ito7","Ito",22,-0.00145498055015282,6.10244269578657,0.00878751748193267,12,2,41.2,2880,0.956098474590622,0.0219668406940119,0.0629999999999988
"424","Ito7","Ito",20,-0.00074733953876076,3.13447262858882,0.0045136405851679,14,2,41.2,2880,0.976838035207795,0.00810804774753392,0.106999999999999
"425","Ito7","Ito",21,-0.00113112670186161,4.74414306023512,0.00683156600673857,18,2,41.2,2880,0.915001211508478,0.0242900667335052,0.0219999999999985
"426","Ito7","Ito",21,-0.00127493748263406,5.34731060677585,0.00770012727375723,20,2,41.2,2880,0.972074529898675,0.0152251392655544,0.0280000000000022
"427","Ito7","Ito",23,-0.00118605862739649,4.97453715568238,0.00716333350418262,30,2,41.2,2880,0.919746648370025,0.0246845696126225,0.00499999999999901
"428","Ito7","Ito",23,-0.000929320644623506,3.89773318910053,0.00561273579230476,31,2,41.2,2880,0.967808549948718,0.0119416145143117,0
"429","Ito7","Ito",23,-0.000640427896637952,2.68606651793782,0.00386793578583046,32,2,41.2,2880,0.889806953579346,0.0158789345471568,0.00300000000000011
"430","Ito7","Ito",23,-0.00122995276465686,5.15863683817244,0.00742843704696832,34,2,41.2,2880,0.973029967474281,0.0144273969248633,0.00700000000000145
"431","Ito7","Ito",24,-0.00124024034454015,5.20178474603245,0.00749057003428673,35,2,41.2,2880,0.963617906347279,0.0169792767714318,0.00700000000000145
"432","Ito7","Ito",24,-0.000917317310363995,3.84738910754608,0.00554024031486635,36,2,41.2,2880,0.965774677116437,0.0121668282948427,0.00600000000000023
"433","Ito7","Ito",24,-0.00112820922478465,4.73190665152398,0.00681394557819453,38,2,41.2,2880,0.97344786413999,0.0131281928856168,0.00500000000000256
"434","Ito7","Ito",24,-0.00119319255348707,5.0044580884118,0.00720641964731299,39,2,41.2,2880,0.958173755769331,0.0175644580087415,0.00500000000000256
"435","Ito7","Ito",24,-0.0020886565712698,8.76019066785003,0.012614674561704,40,2,41.2,2880,0.990323002041926,0.0145469132257769,0.0109999999999992
"436","Ito7","Ito",24,-0.000988809391497635,4.14723938958231,0.00597202472099853,41,2,41.2,2880,0.989167317158476,0.00729067329649247,0.00799999999999912
"437","Ito7","Ito",24,-0.000944380383439839,3.96089636549525,0.00570369076631316,42,2,41.2,2880,0.993122354460391,0.00553716408452498,0.00600000000000023
"438","Ito7","Ito",24,-0.00120125034731869,5.03825388389976,0.00725508559281565,43,2,41.2,2880,0.981950895492919,0.0114746220794949,0.00200000000000244
"439","Ito7","Ito",21,-0.00116515004167825,4.88684289325247,0.00703705376628356,44,2,41.2,2880,0.983371098184724,0.0106752201394829,0.400000000000002
"440","Ito7","Ito",19,-0.000927681300361201,3.89085749277707,0.00560283478959899,45,2,41.2,2880,0.994001999906042,0.00507727080070644,0.0620000000000012
"441","Ito7","Ito",19,-0.000781286468463462,3.2768519842351,0.00471866685729855,46,2,41.2,2880,0.988442847701279,0.00595225953244892,0.0440000000000005
"442","Ito7","Ito",20,-0.000836940816893576,3.51027604755364,0.00505479750847724,47,2,41.2,2880,0.991121593639134,0.005581111625853,0.0429999999999993
"443","Ito7","Ito",20,-0.000848284245623786,3.55785236999491,0.00512330741279267,48,2,41.2,2880,0.991318551106493,0.00559310292225457,0.0410000000000004
"444","Ito7","Ito",20,-0.000842859127535425,3.53509847665343,0.00509054180638094,49,2,41.2,2880,0.977469179598747,0.00901599953933694,0.0389999999999979
"445","Ito7","Ito",21,-0.00224017782717422,9.39569729455595,0.0135298041041606,50,2,41.2,2880,0.99103752999486,0.0150097417955358,0.0409999999999968
"446","Ito7","Ito",21,-0.00109941650458461,4.61114495126749,0.00664004872982518,51,2,41.2,2880,0.985741204854726,0.00931631430202937,0.0450000000000017
"447","Ito7","Ito",21,-0.000946943595443178,3.97164692457721,0.00571917157139119,52,2,41.2,2880,0.984013428351641,0.00850399875243624,0.0460000000000029
"448","Ito7","Ito",22,-0.00108385662684079,4.54588410480796,0.00654607311092347,53,2,41.2,2880,0.981480481483894,0.0104898135604298,0.0430000000000028
"449","Ito7","Ito",22,-0.000979084467907742,4.10645136054509,0.00591328995918493,54,2,41.2,2880,0.994276120175644,0.00523400134686434,0.0370000000000026
"450","Ito7","Ito",20,-0.00114793692692414,4.81464808185658,0.00693309323787348,55,2,41.2,2880,0.986312176327585,0.00952796054807256,0.283000000000001
"451","Ito7","Ito",19,-0.00125652959155321,5.27010469466979,0.00758895076032449,56,2,41.2,2880,0.984482756629138,0.0111147031913771,0.0539999999999985
"452","Ito7","Ito",15,-0.00075054181717143,3.14790354386464,0.00453298110316508,58,2,41.2,2880,0.97304070601681,0.0088020851858062,0.213000000000001
"453","Ito7","Ito",14,-0.000982557654904134,4.12101851377268,0.00593426665983266,59,2,41.2,2880,0.975472242011515,0.0109774490967251,0.0539999999999985
"454","Ito7","Ito",14,-0.000733821894970825,3.07777726822715,0.00443199926624709,60,2,41.2,2880,0.963451133576168,0.0100701211512996,0.0800000000000001
"455","Ito7","Ito",15,-0.000852736871353148,3.57652746043262,0.00515019954302297,61,2,41.2,2880,0.977106188072706,0.00919655421356295,0.0970000000000013
"456","Ito7","Ito",16,-0.000881619894415117,3.69766790667311,0.00532464178560928,62,2,41.2,2880,0.934938450529559,0.0163860393066596,0.0739999999999998
"457","Ito7","Ito",16,-0.000766171158655183,3.21345573338873,0.00462737625607977,63,2,41.2,2880,0.986297419472992,0.00636275136391406,0.0689999999999991
"458","Ito7","Ito",17,-0.000696554598499576,2.92147171409531,0.00420691926829724,64,2,41.2,2880,0.897751228669658,0.0165625853257629,0.0549999999999997
"459","Ito7","Ito",17,-0.000837788274520695,3.51383043294117,0.00505991582343528,65,2,41.2,2880,0.986354227048375,0.00694286647865871,0.0500000000000007
"460","Ito7","Ito",18,-0.000870227841066959,3.64988764408666,0.00525583820748479,66,2,41.2,2880,0.954406330059373,0.0134011020221227,0.0400000000000027
"461","Ito7","Ito",18,-0.000962961933870524,4.03883063526278,0.0058159161147784,67,2,41.2,2880,0.964312347715029,0.0130521232227902,0.0429999999999993
"462","Ito7","Ito",18,-0.00097320783550986,4.08180373728407,0.00587779738168906,68,2,41.2,2880,0.980298403841684,0.0097207343655494,0.0380000000000003
"463","Ito7","Ito",19,-0.000854258127257572,3.58290787354632,0.0051593873379067,69,2,41.2,2880,0.990356088804801,0.00593939149324556,0.0380000000000003
"464","Ito7","Ito",19,-0.000964240066685187,4.04419134765049,0.00582363554061671,70,2,41.2,2880,0.9681992500963,0.0123124194798166,0.036999999999999
"465","Ito7","Ito",19,-0.000921068352320084,3.86312163303181,0.00556289515156581,71,2,41.2,2880,0.990466103299266,0.00636691706395692,0.0339999999999989
"466","Ito7","Ito",20,-0.000931210058349532,3.90565772045629,0.00562414711745705,72,2,41.2,2880,0.98885268457614,0.00696608749462989,0.0300000000000011
"467","Ito7","Ito",20,-0.00103943456515699,4.35957021502738,0.00627778110963943,73,2,41.2,2880,0.996266001197446,0.00448351376060195,0.0269999999999975
"468","Ito7","Ito",20,-0.00101623367602111,4.26226163146719,0.00613765674931275,74,2,41.2,2880,0.98976174228857,0.00728221001680979,0.0210000000000008
"469","Ito7","Ito",21,-0.00087199222006112,3.65728775792625,0.0052664943714138,75,2,41.2,2880,0.982969213532336,0.00808689723107462,0.0219999999999985
"470","Ito7","Ito",21,-0.000947811892192281,3.97528871288413,0.00572441574655315,76,2,41.2,2880,0.989802909792916,0.00677809795830909,0.0219999999999985
"471","Ito7","Ito",21,-0.00109366490691858,4.58702174552259,0.00660531131355252,77,2,41.2,2880,0.989061609388019,0.00810347391472009,0.0150000000000006
"472","Ito7","Ito",21,-0.00110468880244513,4.63325788986694,0.00667189136140839,78,2,41.2,2880,0.987354227666163,0.00880842085019333,0.0139999999999993
"473","Ito7","Ito",21,-0.00112138093914975,4.70326762827857,0.00677270538472114,79,2,41.2,2880,0.994078459560961,0.00609792541308709,0.0129999999999981
"474","Ito7","Ito",22,-0.00140818977493747,5.90619400750475,0.00850491937080683,80,2,41.2,2880,0.991229684358896,0.00933261969729421,0.0150000000000006
"475","Ito7","Ito",22,-0.00110450125034732,4.63247126359265,0.00667075861957342,81,2,41.2,2880,0.9943708794261,0.00585509854381245,0.0120000000000005
"476","Ito7","Ito",22,-0.00103183523200889,4.32769728376545,0.00623188408862225,82,2,41.2,2880,0.963808785661561,0.0140876453556982,0.00900000000000034
"477","Ito7","Ito",22,-0.000933259238677409,3.91425234086059,0.00563652337083925,83,2,41.2,2880,0.992129120950769,0.00585668327898287,0.0100000000000016
"478","Ito7","Ito",22,-0.00102295081967213,4.2904345058093,0.0061782256883654,84,2,41.2,2880,0.989973874581942,0.0072532287502572,0.00999999999999801
"479","Ito7","Ito",22,-0.001022117254793,4.2869383890347,0.00617319128020997,85,2,41.2,2880,0.994239572864252,0.00548156364785522,0.00799999999999912
"480","Ito7","Ito",22,-0.000907474298416224,3.80610579529912,0.00548079234523073,86,2,41.2,2880,0.991394784239943,0.00595681100048875,0.00799999999999912
"481","Ito7","Ito",23,-0.00103764934704083,4.35208269826833,0.0062669990855064,87,2,41.2,2880,0.992467430063046,0.00636921621074832,0.00900000000000034
"482","Ito7","Ito",23,-0.000914740205612671,3.8365802798512,0.00552467560298573,88,2,41.2,2880,0.99005910936549,0.00645805551592574,0.0100000000000016
"483","Ito7","Ito",23,-0.00130479299805501,5.47252985592005,0.00788044299252488,89,2,41.2,2880,0.990371484381731,0.00906450605638709,0.0139999999999993
"484","Ito7","Ito",23,-0.00110721728257849,4.64386277741657,0.00668716239947987,90,2,41.2,2880,0.980047925149023,0.011130768544586,0.00800000000000267
"485","Ito7","Ito",23,-0.00101685190330647,4.26485458474171,0.00614139060202806,91,2,41.2,2880,0.99469539065961,0.00523192218444486,0.00900000000000034
"486","Ito7","Ito",23,-0.00105272992497917,4.41533327758253,0.00635807991971884,92,2,41.2,2880,0.995309753476671,0.00509163887358042,0.0130000000000017
"487","Ito7","Ito",23,-0.00100718255070853,4.22429963015615,0.00608299146742485,93,2,41.2,2880,0.990436871739015,0.00697295244754036,0.0130000000000017
"488","Ito7","Ito",24,-0.00100207696582384,4.20288591491163,0.00605215571747275,94,2,41.2,2880,0.99347206033816,0.00572312506230692,0.0330000000000013
"489","Ito8","Ito",22,-0.000912232564601274,5.04128522542809,0.00725945072461645,1,3,3.8,350,0.982172481803006,0.00865922560393838,0.00199999999999889
"490","Ito8","Ito",22,-0.00100304945818282,5.54316805837874,0.00798216200406539,2,3,3.8,350,0.977147922730764,0.0108075425256338,0.00600000000000023
"491","Ito8","Ito",22,-0.000934335926646284,5.16343538409788,0.00743534695310095,3,3,3.8,350,0.975628682074799,0.0104045235209703,0.00800000000000267
"492","Ito8","Ito",22,-0.00133342595165324,7.36893289071527,0.01061126336263,4,3,3.8,350,0.988271445654659,0.0102346958705402,0.0129999999999981
"493","Ito8","Ito",22,-0.00143127257571548,7.90966423421713,0.0113899164972727,5,3,3.8,350,0.983434099981663,0.0130881769022706,0.00600000000000023
"494","Ito8","Ito",22,-0.00137037371492081,7.57311789824658,0.0109052897734751,6,3,3.8,350,0.982917894669496,0.0127283766074942,0.00700000000000145
"495","Ito8","Ito",22,-0.000772964712420119,4.27164709495329,0.00615117181673273,7,3,3.8,350,0.976396798856429,0.00846747392899019,0.00700000000000145
"496","Ito8","Ito",22,-0.000758502361767154,4.1917235781869,0.00603608195258914,8,3,3.8,350,0.985996935214052,0.00636872686856138,0.00600000000000023
"497","Ito8","Ito",22,-0.000755730758544038,4.17640682353284,0.0060140258258873,9,3,3.8,350,0.984970656643872,0.00657729582539482,0.00499999999999901
"498","Ito8","Ito",22,-0.000842352042233961,4.65510339129294,0.00670334888346184,10,3,3.8,350,0.984962761633207,0.00733313515575892,0.00600000000000023
"499","Ito8","Ito",22,-0.000795415393164753,4.39571664643679,0.00632983197086898,11,3,3.8,350,0.985260900464509,0.00685449972056009,0.00700000000000145
"500","Ito8","Ito",22,-0.000766011392053345,4.23322085082112,0.00609583802518241,12,3,3.8,350,0.975805993676518,0.00849824608270422,0.00300000000000011
"501","Ito8","Ito",22,-0.00108237010280633,5.9815189891929,0.00861338734443777,13,3,3.8,350,0.993790914345893,0.00602787200854091,0.00600000000000023
"502","Ito8","Ito",22,-0.00108463462072798,5.99403343033881,0.00863140813968789,14,3,3.8,350,0.983499027601227,0.00989858653740617,0.0069999999999979
"503","Ito8","Ito",22,-0.00130728674631843,7.22447938754922,0.0104032503180709,15,3,3.8,350,0.982363427722091,0.0123413814728752,0.00199999999999889
"504","Ito8","Ito",22,-0.00120782856348987,6.67484206139137,0.00961177256840357,16,3,3.8,350,0.992972800134215,0.00715895599114944,0.00200000000000244
"505","Ito8","Ito",22,-0.00154650597388163,8.54648038197744,0.0123069317500475,17,3,3.8,350,0.993600057759728,0.00874491807404143,0.0069999999999979
"506","Ito8","Ito",22,-0.000950270908585719,5.25149712639476,0.00756215586200846,18,3,3.8,350,0.974618927092589,0.0108045559269278,0.00600000000000023
"507","Ito8","Ito",22,-0.00101362878577383,5.60163276348693,0.00806635117942118,19,3,3.8,350,0.982316746660299,0.00958199998736567,0.00700000000000145
"508","Ito8","Ito",22,-0.000886885245901644,4.90120793787751,0.00705773943054361,20,3,3.8,350,0.981337592900013,0.00861715612526548,0.00999999999999801
"509","Ito8","Ito",22,-0.00119602667407613,6.6096210935786,0.00951785437475318,21,3,3.8,350,0.990755054726511,0.00814013878607079,0.00700000000000145
"510","Ito8","Ito",22,-0.000858752431230889,4.74573711996017,0.00683386145274265,22,3,3.8,350,0.967253169735734,0.0111328011831401,0.0069999999999979
"511","Ito8","Ito",22,-0.000969477632675745,5.35763954899754,0.00771500095055645,23,3,3.8,350,0.990427872455219,0.00671510063081493,0.00600000000000023
"512","Ito8","Ito",22,-0.00131584467907752,7.27177322648104,0.0104713534461327,24,3,3.8,350,0.99211241530104,0.00826643251040672,0
"513","Ito8","Ito",22,-0.00126556682411781,6.99392192275632,0.0100712475687691,25,3,3.8,350,0.992955792840435,0.00751031416568632,0.00100000000000122
"514","Ito8","Ito",22,-0.000798312031119757,4.41172438250392,0.00635288311080565,26,3,3.8,350,0.981342645753552,0.00775549080291462,0.00700000000000145
"515","Ito8","Ito",22,-0.000802299249791611,4.43375901200627,0.00638461297728903,27,3,3.8,350,0.977302931749519,0.00861447048089262,0.00200000000000244
"516","Ito8","Ito",22,-0.000944081689358151,5.21729354645294,0.00751290270689224,28,3,3.8,350,0.976523251293937,0.0103135736908145,0.00100000000000122
"517","Ito8","Ito",21,-0.000933620450125032,5.15948143490149,0.00742965326625815,29,3,3.8,350,0.978020329933677,0.00986118075056094,0.00900000000000034
"518","Ito8","Ito",21,-0.000880313976104466,4.86489302584047,0.00700544595721028,30,3,3.8,350,0.980957955677677,0.00864153923126705,0.0100000000000016
"519","Ito8","Ito",21,-0.000912413170325088,5.04228330969127,0.00726088796595544,31,3,3.8,350,0.977788457508432,0.0096890315957309,0.0130000000000017
"520","Ito8","Ito",21,-0.000724652681300348,4.00465955455455,0.00576670975855856,32,3,3.8,350,0.978822284034582,0.00750999173683318,0.0150000000000006
"521","Ito8","Ito",21,-0.000916066963045287,5.06247532209238,0.00728996446381302,33,3,3.8,350,0.983765207768888,0.00829137922572008,0.00800000000000267
"522","Ito8","Ito",21,-0.000924062239510964,5.10665974466585,0.00735359003231883,34,3,3.8,350,0.969914214368288,0.0114666659350794,0.00700000000000145
"523","Ito8","Ito",21,-0.000920575159766593,5.08738904081538,0.00732584021877415,35,3,3.8,350,0.970356005885984,0.011336630249149,0.0160000000000018
"524","Ito8","Ito",21,-0.00121700472353432,6.72555241953176,0.00968479548412574,36,3,3.8,350,0.979378684495237,0.0124421961464489,0.0109999999999992
"525","Ito8","Ito",21,-0.0012910600166713,7.13480535528875,0.0102741197116158,37,3,3.8,350,0.982758614263566,0.0120484451824529,0.00999999999999801
"526","Ito8","Ito",21,-0.00128216171158655,7.08563051139934,0.010203307936415,38,3,3.8,350,0.991858651936265,0.00818442158135916,0.00899999999999679
"527","Ito8","Ito",21,-0.00122688246735203,6.78013995115597,0.0097634015296646,39,3,3.8,350,0.973680892037952,0.0142118998843346,0.0130000000000017
"528","Ito8","Ito",21,-0.00124269936093358,6.86754909989612,0.00988927070385041,40,3,3.8,350,0.981936027536449,0.0118755307612905,0.0160000000000018
"529","Ito8","Ito",21,-0.00101954709641567,5.63433921703395,0.00811344847252888,41,3,3.8,350,0.950458497432489,0.0164001273516432,0.0109999999999992
"530","Ito8","Ito",20,-0.0012048971936649,6.65864238604288,0.00958844503590175,42,3,3.8,350,0.977596261091828,0.0128514579142535,0.0100000000000016
"531","Ito8","Ito",20,-0.000804758266185037,4.44734831312784,0.00640418157090409,43,3,3.8,350,0.957875223873468,0.0118905433124092,0.0130000000000017
"532","Ito8","Ito",20,-0.00069171992220062,3.8226627279508,0.00550463432824915,44,3,3.8,350,0.961320110152222,0.00977599125807856,0.00900000000000034
"533","Ito9","Ito",22,-0.00169078910808558,6.91686453307737,0.00996028492763141,1,3,19.8,1350,0.974184984717886,0.01939218917057,0.00199999999999889
"534","Ito9","Ito",22,-0.00189639483189775,7.75797885776353,0.0111714895551795,2,3,19.8,1350,0.973481759802977,0.0220525656633499,0.00600000000000023
"535","Ito9","Ito",22,-0.00181813698249512,7.43783311020733,0.0107104796786985,3,3,19.8,1350,0.967148835455684,0.0236089813457773,0.00800000000000267
"536","Ito9","Ito",22,-0.00156784523478743,6.41391232413039,0.00923603374674777,4,3,19.8,1350,0.991582047464476,0.0101780368539845,0.0129999999999981
"537","Ito9","Ito",22,-0.0018371978327313,7.51580931571897,0.0108227654146353,5,3,19.8,1350,0.975392358982422,0.020560002408754,0.00600000000000023
"538","Ito9","Ito",22,-0.00164003889969436,6.70925004420418,0.00966132006365402,6,3,19.8,1350,0.968905055836936,0.0207004767967981,0.00700000000000145
"539","Ito9","Ito",22,-0.00190911364267852,7.81001035641211,0.0112464149132334,7,3,19.8,1350,0.980283576176414,0.0190762019107092,0.00700000000000145
"540","Ito9","Ito",22,-0.00222299249791609,9.09406021874763,0.0130954467149966,8,3,19.8,1350,0.989849068415146,0.0158609201280009,0.00600000000000023
"541","Ito9","Ito",22,-0.0015599888858016,6.38177271464292,0.0091897527090858,9,3,19.8,1350,0.990940453667434,0.0105092777547768,0.00499999999999901
"542","Ito9","Ito",22,-0.00129313003612113,5.29007742049554,0.00761771148551357,10,3,19.8,1350,0.990125265563757,0.00909875058820399,0.00600000000000023
"543","Ito9","Ito",22,-0.00113696165601556,4.6512067746091,0.00669773775543711,11,3,19.8,1350,0.96653227449341,0.0149063960988377,0.00700000000000145
"544","Ito9","Ito",22,-0.00144649208113364,5.91746760463763,0.00852115335067819,12,3,19.8,1350,0.993321687190266,0.00835653815396034,0.00300000000000011
"545","Ito9","Ito",22,-0.00137803556543483,5.63741822223341,0.00811788224001611,13,3,19.8,1350,0.989017353520365,0.0102313724058436,0.00600000000000023
"546","Ito9","Ito",22,-0.00160260489024729,6.556110914648,0.00944079971709311,14,3,19.8,1350,0.978645377962584,0.0166794472256292,0.0069999999999979
"547","Ito9","Ito",22,-0.0016545151430953,6.76847103993532,0.00974659829750686,16,3,19.8,1350,0.993053968066897,0.00974932680904017,0.00200000000000244
"548","Ito9","Ito",22,-0.00220727979994442,9.02978099977262,0.0130028846396726,17,3,19.8,1350,0.98467953307884,0.0193984868200537,0.0069999999999979
"549","Ito9","Ito",22,-0.00137677132536815,5.63224633105153,0.00811043471671421,18,3,19.8,1350,0.964494978417909,0.0186113826053796,0.00600000000000023
"550","Ito9","Ito",22,-0.00140859266462906,5.76242453711889,0.0082978913334512,19,3,19.8,1350,0.968305982896636,0.0179551765089132,0.00700000000000145
"551","Ito9","Ito",22,-0.00143962211725477,5.88936320695135,0.00848068301800994,20,3,19.8,1350,0.980562220257387,0.0142809198042172,0.00999999999999801
"552","Ito9","Ito",22,-0.00110657821617115,4.52691088433651,0.00651875167344457,22,3,19.8,1350,0.963837946466022,0.0151017949332268,0.0069999999999979
"553","Ito9","Ito",22,-0.00141050986385106,5.77026762484524,0.00830918537977714,23,3,19.8,1350,0.967999033480972,0.0180693334953259,0.00600000000000023
"554","Ito9","Ito",22,-0.00130173659349819,5.32528606431076,0.00766841193260749,24,3,19.8,1350,0.986763221033665,0.0106225727747521,0
"555","Ito9","Ito",22,-0.00136815087524311,5.59698085326725,0.00805965242870484,25,3,19.8,1350,0.971633061123457,0.0164706601871219,0.00100000000000122
"556","Ito9","Ito",22,-0.00144590858571825,5.91508057793831,0.00851771603223116,26,3,19.8,1350,0.971078103168801,0.017581222176785,0.00700000000000145
"557","Ito9","Ito",22,-0.00140567518755208,5.75048940362214,0.00828070474121588,27,3,19.8,1350,0.982601882698643,0.0131785986013502,0.00200000000000244
"558","Ito9","Ito",22,-0.00264833981661573,10.8341174316098,0.0156011291015181,28,3,19.8,1350,0.958846607451002,0.0386566204718511,0.00100000000000122
"559","Ito9","Ito",21,-0.00115385523756598,4.72031688095173,0.00679725630857049,29,3,19.8,1350,0.943575463441255,0.0198801165696102,0.00900000000000034
"560","Ito9","Ito",21,-0.00115828007779939,4.7384185000884,0.0068233226401273,30,3,19.8,1350,0.939683963299494,0.0206757369163001,0.0100000000000016
"561","Ito9","Ito",21,-0.00116290636287858,4.75734421177601,0.00685057566495745,31,3,19.8,1350,0.978253996600351,0.0122160436873578,0.0130000000000017
"562","Ito9","Ito",21,-0.00160267435398721,6.55639508449311,0.00944120892167009,32,3,19.8,1350,0.984898107246737,0.0139825778793152,0.0150000000000006
"563","Ito9","Ito",21,-0.00161115587663239,6.59109222258707,0.00949117280052538,33,3,19.8,1350,0.977998900129219,0.0170259946580629,0.00800000000000267
"564","Ito9","Ito",21,-0.00135721728257849,5.55225251963928,0.00799524362828056,38,3,19.8,1350,0.930208300744543,0.0261928696821532,0.00899999999999679
"565","Ito9","Ito",21,-0.00143952486801889,5.88896536916819,0.0084801101316022,39,3,19.8,1350,0.9873051500476,0.0115008298066023,0.0130000000000017
"566","Ito9","Ito",21,-0.00204428313420394,8.36297645810702,0.0120426860996741,40,3,19.8,1350,0.982433576199649,0.0192598564282347,0.0160000000000018
"567","Ito9","Ito",21,-0.00125705751597665,5.1425080199045,0.00740521154866247,41,3,19.8,1350,0.961883060272196,0.0176309187310912,0.0109999999999992
"568","Ito9","Ito",20,-0.00140953042511809,5.76626083002853,0.00830341559524109,42,3,19.8,1350,0.985847264216718,0.011899035395182,0.0100000000000016
"569","Ito9","Ito",20,-0.00150764101139206,6.16762231933114,0.00888137613983684,43,3,19.8,1350,0.980751452873771,0.0148812481950859,0.0130000000000017
"570","Ito9","Ito",20,-0.00149497777160321,6.11581815655858,0.00880677814544435,44,3,19.8,1350,0.963216460417458,0.0205836062953493,0.00900000000000034
"571","Ito9","Ito",18,-0.000970457071408717,3.97005165576294,0.00571687438429863,45,3,19.8,1350,0.952162484716312,0.0153259365370224,0.527000000000001
"572","Masu5","Masu",22,-0.0017201028063351,9.50583129816768,0.0136883970693615,1,3,3.8,350,0.989050416424772,0.0127516361066087,0.00199999999999889
"573","Masu5","Masu",22,-0.00185264656849123,10.2383099837673,0.014743166376625,2,3,3.8,350,0.996695893842841,0.00751553943599397,0.00600000000000023
"574","Masu5","Masu",22,-0.00198182133926091,10.9521705590735,0.0157711256050658,3,3,3.8,350,0.99654332441558,0.00822370720338979,0.00800000000000267
"575","Masu5","Masu",22,-0.00160987079744373,8.89665440692588,0.0128111823459733,4,3,3.8,350,0.98909823874656,0.0119080750109115,0.0129999999999981
"576","Masu5","Masu",22,-0.00176453181439289,9.7513600269081,0.0140419584387477,5,3,3.8,350,0.985159273031677,0.015258989561788,0.00600000000000023
"577","Masu5","Masu",22,-0.0014391358710753,7.95311928752139,0.0114524917740308,6,3,3.8,350,0.980348866653582,0.014355793218489,0.00700000000000145
"578","Masu5","Masu",22,-0.0019998958043901,11.0520557611032,0.0159149602959886,7,3,3.8,350,0.99835828091217,0.00571393769976194,0.00700000000000145
"579","Masu5","Masu",22,-0.00119012225618227,6.57699141574414,0.00947086763867155,8,3,3.8,350,0.993559663035688,0.00675104210335759,0.00600000000000023
"580","Masu5","Masu",22,-0.00153404417893859,8.47761256781854,0.0122077620976587,9,3,3.8,350,0.987384620975894,0.0122170614810044,0.00499999999999901
"581","Masu5","Masu",22,-0.00236359405390387,13.0619671399951,0.0188092326815929,10,3,3.8,350,0.995584991893555,0.0110897406816117,0.00600000000000023
"582","Masu5","Masu",22,-0.0011332522923034,6.26271003641354,0.0090183024524355,11,3,3.8,350,0.99424629788339,0.0060740060728304,0.00700000000000145
"583","Masu5","Masu",22,-0.00110923173103639,6.12996482941165,0.00882714935435277,12,3,3.8,350,0.99285423267237,0.00663018878422506,0.00300000000000011
"584","Masu5","Masu",22,-0.00114114337315923,6.30631864114309,0.00908109884324605,13,3,3.8,350,0.99424804902573,0.00611536448508492,0.00600000000000023
"585","Masu5","Masu",22,-0.00175334120589051,9.68951719044757,0.0139529047542445,14,3,3.8,350,0.990325309676768,0.01221006445609,0.0069999999999979
"586","Masu5","Masu",22,-0.001143262017227,6.31802693730711,0.00909795878972224,15,3,3.8,350,0.992657880438996,0.00692753333066584,0.00199999999999889
"587","Masu5","Masu",22,-0.00115390386218393,6.3768371331217,0.00918264547169525,16,3,3.8,350,0.989937153300577,0.00819687218756664,0.00200000000000244
"588","Masu5","Masu",22,-0.00212204084467908,11.7270678258581,0.0168869776692356,17,3,3.8,350,0.996214435012649,0.00921646964069893,0.0069999999999979
"589","Masu5","Masu",22,-0.00121591414281745,6.71952552609645,0.00967611675757889,18,3,3.8,350,0.99507676408655,0.00602589917591845,0.00600000000000023
"590","Masu5","Masu",22,-0.00115666157265907,6.39207711206328,0.00920459104137112,19,3,3.8,350,0.994050964155718,0.00630444985655325,0.00700000000000145
"591","Masu5","Masu",22,-0.00158000833564878,8.73162501279591,0.0125735400184261,20,3,3.8,350,0.998727879635393,0.0039730297220541,0.00999999999999801
"592","Masu5","Masu",22,-0.00102033203667684,5.63867704479307,0.00811969494450202,21,3,3.8,350,0.99338654965904,0.00586567982747219,0.00700000000000145
"593","Masu5","Masu",22,-0.00153189080300083,8.46571233237302,0.0121906257586171,22,3,3.8,350,0.994589758515985,0.00796042147144847,0.0069999999999979
"594","Masu5","Masu",22,-0.000965066685190317,5.33326326026228,0.00767989909477768,23,3,3.8,350,0.991580794767419,0.00626542792794841,0.00600000000000023
"595","Masu5","Masu",22,-0.000944012225618226,5.21690966789019,0.00751234992176188,24,3,3.8,350,0.989150941208335,0.00696569229460287,0
"596","Masu5","Masu",22,-0.00112800083356487,6.23368881706903,0.0089765118965794,25,3,3.8,350,0.990007537557325,0.00798451152947861,0.00100000000000122
"597","Masu5","Masu",22,-0.00109005973881633,6.02401434609027,0.00867458065836999,26,3,3.8,350,0.993259335036102,0.00632691882550935,0.00700000000000145
"598","Masu5","Masu",22,-0.00110979438732981,6.13307424577,0.00883162691390881,27,3,3.8,350,0.989498491367883,0.00805531861253011,0.00200000000000244
"599","Masu5","Masu",22,-0.00115494581828285,6.38259531156313,0.0091909372486509,28,3,3.8,350,0.990986213671074,0.00776074392996783,0.00100000000000122
"600","Masu5","Masu",21,-0.00105228535704362,5.81526118366212,0.00837397610447345,29,3,3.8,350,0.990143303921656,0.00739728076211425,0.00900000000000034
"601","Masu5","Masu",21,-0.0010267296471242,5.67403226042322,0.00817060645500944,30,3,3.8,350,0.990401264869079,0.00712163044227225,0.0100000000000016
"602","Masu5","Masu",21,-0.0010784662406224,5.95994501396588,0.00858232082011086,31,3,3.8,350,0.99430427799742,0.00575099795216806,0.0130000000000017
"603","Masu5","Masu",21,-0.000997033898305083,5.50992417484388,0.00793429081177519,32,3,3.8,350,0.993176335718824,0.00582274121142898,0.0150000000000006
"604","Masu5","Masu",21,-0.000982571547652125,5.43000065807753,0.00781920094763165,33,3,3.8,350,0.990033844376989,0.00694584225189781,0.00800000000000267
"605","Masu5","Masu",21,-0.00112178382884134,6.19933168570217,0.00892703762741112,34,3,3.8,350,0.988345299620666,0.0085827665731379,0.00700000000000145
"606","Masu5","Masu",21,-0.000817108919144198,4.51560192158636,0.00650246676708436,35,3,3.8,350,0.98955286166083,0.00591535814875914,0.0160000000000018
"607","Masu5","Masu",21,-0.000895811336482343,4.9505363331919,0.00712877231979633,36,3,3.8,350,0.992846453184389,0.00535745018663469,0.0109999999999992
"608","Masu5","Masu",21,-0.000789128924701316,4.36097563650728,0.00627980491657048,37,3,3.8,350,0.985937167094881,0.00664020781203644,0.00999999999999801
"609","Masu5","Masu",21,-0.000828105029174761,4.57636989807105,0.00658997265322231,38,3,3.8,350,0.991289677907144,0.00546920443885523,0.00899999999999679
"610","Masu5","Masu",21,-0.000882620172270066,4.87763779412405,0.00702379842353863,39,3,3.8,350,0.986651830594547,0.00723310319014664,0.0130000000000017
"611","Masu5","Masu",21,-0.00109814531814392,6.06869781079536,0.00873892484754532,40,3,3.8,350,0.985156116397863,0.00949736164200402,0.0160000000000018
"612","Masu5","Masu",21,-0.00142272853570436,7.86244717099778,0.0113219239262368,41,3,3.8,350,0.990133919852479,0.0100062030723743,0.0109999999999992
"613","Masu5","Masu",20,-0.000745880800222278,4.12197284333364,0.00593564089440044,42,3,3.8,350,0.989337323504266,0.00545572244507129,0.0100000000000016
"614","Masu5","Masu",20,-0.000792998055015279,4.38235767245286,0.00631059504833211,43,3,3.8,350,0.986356538659959,0.00657111942943789,0.0130000000000017
"615","Masu5","Masu",20,-0.000724152542372876,4.00189562890274,0.00576272970561994,44,3,3.8,350,0.987418419918843,0.00575929017667814,0.00900000000000034
"616","Masu6","Masu",22,-0.00124776326757432,7.70677312325316,0.0110977532974846,1,3,3.4,350,0.996963087413457,0.00485211094773868,0.00199999999999889
"617","Masu6","Masu",22,-0.00118202973048068,7.30077186473361,0.0105131114852164,2,3,3.4,350,0.997399628585645,0.00425239315753141,0.00600000000000023
"618","Masu6","Masu",22,-0.00133468324534592,8.2436318094895,0.0118708298056649,3,3,3.4,350,0.997356489282212,0.00484133859607875,0.00800000000000267
"619","Masu6","Masu",22,-0.00115012503473187,7.10371344981446,0.0102293473677328,4,3,3.4,350,0.995037759883573,0.00572250372031516,0.0129999999999981
"620","Masu6","Masu",22,-0.00112702834120589,6.96105740156578,0.0100239226582547,5,3,3.4,350,0.994998672663571,0.00562973751772085,0.00600000000000023
"621","Masu6","Masu",22,-0.00116408724645734,7.18995063988356,0.0103535289214323,6,3,3.4,350,0.997353763264807,0.00422471272580316,0.00700000000000145
"622","Masu6","Masu",22,-0.00112604195609891,6.95496502296384,0.0100151496330679,7,3,3.4,350,0.995124097702532,0.00555348199745419,0.00700000000000145
"623","Masu6","Masu",22,-0.00113373159210892,7.00245983361393,0.0100835421604041,8,3,3.4,350,0.995206439549685,0.00554376336568214,0.00600000000000023
"624","Masu6","Masu",22,-0.00110285495971102,6.81175122174455,0.00980892175931216,9,3,3.4,350,0.995862624822695,0.00500844669829057,0.00499999999999901
"625","Masu6","Masu",22,-0.00107813976104473,6.65909852409982,0.00958910187470373,10,3,3.4,350,0.996965691111687,0.00419070191912806,0.00600000000000023
"626","Masu6","Masu",22,-0.00108240483467629,6.68544162594182,0.00962703594135621,11,3,3.4,350,0.995094116857749,0.00535473722882065,0.00700000000000145
"627","Masu6","Masu",22,-0.00114386635176438,7.0650568785447,0.0101736819051044,13,3,3.4,350,0.996846509497883,0.0045329280149568,0.00600000000000023
"628","Masu6","Masu",22,-0.00107127674353987,6.61670929833449,0.00952806138960167,14,3,3.4,350,0.994982604011432,0.00535987969886902,0.0069999999999979
"629","Masu6","Masu",22,-0.00109840928035566,6.7842926139614,0.00976938136410441,15,3,3.4,350,0.996321176722672,0.00470263092860002,0.00199999999999889
"630","Masu6","Masu",22,-0.00103298833009169,6.38022203880163,0.00918751973587435,16,3,3.4,350,0.996630011690181,0.00423218410663554,0.00200000000000244
"631","Masu6","Masu",22,-0.0010284731869964,6.35233439027187,0.00914736152199149,17,3,3.4,350,0.995986742565571,0.004599775381204,0.0069999999999979
"632","Masu6","Masu",22,-0.00102428452347874,6.32646323325101,0.00911010705588145,18,3,3.4,350,0.996389456777695,0.00434424433299705,0.00600000000000023
"633","Masu6","Masu",22,-0.000997777160322301,6.16274128434362,0.00887434744945482,19,3,3.4,350,0.995347000248605,0.00480656408682973,0.00700000000000145
"634","Masu6","Masu",22,-0.000971026674076137,5.9975176928232,0.0086364254776654,20,3,3.4,350,0.994035706394934,0.0052994597129888,0.00999999999999801
"635","Masu6","Masu",22,-0.000975680744651293,6.02626342284622,0.00867781932889856,21,3,3.4,350,0.994924217208592,0.00491005286048795,0.00700000000000145
"636","Masu6","Masu",22,-0.00102170741872741,6.31054582155164,0.00908718598303437,22,3,3.4,350,0.994224382721846,0.0054866273682949,0.0069999999999979
"637","Masu6","Masu",22,-0.000986711586551824,6.09439509340832,0.00877592893450799,23,3,3.4,350,0.995919921304709,0.00444973561815782,0.00600000000000023
"638","Masu6","Masu",22,-0.00103737149208114,6.40729450991294,0.00922650409427463,24,3,3.4,350,0.99326219921612,0.00601981795826805,0
"639","Masu6","Masu",22,-0.00104829119199777,6.47473971528033,0.00932362519000367,25,3,3.4,350,0.995230520415274,0.00511302022864783,0.00100000000000122
"640","Masu6","Masu",22,-0.00105427896637955,6.51172302763839,0.00937688115979929,26,3,3.4,350,0.994931019264486,0.00530201920994712,0.00700000000000145
"641","Masu6","Masu",22,-0.00108191858849681,6.68243834071558,0.00962271121063043,27,3,3.4,350,0.995114196910394,0.00534131291446627,0.00200000000000244
"642","Masu6","Masu",22,-0.00108007779938871,6.67106876093028,0.0096063390157396,28,3,3.4,350,0.993577684152725,0.00611817472023876,0.00100000000000122
"643","Masu6","Masu",21,-0.00103663517643789,6.40274667799872,0.00921995521631816,29,3,3.4,350,0.994265487071865,0.00554683117406377,0.00900000000000034
"644","Masu6","Masu",21,-0.00103016810225061,6.36280298448906,0.00916243629766425,30,3,3.4,350,0.995429944424267,0.00491796471753962,0.0100000000000016
"645","Masu6","Masu",21,-0.000990698805223659,6.11902203226378,0.00881139172645984,31,3,3.4,350,0.993614476397573,0.00559567988184197,0.0130000000000017
"646","Masu6","Masu",21,-0.000963642678521803,5.95191066145819,0.0085707513524998,32,3,3.4,350,0.994688050857218,0.00496159658460727,0.0150000000000006
"647","Masu6","Masu",21,-0.000925909974993058,5.7188557278983,0.00823515224817355,33,3,3.4,350,0.993170967590107,0.00540951415991243,0.00800000000000267
"648","Masu6","Masu",21,-0.000923346762989718,5.70302412434826,0.0082123547390615,34,3,3.4,350,0.990745867057877,0.0062874346401161,0.00700000000000145
"649","Masu6","Masu",21,-0.00080381355932203,4.96473080757724,0.00714921236291123,35,3,3.4,350,0.99230184520704,0.0049882552495284,0.0160000000000018
"650","Masu6","Masu",21,-0.000800590441789389,4.94482331693446,0.00712054557638562,36,3,3.4,350,0.991915487688619,0.00509239283608906,0.0109999999999992
"651","Masu6","Masu",21,-0.000766865796054453,4.73652403445397,0.00682059460961372,37,3,3.4,350,0.989029727426213,0.00569043313053574,0.00999999999999801
"652","Masu6","Masu",21,-0.000824736037788265,5.09395788045693,0.00733529934785798,38,3,3.4,350,0.990567697178063,0.00567026921486708,0.00899999999999679
"653","Masu6","Masu",21,-0.000758078632953607,4.68225038000757,0.0067424405472109,39,3,3.4,350,0.990590017936907,0.00520575350318401,0.0130000000000017
"654","Masu6","Masu",21,-0.000735801611558757,4.54465701256879,0.00654430609809906,40,3,3.4,350,0.99137424749814,0.00483573323147185,0.0160000000000018
"655","Masu6","Masu",21,-0.000715004167824392,4.41620221303301,0.00635933118676754,41,3,3.4,350,0.990349624756502,0.00497288393454117,0.0109999999999992
"656","Masu6","Masu",20,-0.000714101139205331,4.41062468332704,0.00635129954399094,42,3,3.4,350,0.990957970873992,0.00480603555197973,0.0100000000000016
"657","Masu6","Masu",20,-0.00071131564323423,4.39342014938789,0.00632652501511857,43,3,3.4,350,0.990526305273389,0.00490129639373558,0.0130000000000017
"658","Masu6","Masu",20,-0.000696658794109469,4.3028925518526,0.00619616527466775,44,3,3.4,350,0.987561342994768,0.00550866990631904,0.00900000000000034
"659","Masu9","Masu",22,-0.00161303139761043,11.6805721895928,0.0168200239530136,1,3,2.9,350,0.989205271484704,0.0118720957945349,0.00199999999999889
"660","Masu9","Masu",22,-0.00114353292581273,8.2807556696784,0.0119242881643369,2,3,2.9,350,0.993767326765275,0.00638065724805661,0.00600000000000023
"661","Masu9","Masu",22,-0.00168016810225062,12.166734533539,0.0175200977282961,3,3,2.9,350,0.992938715045524,0.00998286739022265,0.00800000000000267
"662","Masu9","Masu",22,-0.00177979299805502,12.8881561928122,0.0185589449176496,4,3,2.9,350,0.995651804706937,0.0082869017920234,0.0129999999999981
"663","Masu9","Masu",22,-0.00115900944706863,8.39282703049698,0.0120856709239157,5,3,2.9,350,0.995309120525982,0.00560605096061893,0.00600000000000023
"664","Masu9","Masu",22,-0.00118651708808002,8.59202029299326,0.0123725092219103,6,3,2.9,350,0.991957187013221,0.00752754635108281,0.00700000000000145
"665","Masu9","Masu",22,-0.00122902195054182,8.89981412461317,0.012815732339443,7,3,2.9,350,0.985117901286683,0.0106431343537753,0.00700000000000145
"666","Masu9","Masu",22,-0.00113608641289247,8.22683264508343,0.0118466390089201,8,3,2.9,350,0.991322713673306,0.00748889465553666,0.00600000000000023
"667","Masu9","Masu",22,-0.00112679216449014,8.15952946699754,0.0117497224324765,9,3,2.9,350,0.990421172756307,0.00780749924250155,0.00499999999999901
"668","Masu9","Masu",22,-0.00117789663795499,8.52959634381198,0.0122826187350892,10,3,2.9,350,0.9952966511728,0.00570501020571716,0.00600000000000023
"669","Masu9","Masu",22,-0.00127927896637955,9.26374423930017,0.0133397917045922,11,3,2.9,350,0.99133537517801,0.00842658796394766,0.00700000000000145
"670","Masu9","Masu",22,-0.00107436787996665,7.77990533768953,0.0112030636862729,12,3,2.9,350,0.990631410119189,0.00736132517994973,0.00300000000000011
"671","Masu9","Masu",22,-0.00108973325923866,7.89117187724545,0.0113632875032334,13,3,2.9,350,0.992774121500441,0.00655031566447086,0.00600000000000023
"672","Masu9","Masu",22,-0.00110635593220339,8.01154295733486,0.0115366218585622,14,3,2.9,350,0.99409515309735,0.00600768470148315,0.0069999999999979
"673","Masu9","Masu",22,-0.00110959294248402,8.03498337660841,0.0115703760623161,15,3,2.9,350,0.993100169096454,0.00651640850176994,0.00199999999999889
"674","Masu9","Masu",22,-0.00120732147818838,8.74267277308825,0.0125894487932471,16,3,2.9,350,0.990813105460121,0.00819093238904717,0.00200000000000244
"675","Masu9","Masu",22,-0.00118468324534593,8.57874074216021,0.0123533866687107,17,3,2.9,350,0.990843478027168,0.00802392590868589,0.0069999999999979
"676","Masu9","Masu",22,-0.00110905112531258,8.03105987295313,0.0115647262170525,18,3,2.9,350,0.991843780162378,0.00708592108335104,0.00600000000000023
"677","Masu9","Masu",22,-0.0012119199777716,8.77597225282882,0.0126374000440735,19,3,2.9,350,0.995609412473654,0.0056703868327081,0.00700000000000145
"678","Masu9","Masu",22,-0.00115467490969714,8.36143900125515,0.0120404721618074,20,3,2.9,350,0.991372560996362,0.007589342464909,0.00999999999999801
"679","Masu9","Masu",22,-0.00104131703250902,7.54057161472051,0.0108584231251975,21,3,2.9,350,0.992742359283247,0.00627313087233836,0.00700000000000145
"680","Masu9","Masu",22,-0.0011293275909975,8.17788945205088,0.0117761608109533,22,3,2.9,350,0.993356235719132,0.0065072344642486,0.0069999999999979
"681","Masu9","Masu",22,-0.00133035565434843,9.63360991079895,0.0138723982715505,23,3,2.9,350,0.9929142313487,0.00791821512127616,0.00600000000000023
"682","Masu9","Masu",22,-0.00100382050569602,7.26904504124706,0.0104674248593958,24,3,2.9,350,0.992252805868699,0.00624941023939474,0
"683","Masu9","Masu",22,-0.00103077243678799,7.46421419743027,0.0107484684442996,25,3,2.9,350,0.989171761461151,0.00759849827502038,0.00100000000000122
"684","Masu9","Masu",22,-0.00100127118644067,7.25058445353588,0.0104408416130917,26,3,2.9,350,0.991727765537965,0.00644301021837401,0.00700000000000145
"685","Masu9","Masu",22,-0.00104952070019449,7.59997748416701,0.0109439675772005,27,3,2.9,350,0.988747716940691,0.00788842873282636,0.00200000000000244
"686","Masu9","Masu",22,-0.00102387468741316,7.41426497781947,0.01067654156806,28,3,2.9,350,0.989746592483103,0.00734244713042071,0.00100000000000122
"687","Masu9","Masu",21,-0.00101508057793831,7.35058349541534,0.0105848402333981,29,3,2.9,350,0.990409686435621,0.00703771057004192,0.00900000000000034
"688","Masu9","Masu",21,-0.000993463462072787,7.19404575983742,0.0103594258941659,30,3,2.9,350,0.988605251027039,0.00751475357572162,0.0100000000000016
"689","Masu9","Masu",21,-0.000879515143095289,6.3689027603452,0.00917121997489708,31,3,2.9,350,0.987630809176293,0.00693487394822444,0.0130000000000017
"690","Masu9","Masu",21,-0.000962343706585163,6.96869580630635,0.0100349219610811,32,3,2.9,350,0.990492772045267,0.00664283444227847,0.0150000000000006
"691","Masu9","Masu",21,-0.00104840233398165,7.59187897021197,0.0109323057171052,33,3,2.9,350,0.992061213127213,0.00660781286998159,0.00800000000000267
"692","Masu9","Masu",21,-0.000903146707418726,6.54002788130802,0.00941764014908355,34,3,2.9,350,0.98777677600836,0.00707854019678123,0.00700000000000145
"693","Masu9","Masu",21,-0.000936461517088071,6.78127305477569,0.00976503319887699,35,3,2.9,350,0.993801386851776,0.00521085900921875,0.0160000000000018
"694","Masu9","Masu",21,-0.00102628507918866,7.43171953895239,0.0107016761360914,36,3,2.9,350,0.9877247018883,0.00806098292760885,0.0109999999999992
"695","Masu9","Masu",21,-0.000893727424284513,6.47181927930165,0.00931941976219437,37,3,2.9,350,0.986482667014628,0.00737102325464722,0.00999999999999801
"696","Masu9","Masu",21,-0.000838823284245627,6.07423757557178,0.00874690210882337,38,3,2.9,350,0.982581072988271,0.00786898830420108,0.00899999999999679
"697","Masu9","Masu",21,-0.000897360377882741,6.49812687432329,0.00935730269902554,39,3,2.9,350,0.988959135022748,0.00668038028959717,0.0130000000000017
"698","Masu9","Masu",21,-0.0012349888858016,8.94302296614955,0.0128779530712553,40,3,2.9,350,0.992756448293064,0.00743257659154018,0.0160000000000018
"699","Masu9","Masu",21,-0.000894470686301729,6.47720152149528,0.0093271701909532,41,3,2.9,350,0.990755874503129,0.00608748102868425,0.0109999999999992
"700","Masu9","Masu",20,-0.00104196999166435,7.54529993963838,0.0108652319130793,42,3,2.9,350,0.993280894328674,0.00603805168688325,0.0100000000000016
"701","Masu9","Masu",20,-0.000912593776048902,6.60843768862998,0.00951615027162717,43,3,2.9,350,0.989087367479309,0.00675377923327678,0.0130000000000017
"702","Masu9","Masu",20,-0.000848221728257838,6.14229527359124,0.00884490519397139,44,3,2.9,350,0.989762682119676,0.00607797445019881,0.00900000000000034
"703","Masu9","Masu",18,-0.00124055987774381,8.98336463193792,0.0129360450699906,45,3,2.9,350,0.991560708602822,0.00806367448653882,0.527000000000001
"704","Masu7","Masu",22,-0.00197472214504029,5.40380046446835,0.00778147266883442,1,3,29.6,1350,0.986230991241054,0.016439550241843,0.00199999999999889
"705","Masu7","Masu",22,-0.00169060155598777,4.62630831199356,0.00666188396927073,2,3,29.6,1350,0.979472544062477,0.0172438650479026,0.00600000000000023
"706","Masu7","Masu",22,-0.00292770908585718,8.01163634981189,0.0115367563437291,3,3,29.6,1350,0.996285208247621,0.0125957849041301,0.00800000000000267
"707","Masu7","Masu",22,-0.00144041400388996,3.94167345659076,0.00567600977749069,5,3,29.6,1350,0.949123461936287,0.0234966894161386,0.00600000000000023
"708","Masu7","Masu",22,-0.00192059599888858,5.25568499695862,0.00756818639562041,6,3,29.6,1350,0.969855770464617,0.0238564850793975,0.00700000000000145
"709","Masu7","Masu",22,-0.00102638927479855,2.80870038036091,0.00404452854771971,8,3,29.6,1350,0.938768053529005,0.0184690223512396,0.00600000000000023
"710","Masu7","Masu",22,-0.00217678521811614,5.95674333335836,0.00857771040003604,9,3,29.6,1350,0.953860716929049,0.0337310949345088,0.00499999999999901
"711","Masu7","Masu",22,-0.00171107946651848,4.68234583743232,0.00674257800590253,10,3,29.6,1350,0.918924607375949,0.0358093707238809,0.00600000000000023
"712","Masu7","Masu",22,-0.00156494859683245,4.28246068727799,0.0061667433896803,11,3,29.6,1350,0.989958456016699,0.0111048771820389,0.00700000000000145
"713","Masu7","Masu",22,-0.00154655459849958,4.23212575940762,0.00609426109354697,12,3,29.6,1350,0.970666828125072,0.0189422513932636,0.00300000000000011
"714","Masu7","Masu",22,-0.00125045151430951,3.42184367091455,0.00492745488611695,13,3,29.6,1350,0.991348729984582,0.00823029653710251,0.00600000000000023
"715","Masu7","Masu",22,-0.00187670880800222,5.13558829216825,0.00739524714072228,14,3,29.6,1350,0.98014979072722,0.0188172056568482,0.0069999999999979
"716","Masu7","Masu",22,-0.00125981522645179,3.44746734265523,0.00496435297342354,15,3,29.6,1350,0.995827155850041,0.00574583132753591,0.00199999999999889
"717","Masu7","Masu",22,-0.00141398999722144,3.86936451942354,0.0055718849079699,16,3,29.6,1350,0.996619208210942,0.00580246918981163,0.00200000000000244
"718","Masu7","Masu",22,-0.00186923450958599,5.11513497555626,0.00736579436480102,17,3,29.6,1350,0.984359053382487,0.0166012372925086,0.0069999999999979
"719","Masu7","Masu",22,-0.00142323562100583,3.89466504396867,0.00560831766331488,18,3,29.6,1350,0.970346080131335,0.0175297794385238,0.00600000000000023
"720","Masu7","Masu",22,-0.00145955821061405,3.99406131958574,0.00575144830020347,19,3,29.6,1350,0.989615128146497,0.0105344228884615,0.00700000000000145
"721","Masu7","Masu",22,-0.00137784106696305,3.7704434602705,0.00542943858278953,20,3,29.6,1350,0.994502840666795,0.00721750666251227,0.00999999999999801
"722","Masu7","Masu",22,-0.00145379966657405,3.97830314163844,0.00572875652395935,21,3,29.6,1350,0.984516352952906,0.0128455188067878,0.00700000000000145
"723","Masu7","Masu",22,-0.00118137677132537,3.2328215701809,0.0046552630610605,22,3,29.6,1350,0.992490727520327,0.00724012476218942,0.0069999999999979
"724","Masu7","Masu",22,-0.00118205751597666,3.23468441871991,0.00465794556295667,23,3,29.6,1350,0.994829022693795,0.00600444154695843,0.00600000000000023
"725","Masu7","Masu",22,-0.00171477493748263,4.69245844378693,0.00675714015905317,24,3,29.6,1350,0.987377596473243,0.0136602435665684,0
"726","Masu7","Masu",22,-0.00143905946096137,3.93796676817133,0.00567067214616671,25,3,29.6,1350,0.992970664166439,0.00853079678067244,0.00100000000000122
"727","Masu7","Masu",22,-0.00126396221172549,3.45881551181636,0.00498069433701557,26,3,29.6,1350,0.995885944927708,0.00572382383972666,0.00700000000000145
"728","Masu7","Masu",22,-0.00123454431786608,3.37831384280919,0.00486477193364524,27,3,29.6,1350,0.994466295789686,0.00648845864996972,0.00200000000000244
"729","Masu7","Masu",22,-0.00127266601833842,3.48263336099365,0.00501499203983085,28,3,29.6,1350,0.995215900723978,0.00621695618550409,0.00100000000000122
"730","Masu7","Masu",21,-0.00127969574881912,3.50187012345772,0.00504269297777912,29,3,29.6,1350,0.995423514690828,0.00611351153057077,0.00900000000000034
"731","Masu7","Masu",21,-0.00140212559044179,3.83689773060085,0.00552513273206522,30,3,29.6,1350,0.991626344946679,0.00907804520198931,0.0100000000000016
"732","Masu7","Masu",21,-0.00136242011669908,3.72824423826438,0.00536867170310071,31,3,29.6,1350,0.993296443311743,0.00788580748569531,0.0130000000000017
"733","Masu7","Masu",21,-0.00130063212003334,3.5591622203615,0.00512519359732056,32,3,29.6,1350,0.994838754509415,0.00660050714807969,0.0150000000000006
"734","Masu7","Masu",21,-0.00131779661016948,3.60613261566649,0.00519283096655975,33,3,29.6,1350,0.996980050957492,0.00511007035315815,0.00800000000000267
"735","Masu7","Masu",21,-0.00136449013614893,3.73390881851566,0.00537682869866254,34,3,29.6,1350,0.992127618064086,0.00856370362996286,0.00700000000000145
"736","Masu7","Masu",21,-0.00130062517365935,3.55914321170295,0.00512516622485224,35,3,29.6,1350,0.993177346158028,0.0075951672498381,0.0160000000000018
"737","Masu7","Masu",21,-0.00138823978883023,3.79889942213677,0.00547041516787695,36,3,29.6,1350,0.99531338696056,0.0067117540467972,0.0109999999999992
"738","Masu7","Masu",21,-0.00130453598221728,3.56984508647297,0.00514057692452108,37,3,29.6,1350,0.995558750749071,0.00613899258914781,0.00999999999999801
"739","Masu7","Masu",21,-0.00146030147263128,3.99609524605181,0.00575437715431461,38,3,29.6,1350,0.990026755081015,0.0103266443394439,0.00899999999999679
"740","Masu7","Masu",21,-0.00134160878021672,3.67129429721467,0.00528666378798913,39,3,29.6,1350,0.993571394054518,0.00760337963233455,0.0130000000000017
"741","Masu7","Masu",21,-0.00125216726868574,3.42653880957922,0.00493421588579407,40,3,29.6,1350,0.995704784237943,0.00579443989985183,0.0160000000000018
"742","Masu7","Masu",21,-0.00136883856626841,3.74580823877503,0.00539396386383604,41,3,29.6,1350,0.992957176346217,0.00812236123363519,0.0109999999999992
"743","Masu7","Masu",20,-0.0012499027507641,3.42034198688825,0.00492529246111909,42,3,29.6,1350,0.993092299424622,0.00734463281675883,0.0100000000000016
"744","Masu7","Masu",20,-0.0011834606835232,3.2385241677493,0.00466347480155899,43,3,29.6,1350,0.994370708182243,0.00627376828815066,0.0130000000000017
"745","Masu7","Masu",20,-0.00129815921089191,3.55239513791366,0.00511544899859567,44,3,29.6,1350,0.994372673753393,0.00688060039202282,0.00900000000000034
"746","Masu7","Masu",18,-0.00106647679911085,2.9183993489182,0.00420249506244221,45,3,29.6,1350,0.979746309365611,0.01080360258003,0.527000000000001
"747","Ito10","Ito",22,-0.00268668380105585,9.67206168380105,0.0139277688246735,1,3,22.5,1350,0.974571296778271,0.0305769226968269,0.00199999999999889
"748","Ito10","Ito",22,-0.00155252848013336,5.58910252848011,0.00804830764101135,2,3,22.5,1350,0.975991692657965,0.0171561251753125,0.00600000000000023
"749","Ito10","Ito",22,-0.000869206724090018,3.12914420672406,0.00450596765768265,3,3,22.5,1350,0.94309980867079,0.015042604332351,0.00800000000000267
"750","Ito10","Ito",22,-0.00143118921922756,5.15228118921921,0.00741928491247566,4,3,22.5,1350,0.96002825839516,0.0205756471433554,0.0129999999999981
"751","Ito10","Ito",22,-0.000957085301472623,3.44550708530144,0.00496153020283408,5,3,22.5,1350,0.936429729485521,0.017569605081783,0.00600000000000023
"752","Ito10","Ito",22,-0.00175120866907474,6.30435120866906,0.00907826574048345,6,3,22.5,1350,0.966294763374871,0.0230437786938539,0.00700000000000145
"753","Ito10","Ito",22,-0.00107696582383995,3.87707696582384,0.00558299083078632,7,3,22.5,1350,0.948165585375578,0.0177415208873772,0.00700000000000145
"754","Ito10","Ito",22,-0.00113526674076131,4.08696026674072,0.00588522278410663,8,3,22.5,1350,0.984756591796121,0.0099516805439597,0.00600000000000023
"755","Ito10","Ito",22,-0.00132473603778827,4.76904973603777,0.00686743161989438,9,3,22.5,1350,0.9616246774397,0.0186455196024385,0.00499999999999901
"756","Ito10","Ito",22,-0.0011010489024729,3.96377604890244,0.00570783751041952,10,3,22.5,1350,0.940440480023694,0.019522636388992,0.00600000000000023
"757","Ito10","Ito",22,-0.00134175465407057,4.83031675465405,0.00695565612670183,11,3,22.5,1350,0.971876152366746,0.0160815140975078,0.00700000000000145
"758","Ito10","Ito",22,-0.00146224645734926,5.26408724645733,0.00758028563489856,12,3,22.5,1350,0.966215284831333,0.0192648520066987,0.00300000000000011
"759","Ito10","Ito",22,-0.00226090580716865,8.13926090580715,0.0117205357043623,13,3,22.5,1350,0.95769217529977,0.0334812580354278,0.00600000000000023
"760","Ito10","Ito",22,-0.00112807724367879,4.06107807724364,0.00584795243123085,14,3,22.5,1350,0.984587773740291,0.00994411704046075,0.0069999999999979
"761","Ito10","Ito",22,-0.00320265351486523,11.5295526535148,0.0166025558210614,15,3,22.5,1350,0.990539015767346,0.0220528255733754,0.00199999999999889
"762","Ito10","Ito",22,-0.00133312031119756,4.79923312031121,0.00691089569324814,16,3,22.5,1350,0.981154856028389,0.0130173390418848,0.00200000000000244
"763","Ito10","Ito",22,-0.00121729647124201,4.38226729647123,0.00631046490691857,17,3,22.5,1350,0.987827138911622,0.00952081528421381,0.0069999999999979
"764","Ito10","Ito",22,-0.00103041122534037,3.70948041122534,0.00534165179216448,18,3,22.5,1350,0.958525977200563,0.015101449639778,0.00600000000000023
"765","Ito10","Ito",22,-0.00257504862461794,9.2701750486246,0.0133490520700194,19,3,22.5,1350,0.978522030299091,0.0268793438572087,0.00700000000000145
"766","Ito10","Ito",22,-0.00255703667685467,9.20533203667682,0.0132556781328146,20,3,22.5,1350,0.966003707313507,0.0337975532235241,0.00999999999999801
"767","Ito10","Ito",22,-0.00124274103917755,4.47386774103918,0.00644236954709642,21,3,22.5,1350,0.917459308451618,0.0262629318245495,0.00700000000000145
"768","Ito10","Ito",22,-0.00165925257015837,5.97330925257012,0.00860156532370098,24,3,22.5,1350,0.969111125350362,0.0208712602072716,0
"769","Ito10","Ito",22,-0.00120110447346484,4.32397610447342,0.00622652559044173,25,3,22.5,1350,0.983119000559708,0.0110891622384768,0.00100000000000122
"770","Ito10","Ito",22,-0.00126242706307308,4.54473742706307,0.00654442189497082,26,3,22.5,1350,0.965848972654455,0.0167253606570694,0.00700000000000145
"771","Ito10","Ito",22,-0.00171945679355376,6.19004445679354,0.0089136640177827,27,3,22.5,1350,0.959044040191162,0.0250352807522139,0.00200000000000244
"772","Ito10","Ito",22,-0.00188623923312031,6.79046123923311,0.00977826418449568,28,3,22.5,1350,0.979055743517012,0.0194378156033614,0.00100000000000122
"773","Ito10","Ito",21,-0.00125398721867186,4.51435398721869,0.00650066974159491,29,3,22.5,1350,0.984853245295581,0.0109569345120652,0.00900000000000034
"774","Ito10","Ito",21,-0.00116840094470687,4.20624340094474,0.00605699049736042,30,3,22.5,1350,0.968155126185022,0.0149300448038117,0.0100000000000016
"775","Ito10","Ito",21,-0.00102236037788274,3.68049736037787,0.00529991619894413,31,3,22.5,1350,0.982519331048814,0.00960803114185336,0.0130000000000017
"776","Ito10","Ito",21,-0.00107242289524868,3.86072242289523,0.00555944028896913,32,3,22.5,1350,0.971187732675505,0.0130144290756699,0.0150000000000006
"777","Ito10","Ito",21,-0.00189950680744651,6.83822450680743,0.0098470432898027,33,3,22.5,1350,0.972126661984809,0.0226618749034089,0.00800000000000267
"778","Ito10","Ito",21,-0.000941976938038341,3.39111697693803,0.00488320844679076,34,3,22.5,1350,0.980158564234304,0.00944279515547772,0.00700000000000145
"779","Ito10","Ito",21,-0.00115225062517365,4.14810225062516,0.00597326724090023,36,3,22.5,1350,0.984514032536865,0.0101818592301758,0.0109999999999992
"780","Ito10","Ito",21,-0.000969824951375372,3.49136982495134,0.00502757254792993,37,3,22.5,1350,0.976356794367341,0.010633204751677,0.00999999999999801
"781","Ito10","Ito",21,-0.00101000972492359,3.63603500972492,0.00523589041400388,38,3,22.5,1350,0.983228155898159,0.00929417254028996,0.00899999999999679
"782","Ito10","Ito",21,-0.00123894137260349,4.46018894137258,0.00642267207557652,39,3,22.5,1350,0.980616828665823,0.0122725672943719,0.0130000000000017
"783","Ito10","Ito",21,-0.00204153931647679,7.34954153931645,0.0105833398166157,40,3,22.5,1350,0.986293893346957,0.0169563959595101,0.0160000000000018
"784","Ito10","Ito",21,-0.00104570019449847,3.7645207001945,0.00542090980828009,41,3,22.5,1350,0.96211977152225,0.0146191066370068,0.0109999999999992
"785","Ito10","Ito",20,-0.00138016810225062,4.96860516810223,0.00715479144206722,42,3,22.5,1350,0.970082204970045,0.0170771120589314,0.0100000000000016
"786","Ito10","Ito",20,-0.00120734231731036,4.3464323423173,0.00625886257293692,43,3,22.5,1350,0.969672713565601,0.0150437647036097,0.0130000000000017
"787","Ito10","Ito",20,-0.00154074742984161,5.5466907474298,0.00798723467629891,44,3,22.5,1350,0.975245688211599,0.017295048367724,0.00900000000000034
