"","FishID","Species","temp_bin","rate_ggd","rate_final","rep","mass","vol","trial","Method","lograte","lograte_ggd","day"
"1","Masu1","Masu",17,0.00664560963904101,4.61500669377848,1,3.3,350,1,"Intermittent",1.5293133183933,-5.01379884700092,1
"2","Masu1","Masu",17,0.00559805501528199,3.88753820505694,2,3.3,350,1,"Intermittent",1.35777610512444,-5.18533606026979,1
"3","Masu1","Masu",18,0.00563083684861938,3.91030336709679,3,3.3,350,1,"Intermittent",1.36361495848031,-5.17949720691392,1
"4","Masu1","Masu",18,0.00537615701331174,3.73344237035537,4,3.3,350,1,"Intermittent",1.31733069555163,-5.2257814698426,1
"5","Masu1","Masu",18,0.0051336987547046,3.56506857965597,5,3.3,350,1,"Intermittent",1.27118329061138,-5.27192887478285,1
"6","Masu1","Masu",18,0.0118238662254667,8.21101821212962,6,3.3,350,1,"Intermittent",2.10547693674022,-4.437635228654,1
"7","Masu1","Masu",18,0.00556005355022871,3.86114829876994,7,3.3,350,1,"Intermittent",1.3509646259643,-5.19214753942993,1
"8","Masu1","Masu",19,0.00939495516431321,6.52427441966195,8,3.3,350,1,"Intermittent",1.87552974697376,-4.66758241842046,1
"9","Masu1","Masu",19,0.00922277097173447,6.4047020637045,9,3.3,350,1,"Intermittent",1.8570324180614,-4.68607974733283,1
"10","Masu1","Masu",19,0.00502306802394606,3.48824168329587,10,3.3,350,1,"Intermittent",1.24939779358204,-5.29371437181219,1
"11","Masu1","Masu",19,0.00888273106165855,6.16856323726288,11,3.3,350,1,"Intermittent",1.81946594812033,-4.7236462172739,1
"12","Masu1","Masu",20,0.00999724974108954,6.94253454242329,15,3.3,350,1,"Intermittent",1.93766691568853,-4.60544524970569,1
"13","Masu1","Masu",21,0.0142579969183358,9.90138674884429,17,3.3,350,1,"Intermittent",2.29267482297171,-4.25043734242252,1
"14","Masu1","Masu",21,0.00666228699891373,4.62658819369009,18,3.3,350,1,"Intermittent",1.53181970524872,-5.01129246014551,1
"15","Masu1","Masu",21,0.00635891181893956,4.4159109853747,19,3.3,350,1,"Intermittent",1.48521415147424,-5.05789801391999,1
"16","Masu1","Masu",22,0.00605903761145768,4.20766500795672,20,3.3,350,1,"Intermittent",1.43690786389119,-5.10620430150304,1
"17","Masu1","Masu",22,0.0132006395715981,9.16711081360979,22,3.3,350,1,"Intermittent",2.21562216722443,-4.3274899981698,1
"18","Masu1","Masu",22,0.00794657101720168,5.51845209527894,23,3.3,350,1,"Intermittent",1.70809740344273,-4.8350147619515,1
"19","Masu1","Masu",22,0.00834224456288376,5.7932253908915,24,3.3,350,1,"Intermittent",1.75668919881342,-4.78642296658081,1
"20","Masu1","Masu",22,0.00879488847912291,6.10756144383535,25,3.3,350,1,"Intermittent",1.80952758448971,-4.73358458090451,1
"21","Masu1","Masu",22,0.00759672838414717,5.27550582232443,26,3.3,350,1,"Intermittent",1.66307456525297,-4.88003760014125,1
"22","Masu1","Masu",21,0.00553599232109921,3.84443911187445,27,3.3,350,1,"Intermittent",1.34662771764182,-5.19648444775241,1
"23","Masu1","Masu",21,0.00732543484301182,5.08710752986932,28,3.3,350,1,"Intermittent",1.62670940378693,-4.9164027616073,1
"24","Masu1","Masu",21,0.00626349440501157,4.34964889236914,29,3.3,350,1,"Intermittent",1.47009512744511,-5.07301703794912,1
"25","Masu1","Masu",21,0.00652963196847606,4.53446664477504,30,3.3,350,1,"Intermittent",1.51170746800128,-5.03140469739295,1
"26","Masu1","Masu",21,0.00683256157013308,4.74483442370353,31,3.3,350,1,"Intermittent",1.5570565365539,-4.98605562884033,1
"27","Masu1","Masu",21,0.00785618227285356,5.45568213392608,32,3.3,350,1,"Intermittent",1.69665765893308,-4.84645450646115,1
"28","Masu1","Masu",21,0.00811111672434252,5.63271994746008,33,3.3,350,1,"Intermittent",1.72859244226625,-4.81451972312798,1
"29","Masu1","Masu",21,0.00720283715173411,5.0019702442598,34,3.3,350,1,"Intermittent",1.6098318836692,-4.93328028172503,1
"30","Masu1","Masu",21,0.00759227260097493,5.27241152845481,35,3.3,350,1,"Intermittent",1.66248785342059,-4.88062431197364,1
"31","Masu1","Masu",21,0.00721397660966428,5.00970597893353,36,3.3,350,1,"Intermittent",1.61137722653502,-4.93173493885921,1
"32","Masu1","Masu",21,0.00844364545707125,5.8636426785217,37,3.3,350,1,"Intermittent",1.76877102795997,-4.77434113743426,1
"33","Masu1","Masu",20,0.00644026168885294,4.47240395059232,38,3.3,350,1,"Intermittent",1.49792606061783,-5.0451861047764,1
"34","Masu1","Masu",20,0.0068139109348556,4.73188259364972,39,3.3,350,1,"Intermittent",1.55432313466077,-4.98878903073345,1
"35","Masu1","Masu",20,0.0114317573063223,7.93872035161268,40,3.3,350,1,"Intermittent",2.07175209748631,-4.47136006790792,1
"36","Masu1","Masu",20,0.0130528348783752,9.06446866553832,42,3.3,350,1,"Intermittent",2.20436222864873,-4.3387499367455,1
"37","Masu1","Masu",20,0.00738794311551184,5.13051605243878,43,3.3,350,1,"Intermittent",1.63520624914064,-4.90790591625358,1
"38","Masu1","Masu",20,0.00492917830710557,3.42304049104553,44,3.3,350,1,"Intermittent",1.23052918858867,-5.31258297680556,1
"39","Masu1","Masu",20,0.0163096304529035,11.3261322589608,45,3.3,350,1,"Intermittent",2.42711264508774,-4.11599952030649,1
"40","Masu1","Masu",20,0.00693116168632698,4.81330672661596,46,3.3,350,1,"Intermittent",1.57138431706993,-4.9717278483243,1
"41","Masu1","Masu",20,0.00615044482053096,4.27114223647984,47,3.3,350,1,"Intermittent",1.45188129415656,-5.09123087123767,1
"42","Masu1","Masu",20,0.0071469488999469,4.96315895829646,48,3.3,350,1,"Intermittent",1.60204242476386,-4.94106974063037,2
"43","Masu1","Masu",20,0.00664446386622543,4.61421101821211,49,3.3,350,1,"Intermittent",1.5291408930387,-5.01397127235553,2
"44","Masu1","Masu",17,0.00440078607694049,3.05610144231979,53,3.3,350,1,"Intermittent",1.11714006522972,-5.42597210016451,2
"45","Masu1","Masu",17,0.0106357634696507,7.38594685392407,54,3.3,350,1,"Intermittent",1.99957912088919,-4.54353304450503,2
"46","Masu1","Masu",18,0.00522892520649668,3.63119806006714,55,3.3,350,1,"Intermittent",1.28956263791982,-5.25354952747441,2
"47","Masu1","Masu",18,0.00885472328171966,6.1491133900831,56,3.3,350,1,"Intermittent",1.81630790721164,-4.72680425818259,2
"48","Masu1","Masu",18,0.00447882593649754,3.1102957892344,57,3.3,350,1,"Intermittent",1.13471783074715,-5.40839433464708,2
"49","Masu1","Masu",19,0.0131419505418173,9.12635454292866,59,3.3,350,1,"Intermittent",2.21116633151265,-4.33194583388158,2
"50","Masu1","Masu",19,0.00881226603349414,6.11962918992649,60,3.3,350,1,"Intermittent",1.8115015048073,-4.73161066058693,2
"51","Masu1","Masu",19,0.00973652277147691,6.76147414685896,61,3.3,350,1,"Intermittent",1.91124093534325,-4.63187123005098,2
"52","Masu1","Masu",20,0.00519843491879039,3.61002424915999,62,3.3,350,1,"Intermittent",1.28371448954106,-5.25939767585316,2
"53","Masu1","Masu",20,0.00548347773371393,3.80797064841245,63,3.3,350,1,"Intermittent",1.33709640902453,-5.2060157563697,2
"54","Ito1","Ito",17,0.00342777034024599,2.38039606961527,1,5.5,350,1,"Intermittent",0.867266889642545,-5.67584527575168,1
"55","Ito1","Ito",17,0.00398335557856979,2.76621915178457,2,5.5,350,1,"Intermittent",1.01748146068409,-5.52563070471013,1
"56","Ito1","Ito",18,0.0070328299275051,4.88390967187854,3,5.5,350,1,"Intermittent",1.58594606137607,-4.95716610401816,1
"57","Ito1","Ito",18,0.00367953482027834,2.55523251408218,4,5.5,350,1,"Intermittent",0.938143223069765,-5.60496894232446,1
"58","Ito1","Ito",18,0.00380610452398391,2.6431281416555,5,5.5,350,1,"Intermittent",0.971963117857956,-5.57114904753627,1
"59","Ito1","Ito",18,0.00394898239409929,2.74234888479118,6,5.5,350,1,"Intermittent",1.00881481038793,-5.5342973550063,1
"60","Ito1","Ito",18,0.00392679259390235,2.72693930132108,7,5.5,350,1,"Intermittent",1.00317984520762,-5.53993232018661,1
"61","Ito1","Ito",19,0.00413750021470605,2.87326403799031,8,5.5,350,1,"Intermittent",1.05544867900797,-5.48766348638626,1
"62","Ito1","Ito",19,0.00616399040137411,4.28054888984313,9,5.5,350,1,"Intermittent",1.45408124666143,-5.08903091873279,1
"63","Ito1","Ito",19,0.00689316022127356,4.78691682032886,10,5.5,350,1,"Intermittent",1.56588653410082,-4.97722563129341,1
"64","Ito1","Ito",19,0.00433247255550784,3.00866149688044,11,5.5,350,1,"Intermittent",1.10149529443712,-5.44161687095711,1
"65","Ito1","Ito",20,0.00432479587764273,3.00333047058523,12,5.5,350,1,"Intermittent",1.09972182976142,-5.44339033563281,1
"66","Ito1","Ito",20,0.00456399504912983,3.16944100634016,14,5.5,350,1,"Intermittent",1.15355523364574,-5.38955693174849,1
"67","Ito1","Ito",20,0.00492563914218591,3.4205827376291,15,5.5,350,1,"Intermittent",1.22981092767922,-5.31330123771501,1
"68","Ito1","Ito",20,0.0049570715097628,3.44241077066861,16,5.5,350,1,"Intermittent",1.23617203136277,-5.30694013403145,1
"69","Ito1","Ito",21,0.0109231487534416,7.58551996766777,17,5.5,350,1,"Intermittent",2.02624116254949,-4.51687100284473,1
"70","Ito1","Ito",21,0.00493919745383817,3.42999823183206,18,5.5,350,1,"Intermittent",1.23255974567686,-5.31055241971737,1
"71","Ito1","Ito",21,0.00555371360731509,3.85674556063548,19,5.5,350,1,"Intermittent",1.34982370884565,-5.19328845654857,1
"72","Ito1","Ito",22,0.00577988916113063,4.01381191745183,20,5.5,350,1,"Intermittent",1.38974139263753,-5.1533707727567,1
"73","Ito1","Ito",22,0.00553278415721536,3.84221122028845,21,5.5,350,1,"Intermittent",1.34604803948498,-5.19706412590925,1
"74","Ito1","Ito",22,0.00560210341256408,3.89034959205839,22,5.5,350,1,"Intermittent",1.35849902301609,-5.18461314237814,1
"75","Ito1","Ito",22,0.00553423546944854,3.84321907600593,23,5.5,350,1,"Intermittent",1.34631031646478,-5.19680184892945,1
"76","Ito1","Ito",22,0.00548863371138448,3.81155118846144,24,5.5,350,1,"Intermittent",1.33803624236032,-5.2050759230339,1
"77","Ito1","Ito",22,0.00535908499835814,3.72158680441538,25,5.5,350,1,"Intermittent",1.31415013766078,-5.22896202773345,1
"78","Ito1","Ito",22,0.00569544570461492,3.95517062820481,26,5.5,350,1,"Intermittent",1.37502374269225,-5.16808842270198,1
"79","Ito1","Ito",21,0.00510327212104368,3.543938972947,27,5.5,350,1,"Intermittent",1.26523881277149,-5.27787335262274,1
"80","Ito1","Ito",21,0.00488580444062739,3.39291975043569,28,5.5,350,1,"Intermittent",1.22169083401508,-5.32142133137915,1
"81","Ito1","Ito",21,0.00543329288438708,3.77312005860214,29,5.5,350,1,"Intermittent",1.32790226093765,-5.21520990445658,1
"82","Ito1","Ito",21,0.00647487675869551,4.49644219353855,30,5.5,350,1,"Intermittent",1.50328646041046,-5.03982570498377,1
"83","Ito1","Ito",21,0.00492426421480711,3.41962792694938,31,5.5,350,1,"Intermittent",1.22953175186644,-5.31358041352779,1
"84","Ito1","Ito",21,0.00489206799868649,3.39726944353228,32,5.5,350,1,"Intermittent",1.22297200411721,-5.32014016127702,1
"85","Ito1","Ito",21,0.00506725666220417,3.51892823764179,33,5.5,350,1,"Intermittent",1.25815646530451,-5.28495570008972,1
"86","Ito1","Ito",21,0.00512714238803705,3.56051554724795,34,5.5,350,1,"Intermittent",1.2699053510217,-5.27320681437252,1
"87","Ito1","Ito",21,0.0123436778903231,8.5719985349466,35,5.5,350,1,"Intermittent",2.14850090669981,-4.39461125869441,1
"88","Ito1","Ito",21,0.0101497521028569,7.04843896031727,36,5.5,350,1,"Intermittent",1.95280616823778,-4.59030599715645,1
"89","Ito1","Ito",20,0.00467192684836698,3.24439364469929,38,5.5,350,1,"Intermittent",1.17692847435974,-5.36618369103449,1
"90","Ito1","Ito",20,0.00467238515749323,3.24471191492585,39,5.5,350,1,"Intermittent",1.17702656807201,-5.36608559732222,1
"91","Ito1","Ito",20,0.00524271267271206,3.64077268938338,40,5.5,350,1,"Intermittent",1.29219593642414,-5.25091622897009,1
"92","Ito1","Ito",20,0.00465760468817087,3.23444770011866,41,5.5,350,1,"Intermittent",1.17385818698446,-5.36925397840977,1
"93","Ito1","Ito",20,0.00441878744095584,3.06860238955267,42,5.5,350,1,"Intermittent",1.1212222102397,-5.42188995515453,1
"94","Ito1","Ito",20,0.00451247346485132,3.13366212836897,43,5.5,350,1,"Intermittent",1.14220232968844,-5.40090983570579,1
"95","Ito1","Ito",20,0.0051148062340549,3.55194877364924,44,5.5,350,1,"Intermittent",1.26749640319294,-5.27561576220129,1
"96","Ito1","Ito",20,0.00471412948041121,3.27370102806334,45,5.5,350,1,"Intermittent",1.18592115775526,-5.35719100763896,1
"97","Ito1","Ito",20,0.00447481573164263,3.10751092475182,46,5.5,350,1,"Intermittent",1.13382206000454,-5.40929010538969,1
"98","Ito1","Ito",20,0.00472852802546155,3.28370001768163,47,5.5,350,1,"Intermittent",1.18897084079226,-5.35414132460197,1
"99","Ito1","Ito",20,0.00500645431811863,3.47670438758238,48,5.5,350,1,"Intermittent",1.24608483002178,-5.29702733537245,2
"100","Ito1","Ito",20,0.00473479158352067,3.28804971077824,49,5.5,350,1,"Intermittent",1.19029459592947,-5.35281756946475,2
"101","Ito1","Ito",18,0.0043283477733713,3.00579706484118,50,5.5,350,1,"Intermittent",1.100542779019,-5.44256938637522,2
"102","Ito1","Ito",17,0.00296816267144906,2.06122407739518,51,5.5,350,1,"Intermittent",0.723300018655007,-5.81981214673922,2
"103","Ito1","Ito",17,0.00322580878526861,2.24014498976987,52,5.5,350,1,"Intermittent",0.806540591348044,-5.73657157404618,2
"104","Ito1","Ito",17,0.00346348025966804,2.40519462476947,53,5.5,350,1,"Intermittent",0.877630825343539,-5.66548134005069,2
"105","Ito1","Ito",17,0.00345228987850154,2.39742352673718,54,5.5,350,1,"Intermittent",0.874394630181094,-5.66871753521313,2
"106","Ito1","Ito",18,0.00408758271236952,2.83859910581216,55,5.5,350,1,"Intermittent",1.04331065787281,-5.49980150752141,2
"107","Ito1","Ito",18,0.00373884765970342,2.59642198590515,56,5.5,350,1,"Intermittent",0.954134337983394,-5.58897782741083,2
"108","Ito1","Ito",18,0.00395448210361464,2.74616812751017,57,5.5,350,1,"Intermittent",1.01020653180443,-5.5329056335898,2
"109","Ito1","Ito",19,0.00408414539392257,2.8362120791129,58,5.5,350,1,"Intermittent",1.04246938694335,-5.50064277845088,2
"110","Ito1","Ito",19,0.00459737523049333,3.19262168784259,59,5.5,350,1,"Intermittent",1.16084242498516,-5.38226974040907,2
"111","Ito1","Ito",19,0.0041420451135416,2.87642021773722,60,5.5,350,1,"Intermittent",1.05654654105519,-5.48656562433904,2
"112","Ito1","Ito",19,0.00464396999166437,3.22497916087803,61,5.5,350,1,"Intermittent",1.17092648848361,-5.37218567691061,2
"113","Ito1","Ito",20,0.00447443380737076,3.10724569956303,62,5.5,350,1,"Intermittent",1.13373670664157,-5.40937545875266,2
"114","Ito1","Ito",20,0.00452725393417355,3.14392634317607,63,5.5,350,1,"Intermittent",1.14547244654955,-5.39763971884468,2
"115","Ito2","Ito",17,0.00397619093816077,2.76124370705609,1,11.8,350,1,"Intermittent",1.01568119672962,-5.52743096866461,1
"116","Ito2","Ito",17,0.00382751235041749,2.65799468778992,2,11.8,350,1,"Intermittent",0.97757196171491,-5.56554020367932,1
"117","Ito2","Ito",18,0.00385684931313311,2.67836757856466,3,11.8,350,1,"Intermittent",0.985207496462523,-5.5579046689317,1
"118","Ito2","Ito",18,0.0038018425080413,2.64016840836202,4,11.8,350,1,"Intermittent",0.970842706169882,-5.57226945922435,1
"119","Ito2","Ito",18,0.00396159366302317,2.75110671043276,5,11.8,350,1,"Intermittent",1.01200327087853,-5.5311088945157,1
"120","Ito2","Ito",18,0.00409884365242696,2.84641920307428,6,11.8,350,1,"Intermittent",1.0460617843493,-5.49705038104493,1
"121","Ito2","Ito",18,0.00745125030022464,5.174479375156,7,11.8,350,1,"Intermittent",1.64373873025594,-4.89937343513829,1
"122","Ito2","Ito",19,0.00396280416876626,2.75194733942102,8,11.8,350,1,"Intermittent",1.01230878450321,-5.53080338089102,1
"123","Ito2","Ito",19,0.00407406388780307,2.82921103319657,9,11.8,350,1,"Intermittent",1.03999788593053,-5.50311427946369,1
"124","Ito2","Ito",19,0.00497581946020785,3.45543018069989,10,11.8,350,1,"Intermittent",1.23994695907819,-5.30316520631604,1
"125","Ito2","Ito",19,0.0042445137773675,2.94757901206076,11,11.8,350,1,"Intermittent",1.08098415953686,-5.46212800585737,1
"126","Ito2","Ito",20,0.00426605365897308,2.96253726317575,12,11.8,350,1,"Intermittent",1.08604608466932,-5.45706608072491,1
"127","Ito2","Ito",20,0.00449603194861095,3.1222444087576,13,11.8,350,1,"Intermittent",1.13855210498601,-5.40456006040822,1
"128","Ito2","Ito",20,0.00479251684790029,3.32813669993076,14,11.8,350,1,"Intermittent",1.20241259781573,-5.3406995675785,1
"129","Ito2","Ito",20,0.00467167989224877,3.24422214739498,15,11.8,350,1,"Intermittent",1.1768756133768,-5.36623655201743,1
"130","Ito2","Ito",20,0.00795485629247294,5.52420575866177,16,11.8,350,1,"Intermittent",1.70913948298184,-4.83397268241239,1
"131","Ito2","Ito",21,0.00774511837092225,5.37855442425156,17,11.8,350,1,"Intermittent",1.68241964369186,-4.86069252170237,1
"132","Ito2","Ito",21,0.00559632826444257,3.88633907252956,18,11.8,350,1,"Intermittent",1.35746760204571,-5.18564456334851,1
"133","Ito2","Ito",21,0.00572747232046563,3.97741133365669,19,11.8,350,1,"Intermittent",1.38063118900313,-5.1624809763911,1
"134","Ito2","Ito",22,0.00599454905081921,4.16288128529112,20,11.8,350,1,"Intermittent",1.42620745118147,-5.11690471421276,1
"135","Ito2","Ito",22,0.00596533669898889,4.1425949298534,21,11.8,350,1,"Intermittent",1.42132238613408,-5.12178977926015,1
"136","Ito2","Ito",22,0.00993476304623225,6.89914100432795,22,11.8,350,1,"Intermittent",1.93139691172704,-4.61171525366719,1
"137","Ito2","Ito",22,0.00579239459171804,4.02249624424864,23,11.8,350,1,"Intermittent",1.39190266619811,-5.15120949919612,1
"138","Ito2","Ito",22,0.00587777084971814,4.08178531230426,24,11.8,350,1,"Intermittent",1.40653446925253,-5.13657769614169,1
"139","Ito2","Ito",22,0.00587871433213556,4.08244050842747,25,11.8,350,1,"Intermittent",1.40669497341766,-5.13641719197657,1
"140","Ito2","Ito",22,0.00647989064759042,4.49992406082668,26,11.8,350,1,"Intermittent",1.50406052126203,-5.03905164413219,1
"141","Ito2","Ito",21,0.00573421910982805,3.98209660404726,27,11.8,350,1,"Intermittent",1.38180846553037,-5.16130369986386,1
"142","Ito2","Ito",21,0.00550326173466262,3.82170953796016,28,11.8,350,1,"Intermittent",1.34069784553614,-5.20241431985809,1
"143","Ito2","Ito",21,0.00597114000593383,4.14662500412071,29,11.8,350,1,"Intermittent",1.42229475135468,-5.12081741403955,1
"144","Ito2","Ito",21,0.0057002537428005,3.95850954361146,30,11.8,350,1,"Intermittent",1.37586757654256,-5.16724458885166,1
"145","Ito2","Ito",21,0.00520820095977695,3.61680622206732,31,11.8,350,1,"Intermittent",1.28559137732063,-5.25752078807359,1
"146","Ito2","Ito",21,0.00529856165318992,3.67955670360411,32,11.8,350,1,"Intermittent",1.30279228394769,-5.24031988144654,1
"147","Ito2","Ito",21,0.00513332761925392,3.56481084670411,33,11.8,350,1,"Intermittent",1.27111099403059,-5.27200117136364,1
"148","Ito2","Ito",21,0.00528902001968529,3.6729305692259,34,11.8,350,1,"Intermittent",1.30098986364386,-5.24212230175036,1
"149","Ito2","Ito",21,0.00523541953744211,3.63570801211258,35,11.8,350,1,"Intermittent",1.29080386839113,-5.2523082970031,1
"150","Ito2","Ito",21,0.00522456058886412,3.62816707560008,36,11.8,350,1,"Intermittent",1.2887275829015,-5.25438458249273,1
"151","Ito2","Ito",21,0.00513576643229522,3.56650446687168,37,11.8,350,1,"Intermittent",1.27158597518763,-5.2715261902066,1
"152","Ito2","Ito",20,0.00515196584738698,3.57775406068541,38,11.8,350,1,"Intermittent",1.2747352461912,-5.26837691920303,1
"153","Ito2","Ito",20,0.00866560117923527,6.01777859669116,39,11.8,350,1,"Intermittent",1.79471818735015,-4.74839397804408,1
"154","Ito2","Ito",20,0.0124787654762858,8.66580935853177,40,11.8,350,1,"Intermittent",2.15938532429104,-4.38372684110319,1
"155","Ito2","Ito",20,0.0056658077337867,3.93458870401854,41,11.8,350,1,"Intermittent",1.36980635392075,-5.17330581147348,1
"156","Ito2","Ito",20,0.00517108471750625,3.59103105382379,42,11.8,350,1,"Intermittent",1.27843936288792,-5.26467280250631,1
"157","Ito2","Ito",20,0.00509653180497407,3.53925819789866,43,11.8,350,1,"Intermittent",1.26391715657111,-5.27919500882312,1
"158","Ito2","Ito",20,0.00560642174615358,3.89334843482888,44,11.8,350,1,"Intermittent",1.35926956753324,-5.18384259786099,1
"159","Ito2","Ito",20,0.0058213577217777,4.04260952901229,45,11.8,350,1,"Intermittent",1.39689040647741,-5.14622175891681,1
"160","Ito2","Ito",20,0.00517323870566681,3.59252687893529,46,11.8,350,1,"Intermittent",1.27885582090138,-5.26425634449285,1
"161","Ito2","Ito",20,0.00535515279668082,3.71885610880612,47,11.8,350,1,"Intermittent",1.3134161233652,-5.22969604202903,1
"162","Ito2","Ito",20,0.00525576671485958,3.64983799643027,48,11.8,350,1,"Intermittent",1.29468278206973,-5.2484293833245,2
"163","Ito2","Ito",20,0.00518603802374482,3.60141529426724,49,11.8,350,1,"Intermittent",1.2813269055003,-5.26178525989393,2
"164","Ito2","Ito",18,0.00446468341017512,3.10047459039939,50,11.8,350,1,"Intermittent",1.13155519345068,-5.41155697194355,2
"165","Ito2","Ito",17,0.00352381782133452,2.44709570926008,51,11.8,350,1,"Intermittent",0.894901896593103,-5.64821026880112,2
"166","Ito2","Ito",17,0.00395648461672497,2.74755876161456,52,11.8,350,1,"Intermittent",1.01071279436978,-5.53239937102445,2
"167","Ito2","Ito",17,0.0038305030116652,2.66007153587861,53,11.8,350,1,"Intermittent",0.97835301561944,-5.56475914977479,2
"168","Ito2","Ito",17,0.00380981760470182,2.64570666993182,54,11.8,350,1,"Intermittent",0.972938201623088,-5.57017396377114,2
"169","Ito2","Ito",18,0.00394354288620659,2.73857144875457,55,11.8,350,1,"Intermittent",1.00743641537219,-5.53567575002203,2
"170","Ito2","Ito",18,0.00414379257891786,2.87763373535962,56,11.8,350,1,"Intermittent",1.05696833676662,-5.4861438286276,2
"171","Ito2","Ito",18,0.00460455022817069,3.19760432511854,57,11.8,350,1,"Intermittent",1.16240188102807,-5.38071028436616,2
"172","Ito2","Ito",19,0.00457386034727159,3.17629190782749,58,11.8,350,1,"Intermittent",1.1557144496864,-5.38739771570782,2
"173","Ito2","Ito",19,0.00504695447417123,3.50482949595225,59,11.8,350,1,"Intermittent",1.2541418733553,-5.28897029203893,2
"174","Ito2","Ito",19,0.00566616376488757,3.93483594783859,60,11.8,350,1,"Intermittent",1.36986919048913,-5.17324297490509,2
"175","Ito2","Ito",19,0.00506286906438227,3.51588129470991,61,11.8,350,1,"Intermittent",1.25729021779393,-5.2858219476003,2
"176","Ito2","Ito",20,0.00509697684385018,3.53956725267374,62,11.8,350,1,"Intermittent",1.26400447466574,-5.27910769072849,2
"177","Ito2","Ito",20,0.00495187636867115,3.43880303379941,63,11.8,350,1,"Intermittent",1.23512345554395,-5.30798870985028,2
"178","Ito3","Ito",17,0.00328377465962774,2.28039906918593,1,5.6,350,1,"Intermittent",0.824350457995032,-5.7187617073992,1
"179","Ito3","Ito",17,0.00355414976382325,2.46815955821059,2,5.6,350,1,"Intermittent",0.903472754768031,-5.6396394106262,1
"180","Ito3","Ito",18,0.00350114754098355,2.43135245901635,3,5.6,350,1,"Intermittent",0.888447670022653,-5.65466449537157,1
"181","Ito3","Ito",18,0.00354237149208109,2.45998020283409,4,5.6,350,1,"Intermittent",0.90015330228347,-5.64295886311076,1
"182","Ito3","Ito",18,0.00348445540427896,2.41976069741595,5,5.6,350,1,"Intermittent",0.883668649913805,-5.65944351548043,1
"183","Ito3","Ito",18,0.00361836760211168,2.51275527924422,6,5.6,350,1,"Intermittent",0.921379871903181,-5.62173229349105,1
"184","Ito3","Ito",18,0.00368776187829954,2.56094574881912,7,5.6,350,1,"Intermittent",0.940376623400322,-5.6027355419939,1
"185","Ito3","Ito",19,0.00781735898860795,5.42872151986663,8,5.6,350,1,"Intermittent",1.69170365868535,-4.85140850670888,1
"186","Ito3","Ito",19,0.00597349680466797,4.14826166990831,9,5.6,350,1,"Intermittent",1.4226893717692,-5.12042279362503,1
"187","Ito3","Ito",19,0.00383566546262854,2.66365657126982,10,5.6,350,1,"Intermittent",0.979699829679424,-5.5634123357148,1
"188","Ito3","Ito",19,0.00375850652959149,2.61007397888298,11,5.6,350,1,"Intermittent",0.959378565332516,-5.58373360006171,1
"189","Ito3","Ito",20,0.00409452486801891,2.84342004723536,12,5.6,350,1,"Intermittent",1.04500756963962,-5.49810459575461,1
"190","Ito3","Ito",20,0.00435465962767433,3.02406918588495,13,5.6,350,1,"Intermittent",1.10660333698578,-5.43650882840845,1
"191","Ito3","Ito",20,0.0056892803556543,3.95088913587104,14,5.6,350,1,"Intermittent",1.37394065127122,-5.16917151412301,1
"192","Ito3","Ito",20,0.00777988607946647,5.40269866629616,15,5.6,350,1,"Intermittent",1.68689858175309,-4.85621358364114,1
"193","Ito3","Ito",20,0.00479308141150312,3.32852875798827,16,5.6,350,1,"Intermittent",1.20253039194567,-5.34058177344856,1
"194","Ito3","Ito",21,0.00492680605723805,3.4213930953042,17,5.6,350,1,"Intermittent",1.23004780594324,-5.31306435945099,1
"195","Ito3","Ito",21,0.00500741594887473,3.47737218671856,18,5.6,350,1,"Intermittent",1.24627688978157,-5.29683527561265,1
"196","Ito3","Ito",21,0.00518675326479576,3.6019119894415,19,5.6,350,1,"Intermittent",1.28146481265223,-5.261647352742,1
"197","Ito3","Ito",22,0.00508731314253959,3.53285634898583,20,5.6,350,1,"Intermittent",1.26210670776714,-5.28100545762709,1
"198","Ito3","Ito",22,0.00530423589886079,3.68349715198666,21,5.6,350,1,"Intermittent",1.30386261395913,-5.2392495514351,1
"199","Ito3","Ito",22,0.00563395248680183,3.9124670047235,22,5.6,350,1,"Intermittent",1.3641681225332,-5.17894404286103,1
"200","Ito3","Ito",22,0.00513108780216726,3.56325541817171,23,5.6,350,1,"Intermittent",1.27067457032203,-5.2724375950722,1
"201","Ito3","Ito",22,0.0052215629341483,3.62608537093632,24,5.6,350,1,"Intermittent",1.2881536561637,-5.25495850923053,1
"202","Ito3","Ito",22,0.00532332870241733,3.69675604334537,25,5.6,350,1,"Intermittent",1.30745569004266,-5.23565647535157,1
"203","Ito3","Ito",22,0.00545030147263125,3.78493157821615,26,5.6,350,1,"Intermittent",1.3310278096365,-5.21208435575773,1
"204","Ito3","Ito",21,0.00560867046401778,3.89491004445679,27,5.6,350,1,"Intermittent",1.35967058392297,-5.18344158147126,1
"205","Ito3","Ito",21,0.00506131842178382,3.5148044595721,28,5.6,350,1,"Intermittent",1.256983893437,-5.28612827195723,1
"206","Ito3","Ito",21,0.00519793136982488,3.60967456237839,29,5.6,350,1,"Intermittent",1.28361761935548,-5.25949454603875,1
"207","Ito3","Ito",21,0.00599772853570426,4.16508926090574,30,5.6,350,1,"Intermittent",1.42673770657901,-5.11637445881521,1
"208","Ito3","Ito",21,0.00471093359266466,3.27148166157268,31,5.6,350,1,"Intermittent",1.18524298980153,-5.3578691755927,1
"209","Ito3","Ito",21,0.00490580022228395,3.40680570991941,32,5.6,350,1,"Intermittent",1.22577511031937,-5.31733705507485,1
"210","Ito3","Ito",21,0.00454393720477909,3.15551194776326,33,5.6,350,1,"Intermittent",1.14915074836465,-5.39396141702957,1
"211","Ito3","Ito",21,0.00428939149763817,2.97874409558206,35,5.6,350,1,"Intermittent",1.0915017672491,-5.45161039814513,1
"212","Ito3","Ito",21,0.00420525562656292,2.92031640733536,36,5.6,350,1,"Intermittent",1.07169196908631,-5.47142019630792,1
"213","Ito3","Ito",21,0.00444832314531811,3.0891132953598,37,5.6,350,1,"Intermittent",1.12788409029843,-5.4152280750958,1
"214","Ito3","Ito",20,0.00431118505140312,2.99387850791883,38,5.6,350,1,"Intermittent",1.09656970665668,-5.44654245873754,1
"215","Ito3","Ito",20,0.00628888441233676,4.36728084190053,39,5.6,350,1,"Intermittent",1.47414058246551,-5.06897158292872,1
"216","Ito3","Ito",20,0.00389406918588494,2.7042147124201,40,5.6,350,1,"Intermittent",0.994811560509076,-5.54830060488515,1
"217","Ito3","Ito",20,0.0042274242845234,2.9357113086968,41,5.6,350,1,"Intermittent",1.0769497778172,-5.46616238757703,1
"218","Ito3","Ito",20,0.00443571964434563,3.08036086412891,42,5.6,350,1,"Intermittent",1.12504675380057,-5.41806541159365,1
"219","Ito3","Ito",20,0.00467796193387052,3.24858467629897,43,5.6,350,1,"Intermittent",1.17821941727516,-5.36489274811907,1
"220","Ito3","Ito",20,0.0043433314809669,3.01620241733813,44,5.6,350,1,"Intermittent",1.10399856239566,-5.43911360299856,1
"221","Ito3","Ito",20,0.00441917754931924,3.06887329813836,45,5.6,350,1,"Intermittent",1.12131049037298,-5.42180167502125,1
"222","Ito3","Ito",20,0.00472421228118916,3.28070297304803,46,5.6,350,1,"Intermittent",1.18805772048381,-5.35505444491042,1
"223","Ito3","Ito",20,0.00463561267018615,3.21917546540705,47,5.6,350,1,"Intermittent",1.16912526012188,-5.37398690527235,1
"224","Ito3","Ito",20,0.00481858849680468,3.34624201166992,48,5.6,350,1,"Intermittent",1.20783792860114,-5.33527423679309,2
"225","Ito3","Ito",20,0.00475680883578774,3.30333946929704,49,5.6,350,1,"Intermittent",1.19493391717873,-5.34817824821549,2
"226","Ito3","Ito",18,0.00423488885801606,2.94089504028893,50,5.6,350,1,"Intermittent",1.07871397049194,-5.46439819490229,2
"227","Ito3","Ito",17,0.00303181717143646,2.10542859127532,52,5.6,350,1,"Intermittent",0.744519052715959,-5.79859311267827,2
"228","Ito3","Ito",17,0.00344251875520974,2.39063802445121,53,5.6,350,1,"Intermittent",0.871560286154376,-5.67155187923985,2
"229","Ito3","Ito",17,0.00374016393442622,2.59733606557377,54,5.6,350,1,"Intermittent",0.954486329612191,-5.58862583578204,2
"230","Ito3","Ito",18,0.00344116838010558,2.38970026396221,55,5.6,350,1,"Intermittent",0.871167945510493,-5.67194421988374,2
"231","Ito3","Ito",18,0.00373067379827722,2.59074569324807,56,5.6,350,1,"Intermittent",0.951945746723603,-5.59116641867063,2
"232","Ito3","Ito",18,0.00391162406223943,2.71640559877738,57,5.6,350,1,"Intermittent",0.999309535357341,-5.54380263003689,2
"233","Ito3","Ito",19,0.00430833425951651,2.99189879133091,58,5.6,350,1,"Intermittent",1.09590823311327,-5.44720393228096,2
"234","Ito3","Ito",19,0.00417333425951659,2.89814879133096,59,5.6,350,1,"Intermittent",1.0640721853448,-5.47903998004942,2
"235","Ito3","Ito",19,0.00414557654904133,2.87887260350092,60,5.6,350,1,"Intermittent",1.05739876039078,-5.48571340500345,2
"236","Ito3","Ito",19,0.00451344123367604,3.13433419005281,61,5.6,350,1,"Intermittent",1.14241677196067,-5.40069539343356,2
"237","Ito3","Ito",20,0.0063170172270075,4.38681751875521,62,5.6,350,1,"Intermittent",1.47860402541177,-5.06450813998246,2
"238","Ito3","Ito",20,0.00465346762989714,3.23157474298412,63,5.6,350,1,"Intermittent",1.17296955495484,-5.37014261043939,2
"239","Masu2","Masu",20,0.00457214504028897,3.17510072242289,1,5.6,350,2,"Intermittent",1.15533935543923,-5.38777280995499,1
"240","Masu2","Masu",19,0.0036258696860239,2.51796505973882,2,5.6,350,2,"Intermittent",0.923451059330018,-5.61966110606421,1
"241","Masu2","Masu",18,0.00328272436787994,2.27966969991663,3,5.6,350,2,"Intermittent",0.824030564014283,-5.71908160137995,1
"242","Masu2","Masu",18,0.00332263545429277,2.30738573214776,4,5.6,350,2,"Intermittent",0.836115165972718,-5.70699699942151,1
"243","Masu2","Masu",18,0.00407783273131423,2.83182828563488,5,5.6,350,2,"Intermittent",1.04092254038968,-5.50218962500455,1
"244","Masu2","Masu",19,0.00424025284801335,2.9446200333426,6,5.6,350,2,"Intermittent",1.07997978784333,-5.46313237755089,1
"245","Masu2","Masu",19,0.00400761322589607,2.7830647402056,7,5.6,350,2,"Intermittent",1.02355274501325,-5.51955942038098,1
"246","Masu2","Masu",20,0.0043762281189219,3.03904730480687,8,5.6,350,2,"Intermittent",1.11154407972561,-5.43156808566862,1
"247","Masu2","Masu",20,0.00435064601278133,3.02128195332037,9,5.6,350,2,"Intermittent",1.10568122917172,-5.4374309362225,1
"248","Masu2","Masu",21,0.00609240483467631,4.23083669074744,10,5.6,350,2,"Intermittent",1.44239977272957,-5.10071239266466,1
"249","Masu2","Masu",21,0.00530588635732143,3.68464330369544,11,5.6,350,2,"Intermittent",1.30417372412998,-5.23893844126425,1
"250","Masu2","Masu",22,0.00517414976382327,3.59315955821061,12,5.6,350,2,"Intermittent",1.27903191521958,-5.26408025017465,1
"251","Masu2","Masu",20,0.00399193387051962,2.77217629897196,14,5.6,350,2,"Intermittent",1.019632679223,-5.52347948617123,1
"252","Masu2","Masu",20,0.00431669908307858,2.99770769658235,15,5.6,350,2,"Intermittent",1.09784789545483,-5.4452642699394,1
"253","Masu2","Masu",20,0.00415896776882457,2.88817206168373,16,5.6,350,2,"Intermittent",1.06062379740121,-5.48248836799302,1
"254","Masu2","Masu",21,0.00460286607390942,3.19643477354821,17,5.6,350,2,"Intermittent",1.16203605543165,-5.38107610996257,1
"255","Masu2","Masu",21,0.00504875243123092,3.50607807724369,18,5.6,350,2,"Intermittent",1.25449805585852,-5.28861410953571,1
"256","Masu2","Masu",21,0.00462593498193938,3.21245484856902,19,5.6,350,2,"Intermittent",1.16703539520242,-5.37607677019181,1
"257","Masu2","Masu",21,0.00484927202000555,3.36755001389274,20,5.6,350,2,"Intermittent",1.21418548112758,-5.32892668426665,1
"258","Masu2","Masu",22,0.00530052236732421,3.68091831064182,21,5.6,350,2,"Intermittent",1.30316226198596,-5.23994990340827,1
"259","Masu2","Masu",22,0.00523124062239511,3.63280598777438,22,5.6,350,2,"Intermittent",1.29000534905349,-5.25310681634074,1
"260","Masu2","Masu",22,0.00589097388163377,4.09095408446789,23,5.6,350,2,"Intermittent",1.40877821533695,-5.13433395005728,1
"261","Masu2","Masu",22,0.00554651569880514,3.85174701305912,24,5.6,350,2,"Intermittent",1.34852681500314,-5.19458535039109,1
"262","Masu2","Masu",23,0.00637654626285079,4.42815712697972,25,5.6,350,2,"Intermittent",1.48798349908125,-5.05512866631298,1
"263","Masu2","Masu",23,0.00572956654626281,3.97886565712695,26,5.6,350,2,"Intermittent",1.38099676790093,-5.16211539749329,1
"264","Masu2","Masu",23,0.00602769936093358,4.18590233398165,27,5.6,350,2,"Intermittent",1.43172229216578,-5.11138987322845,1
"265","Masu2","Masu",23,0.0062787190886357,4.36022158933035,28,5.6,350,2,"Intermittent",1.47252287931039,-5.07058928608384,1
"266","Masu2","Masu",23,0.00644909141428173,4.47853570436231,29,5.6,350,2,"Intermittent",1.49929614129439,-5.04381602409984,1
"267","Masu2","Masu",23,0.00633854820783548,4.40176958877464,30,5.6,350,2,"Intermittent",1.48200663933878,-5.06110552605545,1
"268","Masu2","Masu",23,0.00612173798277297,4.25120693248123,31,5.6,350,2,"Intermittent",1.4472029267337,-5.09590923866053,1
"269","Masu2","Masu",23,0.00672021672686857,4.6668171714365,32,5.6,350,2,"Intermittent",1.5404772914492,-5.00263487394502,1
"270","Masu2","Masu",23,0.00618445540427893,4.29476069741593,33,5.6,350,2,"Intermittent",1.45739583733357,-5.08571632806066,1
"271","Masu2","Masu",23,0.00647092247846624,4.49369616560156,34,5.6,350,2,"Intermittent",1.50267556257714,-5.04043660281709,1
"272","Masu2","Masu",24,0.00638082245068075,4.43112670186163,35,5.6,350,2,"Intermittent",1.48865388622552,-5.05445827916871,1
"273","Masu2","Masu",24,0.00622789247013058,4.32492532647957,36,5.6,350,2,"Intermittent",1.46439487468093,-5.07871729071329,1
"274","Masu2","Masu",24,0.00596228118921923,4.14047304806891,37,5.6,350,2,"Intermittent",1.4208100441283,-5.12230212126593,1
"275","Masu2","Masu",24,0.00622024034454014,4.3196113503751,38,5.6,350,2,"Intermittent",1.46316543301796,-5.07994673237627,1
"276","Masu2","Masu",24,0.00712386635176439,4.9471294109475,39,5.6,350,2,"Intermittent",1.59880749138341,-4.94430467401082,1
"277","Masu2","Masu",24,0.00628194498471799,4.36246179494305,40,5.6,350,2,"Intermittent",1.47303652988402,-5.07007563551021,1
"278","Masu2","Masu",24,0.00638494859683242,4.43399208113363,41,5.6,350,2,"Intermittent",1.48930032525063,-5.0538118401436,1
"279","Masu2","Masu",24,0.00685199083078631,4.75832696582383,42,5.6,350,2,"Intermittent",1.55989612869244,-4.98321603670179,1
"280","Masu2","Masu",24,0.00639485134759651,4.44086899138646,43,5.6,350,2,"Intermittent",1.49085007607445,-5.05226208931978,1
"281","Masu2","Masu",21,0.00374308974715192,2.59936787996661,44,5.6,350,2,"Intermittent",0.955268292378461,-5.58784387301577,1
"282","Masu2","Masu",19,0.00331010697415947,2.29868539872185,45,5.6,350,2,"Intermittent",0.832337393756011,-5.71077477163822,1
"283","Masu2","Masu",19,0.00368697415948871,2.56039872186716,46,5.6,350,2,"Intermittent",0.940162997092945,-5.60294916830128,1
"284","Masu2","Masu",20,0.00401429008057787,2.78770144484574,47,5.6,350,2,"Intermittent",1.02521740138432,-5.5178947640099,1
"285","Masu2","Masu",20,0.0037607571547652,2.61163691303139,48,5.6,350,2,"Intermittent",0.959977194489678,-5.58313497090455,2
"286","Masu2","Masu",20,0.00448898444012226,3.11735030564046,49,5.6,350,2,"Intermittent",1.13698337998228,-5.40612878541195,2
"287","Masu2","Masu",21,0.00402460544595723,2.79486489302586,50,5.6,350,2,"Intermittent",1.02778376662864,-5.51532839876559,2
"288","Masu2","Masu",21,0.00426887329813832,2.96449534592939,51,5.6,350,2,"Intermittent",1.08670681422963,-5.4564053511646,2
"289","Masu2","Masu",21,0.00455736593498191,3.16483745484855,52,5.6,350,2,"Intermittent",1.15210169719945,-5.39101046819478,2
"290","Masu2","Masu",22,0.0051267741039177,3.56025979438729,53,5.6,350,2,"Intermittent",1.26983351815281,-5.27327864724142,2
"291","Masu2","Masu",22,0.00533788274520696,3.70686301750484,54,5.6,350,2,"Intermittent",1.31018597109977,-5.23292619429446,2
"292","Masu2","Masu",20,0.00296609891636565,2.05979091414281,55,5.6,350,2,"Intermittent",0.722604479661293,-5.82050768573293,2
"293","Masu2","Masu",19,0.00342939010836345,2.38152090858573,56,5.6,350,2,"Intermittent",0.867739320806939,-5.67537284458729,2
"294","Masu2","Masu",17,0.0029455056960267,2.04549006668521,64,5.6,350,2,"Intermittent",0.715637402196209,-5.82747476319802,2
"295","Masu2","Masu",17,0.00349994720755765,2.43051889413726,65,5.6,350,2,"Intermittent",0.888104771238745,-5.65500739415548,2
"296","Masu2","Masu",18,0.00274958877465964,1.9094366490692,66,5.6,350,2,"Intermittent",0.646808250421475,-5.89630391497276,2
"297","Masu2","Masu",18,0.00306797721589327,2.13053973325922,67,5.6,350,2,"Intermittent",0.756375343518364,-5.78673682187587,2
"298","Masu2","Masu",18,0.0030308794109475,2.10477736871354,68,5.6,350,2,"Intermittent",0.744209698459582,-5.79890246693464,2
"299","Masu2","Masu",19,0.00320837871631009,2.22804077521534,69,5.6,350,2,"Intermittent",0.801122623161189,-5.74198954223304,2
"300","Masu2","Masu",19,0.00345204640177828,2.39725444567936,70,5.6,350,2,"Intermittent",0.874324101541272,-5.66878806385296,2
"301","Masu2","Masu",19,0.00344191858849676,2.39022124201164,71,5.6,350,2,"Intermittent",0.87138593153844,-5.67172623385579,2
"302","Masu2","Masu",20,0.00353340650180605,2.45375451514309,72,5.6,350,2,"Intermittent",0.89761930670591,-5.64549285868832,2
"303","Masu2","Masu",20,0.00388011530980824,2.69452452070017,73,5.6,350,2,"Intermittent",0.991221758628415,-5.55189040676581,2
"304","Masu2","Masu",20,0.00388304112253398,2.69655633509305,74,5.6,350,2,"Intermittent",0.991975527508322,-5.55113663788591,2
"305","Masu2","Masu",21,0.00528161711586546,3.66778966379546,75,5.6,350,2,"Intermittent",1.2995892091828,-5.24352295621143,2
"306","Masu2","Masu",21,0.00395281050291747,2.74500729369269,76,5.6,350,2,"Intermittent",1.00978373204091,-5.53332843335332,2
"307","Masu2","Masu",21,0.00421489580439013,2.92701097527092,77,5.6,350,2,"Intermittent",1.07398175736822,-5.46913040802601,2
"308","Masu2","Masu",21,0.00464896637954985,3.2284488746874,78,5.6,350,2,"Intermittent",1.17200179733484,-5.37111036805939,2
"309","Masu2","Masu",21,0.00573305501528197,3.98128820505693,79,5.6,350,2,"Intermittent",1.38160543653893,-5.1615067288553,2
"310","Masu2","Masu",22,0.00491277716032229,3.41165080577936,80,5.6,350,2,"Intermittent",1.22719628141998,-5.31591588397424,2
"311","Masu2","Masu",22,0.00472012364545704,3.2778636426785,81,5.6,350,2,"Intermittent",1.18719188173785,-5.35592028365638,2
"312","Masu2","Masu",22,0.00470725757154766,3.26892886913032,82,5.6,350,2,"Intermittent",1.18446236829161,-5.35864979710262,2
"313","Masu2","Masu",22,0.00494147263128643,3.43157821617113,83,5.6,350,2,"Intermittent",1.23302027668718,-5.31009188870705,2
"314","Masu2","Masu",22,0.0059925896082245,4.16152056126701,84,5.6,350,2,"Intermittent",1.42588052702252,-5.11723163837171,2
"315","Masu2","Masu",22,0.00497328146707418,3.45366768546818,85,5.6,350,2,"Intermittent",1.23943676359273,-5.3036754018015,2
"316","Masu2","Masu",22,0.0059772103362045,4.15084051125313,86,5.6,350,2,"Intermittent",1.42331084656768,-5.11980131882655,2
"317","Masu2","Masu",23,0.00633689774937477,4.40062343706581,87,5.6,350,2,"Intermittent",1.48174622112933,-5.0613659442649,2
"318","Masu2","Masu",23,0.00509417754931919,3.53762329813833,88,5.6,350,2,"Intermittent",1.26345511695936,-5.27965704843487,2
"319","Masu2","Masu",23,0.00513420116699082,3.56541747707696,89,5.6,350,2,"Intermittent",1.27128115137949,-5.27183101401474,2
"320","Masu2","Masu",23,0.0055567185329258,3.85883231453181,90,5.6,350,2,"Intermittent",1.35036462852295,-5.19274753687127,2
"321","Masu2","Masu",23,0.00554306474020563,3.84935051403169,91,5.6,350,2,"Intermittent",1.34790443641454,-5.19520772897969,2
"322","Masu2","Masu",23,0.00573553070297302,3.98300743262016,92,5.6,350,2,"Intermittent",1.38203717028367,-5.16107499511056,2
"323","Masu2","Masu",23,0.00541057793831616,3.75734579049733,93,5.6,350,2,"Intermittent",1.32371280134967,-5.21939936404456,2
"324","Masu2","Masu",24,0.00573358016115584,3.98165288969156,94,5.6,350,2,"Intermittent",1.3816970320011,-5.16141513339313,2
"325","Ito5","Ito",20,0.00794611806582908,5.51813754571464,1,14.8,1350,2,"Intermittent",1.70804040221778,-4.83507176317645,1
"326","Ito5","Ito",19,0.00725228073864358,5.03630606850249,2,14.8,1350,2,"Intermittent",1.6166728904478,-4.92643927494643,1
"327","Ito5","Ito",18,0.00819854696875245,5.69343539496698,3,14.8,1350,2,"Intermittent",1.73931382604808,-4.80379833934614,1
"328","Ito5","Ito",18,0.00705684131477954,4.90058424637468,4,14.8,1350,2,"Intermittent",1.58935443196279,-4.95375773343143,1
"329","Ito5","Ito",18,0.00703406742113049,4.88476904245173,5,14.8,1350,2,"Intermittent",1.58612200545213,-4.95699015994209,1
"330","Ito5","Ito",19,0.00675437553975196,4.69053856927219,6,14.8,1350,2,"Intermittent",1.54554740939884,-4.99756475599539,1
"331","Ito5","Ito",19,0.00653200160705302,4.53611222712015,7,14.8,1350,2,"Intermittent",1.51207030754799,-5.03104185784624,1
"332","Ito5","Ito",20,0.00807460443216205,5.60736418900142,8,14.8,1350,2,"Intermittent",1.72408076759176,-4.81903139780246,1
"333","Ito5","Ito",20,0.00796325323100257,5.530036965974,9,14.8,1350,2,"Intermittent",1.71019450013649,-4.83291766525773,1
"334","Ito5","Ito",21,0.00819279875040363,5.68944357666919,10,14.8,1350,2,"Intermittent",1.73861245366745,-4.80449971172678,1
"335","Ito5","Ito",21,0.0085174362247771,5.91488626720632,11,14.8,1350,2,"Intermittent",1.77747226938519,-4.76563989600904,1
"336","Ito5","Ito",22,0.0090861813717024,6.30984817479333,12,14.8,1350,2,"Intermittent",1.84211161521663,-4.70100055017759,1
"337","Ito5","Ito",20,0.00723443388929359,5.02391242312055,14,14.8,1350,2,"Intermittent",1.61420899731025,-4.92890316808398,1
"338","Ito5","Ito",20,0.00555469499785982,3.8574270818471,15,14.8,1350,2,"Intermittent",1.35000040212048,-5.19311176327375,1
"339","Ito5","Ito",20,0.00572111960529571,3.9729997258998,16,14.8,1350,2,"Intermittent",1.37952140784172,-5.16359075755251,1
"340","Ito5","Ito",21,0.00578177699511127,4.01512291327172,17,14.8,1350,2,"Intermittent",1.39006796044738,-5.15304420494685,1
"341","Ito5","Ito",21,0.0061919260605423,4.29994865315438,18,14.8,1350,2,"Intermittent",1.45860308150133,-5.0845090838929,1
"342","Ito5","Ito",21,0.00634247463634801,4.40449627524167,19,14.8,1350,2,"Intermittent",1.48262589989626,-5.06048626549796,1
"343","Ito5","Ito",21,0.00656074269879758,4.55607131860943,20,14.8,1350,2,"Intermittent",1.51646069923973,-5.0266514661545,1
"344","Ito5","Ito",22,0.0067782443321342,4.70711411953764,21,14.8,1350,2,"Intermittent",1.54907500676875,-4.99403715862547,1
"345","Ito5","Ito",22,0.00654634478045702,4.54607276420626,22,14.8,1350,2,"Intermittent",1.51426373150689,-5.02884843388734,1
"346","Ito5","Ito",22,0.00728720800823051,5.06056111682674,23,14.8,1350,2,"Intermittent",1.62147736980474,-4.92163479558948,1
"347","Ito5","Ito",22,0.00682231400614287,4.73771805982144,24,14.8,1350,2,"Intermittent",1.55555559780762,-4.98755656758661,1
"348","Ito5","Ito",23,0.00683714988397678,4.74802075276165,25,14.8,1350,2,"Intermittent",1.55772784758068,-4.98538431781355,1
"349","Ito5","Ito",23,0.00773496684514469,5.3715047535727,26,14.8,1350,2,"Intermittent",1.68110808408594,-4.86200408130829,1
"350","Ito5","Ito",23,0.00746282976502484,5.18252067015614,27,14.8,1350,2,"Intermittent",1.64529155377255,-4.89782061162168,1
"351","Ito5","Ito",23,0.00775128083626837,5.38283391407526,28,14.8,1350,2,"Intermittent",1.68321498531782,-4.85989718007641,1
"352","Ito5","Ito",23,0.0079289281557189,5.50620010813812,29,14.8,1350,2,"Intermittent",1.70587474971022,-4.837237415684,1
"353","Ito5","Ito",23,0.00911979476280942,6.33319080750654,30,14.8,1350,2,"Intermittent",1.8458041861672,-4.69730797922703,1
"354","Ito5","Ito",23,0.00746025675300193,5.18073385625134,31,14.8,1350,2,"Intermittent",1.64494671732798,-4.89816544806625,1
"355","Ito5","Ito",23,0.0131448614855477,9.12837603163038,32,14.8,1350,2,"Intermittent",2.21138780711337,-4.33172435828086,1
"356","Ito5","Ito",23,0.0134154657074412,9.31629563016752,33,14.8,1350,2,"Intermittent",2.23176508511322,-4.31134708028101,1
"357","Ito5","Ito",23,0.00846307450267724,5.87713507130364,34,14.8,1350,2,"Intermittent",1.77106941040259,-4.77204275499164,1
"358","Ito5","Ito",24,0.0155590037022295,10.8048636821038,35,14.8,1350,2,"Intermittent",2.37999637369267,-4.16311579170156,1
"359","Ito5","Ito",24,0.0109966701711436,7.6365765077386,36,14.8,1350,2,"Intermittent",2.0329494016698,-4.51016276372442,1
"360","Ito5","Ito",24,0.00974459872487099,6.76708244782708,37,14.8,1350,2,"Intermittent",1.91207004098362,-4.63104212441061,1
"361","Ito5","Ito",24,0.0123743265021064,8.59328229312947,38,14.8,1350,2,"Intermittent",2.15098076931359,-4.39213139608064,1
"362","Ito5","Ito",24,0.00791551564623803,5.49688586544308,39,14.8,1350,2,"Intermittent",1.70418172560004,-4.83893043979419,1
"363","Ito5","Ito",24,0.00937227841066965,6.50852667407614,40,14.8,1350,2,"Intermittent",1.87311311326063,-4.6699990521336,1
"364","Ito5","Ito",24,0.00940627501633332,6.53213542800925,41,14.8,1350,2,"Intermittent",1.87673390790144,-4.66637825749278,1
"365","Ito5","Ito",24,0.0103726873831319,7.20325512717495,42,14.8,1350,2,"Intermittent",1.97453302485167,-4.56857914054256,1
"366","Ito5","Ito",24,0.00969209833061737,6.73062384070651,43,14.8,1350,2,"Intermittent",1.90666783485941,-4.63644433053482,1
"367","Ito5","Ito",21,0.0180785299219753,12.5545346680384,44,14.8,1350,2,"Intermittent",2.53008192844505,-4.01303023694917,1
"368","Ito5","Ito",19,0.0089326765693173,6.20324761758146,45,14.8,1350,2,"Intermittent",1.82507296419818,-4.71803920119605,1
"369","Ito5","Ito",19,0.0079683992550483,5.53361059378354,46,14.8,1350,2,"Intermittent",1.71084051274934,-4.83227165264489,1
"370","Ito5","Ito",20,0.00843920571029482,5.86055952103807,47,14.8,1350,2,"Intermittent",1.76824508043668,-4.77486708495755,1
"371","Ito5","Ito",20,0.00722594842411179,5.01801973896652,48,14.8,1350,2,"Intermittent",1.61303538156872,-4.93007678382551,2
"372","Ito5","Ito",20,0.00780038704444932,5.41693544753425,49,14.8,1350,2,"Intermittent",1.6895302399598,-4.85358192543443,2
"373","Ito5","Ito",21,0.00799303447654374,5.55071838648871,50,14.8,1350,2,"Intermittent",1.71392735838881,-4.82918480700542,2
"374","Ito5","Ito",21,0.00801044336640062,5.56280789333376,51,14.8,1350,2,"Intermittent",1.71610299757108,-4.82700916782315,2
"375","Ito5","Ito",21,0.00883605175611836,6.13614705285997,52,14.8,1350,2,"Intermittent",1.81419702936774,-4.72891513602649,2
"376","Ito5","Ito",22,0.00919386466210581,6.38462823757348,53,14.8,1350,2,"Intermittent",1.85389326344695,-4.68921890194727,2
"377","Ito5","Ito",22,0.00985501926210733,6.84376337646342,54,14.8,1350,2,"Intermittent",1.9233377815666,-4.61977438382763,2
"378","Ito5","Ito",20,0.010643674819582,7.39144084693194,55,14.8,1350,2,"Intermittent",2.00032268847668,-4.54278947691755,2
"379","Ito5","Ito",19,0.00969155088125077,6.73024366753526,56,14.8,1350,2,"Intermittent",1.90661134917287,-4.63650081622136,2
"380","Ito5","Ito",14,0.00689906640733538,4.79101833842735,59,14.8,1350,2,"Intermittent",1.56674298557626,-4.97636917981797,2
"381","Ito5","Ito",14,0.00542440204861706,3.76694586709518,60,14.8,1350,2,"Intermittent",1.32626455831071,-5.21684760708352,2
"382","Ito5","Ito",15,0.00581254364951223,4.0364886454946,61,14.8,1350,2,"Intermittent",1.39537516689087,-5.14773699850336,2
"383","Ito5","Ito",16,0.00640099697363377,4.44513678724567,63,14.8,1350,2,"Intermittent",1.491810641776,-5.05130152361823,2
"384","Ito5","Ito",17,0.00732706232211644,5.08823772369198,64,14.8,1350,2,"Intermittent",1.6269315473701,-4.91618061802413,2
"385","Ito5","Ito",17,0.00827338329716219,5.74540506747374,65,14.8,1350,2,"Intermittent",1.74840041664349,-4.79471174875074,2
"386","Ito5","Ito",18,0.00871413478218418,6.0514824876279,67,14.8,1350,2,"Intermittent",1.80030328130287,-4.74280888409136,2
"387","Ito5","Ito",18,0.0114551042707058,7.9549335213235,68,14.8,1350,2,"Intermittent",2.07379230491303,-4.4693198604812,2
"388","Ito5","Ito",19,0.0101108423511035,7.02141829937745,69,14.8,1350,2,"Intermittent",1.94896523457936,-4.59414693081487,2
"389","Ito5","Ito",19,0.00880320479412446,6.11333666258643,70,14.8,1350,2,"Intermittent",1.8104727227489,-4.73263944264533,2
"390","Ito5","Ito",19,0.00751204546307903,5.21669823824933,71,14.8,1350,2,"Intermittent",1.65186468036031,-4.89124748503392,2
"391","Ito5","Ito",20,0.00948149455929953,6.58437122173578,72,14.8,1350,2,"Intermittent",1.88469884418749,-4.65841332120673,2
"392","Ito5","Ito",20,0.00981527443809461,6.81616280423237,73,14.8,1350,2,"Intermittent",1.91929667483923,-4.623815490555,2
"393","Ito5","Ito",20,0.00956821053896347,6.64459065205797,74,14.8,1350,2,"Intermittent",1.8938030878686,-4.64930907752563,2
"394","Ito5","Ito",21,0.0109303740528525,7.59053753670315,75,14.8,1350,2,"Intermittent",2.02690241059982,-4.51620975479441,2
"395","Ito5","Ito",21,0.00910413771092569,6.3223178548095,78,14.8,1350,2,"Intermittent",1.84408589010144,-4.69902627529278,2
"396","Ito5","Ito",21,0.0103103876452166,7.15999142028934,79,14.8,1350,2,"Intermittent",1.96850878268822,-4.57460338270601,2
"397","Ito5","Ito",22,0.0106155359221405,7.37189994593088,80,14.8,1350,2,"Intermittent",1.99767546754115,-4.54543669785308,2
"398","Ito5","Ito",22,0.0104401878900295,7.25013047918718,81,14.8,1350,2,"Intermittent",1.9810194658339,-4.56209269956033,2
"399","Ito5","Ito",22,0.00930861004933797,6.46431253426248,82,14.8,1350,2,"Intermittent",1.8662966700287,-4.67681549536553,2
"400","Ito5","Ito",22,0.00764841510029063,5.31139937520182,83,14.8,1350,2,"Intermittent",1.66985533635393,-4.87325682904029,2
"401","Ito5","Ito",22,0.0071520427596254,4.96669636085097,84,14.8,1350,2,"Intermittent",1.60275490296026,-4.94035726243397,2
"402","Ito5","Ito",22,0.00743633321568297,5.16412028866873,85,14.8,1350,2,"Intermittent",1.64173476641348,-4.90137739898075,2
"403","Ito5","Ito",22,0.00719523651464744,4.99669202406072,86,14.8,1350,2,"Intermittent",1.60877609829557,-4.93433606709866,2
"404","Ito5","Ito",23,0.00741602284418339,5.15001586401624,87,14.8,1350,2,"Intermittent",1.6389997950624,-4.90411237033182,2
"405","Ito5","Ito",23,0.00730040153796477,5.06972329025332,88,14.8,1350,2,"Intermittent",1.62328623825436,-4.91982592713987,2
"406","Ito5","Ito",23,0.00763763034776924,5.30390996372864,89,14.8,1350,2,"Intermittent",1.6684442775752,-4.87466788781903,2
"407","Ito5","Ito",23,0.00775500349196092,5.38541909163953,90,14.8,1350,2,"Intermittent",1.68369513332559,-4.85941703206864,2
"408","Ito5","Ito",23,0.00787883653867814,5.47141426297093,91,14.8,1350,2,"Intermittent",1.69953713200506,-4.84357503338917,2
"409","Ito5","Ito",23,0.00750804908270317,5.21392297409942,92,14.8,1350,2,"Intermittent",1.65133254250219,-4.89177962289203,2
"410","Ito5","Ito",23,0.00770961993947265,5.35390273574489,93,14.8,1350,2,"Intermittent",1.67782577828109,-4.86528638711314,2
"411","Ito5","Ito",24,0.0084020886432417,5.83478378002896,94,14.8,1350,2,"Intermittent",1.76383720935853,-4.7792749560357,2
"412","Ito7","Ito",20,0.0115089087637612,7.99229775261197,1,41.2,2880,2,"Intermittent",2.07847829698508,-4.46463386840915,1
"413","Ito7","Ito",19,0.00496006672835227,3.44449078357796,2,41.2,2880,2,"Intermittent",1.23677608035526,-5.30633608503897,1
"414","Ito7","Ito",18,0.00516253384300379,3.58509294653041,3,41.2,2880,2,"Intermittent",1.27678440022328,-5.26632776517094,1
"415","Ito7","Ito",18,0.00557074043760805,3.86856974833892,4,41.2,2880,2,"Intermittent",1.35288486465973,-5.1902273007345,1
"416","Ito7","Ito",18,0.00528902334790949,3.6729328804927,5,41.2,2880,2,"Intermittent",1.30099049291415,-5.24212167248008,1
"417","Ito7","Ito",19,0.00569492250544244,3.95480729544614,6,41.2,2880,2,"Intermittent",1.37493187574586,-5.16818028964837,1
"418","Ito7","Ito",19,0.00501515154425313,3.48274412795356,7,41.2,2880,2,"Intermittent",1.24782052556547,-5.29529163982876,1
"419","Ito7","Ito",20,0.00529816918939183,3.67928415929988,8,41.2,2880,2,"Intermittent",1.30271821132961,-5.24039395406461,1
"420","Ito7","Ito",20,0.00559624810559567,3.88628340666366,9,41.2,2880,2,"Intermittent",1.3574532784719,-5.18565888692233,1
"421","Ito7","Ito",21,0.00490997436720553,3.40970442167051,10,41.2,2880,2,"Intermittent",1.22662560767649,-5.31648655771774,1
"422","Ito7","Ito",21,0.00995336055053047,6.91205593786838,11,41.2,2880,2,"Intermittent",1.93326712433191,-4.60984504106232,1
"423","Ito7","Ito",22,0.00878751748193267,6.10244269578657,12,41.2,2880,2,"Intermittent",1.80868913295602,-4.73442303243821,1
"424","Ito7","Ito",20,0.0045136405851679,3.13447262858882,14,41.2,2880,2,"Intermittent",1.14246093938839,-5.40065122600584,1
"425","Ito7","Ito",21,0.00683156600673857,4.74414306023512,18,41.2,2880,2,"Intermittent",1.55691081727681,-4.98620134811742,1
"426","Ito7","Ito",21,0.00770012727375723,5.34731060677585,20,41.2,2880,2,"Intermittent",1.67659374419451,-4.86651842119972,1
"427","Ito7","Ito",23,0.00716333350418262,4.97453715568238,30,41.2,2880,2,"Intermittent",1.60433233224893,-4.9387798331453,1
"428","Ito7","Ito",23,0.00561273579230476,3.89773318910053,31,41.2,2880,2,"Intermittent",1.36039515058992,-5.1827170148043,1
"429","Ito7","Ito",23,0.00386793578583046,2.68606651793782,32,41.2,2880,2,"Intermittent",0.988077862477139,-5.55503430291709,1
"430","Ito7","Ito",23,0.00742843704696832,5.15863683817244,34,41.2,2880,2,"Intermittent",1.64067236594339,-4.90243979945083,1
"431","Ito7","Ito",24,0.00749057003428673,5.20178474603245,35,41.2,2880,2,"Intermittent",1.64900178709159,-4.89411037830263,1
"432","Ito7","Ito",24,0.00554024031486635,3.84738910754608,36,41.2,2880,2,"Intermittent",1.3473947643652,-5.19571740102903,1
"433","Ito7","Ito",24,0.00681394557819453,4.73190665152398,38,41.2,2880,2,"Intermittent",1.55432821885562,-4.98878394653861,1
"434","Ito7","Ito",24,0.00720641964731299,5.0044580884118,39,41.2,2880,2,"Intermittent",1.61032913286153,-4.9327830325327,1
"435","Ito7","Ito",24,0.012614674561704,8.76019066785003,40,41.2,2880,2,"Intermittent",2.17021767044773,-4.3728944949465,1
"436","Ito7","Ito",24,0.00597202472099853,4.14723938958231,41,41.2,2880,2,"Intermittent",1.42244290556448,-5.12066925982975,1
"437","Ito7","Ito",24,0.00570369076631316,3.96089636549525,42,41.2,2880,2,"Intermittent",1.37647035457502,-5.16664181081921,1
"438","Ito7","Ito",24,0.00725508559281565,5.03825388389976,43,41.2,2880,2,"Intermittent",1.61705957044786,-4.92605259494636,1
"439","Ito7","Ito",21,0.00703705376628356,4.88684289325247,44,41.2,2880,2,"Intermittent",1.5865464698794,-4.95656569551483,1
"440","Ito7","Ito",19,0.00560283478959899,3.89085749277707,45,41.2,2880,2,"Intermittent",1.3586295684993,-5.18448259689493,1
"441","Ito7","Ito",19,0.00471866685729855,3.2768519842351,46,41.2,2880,2,"Intermittent",1.18688320062672,-5.35622896476751,1
"442","Ito7","Ito",20,0.00505479750847724,3.51027604755364,47,41.2,2880,2,"Intermittent",1.25569468041202,-5.28741748498221,1
"443","Ito7","Ito",20,0.00512330741279267,3.55785236999491,48,41.2,2880,2,"Intermittent",1.26915709596991,-5.27395506942432,2
"444","Ito7","Ito",20,0.00509054180638094,3.53509847665343,49,41.2,2880,2,"Intermittent",1.26274115657111,-5.28037100882312,2
"445","Ito7","Ito",21,0.0135298041041606,9.39569729455595,50,41.2,2880,2,"Intermittent",2.24025184986178,-4.30286031553245,2
"446","Ito7","Ito",21,0.00664004872982518,4.61114495126749,51,41.2,2880,2,"Intermittent",1.5284761887026,-5.01463597669163,2
"447","Ito7","Ito",21,0.00571917157139119,3.97164692457721,52,41.2,2880,2,"Intermittent",1.37918085113853,-5.1639313142557,2
"448","Ito7","Ito",22,0.00654607311092347,4.54588410480796,53,41.2,2880,2,"Intermittent",1.51422223122239,-5.02888993417183,2
"449","Ito7","Ito",22,0.00591328995918493,4.10645136054509,54,41.2,2880,2,"Intermittent",1.41255923962415,-5.13055292577008,2
"450","Ito7","Ito",20,0.00693309323787348,4.81464808185658,55,41.2,2880,2,"Intermittent",1.57166295469879,-4.97144921069544,2
"451","Ito7","Ito",19,0.00758895076032449,5.27010469466979,56,41.2,2880,2,"Intermittent",1.66205022851719,-4.88106193687704,2
"452","Ito7","Ito",15,0.00453298110316508,3.14790354386464,58,41.2,2880,2,"Intermittent",1.14673668963612,-5.39637547575811,2
"453","Ito7","Ito",14,0.00593426665983266,4.12101851377268,59,41.2,2880,2,"Intermittent",1.41610034489031,-5.12701182050392,2
"454","Ito7","Ito",14,0.00443199926624709,3.07777726822715,60,41.2,2880,2,"Intermittent",1.12420767029909,-5.41890449509514,2
"455","Ito7","Ito",15,0.00515019954302297,3.57652746043262,61,41.2,2880,2,"Intermittent",1.27439234655517,-5.26871981883906,2
"456","Ito7","Ito",16,0.00532464178560928,3.69766790667311,62,41.2,2880,2,"Intermittent",1.30770232543671,-5.23540983995751,2
"457","Ito7","Ito",16,0.00462737625607977,3.21345573338873,63,41.2,2880,2,"Intermittent",1.16734691053244,-5.37576525486179,2
"458","Ito7","Ito",17,0.00420691926829724,2.92147171409531,64,41.2,2880,2,"Intermittent",1.07208750098544,-5.47102466440879,2
"459","Ito7","Ito",17,0.00505991582343528,3.51383043294117,65,41.2,2880,2,"Intermittent",1.25670673388836,-5.28640543150587,2
"460","Ito7","Ito",18,0.00525583820748479,3.64988764408666,66,41.2,2880,2,"Intermittent",1.2946963846786,-5.24841578071563,2
"461","Ito7","Ito",18,0.0058159161147784,4.03883063526278,67,41.2,2880,2,"Intermittent",1.39595520335814,-5.14715696203609,2
"462","Ito7","Ito",18,0.00587779738168906,4.08180373728407,68,41.2,2880,2,"Intermittent",1.40653898319357,-5.13657318220066,2
"463","Ito7","Ito",19,0.0051593873379067,3.58290787354632,69,41.2,2880,2,"Intermittent",1.27617472589243,-5.2669374395018,2
"464","Ito7","Ito",19,0.00582363554061671,4.04419134765049,70,41.2,2880,2,"Intermittent",1.39728161647071,-5.14583054892352,2
"465","Ito7","Ito",19,0.00556289515156581,3.86312163303181,71,41.2,2880,2,"Intermittent",1.35147556986508,-5.19163659552915,2
"466","Ito7","Ito",20,0.00562414711745705,3.90565772045629,72,41.2,2880,2,"Intermittent",1.36242619944337,-5.18068596595086,2
"467","Ito7","Ito",20,0.00627778110963943,4.35957021502738,73,41.2,2880,2,"Intermittent",1.47237347796715,-5.07073868742708,2
"468","Ito7","Ito",20,0.00613765674931275,4.26226163146719,74,41.2,2880,2,"Intermittent",1.44979991880949,-5.09331224658474,2
"469","Ito7","Ito",21,0.0052664943714138,3.65728775792625,75,41.2,2880,2,"Intermittent",1.29672182295326,-5.24639034244097,2
"470","Ito7","Ito",21,0.00572441574655315,3.97528871288413,76,41.2,2880,2,"Intermittent",1.38009737764081,-5.16301478775341,2
"471","Ito7","Ito",21,0.00660531131355252,4.58702174552259,77,41.2,2880,2,"Intermittent",1.52323095628891,-5.01988120910532,2
"472","Ito7","Ito",21,0.00667189136140839,4.63325788986694,78,41.2,2880,2,"Intermittent",1.53326026857344,-5.00985189682079,2
"473","Ito7","Ito",21,0.00677270538472114,4.70326762827857,79,41.2,2880,2,"Intermittent",1.54825750720787,-4.99485465818636,2
"474","Ito7","Ito",22,0.00850491937080683,5.90619400750475,80,41.2,2880,2,"Intermittent",1.77600163200414,-4.76711053339009,2
"475","Ito7","Ito",22,0.00667075861957342,4.63247126359265,81,41.2,2880,2,"Intermittent",1.53309047594015,-5.01002168945408,2
"476","Ito7","Ito",22,0.00623188408862225,4.32769728376545,82,41.2,2880,2,"Intermittent",1.46503559542089,-5.07807656997333,2
"477","Ito7","Ito",22,0.00563652337083925,3.91425234086059,83,41.2,2880,2,"Intermittent",1.36462433824485,-5.17848782714938,2
"478","Ito7","Ito",22,0.0061782256883654,4.2904345058093,84,41.2,2880,2,"Intermittent",1.45638801121654,-5.08672415417769,2
"479","Ito7","Ito",22,0.00617319128020997,4.2869383890347,85,41.2,2880,2,"Intermittent",1.45557281593214,-5.08753934946209,2
"480","Ito7","Ito",22,0.00548079234523073,3.80610579529912,86,41.2,2880,2,"Intermittent",1.33660656546585,-5.20650559992838,2
"481","Ito7","Ito",23,0.0062669990855064,4.35208269826833,87,41.2,2880,2,"Intermittent",1.47065451173255,-5.07245765366168,2
"482","Ito7","Ito",23,0.00552467560298573,3.8365802798512,88,41.2,2880,2,"Intermittent",1.34458141770043,-5.1985307476938,2
"483","Ito7","Ito",23,0.00788044299252488,5.47252985592005,89,41.2,2880,2,"Intermittent",1.69974100602724,-4.84337115936699,2
"484","Ito7","Ito",23,0.00668716239947987,4.64386277741657,90,41.2,2880,2,"Intermittent",1.53554651503917,-5.00756565035505,2
"485","Ito7","Ito",23,0.00614139060202806,4.26485458474171,91,41.2,2880,2,"Intermittent",1.45040808534287,-5.09270408005136,2
"486","Ito7","Ito",23,0.00635807991971884,4.41533327758253,92,41.2,2880,2,"Intermittent",1.48508331876804,-5.05802884662619,2
"487","Ito7","Ito",23,0.00608299146742485,4.22429963015615,93,41.2,2880,2,"Intermittent",1.44085347905772,-5.10225868633651,2
"488","Ito7","Ito",24,0.00605215571747275,4.20288591491163,94,41.2,2880,2,"Intermittent",1.43577141192668,-5.10734075346755,2
"489","Ito8","Ito",22,0.00725945072461645,5.04128522542809,1,3.8,350,3,"Intermittent",1.61766105462027,-4.92545111077396,1
"490","Ito8","Ito",22,0.00798216200406539,5.54316805837874,2,3.8,350,3,"Intermittent",1.71256618900723,-4.83054597638699,1
"491","Ito8","Ito",22,0.00743534695310095,5.16343538409788,3,3.8,350,3,"Intermittent",1.64160213007753,-4.9015100353167,1
"492","Ito8","Ito",22,0.01061126336263,7.36893289071527,4,3.8,350,3,"Intermittent",1.9972729047703,-4.54583926062393,1
"493","Ito8","Ito",22,0.0113899164972727,7.90966423421713,5,3.8,350,3,"Intermittent",2.06808533261276,-4.47502683278146,1
"494","Ito8","Ito",22,0.0109052897734751,7.57311789824658,6,3.8,350,3,"Intermittent",2.02460485824589,-4.51850730714834,1
"495","Ito8","Ito",22,0.00615117181673273,4.27164709495329,7,3.8,350,3,"Intermittent",1.45199948938635,-5.09111267600788,1
"496","Ito8","Ito",22,0.00603608195258914,4.1917235781869,8,3.8,350,3,"Intermittent",1.43311200452657,-5.11000016086765,1
"497","Ito8","Ito",22,0.0060140258258873,4.17640682353284,9,3.8,350,3,"Intermittent",1.42945126526374,-5.11366090013049,1
"498","Ito8","Ito",22,0.00670334888346184,4.65510339129294,10,3.8,350,3,"Intermittent",1.53796412128644,-5.00514804410778,1
"499","Ito8","Ito",22,0.00632983197086898,4.39571664643679,11,3.8,350,3,"Intermittent",1.48063057732944,-5.06248158806479,1
"500","Ito8","Ito",22,0.00609583802518241,4.23322085082112,12,3.8,350,3,"Intermittent",1.44296313377125,-5.10014903162298,1
"501","Ito8","Ito",22,0.00861338734443777,5.9815189891929,13,3.8,350,3,"Intermittent",1.78867454727778,-4.75443761811645,1
"502","Ito8","Ito",22,0.00863140813968789,5.99403343033881,14,3.8,350,3,"Intermittent",1.79076454617935,-4.75234761921487,1
"503","Ito8","Ito",22,0.0104032503180709,7.22447938754922,15,3.8,350,3,"Intermittent",1.97747517431565,-4.56563699107858,1
"504","Ito8","Ito",22,0.00961177256840357,6.67484206139137,16,3.8,350,3,"Intermittent",1.89834554279161,-4.64476662260262,1
"505","Ito8","Ito",22,0.0123069317500475,8.54648038197744,17,3.8,350,3,"Intermittent",2.14551954696633,-4.3975926184279,1
"506","Ito8","Ito",22,0.00756215586200846,5.25149712639476,18,3.8,350,3,"Intermittent",1.65851320288351,-4.88459896251072,1
"507","Ito8","Ito",22,0.00806635117942118,5.60163276348693,19,3.8,350,3,"Intermittent",1.7230581201527,-4.82005404524153,2
"508","Ito8","Ito",22,0.00705773943054361,4.90120793787751,20,3.8,350,3,"Intermittent",1.58948169267021,-4.95363047272402,2
"509","Ito8","Ito",22,0.00951785437475318,6.6096210935786,21,3.8,350,3,"Intermittent",1.88852632901006,-4.65458583638417,2
"510","Ito8","Ito",22,0.00683386145274265,4.74573711996017,22,3.8,350,3,"Intermittent",1.55724676666917,-4.98586539872506,2
"511","Ito8","Ito",22,0.00771500095055645,5.35763954899754,23,3.8,350,3,"Intermittent",1.67852349543608,-4.86458866995815,2
"512","Ito8","Ito",22,0.0104713534461327,7.27177322648104,24,3.8,350,3,"Intermittent",1.98400017191163,-4.5591119934826,2
"513","Ito8","Ito",22,0.0100712475687691,6.99392192275632,25,3.8,350,3,"Intermittent",1.94504147511824,-4.59807069027599,2
"514","Ito8","Ito",22,0.00635288311080565,4.41172438250392,26,3.8,350,3,"Intermittent",1.48426562947255,-5.05884653592168,2
"515","Ito8","Ito",22,0.00638461297728903,4.43375901200627,27,3.8,350,3,"Intermittent",1.48924775969596,-5.05386440569826,2
"516","Ito8","Ito",22,0.00751290270689224,5.21729354645294,28,3.8,350,3,"Intermittent",1.6519787897475,-4.89113337564672,2
"517","Ito8","Ito",21,0.00742965326625815,5.15948143490149,29,3.8,350,3,"Intermittent",1.64083607733118,-4.90227608806304,2
"518","Ito8","Ito",21,0.00700544595721028,4.86489302584047,30,3.8,350,3,"Intermittent",1.58204472687422,-4.96106743852001,2
"519","Ito8","Ito",21,0.00726088796595544,5.04228330969127,31,3.8,350,3,"Intermittent",1.61785901712987,-4.92525314826436,2
"520","Ito8","Ito",21,0.00576670975855856,4.00465955455455,32,3.8,350,3,"Intermittent",1.3874585718022,-5.15565359359202,2
"521","Ito8","Ito",21,0.00728996446381302,5.06247532209238,33,3.8,350,3,"Intermittent",1.62185555777236,-4.92125660762187,2
"522","Ito8","Ito",21,0.00735359003231883,5.10665974466585,34,3.8,350,3,"Intermittent",1.63054552016023,-4.912566645234,2
"523","Ito8","Ito",21,0.00732584021877415,5.08738904081538,35,3.8,350,3,"Intermittent",1.62676474037173,-4.9163474250225,2
"524","Ito8","Ito",21,0.00968479548412574,6.72555241953176,36,3.8,350,3,"Intermittent",1.90591406628255,-4.63719809911168,2
"525","Ito8","Ito",21,0.0102741197116158,7.13480535528875,37,3.8,350,3,"Intermittent",1.96498497028882,-4.57812719510541,2
"526","Ito8","Ito",21,0.010203307936415,7.08563051139934,38,3.8,350,3,"Intermittent",1.95806886161768,-4.58504330377655,2
"527","Ito8","Ito",21,0.0097634015296646,6.78013995115597,39,3.8,350,3,"Intermittent",1.91399774350268,-4.62911442189154,2
"528","Ito8","Ito",21,0.00988927070385041,6.86754909989612,40,3.8,350,3,"Intermittent",1.92680728856437,-4.61630487682986,2
"529","Ito8","Ito",21,0.00811344847252888,5.63433921703395,41,3.8,350,3,"Intermittent",1.72887987655791,-4.81423228883632,2
"530","Ito8","Ito",20,0.00958844503590175,6.65864238604288,42,3.8,350,3,"Intermittent",1.89591561783338,-4.64719654756084,2
"531","Ito8","Ito",20,0.00640418157090409,4.44734831312784,43,3.8,350,3,"Intermittent",1.49230803387793,-5.05080413151629,2
"532","Ito8","Ito",20,0.00550463432824915,3.8226627279508,44,3.8,350,3,"Intermittent",1.3409472289943,-5.20216493639992,2
"533","Ito9","Ito",22,0.00996028492763141,6.91686453307737,1,19.8,1350,3,"Intermittent",1.93396256479133,-4.6091496006029,1
"534","Ito9","Ito",22,0.0111714895551795,7.75797885776353,2,19.8,1350,3,"Intermittent",2.04872184379668,-4.49439032159755,1
"535","Ito9","Ito",22,0.0107104796786985,7.43783311020733,3,19.8,1350,3,"Intermittent",2.00657955779583,-4.5365326075984,1
"536","Ito9","Ito",22,0.00923603374674777,6.41391232413039,4,19.8,1350,3,"Intermittent",1.85846943172484,-4.68464273366939,1
"537","Ito9","Ito",22,0.0108227654146353,7.51580931571897,5,19.8,1350,3,"Intermittent",2.0170087107822,-4.52610345461203,1
"538","Ito9","Ito",22,0.00966132006365402,6.70925004420418,6,19.8,1350,3,"Intermittent",1.90348717785258,-4.63962498754164,1
"539","Ito9","Ito",22,0.0112464149132334,7.81001035641211,7,19.8,1350,3,"Intermittent",2.0554062898958,-4.48770587549843,1
"540","Ito9","Ito",22,0.0130954467149966,9.09406021874763,8,19.8,1350,3,"Intermittent",2.20762147719172,-4.33549068820251,1
"541","Ito9","Ito",22,0.0091897527090858,6.38177271464292,9,19.8,1350,3,"Intermittent",1.85344591372186,-4.68966625167236,1
"542","Ito9","Ito",22,0.00761771148551357,5.29007742049554,10,19.8,1350,3,"Intermittent",1.66583288101747,-4.87727928437676,1
"543","Ito9","Ito",22,0.00669773775543711,4.6512067746091,11,19.8,1350,3,"Intermittent",1.53712670735072,-5.00598545804351,1
"544","Ito9","Ito",22,0.00852115335067819,5.91746760463763,12,19.8,1350,3,"Intermittent",1.77790858788956,-4.76520357750467,1
"545","Ito9","Ito",22,0.00811788224001611,5.63741822223341,13,19.8,1350,3,"Intermittent",1.7294261986896,-4.81368596670463,1
"546","Ito9","Ito",22,0.00944079971709311,6.556110914648,14,19.8,1350,3,"Intermittent",1.88039757877508,-4.66271458661915,1
"547","Ito9","Ito",22,0.00974659829750686,6.76847103993532,16,19.8,1350,3,"Intermittent",1.91227521798128,-4.63083694741295,1
"548","Ito9","Ito",22,0.0130028846396726,9.02978099977262,17,19.8,1350,3,"Intermittent",2.20052811461792,-4.3425840507763,1
"549","Ito9","Ito",22,0.00811043471671421,5.63224633105153,18,19.8,1350,3,"Intermittent",1.728508355657,-4.81460380973722,1
"550","Ito9","Ito",22,0.0082978913334512,5.76242453711889,19,19.8,1350,3,"Intermittent",1.7513583127262,-4.79175385266803,2
"551","Ito9","Ito",22,0.00848068301800994,5.88936320695135,20,19.8,1350,3,"Intermittent",1.77314787754901,-4.76996428784522,2
"552","Ito9","Ito",22,0.00651875167344457,4.52691088433651,22,19.8,1350,3,"Intermittent",1.5100397828915,-5.03307238250273,2
"553","Ito9","Ito",22,0.00830918537977714,5.77026762484524,23,19.8,1350,3,"Intermittent",1.75271846156662,-4.79039370382761,2
"554","Ito9","Ito",22,0.00766841193260749,5.32528606431076,24,19.8,1350,3,"Intermittent",1.67246643114989,-4.87064573424434,2
"555","Ito9","Ito",22,0.00805965242870484,5.59698085326725,25,19.8,1350,3,"Intermittent",1.72222731901133,-4.8208848463829,2
"556","Ito9","Ito",22,0.00851771603223116,5.91508057793831,26,19.8,1350,3,"Intermittent",1.7775051199814,-4.76560704541283,2
"557","Ito9","Ito",22,0.00828070474121588,5.75048940362214,27,19.8,1350,3,"Intermittent",1.74928496486071,-4.79382720053352,2
"558","Ito9","Ito",22,0.0156011291015181,10.8341174316098,28,19.8,1350,3,"Intermittent",2.38270017635084,-4.16041198904339,2
"559","Ito9","Ito",21,0.00679725630857049,4.72031688095173,29,19.8,1350,3,"Intermittent",1.55187593313882,-4.99123623225541,2
"560","Ito9","Ito",21,0.0068233226401273,4.7384185000884,30,19.8,1350,3,"Intermittent",1.55570343026314,-4.98740873513109,2
"561","Ito9","Ito",21,0.00685057566495745,4.75734421177601,31,19.8,1350,3,"Intermittent",1.55968957383509,-4.98342259155914,2
"562","Ito9","Ito",21,0.00944120892167009,6.55639508449311,32,19.8,1350,3,"Intermittent",1.88044092210628,-4.66267124328795,2
"563","Ito9","Ito",21,0.00949117280052538,6.59109222258707,33,19.8,1350,3,"Intermittent",1.88571907417222,-4.65739309122201,2
"564","Ito9","Ito",21,0.00799524362828056,5.55225251963928,38,19.8,1350,3,"Intermittent",1.71420370481416,-4.82890846058007,2
"565","Ito9","Ito",21,0.0084801101316022,5.88896536916819,39,19.8,1350,3,"Intermittent",1.77308032334881,-4.77003184204542,2
"566","Ito9","Ito",21,0.0120426860996741,8.36297645810702,40,19.8,1350,3,"Intermittent",2.12381439938969,-4.41929776600454,2
"567","Ito9","Ito",21,0.00740521154866247,5.1425080199045,41,19.8,1350,3,"Intermittent",1.63754090207794,-4.90557126331629,2
"568","Ito9","Ito",20,0.00830341559524109,5.76626083002853,42,19.8,1350,3,"Intermittent",1.75202383406347,-4.79108833133076,2
"569","Ito9","Ito",20,0.00888137613983684,6.16762231933114,43,19.8,1350,3,"Intermittent",1.8193134021118,-4.72379876328243,2
"570","Ito9","Ito",20,0.00880677814544435,6.11581815655858,44,19.8,1350,3,"Intermittent",1.81087855521122,-4.732233610183,2
"571","Ito9","Ito",18,0.00571687438429863,3.97005165576294,45,19.8,1350,3,"Intermittent",1.37877910614164,-5.16433305925259,2
"572","Masu5","Masu",22,0.0136883970693615,9.50583129816768,1,3.8,350,3,"Intermittent",2.25190543115528,-4.29120673423894,1
"573","Masu5","Masu",22,0.014743166376625,10.2383099837673,2,3.8,350,3,"Intermittent",2.32613656534293,-4.21697560005129,1
"574","Masu5","Masu",22,0.0157711256050658,10.9521705590735,3,3.8,350,3,"Intermittent",2.39353766119154,-4.14957450420269,1
"575","Masu5","Masu",22,0.0128111823459733,8.89665440692588,4,3.8,350,3,"Intermittent",2.1856752967323,-4.35743686866193,1
"576","Masu5","Masu",22,0.0140419584387477,9.7513600269081,5,3.8,350,3,"Intermittent",2.27740676522123,-4.26570540017299,1
"577","Masu5","Masu",22,0.0114524917740308,7.95311928752139,6,3.8,350,3,"Intermittent",2.07356421492216,-4.46954795047206,1
"578","Masu5","Masu",22,0.0159149602959886,11.0520557611032,7,3.8,350,3,"Intermittent",2.40261645238894,-4.14049571300529,1
"579","Masu5","Masu",22,0.00947086763867155,6.57699141574414,8,3.8,350,3,"Intermittent",1.88357740912513,-4.65953475626909,1
"580","Masu5","Masu",22,0.0122077620976587,8.47761256781854,9,3.8,350,3,"Intermittent",2.13742887335103,-4.4056832920432,1
"581","Masu5","Masu",22,0.0188092326815929,13.0619671399951,10,3.8,350,3,"Intermittent",2.56970473578255,-3.97340742961168,1
"582","Masu5","Masu",22,0.0090183024524355,6.26271003641354,11,3.8,350,3,"Intermittent",1.83461300459724,-4.70849916079699,1
"583","Masu5","Masu",22,0.00882714935435277,6.12996482941165,12,3.8,350,3,"Intermittent",1.81318901247842,-4.72992315291581,1
"584","Masu5","Masu",22,0.00908109884324605,6.30631864114309,13,3.8,350,3,"Intermittent",1.84155208968185,-4.70156007571238,1
"585","Masu5","Masu",22,0.0139529047542445,9.68951719044757,14,3.8,350,3,"Intermittent",2.27104459911413,-4.27206756628009,1
"586","Masu5","Masu",22,0.00909795878972224,6.31802693730711,15,3.8,350,3,"Intermittent",1.84340696595218,-4.69970519944205,1
"587","Masu5","Masu",22,0.00918264547169525,6.3768371331217,16,3.8,350,3,"Intermittent",1.85267222727384,-4.69043993812039,1
"588","Masu5","Masu",22,0.0168869776692356,11.7270678258581,17,3.8,350,3,"Intermittent",2.46189965919701,-4.08121250619722,1
"589","Masu5","Masu",22,0.00967611675757889,6.71952552609645,18,3.8,350,3,"Intermittent",1.90501754580667,-4.63809461958755,1
"590","Masu5","Masu",22,0.00920459104137112,6.39207711206328,19,3.8,350,3,"Intermittent",1.85505927223089,-4.68805289316334,2
"591","Masu5","Masu",22,0.0125735400184261,8.73162501279591,20,3.8,350,3,"Intermittent",2.16695149374312,-4.37616067165111,2
"592","Masu5","Masu",22,0.00811969494450202,5.63867704479307,21,3.8,350,3,"Intermittent",1.72964947146889,-4.81346269392534,2
"593","Masu5","Masu",22,0.0121906257586171,8.46571233237302,22,3.8,350,3,"Intermittent",2.13602416235453,-4.40708800303971,2
"594","Masu5","Masu",22,0.00767989909477768,5.33326326026228,23,3.8,350,3,"Intermittent",1.67396329478454,-4.86914887060969,2
"595","Masu5","Masu",22,0.00751234992176188,5.21690966789019,24,3.8,350,3,"Intermittent",1.65190520893735,-4.89120695645688,2
"596","Masu5","Masu",22,0.0089765118965794,6.23368881706903,25,3.8,350,3,"Intermittent",1.82996826304263,-4.7131439023516,2
"597","Masu5","Masu",22,0.00867458065836999,6.02401434609027,26,3.8,350,3,"Intermittent",1.79575387198385,-4.74735829341038,2
"598","Masu5","Masu",22,0.00883162691390881,6.13307424577,27,3.8,350,3,"Intermittent",1.81369613251709,-4.72941603287714,2
"599","Masu5","Masu",22,0.0091909372486509,6.38259531156313,28,3.8,350,3,"Intermittent",1.85357480328689,-4.68953736210734,2
"600","Masu5","Masu",21,0.00837397610447345,5.81526118366212,29,3.8,350,3,"Intermittent",1.76048570046705,-4.78262646492718,2
"601","Masu5","Masu",21,0.00817060645500944,5.67403226042322,30,3.8,350,3,"Intermittent",1.73590002202845,-4.80721214336578,2
"602","Masu5","Masu",21,0.00858232082011086,5.95994501396588,31,3.8,350,3,"Intermittent",1.78506125519005,-4.75805091020418,2
"603","Masu5","Masu",21,0.00793429081177519,5.50992417484388,32,3.8,350,3,"Intermittent",1.70655086169879,-4.83656130369544,2
"604","Masu5","Masu",21,0.00781920094763165,5.43000065807753,33,3.8,350,3,"Intermittent",1.69193925513875,-4.85117291025547,2
"605","Masu5","Masu",21,0.00892703762741112,6.19933168570217,34,3.8,350,3,"Intermittent",1.82444149361232,-4.71867067178191,2
"606","Masu5","Masu",21,0.00650246676708436,4.51560192158636,35,3.8,350,3,"Intermittent",1.50753849394914,-5.03557367144509,2
"607","Masu5","Masu",21,0.00712877231979633,4.9505363331919,36,3.8,350,3,"Intermittent",1.59949592085092,-4.9436162445433,2
"608","Masu5","Masu",21,0.00627980491657048,4.36097563650728,37,3.8,350,3,"Intermittent",1.47269580216933,-5.0704163632249,2
"609","Masu5","Masu",21,0.00658997265322231,4.57636989807105,38,3.8,350,3,"Intermittent",1.52090608517925,-5.02220608021498,2
"610","Masu5","Masu",21,0.00702379842353863,4.87763779412405,39,3.8,350,3,"Intermittent",1.58466104408974,-4.95845112130449,2
"611","Masu5","Masu",21,0.00873892484754532,6.06869781079536,40,3.8,350,3,"Intermittent",1.80314405335755,-4.73996811203668,2
"612","Masu5","Masu",21,0.0113219239262368,7.86244717099778,41,3.8,350,3,"Intermittent",2.06209790289401,-4.48101426250022,2
"613","Masu5","Masu",20,0.00593564089440044,4.12197284333364,42,3.8,350,3,"Intermittent",1.41633189422086,-5.12678027117337,2
"614","Masu5","Masu",20,0.00631059504833211,4.38235767245286,43,3.8,350,3,"Intermittent",1.47758686094883,-5.0655253044454,2
"615","Masu5","Masu",20,0.00576272970561994,4.00189562890274,44,3.8,350,3,"Intermittent",1.38676815608701,-5.15634400930722,2
"616","Masu6","Masu",22,0.0110977532974846,7.70677312325316,1,3.4,350,3,"Intermittent",2.04209956861157,-4.50101259678265,1
"617","Masu6","Masu",22,0.0105131114852164,7.30077186473361,2,3.4,350,3,"Intermittent",1.98798007745982,-4.55513208793441,1
"618","Masu6","Masu",22,0.0118708298056649,8.2436318094895,3,3.4,350,3,"Intermittent",2.10944100039688,-4.43367116499735,1
"619","Masu6","Masu",22,0.0102293473677328,7.10371344981446,4,3.4,350,3,"Intermittent",1.96061766842003,-4.5824944969742,1
"620","Masu6","Masu",22,0.0100239226582547,6.96105740156578,5,3.4,350,3,"Intermittent",1.94033138831914,-4.60278077707509,1
"621","Masu6","Masu",22,0.0103535289214323,7.18995063988356,6,3.4,350,3,"Intermittent",1.97268430660279,-4.57042785879144,1
"622","Masu6","Masu",22,0.0100151496330679,6.95496502296384,7,3.4,350,3,"Intermittent",1.93945579631371,-4.60365636908052,1
"623","Masu6","Masu",22,0.0100835421604041,7.00245983361393,8,3.4,350,3,"Intermittent",1.9462614921291,-4.59685067326513,1
"624","Masu6","Masu",22,0.00980892175931216,6.81175122174455,9,3.4,350,3,"Intermittent",1.91864924154408,-4.62446292385015,1
"625","Masu6","Masu",22,0.00958910187470373,6.65909852409982,10,3.4,350,3,"Intermittent",1.89598411864898,-4.64712804674525,1
"626","Masu6","Masu",22,0.00962703594135621,6.68544162594182,11,3.4,350,3,"Intermittent",1.89993227059206,-4.64317989480217,1
"627","Masu6","Masu",22,0.0101736819051044,7.0650568785447,13,3.4,350,3,"Intermittent",1.95516106685351,-4.58795109854071,1
"628","Masu6","Masu",22,0.00952806138960167,6.61670929833449,14,3.4,350,3,"Intermittent",1.88959816151756,-4.65351400387667,1
"629","Masu6","Masu",22,0.00976938136410441,6.7842926139614,15,3.4,350,3,"Intermittent",1.91461003051362,-4.62850213488061,1
"630","Masu6","Masu",22,0.00918751973587435,6.38022203880163,16,3.4,350,3,"Intermittent",1.85320289907112,-4.68990926632311,1
"631","Masu6","Masu",22,0.00914736152199149,6.35233439027187,17,3.4,350,3,"Intermittent",1.84882236586399,-4.69428979953024,1
"632","Masu6","Masu",22,0.00911010705588145,6.32646323325101,18,3.4,350,3,"Intermittent",1.84474134908379,-4.69837081631044,1
"633","Masu6","Masu",22,0.00887434744945482,6.16274128434362,19,3.4,350,3,"Intermittent",1.81852169224835,-4.72459047314588,2
"634","Masu6","Masu",22,0.0086364254776654,5.9975176928232,20,3.4,350,3,"Intermittent",1.79134566576041,-4.75176649963382,2
"635","Masu6","Masu",22,0.00867781932889856,6.02626342284622,21,3.4,350,3,"Intermittent",1.79612715413139,-4.74698501126283,2
"636","Masu6","Masu",22,0.00908718598303437,6.31054582155164,22,3.4,350,3,"Intermittent",1.84222217385042,-4.70088999154381,2
"637","Masu6","Masu",22,0.00877592893450799,6.09439509340832,23,3.4,350,3,"Intermittent",1.80736951164348,-4.73574265375075,2
"638","Masu6","Masu",22,0.00922650409427463,6.40729450991294,24,3.4,350,3,"Intermittent",1.85743710849804,-4.68567505689619,2
"639","Masu6","Masu",22,0.00932362519000367,6.47473971528033,25,3.4,350,3,"Intermittent",1.86790840836532,-4.67520375702891,2
"640","Masu6","Masu",22,0.00937688115979929,6.51172302763839,26,3.4,350,3,"Intermittent",1.87360409518489,-4.66950807020934,2
"641","Masu6","Masu",22,0.00962271121063043,6.68243834071558,27,3.4,350,3,"Intermittent",1.89948294200978,-4.64362922338445,2
"642","Masu6","Masu",22,0.0096063390157396,6.67106876093028,28,3.4,350,3,"Intermittent",1.89778008111396,-4.64533208428027,2
"643","Masu6","Masu",21,0.00921995521631816,6.40274667799872,29,3.4,350,3,"Intermittent",1.85672706673649,-4.68638509865773,2
"644","Masu6","Masu",21,0.00916243629766425,6.36280298448906,30,3.4,350,3,"Intermittent",1.85046900109474,-4.69264316429948,2
"645","Masu6","Masu",21,0.00881139172645984,6.11902203226378,31,3.4,350,3,"Intermittent",1.81140228510536,-4.73170988028887,2
"646","Masu6","Masu",21,0.0085707513524998,5.95191066145819,32,3.4,350,3,"Intermittent",1.78371228758249,-4.75939987781174,2
"647","Masu6","Masu",21,0.00823515224817355,5.7188557278983,33,3.4,350,3,"Intermittent",1.7437687378093,-4.79934342758493,2
"648","Masu6","Masu",21,0.0082123547390615,5.70302412434826,34,3.4,350,3,"Intermittent",1.74099658228088,-4.80211558311335,2
"649","Masu6","Masu",21,0.00714921236291123,4.96473080757724,35,3.4,350,3,"Intermittent",1.60235907801666,-4.94075308737757,2
"650","Masu6","Masu",21,0.00712054557638562,4.94482331693446,36,3.4,350,3,"Intermittent",1.59834123479722,-4.94477093059701,2
"651","Masu6","Masu",21,0.00682059460961372,4.73652403445397,37,3.4,350,3,"Intermittent",1.55530354062734,-4.98780862476689,2
"652","Masu6","Masu",21,0.00733529934785798,5.09395788045693,38,3.4,350,3,"Intermittent",1.62805510806154,-4.91505705733268,2
"653","Masu6","Masu",21,0.0067424405472109,4.68225038000757,39,3.4,350,3,"Intermittent",1.543778844787,-4.99933332060723,2
"654","Masu6","Masu",21,0.00654430609809906,4.54465701256879,40,3.4,350,3,"Intermittent",1.51395226000049,-5.02915990539374,2
"655","Masu6","Masu",21,0.00635933118676754,4.41620221303301,41,3.4,350,3,"Intermittent",1.48528009892121,-5.05783206647301,2
"656","Masu6","Masu",20,0.00635129954399094,4.41062468332704,42,3.4,350,3,"Intermittent",1.4840163309752,-5.05909583441902,2
"657","Masu6","Masu",20,0.00632652501511857,4.39342014938789,43,3.4,350,3,"Intermittent",1.4801080010732,-5.06300416432103,2
"658","Masu6","Masu",20,0.00619616527466775,4.3028925518526,44,3.4,350,3,"Intermittent",1.45928748302473,-5.0838246823695,2
"659","Masu9","Masu",22,0.0168200239530136,11.6805721895928,1,2.9,350,3,"Intermittent",2.45792696503517,-4.08518520035906,1
"660","Masu9","Masu",22,0.0119242881643369,8.2807556696784,2,2.9,350,3,"Intermittent",2.11393422868673,-4.42917793670749,1
"661","Masu9","Masu",22,0.0175200977282961,12.166734533539,3,2.9,350,3,"Intermittent",2.49870555000387,-4.04440661539036,1
"662","Masu9","Masu",22,0.0185589449176496,12.8881561928122,4,2.9,350,3,"Intermittent",2.55630876504489,-3.98680340034934,1
"663","Masu9","Masu",22,0.0120856709239157,8.39282703049698,5,2.9,350,3,"Intermittent",2.12737741610684,-4.41573474928738,1
"664","Masu9","Masu",22,0.0123725092219103,8.59202029299326,6,2.9,350,3,"Intermittent",2.15083389961117,-4.39227826578306,1
"665","Masu9","Masu",22,0.012815732339443,8.89981412461317,7,2.9,350,3,"Intermittent",2.18603039164508,-4.35708177374915,1
"666","Masu9","Masu",22,0.0118466390089201,8.22683264508343,8,2.9,350,3,"Intermittent",2.10740108582399,-4.43571107957024,1
"667","Masu9","Masu",22,0.0117497224324765,8.15952946699754,9,2.9,350,3,"Intermittent",2.09918650395528,-4.44392566143895,1
"668","Masu9","Masu",22,0.0122826187350892,8.52959634381198,10,2.9,350,3,"Intermittent",2.1435420384392,-4.39957012695503,1
"669","Masu9","Masu",22,0.0133397917045922,9.26374423930017,11,2.9,350,3,"Intermittent",2.22610831242926,-4.31700385296498,1
"670","Masu9","Masu",22,0.0112030636862729,7.77990533768953,12,2.9,350,3,"Intermittent",2.05154417072419,-4.49156799467004,1
"671","Masu9","Masu",22,0.0113632875032334,7.89117187724545,13,2.9,350,3,"Intermittent",2.06574465072932,-4.47736751466491,1
"672","Masu9","Masu",22,0.0115366218585622,8.01154295733486,14,2.9,350,3,"Intermittent",2.08088337141046,-4.46222879398376,1
"673","Masu9","Masu",22,0.0115703760623161,8.03498337660841,15,2.9,350,3,"Intermittent",2.08380493031471,-4.45930723507952,1
"674","Masu9","Masu",22,0.0125894487932471,8.74267277308825,16,2.9,350,3,"Intermittent",2.16821595219515,-4.37489621319908,1
"675","Masu9","Masu",22,0.0123533866687107,8.57874074216021,17,2.9,350,3,"Intermittent",2.1492871360806,-4.39382502931363,1
"676","Masu9","Masu",22,0.0115647262170525,8.03105987295313,18,2.9,350,3,"Intermittent",2.08331650840866,-4.45979565698557,1
"677","Masu9","Masu",22,0.0126374000440735,8.77597225282882,19,2.9,350,3,"Intermittent",2.17201756125745,-4.37109460413678,2
"678","Masu9","Masu",22,0.0120404721618074,8.36143900125515,20,2.9,350,3,"Intermittent",2.1236305416208,-4.41948162377343,2
"679","Masu9","Masu",22,0.0108584231251975,7.54057161472051,21,2.9,350,3,"Intermittent",2.02029799011725,-4.52281417527698,2
"680","Masu9","Masu",22,0.0117761608109533,8.17788945205088,22,2.9,350,3,"Intermittent",2.10143410412681,-4.44167806126741,2
"681","Masu9","Masu",22,0.0138723982715505,9.63360991079895,23,2.9,350,3,"Intermittent",2.2652580165017,-4.27785414889253,2
"682","Masu9","Masu",22,0.0104674248593958,7.26904504124706,24,2.9,350,3,"Intermittent",1.9836249268304,-4.55948723856382,2
"683","Masu9","Masu",22,0.0107484684442996,7.46421419743027,25,2.9,350,3,"Intermittent",2.01012016053819,-4.53299200485603,2
"684","Masu9","Masu",22,0.0104408416130917,7.25058445353588,26,2.9,350,3,"Intermittent",1.98108207989824,-4.56203008549599,2
"685","Masu9","Masu",22,0.0109439675772005,7.59997748416701,27,2.9,350,3,"Intermittent",2.02814528467829,-4.51496688071593,2
"686","Masu9","Masu",22,0.01067654156806,7.41426497781947,28,2.9,350,3,"Intermittent",2.00340584428673,-4.5397063211075,2
"687","Masu9","Masu",21,0.0105848402333981,7.35058349541534,29,2.9,350,3,"Intermittent",1.99477969720509,-4.54833246818913,2
"688","Masu9","Masu",21,0.0103594258941659,7.19404575983742,30,2.9,350,3,"Intermittent",1.97325370608687,-4.56985845930735,2
"689","Masu9","Masu",21,0.00917121997489708,6.3689027603452,31,2.9,350,3,"Intermittent",1.85142720362394,-4.69168496177029,2
"690","Masu9","Masu",21,0.0100349219610811,6.96869580630635,32,2.9,350,3,"Intermittent",1.94142809195663,-4.60168407343761,2
"691","Masu9","Masu",21,0.0109323057171052,7.59187897021197,33,2.9,350,3,"Intermittent",2.02707911942765,-4.51603304596658,2
"692","Masu9","Masu",21,0.00941764014908355,6.54002788130802,34,2.9,350,3,"Intermittent",1.87794142865696,-4.66517073673726,2
"693","Masu9","Masu",21,0.00976503319887699,6.78127305477569,35,2.9,350,3,"Intermittent",1.91416485051754,-4.62894731487668,2
"694","Masu9","Masu",21,0.0107016761360914,7.43171953895239,36,2.9,350,3,"Intermittent",2.00575726384474,-4.53735490154949,2
"695","Masu9","Masu",21,0.00931941976219437,6.47181927930165,37,2.9,350,3,"Intermittent",1.86745725589624,-4.67565490949798,2
"696","Masu9","Masu",21,0.00874690210882337,6.07423757557178,38,2.9,350,3,"Intermittent",1.80405647938709,-4.73905568600714,2
"697","Masu9","Masu",21,0.00935730269902554,6.49812687432329,39,2.9,350,3,"Intermittent",1.87151396219069,-4.67159820320354,2
"698","Masu9","Masu",21,0.0128779530712553,8.94302296614955,40,2.9,350,3,"Intermittent",2.19087367141951,-4.35223849397472,2
"699","Masu9","Masu",21,0.0093271701909532,6.47720152149528,41,2.9,350,3,"Intermittent",1.86828855311731,-4.67482361227692,2
"700","Masu9","Masu",20,0.0108652319130793,7.54529993963838,42,2.9,350,3,"Intermittent",2.02092484486086,-4.52218732053336,2
"701","Masu9","Masu",20,0.00951615027162717,6.60843768862998,43,2.9,350,3,"Intermittent",1.88834727019798,-4.65476489519625,2
"702","Masu9","Masu",20,0.00884490519397139,6.14229527359124,44,2.9,350,3,"Intermittent",1.81519849536508,-4.72791367002915,2
"703","Masu9","Masu",18,0.0129360450699906,8.98336463193792,45,2.9,350,3,"Intermittent",2.19537449275555,-4.34773767263868,2
"704","Masu7","Masu",22,0.00778147266883442,5.40380046446835,1,29.6,1350,3,"Intermittent",1.68710249574275,-4.85600966965148,1
"705","Masu7","Masu",22,0.00666188396927073,4.62630831199356,2,29.6,1350,3,"Intermittent",1.53175920923075,-5.01135295616348,1
"706","Masu7","Masu",22,0.0115367563437291,8.01163634981189,3,29.6,1350,3,"Intermittent",2.08089502858227,-4.46221713681196,1
"707","Masu7","Masu",22,0.00567600977749069,3.94167345659076,5,29.6,1350,3,"Intermittent",1.37160536831071,-5.17150679708352,1
"708","Masu7","Masu",22,0.00756818639562041,5.25568499695862,6,29.6,1350,3,"Intermittent",1.65931034730081,-4.88380181809342,1
"709","Masu7","Masu",22,0.00404452854771971,2.80870038036091,8,29.6,1350,3,"Intermittent",1.03272187826822,-5.51039028712601,1
"710","Masu7","Masu",22,0.00857771040003604,5.95674333335836,9,29.6,1350,3,"Intermittent",1.78452391115767,-4.75858825423655,1
"711","Masu7","Masu",22,0.00674257800590253,4.68234583743232,10,29.6,1350,3,"Intermittent",1.54379923166168,-4.99931293373255,1
"712","Masu7","Masu",22,0.0061667433896803,4.28246068727799,11,29.6,1350,3,"Intermittent",1.45452777132064,-5.08858439407359,1
"713","Masu7","Masu",22,0.00609426109354697,4.23212575940762,12,29.6,1350,3,"Intermittent",1.44270441042063,-5.1004077549736,1
"714","Masu7","Masu",22,0.00492745488611695,3.42184367091455,13,29.6,1350,3,"Intermittent",1.2301794908831,-5.31293267451113,1
"715","Masu7","Masu",22,0.00739524714072228,5.13558829216825,14,29.6,1350,3,"Intermittent",1.63619440199239,-4.90691776340184,1
"716","Masu7","Masu",22,0.00496435297342354,3.44746734265523,15,29.6,1350,3,"Intermittent",1.2376398578791,-5.30547230751513,1
"717","Masu7","Masu",22,0.0055718849079699,3.86936451942354,16,29.6,1350,3,"Intermittent",1.35309028669096,-5.19002187870326,1
"718","Masu7","Masu",22,0.00736579436480102,5.11513497555626,17,29.6,1350,3,"Intermittent",1.63220378723847,-4.91090837815576,1
"719","Masu7","Masu",22,0.00560831766331488,3.89466504396867,18,29.6,1350,3,"Intermittent",1.35960767921112,-5.18350448618311,1
"720","Masu7","Masu",22,0.00575144830020347,3.99406131958574,19,29.6,1350,3,"Intermittent",1.38480858780159,-5.15830357759264,2
"721","Masu7","Masu",22,0.00542943858278953,3.7704434602705,20,29.6,1350,3,"Intermittent",1.32719262326117,-5.21591954213306,2
"722","Masu7","Masu",22,0.00572875652395935,3.97830314163844,21,29.6,1350,3,"Intermittent",1.38085538206291,-5.16225678333132,2
"723","Masu7","Masu",22,0.0046552630610605,3.2328215701809,22,29.6,1350,3,"Intermittent",1.17335530705042,-5.36975685834381,2
"724","Masu7","Masu",22,0.00465794556295667,3.23468441871991,23,29.6,1350,3,"Intermittent",1.17393137102121,-5.36918079437302,2
"725","Masu7","Masu",22,0.00675714015905317,4.69245844378693,24,29.6,1350,3,"Intermittent",1.54595663356013,-4.9971555318341,2
"726","Masu7","Masu",22,0.00567067214616671,3.93796676817133,25,29.6,1350,3,"Intermittent",1.37066454142341,-5.17244762397082,2
"727","Masu7","Masu",22,0.00498069433701557,3.45881551181636,26,29.6,1350,3,"Intermittent",1.2409261928334,-5.30218597256082,2
"728","Masu7","Masu",22,0.00486477193364524,3.37831384280919,27,29.6,1350,3,"Intermittent",1.21737672194714,-5.32573544344709,2
"729","Masu7","Masu",22,0.00501499203983085,3.48263336099365,28,29.6,1350,3,"Intermittent",1.24778872055272,-5.29532344484151,2
"730","Masu7","Masu",21,0.00504269297777912,3.50187012345772,29,29.6,1350,3,"Intermittent",1.25329714678466,-5.28981501860957,2
"731","Masu7","Masu",21,0.00552513273206522,3.83689773060085,30,29.6,1350,3,"Intermittent",1.34466415743055,-5.19844800796368,2
"732","Masu7","Masu",21,0.00536867170310071,3.72824423826438,31,29.6,1350,3,"Intermittent",1.31593740923326,-5.22717475616097,2
"733","Masu7","Masu",21,0.00512519359732056,3.5591622203615,32,29.6,1350,3,"Intermittent",1.26952518581004,-5.27358697958419,2
"734","Masu7","Masu",21,0.00519283096655975,3.60613261566649,33,29.6,1350,3,"Intermittent",1.28263590049604,-5.26047626489819,2
"735","Masu7","Masu",21,0.00537682869866254,3.73390881851566,34,29.6,1350,3,"Intermittent",1.31745562557008,-5.22565653982415,2
"736","Masu7","Masu",21,0.00512516622485224,3.55914321170295,35,29.6,1350,3,"Intermittent",1.2695198450281,-5.27359232036613,2
"737","Masu7","Masu",21,0.00547041516787695,3.79889942213677,36,29.6,1350,3,"Intermittent",1.33471139902922,-5.20840076636501,2
"738","Masu7","Masu",21,0.00514057692452108,3.56984508647297,37,29.6,1350,3,"Intermittent",1.27252220170521,-5.27058996368902,2
"739","Masu7","Masu",21,0.00575437715431461,3.99609524605181,38,29.6,1350,3,"Intermittent",1.38531769585055,-5.15779446954368,2
"740","Masu7","Masu",21,0.00528666378798913,3.67129429721467,39,29.6,1350,3,"Intermittent",1.30054426943398,-5.24256789596025,2
"741","Masu7","Masu",21,0.00493421588579407,3.42653880957922,40,29.6,1350,3,"Intermittent",1.23155065828318,-5.31156150711105,2
"742","Masu7","Masu",21,0.00539396386383604,3.74580823877503,41,29.6,1350,3,"Intermittent",1.32063741178128,-5.22247475361295,2
"743","Masu7","Masu",20,0.00492529246111909,3.42034198688825,42,29.6,1350,3,"Intermittent",1.22974054224139,-5.31337162315284,2
"744","Masu7","Masu",20,0.00466347480155899,3.2385241677493,43,29.6,1350,3,"Intermittent",1.1751177222498,-5.36799444314443,2
"745","Masu7","Masu",20,0.00511544899859567,3.55239513791366,44,29.6,1350,3,"Intermittent",1.26762206272479,-5.27549010266944,2
"746","Masu7","Masu",18,0.00420249506244221,2.9183993489182,45,29.6,1350,3,"Intermittent",1.07103529780239,-5.47207686759184,2
"747","Ito10","Ito",22,0.0139277688246735,9.67206168380105,1,22.5,1350,3,"Intermittent",2.26924149085637,-4.27387067453786,1
"748","Ito10","Ito",22,0.00804830764101135,5.58910252848011,2,22.5,1350,3,"Intermittent",1.72081872481068,-4.82229344058355,1
"749","Ito10","Ito",22,0.00450596765768265,3.12914420672406,3,22.5,1350,3,"Intermittent",1.1407595507849,-5.40235261460933,1
"750","Ito10","Ito",22,0.00741928491247566,5.15228118921921,4,22.5,1350,3,"Intermittent",1.63943956596549,-4.90367259942874,1
"751","Ito10","Ito",22,0.00496153020283408,3.44550708530144,5,22.5,1350,3,"Intermittent",1.23707108820582,-5.3060410771884,1
"752","Ito10","Ito",22,0.00907826574048345,6.30435120866906,6,22.5,1350,3,"Intermittent",1.84124006303879,-4.70187210235544,1
"753","Ito10","Ito",22,0.00558299083078632,3.87707696582384,7,22.5,1350,3,"Intermittent",1.35508151039369,-5.18803065500054,1
"754","Ito10","Ito",22,0.00588522278410663,4.08696026674072,8,22.5,1350,3,"Intermittent",1.40780148267061,-5.13531068272362,1
"755","Ito10","Ito",22,0.00686743161989438,4.76904973603777,9,22.5,1350,3,"Intermittent",1.56214706829038,-4.98096509710384,1
"756","Ito10","Ito",22,0.00570783751041952,3.96377604890244,10,22.5,1350,3,"Intermittent",1.37719711863121,-5.16591504676301,1
"757","Ito10","Ito",22,0.00695565612670183,4.83031675465405,11,22.5,1350,3,"Intermittent",1.57491204618788,-4.96820011920635,1
"758","Ito10","Ito",22,0.00758028563489856,5.26408724645733,12,22.5,1350,3,"Intermittent",1.66090776806069,-4.88220439733354,1
"759","Ito10","Ito",22,0.0117205357043623,8.13926090580715,13,22.5,1350,3,"Intermittent",2.09669937807969,-4.44641278731454,1
"760","Ito10","Ito",22,0.00584795243123085,4.06107807724364,14,22.5,1350,3,"Intermittent",1.40144847463203,-5.14166369076219,1
"761","Ito10","Ito",22,0.0166025558210614,11.5295526535148,15,22.5,1350,3,"Intermittent",2.44491353504735,-4.09819863034687,1
"762","Ito10","Ito",22,0.00691089569324814,4.79923312031121,16,22.5,1350,3,"Intermittent",1.56845613854797,-4.97465602684626,1
"763","Ito10","Ito",22,0.00631046490691857,4.38226729647123,17,22.5,1350,3,"Intermittent",1.47756623805123,-5.065545927343,1
"764","Ito10","Ito",22,0.00534165179216448,3.70948041122534,18,22.5,1350,3,"Intermittent",1.31089181592865,-5.23222034946558,1
"765","Ito10","Ito",22,0.0133490520700194,9.2701750486246,19,22.5,1350,3,"Intermittent",2.22680226274625,-4.31630990264798,2
"766","Ito10","Ito",22,0.0132556781328146,9.20533203667682,20,22.5,1350,3,"Intermittent",2.21978288537363,-4.3233292800206,2
"767","Ito10","Ito",22,0.00644236954709642,4.47386774103918,21,22.5,1350,3,"Intermittent",1.49825330094998,-5.04485886444425,2
"768","Ito10","Ito",22,0.00860156532370098,5.97330925257012,24,22.5,1350,3,"Intermittent",1.78730108749278,-4.75581107790145,2
"769","Ito10","Ito",22,0.00622652559044173,4.32397610447342,25,22.5,1350,3,"Intermittent",1.4641753735067,-5.07893679188753,2
"770","Ito10","Ito",22,0.00654442189497082,4.54473742706307,26,22.5,1350,3,"Intermittent",1.51396995413728,-5.02914221125695,2
"771","Ito10","Ito",22,0.0089136640177827,6.19004445679354,27,22.5,1350,3,"Intermittent",1.82294226870521,-4.72016989668902,2
"772","Ito10","Ito",22,0.00977826418449568,6.79046123923311,28,22.5,1350,3,"Intermittent",1.91551886845838,-4.62759329693584,2
"773","Ito10","Ito",21,0.00650066974159491,4.51435398721869,29,22.5,1350,3,"Intermittent",1.50726209517417,-5.03585007022006,2
"774","Ito10","Ito",21,0.00605699049736042,4.20624340094474,30,22.5,1350,3,"Intermittent",1.43656994554066,-5.10654221985357,2
"775","Ito10","Ito",21,0.00529991619894413,3.68049736037787,31,22.5,1350,3,"Intermittent",1.30304789532519,-5.24006427006904,2
"776","Ito10","Ito",21,0.00555944028896913,3.86072242289523,32,22.5,1350,3,"Intermittent",1.35085432215568,-5.19225784323855,2
"777","Ito10","Ito",21,0.0098470432898027,6.83822450680743,33,22.5,1350,3,"Intermittent",1.92252812291088,-4.62058404248335,2
"778","Ito10","Ito",21,0.00488320844679076,3.39111697693803,34,22.5,1350,3,"Intermittent",1.22115935884401,-5.32195280655021,2
"779","Ito10","Ito",21,0.00597326724090023,4.14810225062516,36,22.5,1350,3,"Intermittent",1.42265094064812,-5.12046122474611,2
"780","Ito10","Ito",21,0.00502757254792993,3.49136982495134,37,22.5,1350,3,"Intermittent",1.25029415919242,-5.2928180062018,2
"781","Ito10","Ito",21,0.00523589041400388,3.63603500972492,38,22.5,1350,3,"Intermittent",1.29089380490609,-5.25221836048813,2
"782","Ito10","Ito",21,0.00642267207557652,4.46018894137258,39,22.5,1350,3,"Intermittent",1.49519112867112,-5.04792103672311,2
"783","Ito10","Ito",21,0.0105833398166157,7.34954153931645,40,22.5,1350,3,"Intermittent",1.9946379356761,-4.54847422971812,2
"784","Ito10","Ito",21,0.00542090980828009,3.7645207001945,41,22.5,1350,3,"Intermittent",1.3256205490828,-5.21749161631142,2
"785","Ito10","Ito",20,0.00715479144206722,4.96860516810223,42,22.5,1350,3,"Intermittent",1.60313915043764,-4.93997301495659,2
"786","Ito10","Ito",20,0.00625886257293692,4.3464323423173,43,22.5,1350,3,"Intermittent",1.46935535740117,-5.07375680799305,2
"787","Ito10","Ito",20,0.00798723467629891,5.5466907474298,44,22.5,1350,3,"Intermittent",1.71320148819927,-4.82991067719496,2
"788","Masu14","Masu",10,0.002663715,1.849802083,NA,25.3,2340,1,"Static",0.615078651205072,-5.92803351400896,NA
"789","Masu15","Masu",10,0.002400517,1.667025694,NA,26.1,2340,1,"Static",0.511041016967209,-6.03207114816041,NA
"790","Masu14","Masu",11,0.0032652,2.2675,NA,25.3,2340,2,"Static",0.818677903007155,-5.72443426238707,NA
"791","Masu15","Masu",10,0.002408646,1.672670833,NA,26.1,2340,2,"Static",0.51442165010602,-6.02869051508893,NA
"792","Masu14","Masu",12,0.003317536,2.303844444,NA,25.3,2340,3,"Static",0.834579224929362,-5.70853294027195,NA
"793","Masu15","Masu",11,0.003004589,2.086520139,NA,26.1,2340,3,"Static",0.735497673051775,-5.8076144923957,NA
"794","Masu14","Masu",14,0.003886404,2.698891667,NA,25.3,2340,4,"Static",0.992841195030975,-5.55027097048676,NA
"795","Masu15","Masu",14,0.003280497,2.278122917,NA,26.1,2340,4,"Static",0.823351821866045,-5.7197603436745,NA
"796","Masu14","Masu",18,0.006452111,4.480632639,NA,25.3,2340,5,"Static",1.49976425051963,-5.0433479148994,NA
"797","Masu15","Masu",18,0.005278897,3.665900694,NA,26.1,2340,5,"Static",1.29907406067091,-5.24403810460208,NA
"798","Masu14","Masu",20,0.006354864,4.4131,NA,25.3,2340,6,"Static",1.48457739035245,-5.05853477504178,NA
"799","Masu15","Masu",20,0.00641931,4.457854167,NA,26.1,2340,6,"Static",1.49466752177719,-5.04844464369181,NA
"800","Masu15","Masu",20,0.006544209,4.544589583,NA,26.1,2340,7,"Static",1.51393742278201,-5.02917474253888,NA
"801","Masu14","Masu",21,0.008213123,5.703557639,NA,25.3,2340,7,"Static",1.74109012733464,-4.80202203807907,NA
"802","Masu14","Masu",20,0.007537104,5.2341,NA,25.3,2340,8,"Static",1.65519490977183,-4.8879172556224,NA
"803","Masu15","Masu",19,0.006455172,4.482758333,NA,26.1,2340,8,"Static",1.50023855629218,-5.04287360902769,NA
"804","Masu16","Masu",14,0.004631109,3.216047917,NA,13,1370,1,"Static",1.1681532507704,-5.37495891472748,NA
"805","Masu17","Masu",14,0.005024936,3.489538889,NA,13.5,1370,1,"Static",1.24976960398956,-5.29334256143651,NA
"806","Masu18","Masu",14,0.004053089,2.814645139,NA,34.5,3690,1,"Static",1.03483619289933,-5.50827597253438,NA
"807","Masu16","Masu",15,0.00472395,3.280520833,NA,13,1370,2,"Static",1.18800220033895,-5.35510996495367,NA
"808","Masu17","Masu",15,0.005311831,3.688771528,NA,13.5,1370,2,"Static",1.30529348338133,-5.23781868207314,NA
"809","Masu18","Masu",15,0.003715975,2.580538194,NA,34.5,3690,2,"Static",0.947997979504668,-5.59511418571733,NA
"810","Masu16","Masu",18,0.007058318,4.901609722,NA,13,1370,3,"Static",1.58956366586132,-4.95354849948757,NA
"811","Masu17","Masu",18,0.006830884,4.743669444,NA,13.5,1370,3,"Static",1.55681098051564,-4.9863011847849,NA
"812","Masu18","Masu",17,0.004770783,3.31304375,NA,34.5,3690,3,"Static",1.19786732878444,-5.34524483660978,NA
"813","Masu16","Masu",21,0.009001762,6.251223611,NA,13,1370,4,"Static",1.83277722234635,-4.71033494303011,NA
"814","Masu17","Masu",21,0.009243783,6.41929375,NA,13.5,1370,4,"Static",1.85930810386241,-4.68380406153182,NA
"815","Masu18","Masu",19,0.00590997,4.104145833,NA,34.5,3690,4,"Static",1.41199764159386,-5.13111452371915,NA
"816","Masu16","Masu",22,0.009760531,6.778146528,NA,13,1370,5,"Static",1.91370369112764,-4.62940847429937,NA
"817","Masu17","Masu",22,0.009904593,6.878189583,NA,13.5,1370,5,"Static",1.92835547531151,-4.61475669003426,NA
"818","Masu18","Masu",21,0.00656248,4.557277778,NA,34.5,3690,5,"Static",1.5167254667549,-5.02638669868809,NA
"819","Masu16","Masu",23,0.011381538,7.903845833,NA,13,1370,6,"Static",2.06734945532113,-4.47576271003092,NA
"820","Masu17","Masu",23,0.010729263,7.450877083,NA,13.5,1370,6,"Static",2.00833175472367,-4.53478041062582,NA
"821","Masu18","Masu",22,0.007488432,5.2003,NA,34.5,3690,6,"Static",1.64871631623094,-4.89439584916329,NA
"822","Masu19","Masu",14,0.006173313,4.287022917,NA,13.1,2340,1,"Static",1.45559253329784,-5.08751963217414,NA
"823","Masu19","Masu",15,0.006405317,4.448136806,NA,13.1,2340,2,"Static",1.49248531321991,-5.05062685227424,NA
"824","Masu19","Masu",16,0.006974656,4.843511111,NA,13.1,2340,3,"Static",1.57763989388394,-4.96547227148735,NA
"825","Masu19","Masu",18,0.008178321,5.679389583,NA,13.1,2340,4,"Static",1.73684375917629,-4.80626840615924,NA
"826","Masu19","Masu",18,0.00745942,5.180152778,NA,13.1,2340,5,"Static",1.64483454965885,-4.89827761577828,NA
"827","Ito14","Ito",16,0.007315309,5.080075694,NA,3.4,582,1,"Static",1.62532616187308,-4.91778600343366,NA
"828","Ito16","Ito",17,0.009113454,6.3287875,NA,2.3,362,1,"Static",1.84510866962513,-4.69800349576909,NA
"829","Ito16","Ito",17,0.0060254,4.184305556,NA,2.3,362,2,"Static",1.4313407537328,-5.11177141176765,NA
"830","Ito14","Ito",17,0.007148329,4.964117361,NA,3.4,582,2,"Static",1.60223550948835,-4.9408766558835,NA
"831","Ito14","Ito",16,0.007996029,5.552797917,NA,3.4,582,3,"Static",1.7143019299171,-4.82881023553715,NA
"832","Ito16","Ito",15,0.007628488,5.297561111,NA,2.3,362,3,"Static",1.66724654691256,-4.87586561846069,NA
"833","Ito16","Ito",12,0.0071174,4.942638889,NA,2.3,362,4,"Static",1.59789937662886,-4.94521278878785,NA
"834","Ito14","Ito",12,0.00667775,4.637326389,NA,3.4,582,4,"Static",1.53413799089856,-5.00897417451962,NA
"835","Ito14","Ito",12,0.005495607,3.81639375,NA,3.4,582,5,"Static",1.33930593222521,-5.20380623316902,NA
"836","Ito16","Ito",12,0.004428265,3.075184028,NA,2.3,362,5,"Static",1.12336474597182,-5.41974741949468,NA
"837","Ito14","Ito",13,0.008945351,6.212049306,NA,3.4,582,6,"Static",1.82649084247323,-4.71662132299254,NA
"838","Ito16","Ito",13,0.008322646,5.779615278,NA,2.3,362,6,"Static",1.75433711956936,-4.78877504586332,NA
"839","Ito14","Ito",14,0.003914907,2.718685417,NA,3.4,582,7,"Static",1.00014846090604,-5.54296370461079,NA
"840","Ito16","Ito",15,0.006001855,4.167954861,NA,2.3,362,7,"Static",1.42742547449799,-5.11568669086958,NA
"841","Ito14","Ito",16,0.006208,4.311111111,NA,3.4,582,8,"Static",1.46119566926724,-5.08191649610122,NA
"842","Ito16","Ito",16,0.006799304,4.721738889,NA,2.3,362,8,"Static",1.55217714043809,-4.99093502497967,NA
"843","Ito14","Ito",17,0.006912552,4.800383333,NA,3.4,582,9,"Static",1.56869577576679,-4.974416389558,NA
"844","Ito16","Ito",17,0.0069504,4.826666667,NA,2.3,362,9,"Static",1.57415609835852,-4.96895606710477,NA
"845","Ito14","Ito",20,0.011927135,8.282732639,NA,3.4,582,10,"Static",2.11417294281436,-4.42893922259329,NA
"846","Ito16","Ito",20,0.006874852,4.774202778,NA,2.3,362,10,"Static",1.56322700250683,-4.97988516293394,NA
"847","Ito17","Ito",19,0.006896762,4.789418056,NA,2.7,372,1,"Static",1.56640891260164,-4.97670325288539,NA
"848","Ito18","Ito",19,0.009830857,6.826984028,NA,1.5,374,1,"Static",1.9208829988992,-4.62222916652757,NA
"849","Ito19","Ito",19,0.006947015,4.824315972,NA,4.7,384,1,"Static",1.57366895727985,-4.96944320806831,NA
"850","Ito20","Ito",19,0.009961558,6.917748611,NA,2.2,376,1,"Static",1.93409037146212,-4.60902179391604,NA
"851","Ito17","Ito",19,0.00722176,5.015111111,NA,2.7,372,2,"Static",1.61245557690127,-4.93065658847081,NA
"852","Ito18","Ito",19,0.008133355,5.648163194,NA,1.5,374,2,"Static",1.73133039389533,-4.81178177142021,NA
"853","Ito19","Ito",19,0.006894352,4.787744444,NA,4.7,384,2,"Static",1.56605941200226,-4.97705275329913,NA
"854","Ito20","Ito",19,0.008318487,5.776727083,NA,2.2,376,2,"Static",1.75383727368908,-4.78927489164745,NA
"855","Ito17","Ito",15,0.006731429,4.674603472,NA,2.7,372,3,"Static",1.5421443403198,-5.00096782502689,NA
"856","Ito18","Ito",15,0.00816,5.666666667,NA,1.5,374,3,"Static",1.73460105544693,-4.80851111000612,NA
"857","Ito19","Ito",15,0.007728458,5.366984722,NA,4.7,384,3,"Static",1.68026624653515,-4.86284591881767,NA
"858","Ito20","Ito",15,0.010947611,7.602507639,NA,2.2,376,3,"Static",2.02847814536993,-4.51463402003891,NA
"859","Ito18","Ito",15,0.006407483,4.449640972,NA,1.5,374,4,"Static",1.49282341247387,-5.05028875287042,NA
"860","Ito19","Ito",15,0.005784511,4.017021528,NA,4.7,384,4,"Static",1.39054071458609,-5.15257145086346,NA
"861","Ito20","Ito",15,0.009365818,6.504040278,NA,2.2,376,4,"Static",1.87242356503076,-4.67068860039763,NA
"862","Ito17","Ito",15,0.005203934,3.613843056,NA,2.7,372,4,"Static",1.28477176455303,-5.25834040096419,NA
"863","Ito17","Ito",16,0.005857524,4.067725,NA,2.7,372,5,"Static",1.40308387511465,-5.14002829027958,NA
"864","Ito18","Ito",16,0.005269781,3.659570139,NA,1.5,374,5,"Static",1.29734569215502,-5.24576647326957,NA
"865","Ito19","Ito",16,0.007316426,5.080851389,NA,4.7,384,5,"Static",1.62547884380755,-4.91763332160855,NA
"866","Ito20","Ito",16,0.005262948,3.654825,NA,2.2,376,5,"Static",1.29604821243851,-5.24706395295571,NA
"867","Ito17","Ito",17,0.006329905,4.395767361,NA,2.7,372,6,"Static",1.48064211453138,-5.06247005083757,NA
"868","Ito18","Ito",17,0.009403429,6.530159028,NA,1.5,374,6,"Static",1.87643129643743,-4.66668086899082,NA
"869","Ito19","Ito",17,0.00833788,5.790194444,NA,4.7,384,6,"Static",1.75616587374986,-4.78694629156761,NA
"870","Ito20","Ito",17,0.006545455,4.545454861,NA,2.2,376,6,"Static",1.51412780204977,-5.02898436332001,NA
"871","Ito17","Ito",19,0.008150486,5.660059722,NA,2.7,372,7,"Static",1.73343444374953,-4.80967772160544,NA
"872","Ito18","Ito",19,0.010091935,7.008288194,NA,1.5,374,7,"Static",1.9470934763616,-4.59601868896921,NA
"873","Ito19","Ito",19,0.007554437,5.246136806,NA,4.7,384,7,"Static",1.65749195925944,-4.88562020621951,NA
"874","Ito20","Ito",19,0.009520536,6.611483333,NA,2.2,376,7,"Static",1.88880803610103,-4.65430412924278,NA
"875","Ito17","Ito",20,0.008685511,6.031604861,NA,2.7,372,8,"Static",1.79701312143132,-4.74609904394448,NA
"876","Ito18","Ito",20,0.009778111,6.790354861,NA,1.5,374,8,"Static",1.91550320250247,-4.62760896287539,NA
"877","Ito19","Ito",20,0.008475679,5.885888194,NA,4.7,384,8,"Static",1.77255765438792,-4.7705545109308,NA
"878","Ito20","Ito",20,0.008287347,5.755102083,NA,2.2,376,8,"Static",1.75008678015727,-4.79302538517903,NA
"879","Ito21","Ito",17,0.006928483,4.811446528,NA,3.7,582,1,"Static",1.57099777237836,-4.97211439306206,NA
"880","Ito22","Ito",17,0.006852045,4.758364583,NA,3,362,1,"Static",1.55990403420792,-4.98320813111626,NA
"881","Ito21","Ito",17,0.00782094,5.431208333,NA,3.7,582,2,"Static",1.69216163828752,-4.85095052704533,NA
"882","Ito22","Ito",17,0.007866589,5.462909028,NA,3,362,2,"Static",1.69798143688613,-4.84513072854878,NA
"883","Ito21","Ito",17,0.008137514,5.651051389,NA,3.7,582,3,"Static",1.73184161439507,-4.81127055101882,NA
"884","Ito22","Ito",17,0.007582255,5.265454861,NA,3,362,3,"Static",1.66116753520657,-4.88194463016655,NA
"885","Ito21","Ito",19,0.008881502,6.167709722,NA,3.7,582,4,"Static",1.81932757322103,-4.72378459213717,NA
"886","Ito22","Ito",19,0.007796923,5.414529861,NA,3,362,4,"Static",1.68908605507709,-4.85402611029661,NA
"887","Ito21","Ito",19,0.007442409,5.168339583,NA,3.7,582,5,"Static",1.6425514731064,-4.90056069222333,NA
"888","Ito22","Ito",19,0.007870306,5.465490278,NA,3,362,5,"Static",1.69845382995592,-4.84465833547897,NA
